**** Job starts ****
Fri Mar  6 03:49:18 PM EST 2026
Loading LIBD SLURM module for visium_hd/1.0
Loading LIBD SLURM module for htslib/1.18
--------------------------------------------------------------
Running FICTURE with nFactor=8 for H1-M3TCP9V_A1
--------------------------------------------------------------
Fri Mar  6 03:49:19 PM EST 2026
--------------------------------------------------------------
Creating minibatch from /dcs05/lieber/marmaypag/xenium_NAC_LIBD4125/xenium_NAC/processed-data/HD_Full_Analysis/FICTURE/inputs/H1-M3TCP9V_A1/transcripts.sorted.tsv.gz...
--------------------------------------------------------------
ficture make_spatial_minibatch --input /dcs05/lieber/marmaypag/xenium_NAC_LIBD4125/xenium_NAC/processed-data/HD_Full_Analysis/FICTURE/inputs/H1-M3TCP9V_A1/transcripts.sorted.tsv.gz --output /dcs05/lieber/marmaypag/xenium_NAC_LIBD4125/xenium_NAC/processed-data/HD_Full_Analysis/FICTURE/outputs/H1-M3TCP9V_A1/nF_8/batched.matrix.tsv --mu_scale 1.0 --batch_size 500 --batch_buff 30 --major_axis X
INFO:root:Random seed 1772830160.3724067
INFO:root:Read blocks of pixels: 70.15 x 6698.58
INFO:root:Read blocks of pixels: 132.93 x 6698.65
INFO:root:Read blocks of pixels: 199.07 x 6698.72
INFO:root:Read blocks of pixels: 261.05 x 6698.79
INFO:root:Read blocks of pixels: 319.09 x 6698.85
INFO:root:Read blocks of pixels: 381.83 x 6698.92
INFO:root:Read blocks of pixels: 442.13 x 6698.99
INFO:root:Read blocks of pixels: 506.41 x 6699.06
INFO:root:Output region (507.41, 501.00) (8334.5, 8841.9) x (5059.2, 5560.2)
INFO:root:Output region (507.41, 500.00) (8334.5, 8841.9) x (5530.2, 6030.2)
INFO:root:Output region (507.41, 500.00) (8334.5, 8841.9) x (6000.2, 6500.2)
INFO:root:Output region (507.41, 500.00) (8334.5, 8841.9) x (6470.2, 6970.2)
INFO:root:Output region (507.41, 500.00) (8334.5, 8841.9) x (6940.2, 7440.2)
INFO:root:Output region (507.41, 500.00) (8334.5, 8841.9) x (7410.2, 7910.2)
INFO:root:Output region (507.41, 500.00) (8334.5, 8841.9) x (7880.2, 8380.2)
INFO:root:Output region (507.41, 500.00) (8334.5, 8841.9) x (8350.2, 8850.2)
INFO:root:Output region (507.41, 500.00) (8334.5, 8841.9) x (8820.2, 9320.2)
INFO:root:Output region (507.41, 500.00) (8334.5, 8841.9) x (9290.2, 9790.2)
INFO:root:Output region (507.41, 500.00) (8334.5, 8841.9) x (9760.2, 10260.2)
INFO:root:Output region (507.41, 500.00) (8334.5, 8841.9) x (10230.2, 10730.2)
INFO:root:Output region (507.41, 500.00) (8334.5, 8841.9) x (10700.2, 11200.2)
INFO:root:Output region (507.41, 589.06) (8334.5, 8841.9) x (11170.2, 11759.3)
INFO:root:Left over size 513126 (513126, 30.00)
INFO:root:Read blocks of pixels: 90.66 x 6698.61
INFO:root:Read blocks of pixels: 151.68 x 6698.68
INFO:root:Read blocks of pixels: 211.65 x 6698.74
INFO:root:Read blocks of pixels: 261.32 x 6698.80
INFO:root:Read blocks of pixels: 316.31 x 6698.86
INFO:root:Read blocks of pixels: 371.73 x 6698.92
INFO:root:Read blocks of pixels: 426.62 x 6698.98
INFO:root:Read blocks of pixels: 479.99 x 6699.04
INFO:root:Read blocks of pixels: 534.11 x 6699.10
INFO:root:Output region (535.11, 501.00) (8811.0, 9346.1) x (5059.7, 5560.7)
INFO:root:Output region (535.11, 500.00) (8811.0, 9346.1) x (5530.7, 6030.7)
INFO:root:Output region (535.11, 500.00) (8811.0, 9346.1) x (6000.7, 6500.7)
INFO:root:Output region (535.11, 500.00) (8811.0, 9346.1) x (6470.7, 6970.7)
INFO:root:Output region (535.11, 500.00) (8811.0, 9346.1) x (6940.7, 7440.7)
INFO:root:Output region (535.11, 500.00) (8811.0, 9346.1) x (7410.7, 7910.7)
INFO:root:Output region (535.11, 500.00) (8811.0, 9346.1) x (7880.7, 8380.7)
INFO:root:Output region (535.11, 500.00) (8811.0, 9346.1) x (8350.7, 8850.7)
INFO:root:Output region (535.11, 500.00) (8811.0, 9346.1) x (8820.7, 9320.7)
INFO:root:Output region (535.11, 500.00) (8811.0, 9346.1) x (9290.7, 9790.7)
INFO:root:Output region (535.11, 500.00) (8811.0, 9346.1) x (9760.7, 10260.7)
INFO:root:Output region (535.11, 500.00) (8811.0, 9346.1) x (10230.7, 10730.7)
INFO:root:Output region (535.11, 500.00) (8811.0, 9346.1) x (10700.7, 11200.7)
INFO:root:Output region (535.11, 589.10) (8811.0, 9346.1) x (11170.7, 11759.8)
INFO:root:Left over size 583214 (583214, 30.00)
INFO:root:Read blocks of pixels: 81.43 x 6698.60
INFO:root:Read blocks of pixels: 130.51 x 6698.65
INFO:root:Read blocks of pixels: 177.53 x 6698.71
INFO:root:Read blocks of pixels: 228.40 x 6698.76
INFO:root:Read blocks of pixels: 281.39 x 6698.81
INFO:root:Read blocks of pixels: 335.92 x 6698.88
INFO:root:Read blocks of pixels: 395.22 x 6698.94
INFO:root:Read blocks of pixels: 446.57 x 6699.00
INFO:root:Read blocks of pixels: 501.14 x 6699.04
INFO:root:Output region (502.14, 501.00) (9315.1, 9817.2) x (5060.3, 5561.3)
INFO:root:Output region (502.14, 500.00) (9315.1, 9817.2) x (5531.3, 6031.3)
INFO:root:Output region (502.14, 500.00) (9315.1, 9817.2) x (6001.3, 6501.3)
INFO:root:Output region (502.14, 500.00) (9315.1, 9817.2) x (6471.3, 6971.3)
INFO:root:Output region (502.14, 500.00) (9315.1, 9817.2) x (6941.3, 7441.3)
INFO:root:Output region (502.14, 500.00) (9315.1, 9817.2) x (7411.3, 7911.3)
INFO:root:Output region (502.14, 500.00) (9315.1, 9817.2) x (7881.3, 8381.3)
INFO:root:Output region (502.14, 500.00) (9315.1, 9817.2) x (8351.3, 8851.3)
INFO:root:Output region (502.14, 500.00) (9315.1, 9817.2) x (8821.3, 9321.3)
INFO:root:Output region (502.14, 500.00) (9315.1, 9817.2) x (9291.3, 9791.3)
INFO:root:Output region (502.14, 500.00) (9315.1, 9817.2) x (9761.3, 10261.3)
INFO:root:Output region (502.14, 500.00) (9315.1, 9817.2) x (10231.3, 10731.3)
INFO:root:Output region (502.14, 500.00) (9315.1, 9817.2) x (10701.3, 11201.3)
INFO:root:Output region (502.14, 589.04) (9315.1, 9817.2) x (11171.3, 11760.3)
INFO:root:Left over size 551611 (551611, 30.00)
INFO:root:Read blocks of pixels: 86.09 x 6698.55
INFO:root:Read blocks of pixels: 141.44 x 6698.62
INFO:root:Read blocks of pixels: 193.57 x 6698.72
INFO:root:Read blocks of pixels: 254.16 x 6698.79
INFO:root:Read blocks of pixels: 308.98 x 6698.81
INFO:root:Read blocks of pixels: 363.55 x 6698.88
INFO:root:Read blocks of pixels: 418.19 x 6698.97
INFO:root:Read blocks of pixels: 466.35 x 6699.01
INFO:root:Read blocks of pixels: 517.44 x 6699.08
INFO:root:Output region (518.44, 501.00) (9786.2, 10304.7) x (5060.8, 5561.8)
INFO:root:Output region (518.44, 500.00) (9786.2, 10304.7) x (5531.8, 6031.8)
INFO:root:Output region (518.44, 500.00) (9786.2, 10304.7) x (6001.8, 6501.8)
INFO:root:Output region (518.44, 500.00) (9786.2, 10304.7) x (6471.8, 6971.8)
INFO:root:Output region (518.44, 500.00) (9786.2, 10304.7) x (6941.8, 7441.8)
INFO:root:Output region (518.44, 500.00) (9786.2, 10304.7) x (7411.8, 7911.8)
INFO:root:Output region (518.44, 500.00) (9786.2, 10304.7) x (7881.8, 8381.8)
INFO:root:Output region (518.44, 500.00) (9786.2, 10304.7) x (8351.8, 8851.8)
INFO:root:Output region (518.44, 500.00) (9786.2, 10304.7) x (8821.8, 9321.8)
INFO:root:Output region (518.44, 500.00) (9786.2, 10304.7) x (9291.8, 9791.8)
INFO:root:Output region (518.44, 500.00) (9786.2, 10304.7) x (9761.8, 10261.8)
INFO:root:Output region (518.44, 500.00) (9786.2, 10304.7) x (10231.8, 10731.8)
INFO:root:Output region (518.44, 500.00) (9786.2, 10304.7) x (10701.8, 11201.8)
INFO:root:Output region (518.44, 589.08) (9786.2, 10304.7) x (11171.8, 11760.9)
INFO:root:Left over size 587260 (587260, 30.00)
INFO:root:Read blocks of pixels: 89.01 x 6698.58
INFO:root:Read blocks of pixels: 148.66 x 6698.67
INFO:root:Read blocks of pixels: 205.81 x 6698.69
INFO:root:Read blocks of pixels: 266.73 x 6698.74
INFO:root:Read blocks of pixels: 331.48 x 6698.74
INFO:root:Read blocks of pixels: 395.56 x 6698.74
INFO:root:Read blocks of pixels: 461.99 x 6699.00
INFO:root:Read blocks of pixels: 523.30 x 6699.00
INFO:root:Output region (524.30, 501.00) (10273.7, 10798.0) x (5061.3, 5562.3)
INFO:root:Output region (524.30, 500.00) (10273.7, 10798.0) x (5532.3, 6032.3)
INFO:root:Output region (524.30, 500.00) (10273.7, 10798.0) x (6002.3, 6502.3)
INFO:root:Output region (524.30, 500.00) (10273.7, 10798.0) x (6472.3, 6972.3)
INFO:root:Output region (524.30, 500.00) (10273.7, 10798.0) x (6942.3, 7442.3)
INFO:root:Output region (524.30, 500.00) (10273.7, 10798.0) x (7412.3, 7912.3)
INFO:root:Output region (524.30, 500.00) (10273.7, 10798.0) x (7882.3, 8382.3)
INFO:root:Output region (524.30, 500.00) (10273.7, 10798.0) x (8352.3, 8852.3)
INFO:root:Output region (524.30, 500.00) (10273.7, 10798.0) x (8822.3, 9322.3)
INFO:root:Output region (524.30, 500.00) (10273.7, 10798.0) x (9292.3, 9792.3)
INFO:root:Output region (524.30, 500.00) (10273.7, 10798.0) x (9762.3, 10262.3)
INFO:root:Output region (524.30, 500.00) (10273.7, 10798.0) x (10232.3, 10732.3)
INFO:root:Output region (524.30, 500.00) (10273.7, 10798.0) x (10702.3, 11202.3)
INFO:root:Output region (524.30, 589.00) (10273.7, 10798.0) x (11172.3, 11761.3)
INFO:root:Left over size 465240 (465240, 30.00)
INFO:root:Read blocks of pixels: 97.48 x 6698.61
INFO:root:Read blocks of pixels: 168.80 x 6698.66
INFO:root:Read blocks of pixels: 233.40 x 6698.73
INFO:root:Read blocks of pixels: 292.78 x 6698.81
INFO:root:Read blocks of pixels: 356.19 x 6698.85
INFO:root:Read blocks of pixels: 416.42 x 6698.96
INFO:root:Read blocks of pixels: 469.94 x 6698.96
INFO:root:Read blocks of pixels: 534.08 x 6699.09
INFO:root:Output region (535.08, 501.00) (10767.0, 11302.0) x (5061.9, 5562.9)
INFO:root:Output region (535.08, 500.00) (10767.0, 11302.0) x (5532.9, 6032.9)
INFO:root:Output region (535.08, 500.00) (10767.0, 11302.0) x (6002.9, 6502.9)
INFO:root:Output region (535.08, 500.00) (10767.0, 11302.0) x (6472.9, 6972.9)
INFO:root:Output region (535.08, 500.00) (10767.0, 11302.0) x (6942.9, 7442.9)
INFO:root:Output region (535.08, 500.00) (10767.0, 11302.0) x (7412.9, 7912.9)
INFO:root:Output region (535.08, 500.00) (10767.0, 11302.0) x (7882.9, 8382.9)
INFO:root:Output region (535.08, 500.00) (10767.0, 11302.0) x (8352.9, 8852.9)
INFO:root:Output region (535.08, 500.00) (10767.0, 11302.0) x (8822.9, 9322.9)
INFO:root:Output region (535.08, 500.00) (10767.0, 11302.0) x (9292.9, 9792.9)
INFO:root:Output region (535.08, 500.00) (10767.0, 11302.0) x (9762.9, 10262.9)
INFO:root:Output region (535.08, 500.00) (10767.0, 11302.0) x (10232.9, 10732.9)
INFO:root:Output region (535.08, 500.00) (10767.0, 11302.0) x (10702.9, 11202.9)
INFO:root:Output region (535.08, 589.09) (10767.0, 11302.0) x (11172.9, 11762.0)
INFO:root:Left over size 424175 (424175, 30.00)
INFO:root:Read blocks of pixels: 110.61 x 6698.62
INFO:root:Read blocks of pixels: 193.97 x 6698.70
INFO:root:Read blocks of pixels: 279.82 x 6698.82
INFO:root:Read blocks of pixels: 351.34 x 6698.85
INFO:root:Read blocks of pixels: 430.97 x 6698.91
INFO:root:Read blocks of pixels: 503.47 x 6699.02
INFO:root:Output region (504.47, 501.00) (11271.0, 11775.5) x (5062.4, 5563.4)
INFO:root:Output region (504.47, 500.00) (11271.0, 11775.5) x (5533.4, 6033.4)
INFO:root:Output region (504.47, 500.00) (11271.0, 11775.5) x (6003.4, 6503.4)
INFO:root:Output region (504.47, 500.00) (11271.0, 11775.5) x (6473.4, 6973.4)
INFO:root:Output region (504.47, 500.00) (11271.0, 11775.5) x (6943.4, 7443.4)
INFO:root:Output region (504.47, 500.00) (11271.0, 11775.5) x (7413.4, 7913.4)
INFO:root:Output region (504.47, 500.00) (11271.0, 11775.5) x (7883.4, 8383.4)
INFO:root:Output region (504.47, 500.00) (11271.0, 11775.5) x (8353.4, 8853.4)
INFO:root:Output region (504.47, 500.00) (11271.0, 11775.5) x (8823.4, 9323.4)
INFO:root:Output region (504.47, 500.00) (11271.0, 11775.5) x (9293.4, 9793.4)
INFO:root:Output region (504.47, 500.00) (11271.0, 11775.5) x (9763.4, 10263.4)
INFO:root:Output region (504.47, 500.00) (11271.0, 11775.5) x (10233.4, 10733.4)
INFO:root:Output region (504.47, 500.00) (11271.0, 11775.5) x (10703.4, 11203.4)
INFO:root:Output region (504.47, 589.02) (11271.0, 11775.5) x (11173.4, 11762.5)
INFO:root:Left over size 403039 (403039, 30.00)
INFO:root:Read blocks of pixels: 91.48 x 6694.57
INFO:root:Read blocks of pixels: 141.94 x 6698.66
INFO:root:Read blocks of pixels: 210.61 x 6698.70
INFO:root:Read blocks of pixels: 276.46 x 6698.70
INFO:root:Read blocks of pixels: 346.97 x 6698.70
INFO:root:Read blocks of pixels: 434.81 x 6698.99
INFO:root:Read blocks of pixels: 509.57 x 6698.99
INFO:root:Output region (510.57, 501.00) (11744.5, 12255.1) x (5063.0, 5564.0)
INFO:root:Output region (510.57, 500.00) (11744.5, 12255.1) x (5534.0, 6034.0)
INFO:root:Output region (510.57, 500.00) (11744.5, 12255.1) x (6004.0, 6504.0)
INFO:root:Output region (510.57, 500.00) (11744.5, 12255.1) x (6474.0, 6974.0)
INFO:root:Output region (510.57, 500.00) (11744.5, 12255.1) x (6944.0, 7444.0)
INFO:root:Output region (510.57, 500.00) (11744.5, 12255.1) x (7414.0, 7914.0)
INFO:root:Output region (510.57, 500.00) (11744.5, 12255.1) x (7884.0, 8384.0)
INFO:root:Output region (510.57, 500.00) (11744.5, 12255.1) x (8354.0, 8854.0)
INFO:root:Output region (510.57, 500.00) (11744.5, 12255.1) x (8824.0, 9324.0)
INFO:root:Output region (510.57, 500.00) (11744.5, 12255.1) x (9294.0, 9794.0)
INFO:root:Output region (510.57, 500.00) (11744.5, 12255.1) x (9764.0, 10264.0)
INFO:root:Output region (510.57, 500.00) (11744.5, 12255.1) x (10234.0, 10734.0)
INFO:root:Output region (510.57, 500.00) (11744.5, 12255.1) x (10704.0, 11204.0)
INFO:root:Output region (510.57, 588.99) (11744.5, 12255.1) x (11174.0, 11762.9)
INFO:root:Left over size 450275 (450275, 30.00)
INFO:root:Read blocks of pixels: 107.72 x 6696.59
INFO:root:Read blocks of pixels: 195.46 x 6696.70
INFO:root:Read blocks of pixels: 287.20 x 6698.79
INFO:root:Read blocks of pixels: 371.47 x 6698.79
INFO:root:Read blocks of pixels: 442.74 x 6698.94
INFO:root:Read blocks of pixels: 505.57 x 6699.06
INFO:root:Output region (506.57, 501.00) (12224.1, 12730.6) x (5063.5, 5564.5)
INFO:root:Output region (506.57, 500.00) (12224.1, 12730.6) x (5534.5, 6034.5)
INFO:root:Output region (506.57, 500.00) (12224.1, 12730.6) x (6004.5, 6504.5)
INFO:root:Output region (506.57, 500.00) (12224.1, 12730.6) x (6474.5, 6974.5)
INFO:root:Output region (506.57, 500.00) (12224.1, 12730.6) x (6944.5, 7444.5)
INFO:root:Output region (506.57, 500.00) (12224.1, 12730.6) x (7414.5, 7914.5)
INFO:root:Output region (506.57, 500.00) (12224.1, 12730.6) x (7884.5, 8384.5)
INFO:root:Output region (506.57, 500.00) (12224.1, 12730.6) x (8354.5, 8854.5)
INFO:root:Output region (506.57, 500.00) (12224.1, 12730.6) x (8824.5, 9324.5)
INFO:root:Output region (506.57, 500.00) (12224.1, 12730.6) x (9294.5, 9794.5)
INFO:root:Output region (506.57, 500.00) (12224.1, 12730.6) x (9764.5, 10264.5)
INFO:root:Output region (506.57, 500.00) (12224.1, 12730.6) x (10234.5, 10734.5)
INFO:root:Output region (506.57, 500.00) (12224.1, 12730.6) x (10704.5, 11204.5)
INFO:root:Output region (506.57, 589.06) (12224.1, 12730.6) x (11174.5, 11763.5)
INFO:root:Left over size 463220 (463220, 30.00)
INFO:root:Read blocks of pixels: 105.02 x 6698.59
INFO:root:Read blocks of pixels: 179.81 x 6698.69
INFO:root:Read blocks of pixels: 241.92 x 6698.72
INFO:root:Read blocks of pixels: 309.56 x 6698.85
INFO:root:Read blocks of pixels: 375.93 x 6698.89
INFO:root:Read blocks of pixels: 455.43 x 6699.01
INFO:root:Read blocks of pixels: 515.49 x 6699.01
INFO:root:Output region (516.49, 501.00) (12699.6, 13216.1) x (5064.0, 5565.0)
INFO:root:Output region (516.49, 500.00) (12699.6, 13216.1) x (5535.0, 6035.0)
INFO:root:Output region (516.49, 500.00) (12699.6, 13216.1) x (6005.0, 6505.0)
INFO:root:Output region (516.49, 500.00) (12699.6, 13216.1) x (6475.0, 6975.0)
INFO:root:Output region (516.49, 500.00) (12699.6, 13216.1) x (6945.0, 7445.0)
INFO:root:Output region (516.49, 500.00) (12699.6, 13216.1) x (7415.0, 7915.0)
INFO:root:Output region (516.49, 500.00) (12699.6, 13216.1) x (7885.0, 8385.0)
INFO:root:Output region (516.49, 500.00) (12699.6, 13216.1) x (8355.0, 8855.0)
INFO:root:Output region (516.49, 500.00) (12699.6, 13216.1) x (8825.0, 9325.0)
INFO:root:Output region (516.49, 500.00) (12699.6, 13216.1) x (9295.0, 9795.0)
INFO:root:Output region (516.49, 500.00) (12699.6, 13216.1) x (9765.0, 10265.0)
INFO:root:Output region (516.49, 500.00) (12699.6, 13216.1) x (10235.0, 10735.0)
INFO:root:Output region (516.49, 500.00) (12699.6, 13216.1) x (10705.0, 11205.0)
INFO:root:Output region (516.49, 589.01) (12699.6, 13216.1) x (11175.0, 11764.0)
INFO:root:Left over size 503458 (503458, 30.00)
INFO:root:Read blocks of pixels: 97.51 x 6698.59
INFO:root:Read blocks of pixels: 178.98 x 6698.63
INFO:root:Read blocks of pixels: 263.77 x 6698.80
INFO:root:Read blocks of pixels: 331.41 x 6698.80
INFO:root:Read blocks of pixels: 401.34 x 6698.95
INFO:root:Read blocks of pixels: 458.72 x 6698.95
INFO:root:Read blocks of pixels: 511.71 x 6698.95
INFO:root:Output region (512.71, 501.00) (13185.1, 13697.8) x (5064.6, 5565.6)
INFO:root:Output region (512.71, 500.00) (13185.1, 13697.8) x (5535.6, 6035.6)
INFO:root:Output region (512.71, 500.00) (13185.1, 13697.8) x (6005.6, 6505.6)
INFO:root:Output region (512.71, 500.00) (13185.1, 13697.8) x (6475.6, 6975.6)
INFO:root:Output region (512.71, 500.00) (13185.1, 13697.8) x (6945.6, 7445.6)
INFO:root:Output region (512.71, 500.00) (13185.1, 13697.8) x (7415.6, 7915.6)
INFO:root:Output region (512.71, 500.00) (13185.1, 13697.8) x (7885.6, 8385.6)
INFO:root:Output region (512.71, 500.00) (13185.1, 13697.8) x (8355.6, 8855.6)
INFO:root:Output region (512.71, 500.00) (13185.1, 13697.8) x (8825.6, 9325.6)
INFO:root:Output region (512.71, 500.00) (13185.1, 13697.8) x (9295.6, 9795.6)
INFO:root:Output region (512.71, 500.00) (13185.1, 13697.8) x (9765.6, 10265.6)
INFO:root:Output region (512.71, 500.00) (13185.1, 13697.8) x (10235.6, 10735.6)
INFO:root:Output region (512.71, 500.00) (13185.1, 13697.8) x (10705.6, 11205.6)
INFO:root:Output region (512.71, 588.95) (13185.1, 13697.8) x (11175.6, 11764.5)
INFO:root:Left over size 559134 (559134, 30.00)
INFO:root:Read blocks of pixels: 94.68 x 6698.59
INFO:root:Read blocks of pixels: 150.73 x 6698.68
INFO:root:Read blocks of pixels: 203.97 x 6698.71
INFO:root:Read blocks of pixels: 264.89 x 6698.79
INFO:root:Read blocks of pixels: 316.16 x 6698.79
INFO:root:Read blocks of pixels: 380.30 x 6698.89
INFO:root:Read blocks of pixels: 447.81 x 6698.96
INFO:root:Read blocks of pixels: 504.82 x 6699.07
INFO:root:Output region (505.82, 501.00) (13666.8, 14172.7) x (5065.1, 5566.1)
INFO:root:Output region (505.82, 500.00) (13666.8, 14172.7) x (5536.1, 6036.1)
INFO:root:Output region (505.82, 500.00) (13666.8, 14172.7) x (6006.1, 6506.1)
INFO:root:Output region (505.82, 500.00) (13666.8, 14172.7) x (6476.1, 6976.1)
INFO:root:Output region (505.82, 500.00) (13666.8, 14172.7) x (6946.1, 7446.1)
INFO:root:Output region (505.82, 500.00) (13666.8, 14172.7) x (7416.1, 7916.1)
INFO:root:Output region (505.82, 500.00) (13666.8, 14172.7) x (7886.1, 8386.1)
INFO:root:Output region (505.82, 500.00) (13666.8, 14172.7) x (8356.1, 8856.1)
INFO:root:Output region (505.82, 500.00) (13666.8, 14172.7) x (8826.1, 9326.1)
INFO:root:Output region (505.82, 500.00) (13666.8, 14172.7) x (9296.1, 9796.1)
INFO:root:Output region (505.82, 500.00) (13666.8, 14172.7) x (9766.1, 10266.1)
INFO:root:Output region (505.82, 500.00) (13666.8, 14172.7) x (10236.1, 10736.1)
INFO:root:Output region (505.82, 500.00) (13666.8, 14172.7) x (10706.1, 11206.1)
INFO:root:Output region (505.82, 589.07) (13666.8, 14172.7) x (11176.1, 11765.2)
INFO:root:Left over size 488718 (488718, 30.00)
INFO:root:Read blocks of pixels: 92.04 x 6698.61
INFO:root:Read blocks of pixels: 155.26 x 6698.69
INFO:root:Read blocks of pixels: 217.18 x 6698.76
INFO:root:Read blocks of pixels: 283.59 x 6698.78
INFO:root:Read blocks of pixels: 355.89 x 6698.89
INFO:root:Read blocks of pixels: 412.75 x 6698.96
INFO:root:Read blocks of pixels: 473.73 x 6699.04
INFO:root:Read blocks of pixels: 534.38 x 6699.09
INFO:root:Output region (535.38, 501.00) (14141.7, 14677.0) x (5065.6, 5566.6)
INFO:root:Output region (535.38, 500.00) (14141.7, 14677.0) x (5536.6, 6036.6)
INFO:root:Output region (535.38, 500.00) (14141.7, 14677.0) x (6006.6, 6506.6)
INFO:root:Output region (535.38, 500.00) (14141.7, 14677.0) x (6476.6, 6976.6)
INFO:root:Output region (535.38, 500.00) (14141.7, 14677.0) x (6946.6, 7446.6)
INFO:root:Output region (535.38, 500.00) (14141.7, 14677.0) x (7416.6, 7916.6)
INFO:root:Output region (535.38, 500.00) (14141.7, 14677.0) x (7886.6, 8386.6)
INFO:root:Output region (535.38, 500.00) (14141.7, 14677.0) x (8356.6, 8856.6)
INFO:root:Output region (535.38, 500.00) (14141.7, 14677.0) x (8826.6, 9326.6)
INFO:root:Output region (535.38, 500.00) (14141.7, 14677.0) x (9296.6, 9796.6)
INFO:root:Output region (535.38, 500.00) (14141.7, 14677.0) x (9766.6, 10266.6)
INFO:root:Output region (535.38, 500.00) (14141.7, 14677.0) x (10236.6, 10736.6)
INFO:root:Output region (535.38, 500.00) (14141.7, 14677.0) x (10706.6, 11206.6)
INFO:root:Output region (535.38, 589.09) (14141.7, 14677.0) x (11176.6, 11765.7)
INFO:root:Left over size 559168 (559168, 30.00)
INFO:root:Read blocks of pixels: 86.31 x 6698.60
INFO:root:Read blocks of pixels: 146.36 x 6698.60
INFO:root:Read blocks of pixels: 199.26 x 6698.60
INFO:root:Read blocks of pixels: 255.00 x 6698.78
INFO:root:Read blocks of pixels: 308.14 x 6698.78
INFO:root:Read blocks of pixels: 365.15 x 6698.87
INFO:root:Read blocks of pixels: 393.89 x 6698.94
INFO:root:Read blocks of pixels: 393.89 x 6698.94
INFO:root:Output region (394.89, 501.00) (14646.0, 15040.9) x (5066.2, 5567.2)
INFO:root:Output region (394.89, 500.00) (14646.0, 15040.9) x (5537.2, 6037.2)
INFO:root:Output region (394.89, 500.00) (14646.0, 15040.9) x (6007.2, 6507.2)
INFO:root:Output region (394.89, 500.00) (14646.0, 15040.9) x (6477.2, 6977.2)
INFO:root:Output region (394.89, 500.00) (14646.0, 15040.9) x (6947.2, 7447.2)
INFO:root:Output region (394.89, 500.00) (14646.0, 15040.9) x (7417.2, 7917.2)
INFO:root:Output region (394.89, 500.00) (14646.0, 15040.9) x (7887.2, 8387.2)
INFO:root:Output region (394.89, 500.00) (14646.0, 15040.9) x (8357.2, 8857.2)
INFO:root:Output region (394.89, 500.00) (14646.0, 15040.9) x (8827.2, 9327.2)
INFO:root:Output region (394.89, 500.00) (14646.0, 15040.9) x (9297.2, 9797.2)
INFO:root:Output region (394.89, 500.00) (14646.0, 15040.9) x (9767.2, 10267.2)
INFO:root:Output region (394.89, 500.00) (14646.0, 15040.9) x (10237.2, 10737.2)
INFO:root:Output region (394.89, 500.00) (14646.0, 15040.9) x (10707.2, 11207.2)
INFO:root:Output region (394.89, 588.94) (14646.0, 15040.9) x (11177.2, 11766.1)
['X', 'random_index', 'Y', 'gene', 'Count']
gzip -f /dcs05/lieber/marmaypag/xenium_NAC_LIBD4125/xenium_NAC/processed-data/HD_Full_Analysis/FICTURE/outputs/H1-M3TCP9V_A1/nF_8/batched.matrix.tsv
--------------------------------------------------------------
Creating DGE for 12um...
--------------------------------------------------------------
ficture make_dge --key Count --input /dcs05/lieber/marmaypag/xenium_NAC_LIBD4125/xenium_NAC/processed-data/HD_Full_Analysis/FICTURE/inputs/H1-M3TCP9V_A1/transcripts.sorted.tsv.gz --output /dcs05/lieber/marmaypag/xenium_NAC_LIBD4125/xenium_NAC/processed-data/HD_Full_Analysis/FICTURE/outputs/H1-M3TCP9V_A1/nF_8/hexagon.d_12.tsv --hex_width 12 --n_move 2 --min_ct_per_unit 50 --mu_scale 1.0 --precision 2 --major_axis X --fractional-count 0
INFO:root:Random seed 1772831019.5831537
WARNING:root:The designated major key is not one of the specified count columns, --count_header is ignored
INFO:root:Processing 104638 pixels (1000000 8335.535, 8405.68).
INFO:root:Sliding offset 0, 0. Add 2752 units, median count 173.0, 2752 units so far.
INFO:root:Sliding offset 0, 1. Add 2945 units, median count 172.0, 5697 units so far.
INFO:root:Sliding offset 1, 0. Add 2748 units, median count 172.0, 8445 units so far.
INFO:root:Sliding offset 1, 1. Add 2952 units, median count 174.0, 11397 units so far.
INFO:root:Left over size 383823 (8382, 8406).
INFO:root:Processing 137353 pixels (1383823 8381.681, 8468.464).
INFO:root:Sliding offset 0, 0. Add 3303 units, median count 195.0, 14700 units so far.
INFO:root:Sliding offset 0, 1. Add 3009 units, median count 196.0, 17709 units so far.
INFO:root:Sliding offset 1, 0. Add 3303 units, median count 195.0, 21012 units so far.
INFO:root:Sliding offset 1, 1. Add 3019 units, median count 195.0, 24031 units so far.
INFO:root:Left over size 422377 (8444, 8468).
INFO:root:Processing 143697 pixels (1422377 8444.465, 8534.602).
INFO:root:Sliding offset 0, 0. Add 3327 units, median count 199.0, 27358 units so far.
INFO:root:Sliding offset 0, 1. Add 3320 units, median count 201.0, 30678 units so far.
INFO:root:Sliding offset 1, 0. Add 3330 units, median count 201.0, 34008 units so far.
INFO:root:Sliding offset 1, 1. Add 3322 units, median count 201.0, 37330 units so far.
INFO:root:Left over size 344478 (8511, 8535).
INFO:root:Processing 137964 pixels (1344478 8510.603, 8596.589).
INFO:root:Sliding offset 0, 0. Add 3109 units, median count 193.0, 40439 units so far.
INFO:root:Sliding offset 0, 1. Add 3349 units, median count 196.0, 43788 units so far.
INFO:root:Sliding offset 1, 0. Add 3108 units, median count 195.0, 46896 units so far.
INFO:root:Sliding offset 1, 1. Add 3342 units, median count 197.0, 50238 units so far.
INFO:root:Left over size 420417 (8573, 8597).
INFO:root:Processing 131090 pixels (1420417 8572.59, 8654.627).
INFO:root:Sliding offset 0, 0. Add 3027 units, median count 215.0, 53265 units so far.
INFO:root:Sliding offset 0, 1. Add 2803 units, median count 212.0, 56068 units so far.
INFO:root:Sliding offset 1, 0. Add 3035 units, median count 217.5, 59103 units so far.
INFO:root:Sliding offset 1, 1. Add 2812 units, median count 212.0, 61915 units so far.
INFO:root:Left over size 437003 (8631, 8655).
INFO:root:Processing 137250 pixels (1437003 8630.628, 8717.368).
INFO:root:Sliding offset 0, 0. Add 3005 units, median count 206.0, 64920 units so far.
INFO:root:Sliding offset 0, 1. Add 3292 units, median count 209.0, 68212 units so far.
INFO:root:Sliding offset 1, 0. Add 3002 units, median count 207.0, 71214 units so far.
INFO:root:Sliding offset 1, 1. Add 3294 units, median count 209.0, 74508 units so far.
INFO:root:Left over size 392542 (8693, 8717).
INFO:root:Processing 134462 pixels (1392542 8693.37, 8777.663).
INFO:root:Sliding offset 0, 0. Add 3052 units, median count 204.0, 77560 units so far.
INFO:root:Sliding offset 0, 1. Add 3063 units, median count 204.0, 80623 units so far.
INFO:root:Sliding offset 1, 0. Add 3057 units, median count 204.0, 83680 units so far.
INFO:root:Sliding offset 1, 1. Add 3065 units, median count 202.0, 86745 units so far.
INFO:root:Left over size 404266 (8754, 8778).
INFO:root:Processing 143194 pixels (1404266 8753.664, 8841.949).
INFO:root:Sliding offset 0, 0. Add 3427 units, median count 203.0, 90172 units so far.
INFO:root:Sliding offset 0, 1. Add 3265 units, median count 203.0, 93437 units so far.
INFO:root:Sliding offset 1, 0. Add 3420 units, median count 202.0, 96857 units so far.
INFO:root:Sliding offset 1, 1. Add 3262 units, median count 202.0, 100119 units so far.
INFO:root:Left over size 411015 (8818, 8842).
INFO:root:Processing 138116 pixels (1411015 8817.95, 8902.609).
INFO:root:Sliding offset 0, 0. Add 3137 units, median count 210.0, 103256 units so far.
INFO:root:Sliding offset 0, 1. Add 3259 units, median count 209.0, 106515 units so far.
INFO:root:Sliding offset 1, 0. Add 3135 units, median count 209.0, 109650 units so far.
INFO:root:Sliding offset 1, 1. Add 3247 units, median count 210.0, 112897 units so far.
INFO:root:Left over size 386697 (8879, 8903).
INFO:root:Processing 137841 pixels (1386697 8878.61, 8963.63).
INFO:root:Sliding offset 0, 0. Add 3101 units, median count 205.0, 115998 units so far.
INFO:root:Sliding offset 0, 1. Add 3153 units, median count 203.0, 119151 units so far.
INFO:root:Sliding offset 1, 0. Add 3102 units, median count 205.0, 122253 units so far.
INFO:root:Sliding offset 1, 1. Add 3153 units, median count 206.0, 125406 units so far.
INFO:root:Left over size 387189 (8940, 8964).
INFO:root:Processing 136303 pixels (1387189 8939.631, 9023.603).
INFO:root:Sliding offset 0, 0. Add 3110 units, median count 221.0, 128516 units so far.
INFO:root:Sliding offset 0, 1. Add 3109 units, median count 219.0, 131625 units so far.
INFO:root:Sliding offset 1, 0. Add 3112 units, median count 220.0, 134737 units so far.
INFO:root:Sliding offset 1, 1. Add 3106 units, median count 220.0, 137843 units so far.
INFO:root:Left over size 439363 (9000, 9024).
INFO:root:Processing 120183 pixels (1439363 8999.605, 9073.273).
INFO:root:Sliding offset 0, 0. Add 2677 units, median count 254.0, 140520 units so far.
INFO:root:Sliding offset 0, 1. Add 2505 units, median count 250.0, 143025 units so far.
INFO:root:Sliding offset 1, 0. Add 2679 units, median count 255.0, 145704 units so far.
INFO:root:Sliding offset 1, 1. Add 2511 units, median count 249.5, 148215 units so far.
INFO:root:Left over size 489919 (9049, 9073).
INFO:root:Processing 128000 pixels (1489919 9049.274, 9128.258).
INFO:root:Sliding offset 0, 0. Add 2869 units, median count 251.0, 151084 units so far.
INFO:root:Sliding offset 0, 1. Add 2734 units, median count 251.5, 153818 units so far.
INFO:root:Sliding offset 1, 0. Add 2859 units, median count 251.0, 156677 units so far.
INFO:root:Sliding offset 1, 1. Add 2740 units, median count 252.0, 159417 units so far.
INFO:root:Left over size 451161 (9104, 9128).
INFO:root:Processing 129010 pixels (1451161 9104.259, 9183.684).
INFO:root:Sliding offset 0, 0. Add 2813 units, median count 233.0, 162230 units so far.
INFO:root:Sliding offset 0, 1. Add 2909 units, median count 237.0, 165139 units so far.
INFO:root:Sliding offset 1, 0. Add 2815 units, median count 233.0, 167954 units so far.
INFO:root:Sliding offset 1, 1. Add 2906 units, median count 237.0, 170860 units so far.
INFO:root:Left over size 464040 (9160, 9184).
INFO:root:Processing 129091 pixels (1464040 9159.685, 9238.566).
INFO:root:Sliding offset 0, 0. Add 2812 units, median count 241.0, 173672 units so far.
INFO:root:Sliding offset 0, 1. Add 2960 units, median count 241.0, 176632 units so far.
INFO:root:Sliding offset 1, 0. Add 2806 units, median count 241.0, 179438 units so far.
INFO:root:Sliding offset 1, 1. Add 2958 units, median count 240.0, 182396 units so far.
INFO:root:Left over size 427348 (9215, 9239).
INFO:root:Processing 125930 pixels (1427348 9214.567, 9291.943).
INFO:root:Sliding offset 0, 0. Add 2785 units, median count 250.0, 185181 units so far.
INFO:root:Sliding offset 0, 1. Add 2675 units, median count 251.0, 187856 units so far.
INFO:root:Sliding offset 1, 0. Add 2788 units, median count 250.0, 190644 units so far.
INFO:root:Sliding offset 1, 1. Add 2675 units, median count 250.0, 193319 units so far.
INFO:root:Left over size 458925 (9268, 9292).
INFO:root:Processing 127091 pixels (1458925 9267.944, 9346.064).
INFO:root:Sliding offset 0, 0. Add 2816 units, median count 242.0, 196135 units so far.
INFO:root:Sliding offset 0, 1. Add 2826 units, median count 245.0, 198961 units so far.
INFO:root:Sliding offset 1, 0. Add 2817 units, median count 242.0, 201778 units so far.
INFO:root:Sliding offset 1, 1. Add 2838 units, median count 243.0, 204616 units so far.
INFO:root:Left over size 482287 (9322, 9346).
INFO:root:Processing 123125 pixels (1482287 9322.065, 9397.497).
INFO:root:Sliding offset 0, 0. Add 2732 units, median count 257.0, 207348 units so far.
INFO:root:Sliding offset 0, 1. Add 2653 units, median count 254.5, 210001 units so far.
INFO:root:Sliding offset 1, 0. Add 2738 units, median count 255.0, 212739 units so far.
INFO:root:Sliding offset 1, 1. Add 2661 units, median count 253.0, 215400 units so far.
INFO:root:Left over size 469201 (9373, 9397).
INFO:root:Processing 119626 pixels (1469201 9373.498, 9446.572).
INFO:root:Sliding offset 0, 0. Add 2566 units, median count 264.0, 217966 units so far.
INFO:root:Sliding offset 0, 1. Add 2478 units, median count 265.0, 220444 units so far.
INFO:root:Sliding offset 1, 0. Add 2560 units, median count 264.0, 223004 units so far.
INFO:root:Sliding offset 1, 1. Add 2473 units, median count 265.0, 225477 units so far.
INFO:root:Left over size 481831 (9423, 9447).
INFO:root:Processing 116365 pixels (1481831 9422.573, 9493.597).
INFO:root:Sliding offset 0, 0. Add 2450 units, median count 264.0, 227927 units so far.
INFO:root:Sliding offset 0, 1. Add 2518 units, median count 263.0, 230445 units so far.
INFO:root:Sliding offset 1, 0. Add 2448 units, median count 265.0, 232893 units so far.
INFO:root:Sliding offset 1, 1. Add 2516 units, median count 261.0, 235409 units so far.
INFO:root:Left over size 500824 (9470, 9494).
INFO:root:Processing 122966 pixels (1500824 9469.598, 9544.463).
INFO:root:Sliding offset 0, 0. Add 2579 units, median count 242.0, 237988 units so far.
INFO:root:Sliding offset 0, 1. Add 2729 units, median count 246.0, 240717 units so far.
INFO:root:Sliding offset 1, 0. Add 2585 units, median count 243.0, 243302 units so far.
INFO:root:Sliding offset 1, 1. Add 2727 units, median count 243.0, 246029 units so far.
INFO:root:Left over size 441807 (9520, 9544).
INFO:root:Processing 125572 pixels (1441807 9520.464, 9597.459).
INFO:root:Sliding offset 0, 0. Add 2788 units, median count 248.0, 248817 units so far.
INFO:root:Sliding offset 0, 1. Add 2624 units, median count 245.0, 251441 units so far.
INFO:root:Sliding offset 1, 0. Add 2787 units, median count 248.0, 254228 units so far.
INFO:root:Sliding offset 1, 1. Add 2632 units, median count 245.0, 256860 units so far.
INFO:root:Left over size 429662 (9573, 9597).
INFO:root:Processing 127727 pixels (1429662 9573.46, 9651.989).
INFO:root:Sliding offset 0, 0. Add 2773 units, median count 253.0, 259633 units so far.
INFO:root:Sliding offset 0, 1. Add 2861 units, median count 257.0, 262494 units so far.
INFO:root:Sliding offset 1, 0. Add 2776 units, median count 253.0, 265270 units so far.
INFO:root:Sliding offset 1, 1. Add 2858 units, median count 256.0, 268128 units so far.
INFO:root:Left over size 397247 (9628, 9652).
INFO:root:Processing 134904 pixels (1397247 9627.99, 9711.282).
INFO:root:Sliding offset 0, 0. Add 3076 units, median count 234.0, 271204 units so far.
INFO:root:Sliding offset 0, 1. Add 2968 units, median count 236.0, 274172 units so far.
INFO:root:Sliding offset 1, 0. Add 3080 units, median count 235.0, 277252 units so far.
INFO:root:Sliding offset 1, 1. Add 2961 units, median count 238.0, 280213 units so far.
INFO:root:Left over size 413868 (9687, 9711).
INFO:root:Processing 122629 pixels (1413868 9687.283, 9762.631).
INFO:root:Sliding offset 0, 0. Add 2569 units, median count 250.0, 282782 units so far.
INFO:root:Sliding offset 0, 1. Add 2738 units, median count 252.0, 285520 units so far.
INFO:root:Sliding offset 1, 0. Add 2573 units, median count 251.0, 288093 units so far.
INFO:root:Sliding offset 1, 1. Add 2740 units, median count 249.0, 290833 units so far.
INFO:root:Left over size 438704 (9739, 9763).
INFO:root:Processing 127537 pixels (1438704 9738.632, 9817.208).
INFO:root:Sliding offset 0, 0. Add 2872 units, median count 242.0, 293705 units so far.
INFO:root:Sliding offset 0, 1. Add 2796 units, median count 238.0, 296501 units so far.
INFO:root:Sliding offset 1, 0. Add 2872 units, median count 241.0, 299373 units so far.
INFO:root:Sliding offset 1, 1. Add 2790 units, median count 239.0, 302163 units so far.
INFO:root:Left over size 433362 (9793, 9817).
INFO:root:Processing 129044 pixels (1433362 9793.209, 9873.298).
INFO:root:Sliding offset 0, 0. Add 2904 units, median count 238.0, 305067 units so far.
INFO:root:Sliding offset 0, 1. Add 2809 units, median count 240.0, 307876 units so far.
INFO:root:Sliding offset 1, 0. Add 2901 units, median count 238.0, 310777 units so far.
INFO:root:Sliding offset 1, 1. Add 2812 units, median count 238.0, 313589 units so far.
INFO:root:Left over size 406012 (9849, 9873).
INFO:root:Processing 127231 pixels (1406012 9849.299, 9928.651).
INFO:root:Sliding offset 0, 0. Add 2755 units, median count 238.0, 316344 units so far.
INFO:root:Sliding offset 0, 1. Add 2980 units, median count 239.0, 319324 units so far.
INFO:root:Sliding offset 1, 0. Add 2760 units, median count 237.0, 322084 units so far.
INFO:root:Sliding offset 1, 1. Add 2973 units, median count 242.0, 325057 units so far.
INFO:root:Left over size 419225 (9905, 9929).
INFO:root:Processing 121627 pixels (1419225 9904.652, 9980.777).
INFO:root:Sliding offset 0, 0. Add 2746 units, median count 249.0, 327803 units so far.
INFO:root:Sliding offset 0, 1. Add 2492 units, median count 249.0, 330295 units so far.
INFO:root:Sliding offset 1, 0. Add 2737 units, median count 249.0, 333032 units so far.
INFO:root:Sliding offset 1, 1. Add 2493 units, median count 249.0, 335525 units so far.
INFO:root:Left over size 472643 (9957, 9981).
INFO:root:Processing 134574 pixels (1472643 9956.778, 10041.371).
INFO:root:Sliding offset 0, 0. Add 3028 units, median count 237.0, 338553 units so far.
INFO:root:Sliding offset 0, 1. Add 3077 units, median count 245.0, 341630 units so far.
INFO:root:Sliding offset 1, 0. Add 3037 units, median count 239.0, 344667 units so far.
INFO:root:Sliding offset 1, 1. Add 3074 units, median count 241.0, 347741 units so far.
INFO:root:Left over size 407294 (10017, 10041).
INFO:root:Processing 126261 pixels (1407294 10017.372, 10096.191).
INFO:root:Sliding offset 0, 0. Add 2780 units, median count 233.0, 350521 units so far.
INFO:root:Sliding offset 0, 1. Add 2920 units, median count 237.5, 353441 units so far.
INFO:root:Sliding offset 1, 0. Add 2784 units, median count 234.0, 356225 units so far.
INFO:root:Sliding offset 1, 1. Add 2914 units, median count 236.0, 359139 units so far.
INFO:root:Left over size 433682 (10072, 10096).
INFO:root:Processing 126278 pixels (1433682 10072.192, 10150.762).
INFO:root:Sliding offset 0, 0. Add 2784 units, median count 241.0, 361923 units so far.
INFO:root:Sliding offset 0, 1. Add 2871 units, median count 238.0, 364794 units so far.
INFO:root:Sliding offset 1, 0. Add 2780 units, median count 239.0, 367574 units so far.
INFO:root:Sliding offset 1, 1. Add 2876 units, median count 239.0, 370450 units so far.
INFO:root:Left over size 444103 (10127, 10151).
INFO:root:Processing 125437 pixels (1444103 10126.763, 10205.402).
INFO:root:Sliding offset 0, 0. Add 2766 units, median count 238.0, 373216 units so far.
INFO:root:Sliding offset 0, 1. Add 2802 units, median count 233.0, 376018 units so far.
INFO:root:Sliding offset 1, 0. Add 2770 units, median count 236.0, 378788 units so far.
INFO:root:Sliding offset 1, 1. Add 2798 units, median count 233.0, 381586 units so far.
INFO:root:Left over size 480100 (10181, 10205).
INFO:root:Processing 115419 pixels (1480100 10181.403, 10253.555).
INFO:root:Sliding offset 0, 0. Add 2472 units, median count 258.0, 384058 units so far.
INFO:root:Sliding offset 0, 1. Add 2465 units, median count 252.0, 386523 units so far.
INFO:root:Sliding offset 1, 0. Add 2471 units, median count 257.0, 388994 units so far.
INFO:root:Sliding offset 1, 1. Add 2467 units, median count 253.0, 391461 units so far.
INFO:root:Left over size 492026 (10230, 10254).
INFO:root:Processing 120259 pixels (1492026 10229.557, 10304.653).
INFO:root:Sliding offset 0, 0. Add 2766 units, median count 259.0, 394227 units so far.
INFO:root:Sliding offset 0, 1. Add 2461 units, median count 260.5, 396688 units so far.
INFO:root:Sliding offset 1, 0. Add 2766 units, median count 263.0, 399454 units so far.
INFO:root:Sliding offset 1, 1. Add 2464 units, median count 258.0, 401918 units so far.
INFO:root:Left over size 463099 (10281, 10305).
INFO:root:Processing 132410 pixels (1463099 10280.654, 10363.668).
INFO:root:Sliding offset 0, 0. Add 3051 units, median count 233.0, 404969 units so far.
INFO:root:Sliding offset 0, 1. Add 3100 units, median count 234.0, 408069 units so far.
INFO:root:Sliding offset 1, 0. Add 3053 units, median count 233.0, 411122 units so far.
INFO:root:Sliding offset 1, 1. Add 3105 units, median count 234.0, 414227 units so far.
INFO:root:Left over size 399124 (10340, 10364).
INFO:root:Processing 134271 pixels (1399124 10339.669, 10423.314).
INFO:root:Sliding offset 0, 0. Add 3072 units, median count 223.0, 417299 units so far.
INFO:root:Sliding offset 0, 1. Add 3115 units, median count 224.0, 420414 units so far.
INFO:root:Sliding offset 1, 0. Add 3072 units, median count 223.0, 423486 units so far.
INFO:root:Sliding offset 1, 1. Add 3117 units, median count 225.0, 426603 units so far.
INFO:root:Left over size 395141 (10399, 10423).
INFO:root:Processing 130862 pixels (1395141 10399.315, 10480.459).
INFO:root:Sliding offset 0, 0. Add 2909 units, median count 221.0, 429512 units so far.
INFO:root:Sliding offset 0, 1. Add 3029 units, median count 225.0, 432541 units so far.
INFO:root:Sliding offset 1, 0. Add 2909 units, median count 220.0, 435450 units so far.
INFO:root:Sliding offset 1, 1. Add 3031 units, median count 223.0, 438481 units so far.
INFO:root:Left over size 384481 (10456, 10480).
INFO:root:Processing 135983 pixels (1384481 10456.46, 10541.381).
INFO:root:Sliding offset 0, 0. Add 3103 units, median count 212.0, 441584 units so far.
INFO:root:Sliding offset 0, 1. Add 3184 units, median count 213.0, 444768 units so far.
INFO:root:Sliding offset 1, 0. Add 3102 units, median count 214.0, 447870 units so far.
INFO:root:Sliding offset 1, 1. Add 3179 units, median count 213.5, 451049 units so far.
INFO:root:Left over size 382071 (10517, 10541).
INFO:root:Processing 141536 pixels (1382071 10517.382, 10606.135).
INFO:root:Sliding offset 0, 0. Add 3409 units, median count 205.0, 454458 units so far.
INFO:root:Sliding offset 0, 1. Add 3261 units, median count 205.0, 457719 units so far.
INFO:root:Sliding offset 1, 0. Add 3405 units, median count 206.0, 461124 units so far.
INFO:root:Sliding offset 1, 1. Add 3269 units, median count 206.0, 464393 units so far.
INFO:root:Left over size 363544 (10582, 10606).
INFO:root:Processing 139824 pixels (1363544 10582.136, 10670.213).
INFO:root:Sliding offset 0, 0. Add 3380 units, median count 210.0, 467773 units so far.
INFO:root:Sliding offset 0, 1. Add 3214 units, median count 208.0, 470987 units so far.
INFO:root:Sliding offset 1, 0. Add 3383 units, median count 209.0, 474370 units so far.
INFO:root:Sliding offset 1, 1. Add 3214 units, median count 209.0, 477584 units so far.
INFO:root:Left over size 350648 (10646, 10670).
INFO:root:Processing 142785 pixels (1350648 10646.214, 10736.641).
INFO:root:Sliding offset 0, 0. Add 3363 units, median count 197.0, 480947 units so far.
INFO:root:Sliding offset 0, 1. Add 3369 units, median count 198.0, 484316 units so far.
INFO:root:Sliding offset 1, 0. Add 3368 units, median count 195.0, 487684 units so far.
INFO:root:Sliding offset 1, 1. Add 3369 units, median count 198.0, 491053 units so far.
INFO:root:Left over size 379577 (10713, 10737).
INFO:root:Processing 134752 pixels (1379577 10712.642, 10797.952).
INFO:root:Sliding offset 0, 0. Add 3064 units, median count 208.0, 494117 units so far.
INFO:root:Sliding offset 0, 1. Add 3185 units, median count 209.0, 497302 units so far.
INFO:root:Sliding offset 1, 0. Add 3064 units, median count 209.0, 500366 units so far.
INFO:root:Sliding offset 1, 1. Add 3192 units, median count 207.0, 503558 units so far.
INFO:root:Left over size 365919 (10774, 10798).
INFO:root:Processing 144208 pixels (1365919 10773.953, 10865.434).
INFO:root:Sliding offset 0, 0. Add 3353 units, median count 203.0, 506911 units so far.
INFO:root:Sliding offset 0, 1. Add 3519 units, median count 200.0, 510430 units so far.
INFO:root:Sliding offset 1, 0. Add 3360 units, median count 202.0, 513790 units so far.
INFO:root:Sliding offset 1, 1. Add 3523 units, median count 200.0, 517313 units so far.
INFO:root:Left over size 349579 (10841, 10865).
INFO:root:Processing 150104 pixels (1349579 10841.435, 10936.748).
INFO:root:Sliding offset 0, 0. Add 3630 units, median count 202.0, 520943 units so far.
INFO:root:Sliding offset 0, 1. Add 3591 units, median count 202.0, 524534 units so far.
INFO:root:Sliding offset 1, 0. Add 3627 units, median count 200.0, 528161 units so far.
INFO:root:Sliding offset 1, 1. Add 3585 units, median count 202.0, 531746 units so far.
INFO:root:Left over size 350425 (10913, 10937).
INFO:root:Processing 138782 pixels (1350425 10912.749, 11001.357).
INFO:root:Sliding offset 0, 0. Add 3303 units, median count 206.0, 535049 units so far.
INFO:root:Sliding offset 0, 1. Add 3103 units, median count 208.0, 538152 units so far.
INFO:root:Sliding offset 1, 0. Add 3309 units, median count 207.0, 541461 units so far.
INFO:root:Sliding offset 1, 1. Add 3111 units, median count 209.0, 544572 units so far.
INFO:root:Left over size 375556 (10977, 11001).
INFO:root:Processing 131239 pixels (1375556 10977.358, 11060.735).
INFO:root:Sliding offset 0, 0. Add 3028 units, median count 219.0, 547600 units so far.
INFO:root:Sliding offset 0, 1. Add 2984 units, median count 218.0, 550584 units so far.
INFO:root:Sliding offset 1, 0. Add 3020 units, median count 219.0, 553604 units so far.
INFO:root:Sliding offset 1, 1. Add 2980 units, median count 220.0, 556584 units so far.
INFO:root:Left over size 415130 (11037, 11061).
INFO:root:Processing 137301 pixels (1415130 11036.736, 11124.145).
INFO:root:Sliding offset 0, 0. Add 3011 units, median count 219.0, 559595 units so far.
INFO:root:Sliding offset 0, 1. Add 3270 units, median count 222.0, 562865 units so far.
INFO:root:Sliding offset 1, 0. Add 3013 units, median count 221.0, 565878 units so far.
INFO:root:Sliding offset 1, 1. Add 3258 units, median count 221.0, 569136 units so far.
INFO:root:Left over size 390222 (11100, 11124).
INFO:root:Processing 131935 pixels (1390222 11100.146, 11184.376).
INFO:root:Sliding offset 0, 0. Add 2983 units, median count 227.0, 572119 units so far.
INFO:root:Sliding offset 0, 1. Add 2943 units, median count 227.0, 575062 units so far.
INFO:root:Sliding offset 1, 0. Add 2980 units, median count 227.0, 578042 units so far.
INFO:root:Sliding offset 1, 1. Add 2951 units, median count 225.0, 580993 units so far.
INFO:root:Left over size 407298 (11160, 11184).
INFO:root:Processing 122225 pixels (1407298 11160.377, 11237.891).
INFO:root:Sliding offset 0, 0. Add 2633 units, median count 238.0, 583626 units so far.
INFO:root:Sliding offset 0, 1. Add 2692 units, median count 236.0, 586318 units so far.
INFO:root:Sliding offset 1, 0. Add 2630 units, median count 237.0, 588948 units so far.
INFO:root:Sliding offset 1, 1. Add 2682 units, median count 236.0, 591630 units so far.
INFO:root:Left over size 483712 (11214, 11238).
INFO:root:Processing 139121 pixels (1483712 11213.892, 11302.028).
INFO:root:Sliding offset 0, 0. Add 3313 units, median count 217.5, 594943 units so far.
INFO:root:Sliding offset 0, 1. Add 3175 units, median count 217.0, 598118 units so far.
INFO:root:Sliding offset 1, 0. Add 3315 units, median count 218.0, 601433 units so far.
INFO:root:Sliding offset 1, 1. Add 3171 units, median count 218.0, 604604 units so far.
INFO:root:Left over size 336172 (11278, 11302).
INFO:root:Processing 163089 pixels (1336172 11278.029, 11382.643).
INFO:root:Sliding offset 0, 0. Add 3998 units, median count 177.0, 608602 units so far.
INFO:root:Sliding offset 0, 1. Add 4025 units, median count 176.0, 612627 units so far.
INFO:root:Sliding offset 1, 0. Add 4006 units, median count 176.0, 616633 units so far.
INFO:root:Sliding offset 1, 1. Add 4040 units, median count 174.0, 620673 units so far.
INFO:root:Left over size 275617 (11359, 11383).
INFO:root:Processing 164464 pixels (1275617 11358.644, 11465.998).
INFO:root:Sliding offset 0, 0. Add 3979 units, median count 161.0, 624652 units so far.
INFO:root:Sliding offset 0, 1. Add 4061 units, median count 161.0, 628713 units so far.
INFO:root:Sliding offset 1, 0. Add 3982 units, median count 161.0, 632695 units so far.
INFO:root:Sliding offset 1, 1. Add 4058 units, median count 162.0, 636753 units so far.
INFO:root:Left over size 321554 (11442, 11466).
INFO:root:Processing 168003 pixels (1321554 11441.999, 11551.847).
INFO:root:Sliding offset 0, 0. Add 4317 units, median count 170.0, 641070 units so far.
INFO:root:Sliding offset 0, 1. Add 4107 units, median count 170.0, 645177 units so far.
INFO:root:Sliding offset 1, 0. Add 4331 units, median count 169.0, 649508 units so far.
INFO:root:Sliding offset 1, 1. Add 4102 units, median count 169.0, 653610 units so far.
INFO:root:Left over size 281935 (11528, 11552).
INFO:root:Processing 144481 pixels (1281935 11527.848, 11623.37).
INFO:root:Sliding offset 0, 0. Add 3344 units, median count 181.5, 656954 units so far.
INFO:root:Sliding offset 0, 1. Add 3384 units, median count 184.0, 660338 units so far.
INFO:root:Sliding offset 1, 0. Add 3340 units, median count 181.0, 663678 units so far.
INFO:root:Sliding offset 1, 1. Add 3394 units, median count 182.0, 667072 units so far.
INFO:root:Left over size 321781 (11599, 11623).
INFO:root:Processing 155244 pixels (1321781 11599.371, 11702.999).
INFO:root:Sliding offset 0, 0. Add 3731 units, median count 175.0, 670803 units so far.
INFO:root:Sliding offset 0, 1. Add 3654 units, median count 176.0, 674457 units so far.
INFO:root:Sliding offset 1, 0. Add 3735 units, median count 175.0, 678192 units so far.
INFO:root:Sliding offset 1, 1. Add 3651 units, median count 176.0, 681843 units so far.
INFO:root:Left over size 289940 (11679, 11703).
INFO:root:Processing 145975 pixels (1289940 11679.0, 11775.496).
INFO:root:Sliding offset 0, 0. Add 3436 units, median count 187.0, 685279 units so far.
INFO:root:Sliding offset 0, 1. Add 3508 units, median count 188.0, 688787 units so far.
INFO:root:Sliding offset 1, 0. Add 3439 units, median count 187.0, 692226 units so far.
INFO:root:Sliding offset 1, 1. Add 3489 units, median count 188.0, 695715 units so far.
INFO:root:Left over size 320333 (11751, 11775).
INFO:root:Processing 130714 pixels (1320333 11751.498, 11836.974).
INFO:root:Sliding offset 0, 0. Add 2904 units, median count 205.0, 698619 units so far.
INFO:root:Sliding offset 0, 1. Add 3107 units, median count 205.0, 701726 units so far.
INFO:root:Sliding offset 1, 0. Add 2902 units, median count 206.0, 704628 units so far.
INFO:root:Sliding offset 1, 1. Add 3092 units, median count 204.0, 707720 units so far.
INFO:root:Left over size 433565 (11813, 11837).
INFO:root:Processing 114467 pixels (1433565 11812.976, 11887.437).
INFO:root:Sliding offset 0, 0. Add 2528 units, median count 208.0, 710248 units so far.
INFO:root:Sliding offset 0, 1. Add 2332 units, median count 205.0, 712580 units so far.
INFO:root:Sliding offset 1, 0. Add 2524 units, median count 210.0, 715104 units so far.
INFO:root:Sliding offset 1, 1. Add 2347 units, median count 205.0, 717451 units so far.
INFO:root:Left over size 456961 (11863, 11887).
INFO:root:Processing 141420 pixels (1456961 11863.438, 11956.105).
INFO:root:Sliding offset 0, 0. Add 3246 units, median count 191.5, 720697 units so far.
INFO:root:Sliding offset 0, 1. Add 3313 units, median count 192.0, 724010 units so far.
INFO:root:Sliding offset 1, 0. Add 3235 units, median count 189.0, 727245 units so far.
INFO:root:Sliding offset 1, 1. Add 3304 units, median count 191.0, 730549 units so far.
INFO:root:Left over size 317766 (11932, 11956).
INFO:root:Processing 135575 pixels (1317766 11932.106, 12021.96).
INFO:root:Sliding offset 0, 0. Add 3112 units, median count 183.0, 733661 units so far.
INFO:root:Sliding offset 0, 1. Add 3092 units, median count 182.0, 736753 units so far.
INFO:root:Sliding offset 1, 0. Add 3112 units, median count 183.0, 739865 units so far.
INFO:root:Sliding offset 1, 1. Add 3080 units, median count 185.0, 742945 units so far.
INFO:root:Left over size 348821 (11998, 12022).
INFO:root:Processing 141595 pixels (1348821 11997.961, 12092.465).
INFO:root:Sliding offset 0, 0. Add 3324 units, median count 177.0, 746269 units so far.
INFO:root:Sliding offset 0, 1. Add 3213 units, median count 177.0, 749482 units so far.
INFO:root:Sliding offset 1, 0. Add 3320 units, median count 176.0, 752802 units so far.
INFO:root:Sliding offset 1, 1. Add 3218 units, median count 177.0, 756020 units so far.
INFO:root:Left over size 318889 (12068, 12092).
INFO:root:Processing 165955 pixels (1318889 12068.466, 12180.308).
INFO:root:Sliding offset 0, 0. Add 3908 units, median count 162.0, 759928 units so far.
INFO:root:Sliding offset 0, 1. Add 4128 units, median count 161.0, 764056 units so far.
INFO:root:Sliding offset 1, 0. Add 3900 units, median count 162.0, 767956 units so far.
INFO:root:Sliding offset 1, 1. Add 4124 units, median count 161.0, 772080 units so far.
INFO:root:Left over size 308801 (12156, 12180).
INFO:root:Processing 145628 pixels (1308801 12156.31, 12255.065).
INFO:root:Sliding offset 0, 0. Add 3518 units, median count 161.0, 775598 units so far.
INFO:root:Sliding offset 0, 1. Add 3306 units, median count 162.0, 778904 units so far.
INFO:root:Sliding offset 1, 0. Add 3535 units, median count 160.0, 782439 units so far.
INFO:root:Sliding offset 1, 1. Add 3329 units, median count 161.0, 785768 units so far.
INFO:root:Left over size 360744 (12231, 12255).
INFO:root:Processing 148533 pixels (1360744 12231.067, 12332.788).
INFO:root:Sliding offset 0, 0. Add 3508 units, median count 154.0, 789276 units so far.
INFO:root:Sliding offset 0, 1. Add 3502 units, median count 154.0, 792778 units so far.
INFO:root:Sliding offset 1, 0. Add 3519 units, median count 153.0, 796297 units so far.
INFO:root:Sliding offset 1, 1. Add 3508 units, median count 154.0, 799805 units so far.
INFO:root:Left over size 362779 (12309, 12333).
INFO:root:Processing 160122 pixels (1362779 12308.789, 12420.525).
INFO:root:Sliding offset 0, 0. Add 3657 units, median count 152.0, 803462 units so far.
INFO:root:Sliding offset 0, 1. Add 3812 units, median count 152.0, 807274 units so far.
INFO:root:Sliding offset 1, 0. Add 3657 units, median count 151.0, 810931 units so far.
INFO:root:Sliding offset 1, 1. Add 3809 units, median count 151.0, 814740 units so far.
INFO:root:Left over size 264278 (12397, 12421).
INFO:root:Processing 163260 pixels (1264278 12396.526, 12512.269).
INFO:root:Sliding offset 0, 0. Add 3887 units, median count 158.0, 818627 units so far.
INFO:root:Sliding offset 0, 1. Add 3725 units, median count 155.0, 822352 units so far.
INFO:root:Sliding offset 1, 0. Add 3895 units, median count 156.0, 826247 units so far.
INFO:root:Sliding offset 1, 1. Add 3758 units, median count 154.0, 830005 units so far.
INFO:root:Left over size 250470 (12488, 12512).
INFO:root:Processing 151810 pixels (1250470 12488.271, 12596.533).
INFO:root:Sliding offset 0, 0. Add 3466 units, median count 163.0, 833471 units so far.
INFO:root:Sliding offset 0, 1. Add 3470 units, median count 163.0, 836941 units so far.
INFO:root:Sliding offset 1, 0. Add 3479 units, median count 163.0, 840420 units so far.
INFO:root:Sliding offset 1, 1. Add 3461 units, median count 162.0, 843881 units so far.
INFO:root:Left over size 292466 (12573, 12597).
INFO:root:Processing 134026 pixels (1292466 12572.534, 12667.808).
INFO:root:Sliding offset 0, 0. Add 2967 units, median count 175.0, 846848 units so far.
INFO:root:Sliding offset 0, 1. Add 2984 units, median count 175.0, 849832 units so far.
INFO:root:Sliding offset 1, 0. Add 2959 units, median count 176.0, 852791 units so far.
INFO:root:Sliding offset 1, 1. Add 2985 units, median count 176.0, 855776 units so far.
INFO:root:Left over size 381888 (12644, 12668).
INFO:root:Processing 123146 pixels (1381888 12643.809, 12730.64).
INFO:root:Sliding offset 0, 0. Add 2579 units, median count 185.0, 858355 units so far.
INFO:root:Sliding offset 0, 1. Add 2724 units, median count 187.0, 861079 units so far.
INFO:root:Sliding offset 1, 0. Add 2576 units, median count 187.0, 863655 units so far.
INFO:root:Sliding offset 1, 1. Add 2715 units, median count 185.0, 866370 units so far.
INFO:root:Left over size 344809 (12707, 12731).
INFO:root:Processing 138858 pixels (1344809 12706.641, 12805.662).
INFO:root:Sliding offset 0, 0. Add 3196 units, median count 176.0, 869566 units so far.
INFO:root:Sliding offset 0, 1. Add 3054 units, median count 176.0, 872620 units so far.
INFO:root:Sliding offset 1, 0. Add 3190 units, median count 177.0, 875810 units so far.
INFO:root:Sliding offset 1, 1. Add 3069 units, median count 176.5, 878879 units so far.
INFO:root:Left over size 319274 (12782, 12806).
INFO:root:Processing 137099 pixels (1319274 12781.664, 12880.45).
INFO:root:Sliding offset 0, 0. Add 2954 units, median count 181.0, 881833 units so far.
INFO:root:Sliding offset 0, 1. Add 3058 units, median count 184.0, 884891 units so far.
INFO:root:Sliding offset 1, 0. Add 2927 units, median count 182.0, 887818 units so far.
INFO:root:Sliding offset 1, 1. Add 3061 units, median count 182.0, 890879 units so far.
INFO:root:Left over size 385555 (12856, 12880).
INFO:root:Processing 119558 pixels (1385555 12856.451, 12942.561).
INFO:root:Sliding offset 0, 0. Add 2536 units, median count 192.0, 893415 units so far.
INFO:root:Sliding offset 0, 1. Add 2521 units, median count 192.0, 895936 units so far.
INFO:root:Sliding offset 1, 0. Add 2542 units, median count 193.5, 898478 units so far.
INFO:root:Sliding offset 1, 1. Add 2541 units, median count 188.0, 901019 units so far.
INFO:root:Left over size 322309 (12919, 12943).
INFO:root:Processing 130147 pixels (1322309 12918.562, 13010.204).
INFO:root:Sliding offset 0, 0. Add 2952 units, median count 194.0, 903971 units so far.
INFO:root:Sliding offset 0, 1. Add 2795 units, median count 196.0, 906766 units so far.
INFO:root:Sliding offset 1, 0. Add 2960 units, median count 193.0, 909726 units so far.
INFO:root:Sliding offset 1, 1. Add 2794 units, median count 196.0, 912520 units so far.
INFO:root:Left over size 370062 (12986, 13010).
INFO:root:Processing 129796 pixels (1370062 12986.205, 13076.574).
INFO:root:Sliding offset 0, 0. Add 2866 units, median count 191.0, 915386 units so far.
INFO:root:Sliding offset 0, 1. Add 2877 units, median count 192.0, 918263 units so far.
INFO:root:Sliding offset 1, 0. Add 2870 units, median count 190.0, 921133 units so far.
INFO:root:Sliding offset 1, 1. Add 2879 units, median count 190.0, 924012 units so far.
INFO:root:Left over size 298045 (13053, 13077).
INFO:root:Processing 146274 pixels (1298045 13052.575, 13156.071).
INFO:root:Sliding offset 0, 0. Add 3326 units, median count 178.0, 927338 units so far.
INFO:root:Sliding offset 0, 1. Add 3433 units, median count 180.0, 930771 units so far.
INFO:root:Sliding offset 1, 0. Add 3310 units, median count 178.0, 934081 units so far.
INFO:root:Sliding offset 1, 1. Add 3438 units, median count 180.0, 937519 units so far.
INFO:root:Left over size 317013 (13132, 13156).
INFO:root:Processing 122182 pixels (1317013 13132.072, 13216.127).
INFO:root:Sliding offset 0, 0. Add 2698 units, median count 187.0, 940217 units so far.
INFO:root:Sliding offset 0, 1. Add 2698 units, median count 189.0, 942915 units so far.
INFO:root:Sliding offset 1, 0. Add 2691 units, median count 189.0, 945606 units so far.
INFO:root:Sliding offset 1, 1. Add 2684 units, median count 189.0, 948290 units so far.
INFO:root:Left over size 408963 (13192, 13216).
INFO:root:Processing 135954 pixels (1408963 13192.128, 13283.634).
INFO:root:Sliding offset 0, 0. Add 3104 units, median count 182.0, 951394 units so far.
INFO:root:Sliding offset 0, 1. Add 3238 units, median count 180.0, 954632 units so far.
INFO:root:Sliding offset 1, 0. Add 3103 units, median count 181.0, 957735 units so far.
INFO:root:Sliding offset 1, 1. Add 3246 units, median count 182.0, 960981 units so far.
INFO:root:Left over size 343319 (13260, 13284).
INFO:root:Processing 156271 pixels (1343319 13259.635, 13365.109).
INFO:root:Sliding offset 0, 0. Add 3841 units, median count 164.0, 964822 units so far.
INFO:root:Sliding offset 0, 1. Add 3600 units, median count 164.0, 968422 units so far.
INFO:root:Sliding offset 1, 0. Add 3822 units, median count 164.0, 972244 units so far.
INFO:root:Sliding offset 1, 1. Add 3608 units, median count 164.0, 975852 units so far.
INFO:root:Left over size 277448 (13341, 13365).
INFO:root:Processing 156612 pixels (1277448 13341.11, 13449.895).
INFO:root:Sliding offset 0, 0. Add 3652 units, median count 164.0, 979504 units so far.
INFO:root:Sliding offset 0, 1. Add 3752 units, median count 166.0, 983256 units so far.
INFO:root:Sliding offset 1, 0. Add 3655 units, median count 165.0, 986911 units so far.
INFO:root:Sliding offset 1, 1. Add 3750 units, median count 165.0, 990661 units so far.
INFO:root:Left over size 320152 (13426, 13450).
INFO:root:Processing 131254 pixels (1320152 13425.897, 13517.534).
INFO:root:Sliding offset 0, 0. Add 2807 units, median count 183.0, 993468 units so far.
INFO:root:Sliding offset 0, 1. Add 2952 units, median count 184.0, 996420 units so far.
INFO:root:Sliding offset 1, 0. Add 2801 units, median count 185.0, 999221 units so far.
INFO:root:Sliding offset 1, 1. Add 2927 units, median count 184.0, 1002148 units so far.
INFO:root:Left over size 329174 (13494, 13518).
INFO:root:Processing 134149 pixels (1329174 13493.536, 13587.464).
INFO:root:Sliding offset 0, 0. Add 3129 units, median count 189.0, 1005277 units so far.
INFO:root:Sliding offset 0, 1. Add 2921 units, median count 188.0, 1008198 units so far.
INFO:root:Sliding offset 1, 0. Add 3123 units, median count 187.5, 1011321 units so far.
INFO:root:Sliding offset 1, 1. Add 2935 units, median count 187.0, 1014256 units so far.
INFO:root:Left over size 364110 (13563, 13587).
INFO:root:Processing 119044 pixels (1364110 13563.465, 13644.843).
INFO:root:Sliding offset 0, 0. Add 2612 units, median count 196.0, 1016868 units so far.
INFO:root:Sliding offset 0, 1. Add 2690 units, median count 196.0, 1019558 units so far.
INFO:root:Sliding offset 1, 0. Add 2622 units, median count 195.0, 1022180 units so far.
INFO:root:Sliding offset 1, 1. Add 2706 units, median count 194.0, 1024886 units so far.
INFO:root:Left over size 465885 (13621, 13645).
INFO:root:Processing 112942 pixels (1465885 13620.844, 13697.834).
INFO:root:Sliding offset 0, 0. Add 2339 units, median count 201.0, 1027225 units so far.
INFO:root:Sliding offset 0, 1. Add 2422 units, median count 200.0, 1029647 units so far.
INFO:root:Sliding offset 1, 0. Add 2321 units, median count 199.0, 1031968 units so far.
INFO:root:Sliding offset 1, 1. Add 2423 units, median count 200.0, 1034391 units so far.
INFO:root:Left over size 459583 (13674, 13698).
INFO:root:Processing 130206 pixels (1459583 13673.835, 13762.513).
INFO:root:Sliding offset 0, 0. Add 2986 units, median count 177.0, 1037377 units so far.
INFO:root:Sliding offset 0, 1. Add 2917 units, median count 178.0, 1040294 units so far.
INFO:root:Sliding offset 1, 0. Add 2972 units, median count 178.0, 1043266 units so far.
INFO:root:Sliding offset 1, 1. Add 2919 units, median count 179.0, 1046185 units so far.
INFO:root:Left over size 384849 (13739, 13763).
INFO:root:Processing 119355 pixels (1384849 13738.514, 13818.569).
INFO:root:Sliding offset 0, 0. Add 2613 units, median count 185.0, 1048798 units so far.
INFO:root:Sliding offset 0, 1. Add 2611 units, median count 182.0, 1051409 units so far.
INFO:root:Sliding offset 1, 0. Add 2606 units, median count 183.0, 1054015 units so far.
INFO:root:Sliding offset 1, 1. Add 2611 units, median count 183.0, 1056626 units so far.
INFO:root:Left over size 450721 (13795, 13819).
INFO:root:Processing 115930 pixels (1450721 13794.57, 13871.803).
INFO:root:Sliding offset 0, 0. Add 2507 units, median count 193.5, 1059133 units so far.
INFO:root:Sliding offset 0, 1. Add 2594 units, median count 191.0, 1061727 units so far.
INFO:root:Sliding offset 1, 0. Add 2499 units, median count 192.0, 1064226 units so far.
INFO:root:Sliding offset 1, 1. Add 2590 units, median count 194.0, 1066816 units so far.
INFO:root:Left over size 431914 (13848, 13872).
INFO:root:Processing 128384 pixels (1431914 13847.804, 13932.726).
INFO:root:Sliding offset 0, 0. Add 3010 units, median count 178.0, 1069826 units so far.
INFO:root:Sliding offset 0, 1. Add 2907 units, median count 175.0, 1072733 units so far.
INFO:root:Sliding offset 1, 0. Add 3009 units, median count 177.0, 1075742 units so far.
INFO:root:Sliding offset 1, 1. Add 2910 units, median count 177.0, 1078652 units so far.
INFO:root:Left over size 409453 (13909, 13933).
INFO:root:Processing 114245 pixels (1409453 13908.727, 13983.996).
INFO:root:Sliding offset 0, 0. Add 2501 units, median count 186.0, 1081153 units so far.
INFO:root:Sliding offset 0, 1. Add 2478 units, median count 188.0, 1083631 units so far.
INFO:root:Sliding offset 1, 0. Add 2521 units, median count 184.0, 1086152 units so far.
INFO:root:Sliding offset 1, 1. Add 2479 units, median count 185.0, 1088631 units so far.
INFO:root:Left over size 481869 (13960, 13984).
INFO:root:Processing 132413 pixels (1481869 13959.997, 14048.133).
INFO:root:Sliding offset 0, 0. Add 3124 units, median count 184.0, 1091755 units so far.
INFO:root:Sliding offset 0, 1. Add 2995 units, median count 183.0, 1094750 units so far.
INFO:root:Sliding offset 1, 0. Add 3116 units, median count 184.0, 1097866 units so far.
INFO:root:Sliding offset 1, 1. Add 2999 units, median count 181.0, 1100865 units so far.
INFO:root:Left over size 329277 (14024, 14048).
INFO:root:Processing 136938 pixels (1329277 14024.134, 14115.643).
INFO:root:Sliding offset 0, 0. Add 3180 units, median count 171.0, 1104045 units so far.
INFO:root:Sliding offset 0, 1. Add 3253 units, median count 170.0, 1107298 units so far.
INFO:root:Sliding offset 1, 0. Add 3192 units, median count 169.0, 1110490 units so far.
INFO:root:Sliding offset 1, 1. Add 3260 units, median count 170.0, 1113750 units so far.
INFO:root:Left over size 457724 (14092, 14116).
INFO:root:Processing 123166 pixels (1457724 14091.644, 14172.658).
INFO:root:Sliding offset 0, 0. Add 2759 units, median count 179.0, 1116509 units so far.
INFO:root:Sliding offset 0, 1. Add 2853 units, median count 179.0, 1119362 units so far.
INFO:root:Sliding offset 1, 0. Add 2743 units, median count 179.5, 1122105 units so far.
INFO:root:Sliding offset 1, 1. Add 2858 units, median count 179.0, 1124963 units so far.
INFO:root:Left over size 385143 (14149, 14173).
INFO:root:Processing 131559 pixels (1385143 14148.66, 14234.701).
INFO:root:Sliding offset 0, 0. Add 3150 units, median count 177.0, 1128113 units so far.
INFO:root:Sliding offset 0, 1. Add 2982 units, median count 176.0, 1131095 units so far.
INFO:root:Sliding offset 1, 0. Add 3152 units, median count 177.5, 1134247 units so far.
INFO:root:Sliding offset 1, 1. Add 2980 units, median count 176.0, 1137227 units so far.
INFO:root:Left over size 341431 (14211, 14235).
INFO:root:Processing 132408 pixels (1341431 14210.702, 14297.915).
INFO:root:Sliding offset 0, 0. Add 2957 units, median count 170.0, 1140184 units so far.
INFO:root:Sliding offset 0, 1. Add 3243 units, median count 172.0, 1143427 units so far.
INFO:root:Sliding offset 1, 0. Add 2964 units, median count 172.0, 1146391 units so far.
INFO:root:Sliding offset 1, 1. Add 3237 units, median count 173.0, 1149628 units so far.
INFO:root:Left over size 365631 (14274, 14298).
INFO:root:Processing 129521 pixels (1365631 14273.916, 14359.837).
INFO:root:Sliding offset 0, 0. Add 3148 units, median count 178.0, 1152776 units so far.
INFO:root:Sliding offset 0, 1. Add 2896 units, median count 177.0, 1155672 units so far.
INFO:root:Sliding offset 1, 0. Add 3148 units, median count 179.5, 1158820 units so far.
INFO:root:Sliding offset 1, 1. Add 2906 units, median count 178.0, 1161726 units so far.
INFO:root:Left over size 379659 (14336, 14360).
INFO:root:Processing 136757 pixels (1379659 14335.838, 14426.252).
INFO:root:Sliding offset 0, 0. Add 3258 units, median count 174.5, 1164984 units so far.
INFO:root:Sliding offset 0, 1. Add 3237 units, median count 175.0, 1168221 units so far.
INFO:root:Sliding offset 1, 0. Add 3258 units, median count 175.0, 1171479 units so far.
INFO:root:Sliding offset 1, 1. Add 3236 units, median count 175.0, 1174715 units so far.
INFO:root:Left over size 321806 (14402, 14426).
INFO:root:Processing 145247 pixels (1321806 14402.253, 14498.551).
INFO:root:Sliding offset 0, 0. Add 3540 units, median count 154.0, 1178255 units so far.
INFO:root:Sliding offset 0, 1. Add 3522 units, median count 155.0, 1181777 units so far.
INFO:root:Sliding offset 1, 0. Add 3534 units, median count 155.0, 1185311 units so far.
INFO:root:Sliding offset 1, 1. Add 3517 units, median count 155.0, 1188828 units so far.
INFO:root:Left over size 372654 (14475, 14499).
INFO:root:Processing 123517 pixels (1372654 14474.552, 14555.407).
INFO:root:Sliding offset 0, 0. Add 2694 units, median count 170.0, 1191522 units so far.
INFO:root:Sliding offset 0, 1. Add 2983 units, median count 169.0, 1194505 units so far.
INFO:root:Sliding offset 1, 0. Add 2693 units, median count 172.0, 1197198 units so far.
INFO:root:Sliding offset 1, 1. Add 2980 units, median count 172.0, 1200178 units so far.
INFO:root:Left over size 435135 (14531, 14555).
INFO:root:Processing 129406 pixels (1435135 14531.408, 14616.385).
INFO:root:Sliding offset 0, 0. Add 2992 units, median count 183.0, 1203170 units so far.
INFO:root:Sliding offset 0, 1. Add 2942 units, median count 181.0, 1206112 units so far.
INFO:root:Sliding offset 1, 0. Add 2989 units, median count 182.0, 1209101 units so far.
INFO:root:Sliding offset 1, 1. Add 2932 units, median count 180.0, 1212033 units so far.
INFO:root:Left over size 379883 (14592, 14616).
INFO:root:Processing 126895 pixels (1379883 14592.386, 14677.041).
INFO:root:Sliding offset 0, 0. Add 2963 units, median count 171.0, 1214996 units so far.
INFO:root:Sliding offset 0, 1. Add 2876 units, median count 168.0, 1217872 units so far.
INFO:root:Sliding offset 1, 0. Add 2961 units, median count 172.0, 1220833 units so far.
INFO:root:Sliding offset 1, 1. Add 2877 units, median count 174.0, 1223710 units so far.
INFO:root:Left over size 441867 (14653, 14677).
INFO:root:Processing 122600 pixels (1441867 14653.042, 14733.355).
INFO:root:Sliding offset 0, 0. Add 2816 units, median count 186.0, 1226526 units so far.
INFO:root:Sliding offset 0, 1. Add 2722 units, median count 188.0, 1229248 units so far.
INFO:root:Sliding offset 1, 0. Add 2811 units, median count 186.0, 1232059 units so far.
INFO:root:Sliding offset 1, 1. Add 2724 units, median count 188.0, 1234783 units so far.
INFO:root:Left over size 454907 (14709, 14733).
INFO:root:Processing 129235 pixels (1454907 14709.357, 14793.397).
INFO:root:Sliding offset 0, 0. Add 3017 units, median count 176.0, 1237800 units so far.
INFO:root:Sliding offset 0, 1. Add 3013 units, median count 176.0, 1240813 units so far.
INFO:root:Sliding offset 1, 0. Add 3005 units, median count 176.0, 1243818 units so far.
INFO:root:Sliding offset 1, 1. Add 3009 units, median count 175.0, 1246827 units so far.
INFO:root:Left over size 420626 (14769, 14793).
INFO:root:Processing 119210 pixels (1420626 14769.398, 14846.298).
INFO:root:Sliding offset 0, 0. Add 2716 units, median count 191.0, 1249543 units so far.
INFO:root:Sliding offset 0, 1. Add 2676 units, median count 193.0, 1252219 units so far.
INFO:root:Sliding offset 1, 0. Add 2716 units, median count 190.0, 1254935 units so far.
INFO:root:Sliding offset 1, 1. Add 2678 units, median count 193.0, 1257613 units so far.
INFO:root:Left over size 476353 (14822, 14846).
INFO:root:Processing 123139 pixels (1476353 14822.299, 14902.041).
INFO:root:Sliding offset 0, 0. Add 2729 units, median count 180.0, 1260342 units so far.
INFO:root:Sliding offset 0, 1. Add 2868 units, median count 182.0, 1263210 units so far.
INFO:root:Sliding offset 1, 0. Add 2727 units, median count 179.0, 1265937 units so far.
INFO:root:Sliding offset 1, 1. Add 2869 units, median count 180.0, 1268806 units so far.
INFO:root:Left over size 439746 (14878, 14902).
INFO:root:Processing 118864 pixels (1439746 14878.042, 14955.179).
INFO:root:Sliding offset 0, 0. Add 2703 units, median count 184.0, 1271509 units so far.
INFO:root:Sliding offset 0, 1. Add 2590 units, median count 186.0, 1274099 units so far.
INFO:root:Sliding offset 1, 0. Add 2705 units, median count 187.0, 1276804 units so far.
INFO:root:Sliding offset 1, 1. Add 2584 units, median count 188.0, 1279388 units so far.
INFO:root:Left over size 435903 (14931, 14955).
INFO:root:Processing 123798 pixels (1435903 14931.18, 15012.192).
INFO:root:Sliding offset 0, 0. Add 2696 units, median count 181.0, 1282084 units so far.
INFO:root:Sliding offset 0, 1. Add 2932 units, median count 181.0, 1285016 units so far.
INFO:root:Sliding offset 1, 0. Add 2697 units, median count 180.0, 1287713 units so far.
INFO:root:Sliding offset 1, 1. Add 2923 units, median count 181.0, 1290636 units so far.
INFO:root:Left over size 398806 (14988, 15012).
INFO:root:Processing 75499 pixels (780820 14988.193, 15040.93).
INFO:root:Sliding offset 0, 0. Add 1402 units, median count 156.0, 1292038 units so far.
INFO:root:Sliding offset 0, 1. Add 1349 units, median count 157.0, 1293387 units so far.
INFO:root:Sliding offset 1, 0. Add 1400 units, median count 158.0, 1294787 units so far.
INFO:root:Sliding offset 1, 1. Add 1361 units, median count 155.0, 1296148 units so far.
INFO:root:Left over size 311447 (15017, 15041).
['X', 'Y', 'gene', 'Count']
sort -k 1,1n /dcs05/lieber/marmaypag/xenium_NAC_LIBD4125/xenium_NAC/processed-data/HD_Full_Analysis/FICTURE/outputs/H1-M3TCP9V_A1/nF_8/hexagon.d_12.tsv | gzip -c > /dcs05/lieber/marmaypag/xenium_NAC_LIBD4125/xenium_NAC/processed-data/HD_Full_Analysis/FICTURE/outputs/H1-M3TCP9V_A1/nF_8/hexagon.d_12.tsv.gz
rm /dcs05/lieber/marmaypag/xenium_NAC_LIBD4125/xenium_NAC/processed-data/HD_Full_Analysis/FICTURE/outputs/H1-M3TCP9V_A1/nF_8/hexagon.d_12.tsv
--------------------------------------------------------------
Creating LDA for 12um and 8 factors...
--------------------------------------------------------------
mkdir -p /dcs05/lieber/marmaypag/xenium_NAC_LIBD4125/xenium_NAC/processed-data/HD_Full_Analysis/FICTURE/outputs/H1-M3TCP9V_A1/nF_8/analysis/nF8.d_12/figure
ficture fit_model --input /dcs05/lieber/marmaypag/xenium_NAC_LIBD4125/xenium_NAC/processed-data/HD_Full_Analysis/FICTURE/outputs/H1-M3TCP9V_A1/nF_8/hexagon.d_12.tsv.gz --output /dcs05/lieber/marmaypag/xenium_NAC_LIBD4125/xenium_NAC/processed-data/HD_Full_Analysis/FICTURE/outputs/H1-M3TCP9V_A1/nF_8/analysis/nF8.d_12/nF8.d_12  --nFactor 8 --epoch 3 --epoch_id_length 2 --unit_attr X Y --key Count --min_ct_per_feature 20 --test_split 0.5 --R 10 --fractional-count 0 --thread 1
INFO:root:Read data with 321453 units, 15948 features
INFO:root:0: -2694.23, -2712.86
INFO:root:Counter({0: 51140, 7: 25099, 5: 21723, 2: 20328, 3: 16420, 4: 14787, 6: 9102, 1: 2128})
INFO:root:Computing naive DE for 13951 genes
INFO:root:R=0, 9.33, 8.31, 412.70s
INFO:root:1: -2695.64, -2714.24
INFO:root:Counter({7: 55229, 5: 29169, 2: 25189, 3: 18427, 4: 16240, 0: 9938, 6: 4474, 1: 2061})
INFO:root:Computing naive DE for 13949 genes
INFO:root:R=1, 9.00, 7.73, 439.25s
INFO:root:2: -2696.05, -2714.62
INFO:root:Counter({3: 53625, 2: 25362, 4: 23346, 5: 22413, 7: 17785, 0: 10872, 6: 5251, 1: 2073})
INFO:root:Computing naive DE for 13950 genes
INFO:root:R=2, 9.24, 7.91, 396.60s
INFO:root:3: -2695.40, -2714.01
INFO:root:Counter({7: 44787, 5: 29775, 2: 26085, 4: 21483, 3: 16141, 6: 11698, 0: 8675, 1: 2083})
INFO:root:Computing naive DE for 13951 genes
INFO:root:R=3, 9.54, 7.78, 396.16s
INFO:root:4: -2694.86, -2713.47
INFO:root:Counter({7: 40191, 0: 30281, 2: 24788, 4: 20701, 3: 15947, 5: 15682, 6: 11103, 1: 2034})
INFO:root:Computing naive DE for 13949 genes
INFO:root:R=4, 11.44, 8.69, 390.08s
INFO:root:5: -2695.65, -2714.24
INFO:root:Counter({7: 52223, 5: 32463, 2: 23963, 4: 21341, 3: 15823, 0: 7845, 6: 4992, 1: 2077})
INFO:root:Computing naive DE for 13948 genes
INFO:root:R=5, 9.30, 7.88, 388.44s
INFO:root:6: -2698.56, -2717.21
INFO:root:Counter({7: 37146, 5: 33593, 2: 29881, 3: 28574, 4: 12474, 0: 8612, 6: 8169, 1: 2278})
INFO:root:Computing naive DE for 13948 genes
INFO:root:R=6, 10.90, 9.98, 409.26s
INFO:root:7: -2695.47, -2714.06
INFO:root:Counter({7: 53797, 5: 26399, 2: 26110, 3: 17147, 6: 16526, 4: 11537, 0: 7163, 1: 2048})
INFO:root:Computing naive DE for 13950 genes
INFO:root:R=7, 9.36, 7.98, 408.36s
INFO:root:8: -2695.29, -2713.90
INFO:root:Counter({7: 47352, 5: 31908, 2: 23977, 0: 19971, 3: 17088, 4: 10578, 6: 7780, 1: 2073})
INFO:root:Computing naive DE for 13950 genes
INFO:root:R=8, 9.32, 7.84, 395.36s
INFO:root:9: -2695.33, -2713.93
INFO:root:Counter({3: 48203, 5: 30820, 2: 26339, 7: 17965, 0: 17689, 4: 10136, 6: 7518, 1: 2057})
INFO:root:Computing naive DE for 13951 genes
INFO:root:R=9, 9.20, 8.04, 408.86s
INFO:root:Result file /dcs05/lieber/marmaypag/xenium_NAC_LIBD4125/xenium_NAC/processed-data/HD_Full_Analysis/FICTURE/outputs/H1-M3TCP9V_A1/nF_8/analysis/nF8.d_12/nF8.d_12.fit_result.tsv.gz
R
4    11.439272
6    10.901841
3     9.543837
7     9.360782
0     9.334635
8     9.324962
5     9.297453
2     9.235247
9     9.204241
1     9.003695
Name: Score, dtype: float64
ficture choose_color --input /dcs05/lieber/marmaypag/xenium_NAC_LIBD4125/xenium_NAC/processed-data/HD_Full_Analysis/FICTURE/outputs/H1-M3TCP9V_A1/nF_8/analysis/nF8.d_12/nF8.d_12.fit_result.tsv.gz --output /dcs05/lieber/marmaypag/xenium_NAC_LIBD4125/xenium_NAC/processed-data/HD_Full_Analysis/FICTURE/outputs/H1-M3TCP9V_A1/nF_8/analysis/nF8.d_12/figure/nF8.d_12 --cmap_name turbo
ficture plot_base --input /dcs05/lieber/marmaypag/xenium_NAC_LIBD4125/xenium_NAC/processed-data/HD_Full_Analysis/FICTURE/outputs/H1-M3TCP9V_A1/nF_8/analysis/nF8.d_12/nF8.d_12.fit_result.tsv.gz --output /dcs05/lieber/marmaypag/xenium_NAC_LIBD4125/xenium_NAC/processed-data/HD_Full_Analysis/FICTURE/outputs/H1-M3TCP9V_A1/nF_8/analysis/nF8.d_12/figure/nF8.d_12.coarse --fill_range 7.0 --color_table /dcs05/lieber/marmaypag/xenium_NAC_LIBD4125/xenium_NAC/processed-data/HD_Full_Analysis/FICTURE/outputs/H1-M3TCP9V_A1/nF_8/analysis/nF8.d_12/figure/nF8.d_12.rgb.tsv --plot_um_per_pixel 1 --plot_discretized
/jhpce/shared/libd/core/visium_hd/1.0/hd_env/lib/python3.9/site-packages/ficture/scripts/plot_base.py:131: FutureWarning: The provided callable <function mean at 0x7ff7a32a4e50> is currently using SeriesGroupBy.mean. In a future version of pandas, the provided callable will be used directly. To keep current behavior pass the string "mean" instead.
  chunk = chunk.groupby(by = ['x_indx', 'y_indx']).agg({ x:np.mean for x in factor_header }).reset_index()
/jhpce/shared/libd/core/visium_hd/1.0/hd_env/lib/python3.9/site-packages/ficture/scripts/plot_base.py:134: FutureWarning: The provided callable <function mean at 0x7ff7a32a4e50> is currently using SeriesGroupBy.mean. In a future version of pandas, the provided callable will be used directly. To keep current behavior pass the string "mean" instead.
  df = df.groupby(by = ['x_indx', 'y_indx']).agg({ x:np.mean for x in factor_header }).reset_index()
INFO:root:Read region 321453 pixels in region 6697.0 x 6704.0
INFO:root:Filling pixels 0 - 500 / 6703
INFO:root:Filling pixels 500 - 1000 / 6703
INFO:root:Filling pixels 1000 - 1500 / 6703
INFO:root:Filling pixels 1500 - 2000 / 6703
INFO:root:Filling pixels 2000 - 2500 / 6703
INFO:root:Filling pixels 2500 - 3000 / 6703
INFO:root:Filling pixels 3000 - 3500 / 6703
INFO:root:Filling pixels 3500 - 4000 / 6703
INFO:root:Filling pixels 4000 - 4500 / 6703
INFO:root:Filling pixels 4500 - 5000 / 6703
INFO:root:Filling pixels 5000 - 5500 / 6703
INFO:root:Filling pixels 5500 - 6000 / 6703
INFO:root:Filling pixels 6000 - 6500 / 6703
INFO:root:Filling pixels 6500 - 6703 / 6703
INFO:root:Start constructing RGB image
INFO:root:Made fractional image
/dcs05/lieber/marmaypag/xenium_NAC_LIBD4125/xenium_NAC/processed-data/HD_Full_Analysis/FICTURE/outputs/H1-M3TCP9V_A1/nF_8/analysis/nF8.d_12/figure/nF8.d_12.coarse.png
INFO:root:Made hard threshold image
/dcs05/lieber/marmaypag/xenium_NAC_LIBD4125/xenium_NAC/processed-data/HD_Full_Analysis/FICTURE/outputs/H1-M3TCP9V_A1/nF_8/analysis/nF8.d_12/figure/nF8.d_12.coarse.top.png
6704 500
touch /dcs05/lieber/marmaypag/xenium_NAC_LIBD4125/xenium_NAC/processed-data/HD_Full_Analysis/FICTURE/outputs/H1-M3TCP9V_A1/nF_8/analysis/nF8.d_12/nF8.d_12.done
--------------------------------------------------------------
Creating projection for 12um and 8 factors, at 12um
--------------------------------------------------------------
--------------------------------------------------------------
Performing pixel-level decoding..
--------------------------------------------------------------
--------------------------------------------------------------
Sorting and reformatting the pixel-level output..
--------------------------------------------------------------
--------------------------------------------------------------
Performing pseudo-bulk differential expression analysis..
--------------------------------------------------------------
--------------------------------------------------------------
Drawing pixel-level output image...
--------------------------------------------------------------
ficture transform --input /dcs05/lieber/marmaypag/xenium_NAC_LIBD4125/xenium_NAC/processed-data/HD_Full_Analysis/FICTURE/inputs/H1-M3TCP9V_A1/transcripts.sorted.tsv.gz --output_pref /dcs05/lieber/marmaypag/xenium_NAC_LIBD4125/xenium_NAC/processed-data/HD_Full_Analysis/FICTURE/outputs/H1-M3TCP9V_A1/nF_8/analysis/nF8.d_12/nF8.d_12.prj_12.r_4 --model /dcs05/lieber/marmaypag/xenium_NAC_LIBD4125/xenium_NAC/processed-data/HD_Full_Analysis/FICTURE/outputs/H1-M3TCP9V_A1/nF_8/analysis/nF8.d_12/nF8.d_12.model.p --key Count --major_axis X --hex_width 12 --n_move 3 --min_ct_per_unit 20 --mu_scale 1.0 --thread 1 --precision 2
INFO:root:Model loaded with 15948 features and 8 factors
INFO:root:Transformed 1 batches with total 89335 units, 1.427562min
INFO:root:Transformed 2 batches with total 176825 units, 3.020692min
INFO:root:Transformed 3 batches with total 267529 units, 4.636267min
INFO:root:Transformed 4 batches with total 350746 units, 6.214110min
INFO:root:Transformed 5 batches with total 431995 units, 7.815238min
INFO:root:Transformed 6 batches with total 509201 units, 9.382756min
INFO:root:Transformed 7 batches with total 581794 units, 10.936013min
INFO:root:Transformed 8 batches with total 662929 units, 12.517749min
INFO:root:Transformed 9 batches with total 741710 units, 14.103085min
INFO:root:Transformed 10 batches with total 821547 units, 15.696887min
INFO:root:Transformed 11 batches with total 899438 units, 17.268486min
INFO:root:Transformed 12 batches with total 974315 units, 18.840817min
INFO:root:Transformed 13 batches with total 1058816 units, 20.443284min
INFO:root:Transformed 14 batches with total 1120442 units, 21.579307min
INFO:root:Transformed 15 batches with total 1180066 units, 22.667787min
INFO:root:Transformed 16 batches with total 1245186 units, 23.762884min
INFO:root:Transformed 17 batches with total 1333531 units, 25.347164min
INFO:root:Transformed 18 batches with total 1417797 units, 26.950478min
INFO:root:Transformed 19 batches with total 1494089 units, 28.100802min
INFO:root:Transformed 20 batches with total 1567132 units, 29.218128min
INFO:root:Transformed 21 batches with total 1637634 units, 30.303650min
INFO:root:Transformed 22 batches with total 1722463 units, 31.811386min
INFO:root:Transformed 23 batches with total 1785498 units, 32.868685min
INFO:root:Transformed 24 batches with total 1859825 units, 33.926558min
INFO:root:Transformed 25 batches with total 1935147 units, 35.017162min
INFO:root:Transformed 26 batches with total 2012609 units, 36.099065min
INFO:root:Transformed 27 batches with total 2071515 units, 37.108700min
INFO:root:Transformed 28 batches with total 2135662 units, 38.124761min
INFO:root:Transformed 29 batches with total 2192061 units, 39.131050min
INFO:root:Transformed 30 batches with total 2255646 units, 40.144618min
INFO:root:Transformed 31 batches with total 2312528 units, 41.132600min
INFO:root:Transformed 32 batches with total 2387501 units, 42.188251min
INFO:root:Transformed 33 batches with total 2447914 units, 43.203139min
INFO:root:Transformed 34 batches with total 2527592 units, 44.639920min
INFO:root:Transformed 35 batches with total 2605906 units, 46.095423min
INFO:root:Transformed 36 batches with total 2689457 units, 47.610295min
INFO:root:Transformed 37 batches with total 2773282 units, 49.152340min
INFO:root:Transformed 38 batches with total 2831726 units, 50.223690min
INFO:root:Transformed 39 batches with total 2890950 units, 51.258039min
INFO:root:Transformed 40 batches with total 2972198 units, 52.776266min
INFO:root:Transformed 41 batches with total 3051091 units, 54.328504min
INFO:root:Transformed 42 batches with total 3114762 units, 55.591730min
INFO:root:Transformed 43 batches with total 3115663 units, 55.690324min
ficture slda_decode --input /dcs05/lieber/marmaypag/xenium_NAC_LIBD4125/xenium_NAC/processed-data/HD_Full_Analysis/FICTURE/outputs/H1-M3TCP9V_A1/nF_8/batched.matrix.tsv.gz --output /dcs05/lieber/marmaypag/xenium_NAC_LIBD4125/xenium_NAC/processed-data/HD_Full_Analysis/FICTURE/outputs/H1-M3TCP9V_A1/nF_8/analysis/nF8.d_12/nF8.d_12.decode.prj_12.r_4_5 --model /dcs05/lieber/marmaypag/xenium_NAC_LIBD4125/xenium_NAC/processed-data/HD_Full_Analysis/FICTURE/outputs/H1-M3TCP9V_A1/nF_8/analysis/nF8.d_12/nF8.d_12.model.p --anchor /dcs05/lieber/marmaypag/xenium_NAC_LIBD4125/xenium_NAC/processed-data/HD_Full_Analysis/FICTURE/outputs/H1-M3TCP9V_A1/nF_8/analysis/nF8.d_12/nF8.d_12.prj_12.r_4.fit_result.tsv.gz --anchor_in_um --neighbor_radius 5 --mu_scale 1.0 --key Count --precision 0.1 --lite_topk_output_pixel 3 --lite_topk_output_anchor 3 --thread 1
INFO:root:15948 genes and 8 factors are read from input model
INFO:root:Read 3080665 grid points
INFO:root:Read 35163 pixels, forming 1 batches.
INFO:root:Read 1 batches ((35163, 15948))
INFO:root:Output 34520 pixels and 10010 anchors
INFO:root:Read 89437 pixels, forming 2 batches.
INFO:root:Read 2 batches ((89437, 15948))
INFO:root:Output 91581 pixels and 25542 anchors
INFO:root:Read 62113 pixels, forming 1 batches.
INFO:root:Read 1 batches ((62113, 15948))
INFO:root:Output 61273 pixels and 17804 anchors
INFO:root:Read 61831 pixels, forming 1 batches.
INFO:root:Read 1 batches ((61831, 15948))
INFO:root:Output 60849 pixels and 17804 anchors
INFO:root:Read 60656 pixels, forming 1 batches.
INFO:root:Read 1 batches ((60656, 15948))
INFO:root:Output 59478 pixels and 17538 anchors
INFO:root:Read 13529 pixels, forming 1 batches.
INFO:root:Read 1 batches ((13529, 15948))
INFO:root:Output 12516 pixels and 3718 anchors
INFO:root:Read 73422 pixels, forming 2 batches.
INFO:root:Read 2 batches ((73422, 15948))
INFO:root:Output 71348 pixels and 21069 anchors
INFO:root:Read 94222 pixels, forming 2 batches.
INFO:root:Read 2 batches ((94222, 15948))
INFO:root:Output 99064 pixels and 28636 anchors
INFO:root:Read 61300 pixels, forming 1 batches.
INFO:root:Read 1 batches ((61300, 15948))
INFO:root:Output 60084 pixels and 17732 anchors
INFO:root:Read 61311 pixels, forming 1 batches.
INFO:root:Read 1 batches ((61311, 15948))
INFO:root:Output 60343 pixels and 17804 anchors
INFO:root:Read 23555 pixels, forming 1 batches.
INFO:root:Read 1 batches ((23555, 15948))
INFO:root:Output 22423 pixels and 6649 anchors
INFO:root:Read 100818 pixels, forming 2 batches.
INFO:root:Read 2 batches ((100818, 15948))
INFO:root:Output 103943 pixels and 29029 anchors
INFO:root:Read 58647 pixels, forming 1 batches.
INFO:root:Read 1 batches ((58647, 15948))
INFO:root:Output 57784 pixels and 18746 anchors
INFO:root:Read 78992 pixels, forming 2 batches.
INFO:root:Read 2 batches ((78992, 15948))
INFO:root:Output 78119 pixels and 24694 anchors
INFO:root:Read 38175 pixels, forming 2 batches.
INFO:root:Read 2 batches ((38175, 15948))
INFO:root:Output 38041 pixels and 11049 anchors
INFO:root:Read 7559 pixels, forming 1 batches.
INFO:root:Read 1 batches ((7559, 15948))
INFO:root:Output 7528 pixels and 2288 anchors
INFO:root:Read 125608 pixels, forming 2 batches.
INFO:root:Read 2 batches ((125608, 15948))
INFO:root:Output 131587 pixels and 35974 anchors
INFO:root:Read 36622 pixels, forming 1 batches.
INFO:root:Read 1 batches ((36622, 15948))
INFO:root:Output 36283 pixels and 10508 anchors
INFO:root:Read 96123 pixels, forming 2 batches.
INFO:root:Read 2 batches ((96123, 15948))
INFO:root:Output 99373 pixels and 27742 anchors
INFO:root:Read 65977 pixels, forming 1 batches.
INFO:root:Read 1 batches ((65977, 15948))
INFO:root:Output 65715 pixels and 19162 anchors
INFO:root:Read 64704 pixels, forming 1 batches.
INFO:root:Read 1 batches ((64704, 15948))
INFO:root:Output 64691 pixels and 19158 anchors
INFO:root:Read 57005 pixels, forming 1 batches.
INFO:root:Read 1 batches ((57005, 15948))
INFO:root:Output 56773 pixels and 19094 anchors
INFO:root:Read 40162 pixels, forming 1 batches.
INFO:root:Read 1 batches ((40162, 15948))
INFO:root:Output 40162 pixels and 11726 anchors
INFO:root:Read 89375 pixels, forming 2 batches.
INFO:root:Read 2 batches ((89375, 15948))
INFO:root:Output 91821 pixels and 26598 anchors
INFO:root:Read 39491 pixels, forming 1 batches.
INFO:root:Read 1 batches ((39491, 15948))
INFO:root:Output 39151 pixels and 11360 anchors
INFO:root:Read 92574 pixels, forming 2 batches.
INFO:root:Read 2 batches ((92574, 15948))
INFO:root:Output 94922 pixels and 26830 anchors
INFO:root:Read 31142 pixels, forming 1 batches.
INFO:root:Read 1 batches ((31142, 15948))
INFO:root:Output 31049 pixels and 9548 anchors
INFO:root:Read 61599 pixels, forming 2 batches.
INFO:root:Read 2 batches ((61599, 15948))
INFO:root:Output 61358 pixels and 18799 anchors
INFO:root:Read 52237 pixels, forming 2 batches.
INFO:root:Read 2 batches ((52237, 15948))
INFO:root:Output 52077 pixels and 15410 anchors
INFO:root:Read 116928 pixels, forming 2 batches.
INFO:root:Read 2 batches ((116928, 15948))
INFO:root:Output 122974 pixels and 33677 anchors
INFO:root:Read 23605 pixels, forming 1 batches.
INFO:root:Read 1 batches ((23605, 15948))
INFO:root:Output 23471 pixels and 6792 anchors
INFO:root:Read 101492 pixels, forming 2 batches.
INFO:root:Read 2 batches ((101492, 15948))
INFO:root:Output 105170 pixels and 29118 anchors
INFO:root:Read 62618 pixels, forming 1 batches.
INFO:root:Read 1 batches ((62618, 15948))
INFO:root:Output 62299 pixels and 17946 anchors
INFO:root:Read 35750 pixels, forming 1 batches.
INFO:root:Read 1 batches ((35750, 15948))
INFO:root:Output 35609 pixels and 10439 anchors
INFO:root:Read 72522 pixels, forming 2 batches.
INFO:root:Read 2 batches ((72522, 15948))
INFO:root:Output 71984 pixels and 21038 anchors
INFO:root:Read 77069 pixels, forming 2 batches.
INFO:root:Read 2 batches ((77069, 15948))
INFO:root:Output 79902 pixels and 22593 anchors
INFO:root:Read 53951 pixels, forming 1 batches.
INFO:root:Read 1 batches ((53951, 15948))
INFO:root:Output 53416 pixels and 17736 anchors
INFO:root:Read 7058 pixels, forming 1 batches.
INFO:root:Read 1 batches ((7058, 15948))
INFO:root:Output 7030 pixels and 2145 anchors
INFO:root:Read 114191 pixels, forming 2 batches.
INFO:root:Read 2 batches ((114191, 15948))
INFO:root:Output 120222 pixels and 33848 anchors
INFO:root:Read 18788 pixels, forming 1 batches.
INFO:root:Read 1 batches ((18788, 15948))
INFO:root:Output 18701 pixels and 5741 anchors
INFO:root:Read 68522 pixels, forming 2 batches.
INFO:root:Read 2 batches ((68522, 15948))
INFO:root:Output 68277 pixels and 20033 anchors
INFO:root:Read 104892 pixels, forming 2 batches.
INFO:root:Read 2 batches ((104892, 15948))
INFO:root:Output 109512 pixels and 31267 anchors
INFO:root:Read 6244 pixels, forming 1 batches.
INFO:root:Read 1 batches ((6244, 15948))
INFO:root:Output 6219 pixels and 1859 anchors
INFO:root:Read 122085 pixels, forming 2 batches.
INFO:root:Read 2 batches ((122085, 15948))
INFO:root:Output 128196 pixels and 35250 anchors
INFO:root:Read 13714 pixels, forming 1 batches.
INFO:root:Read 1 batches ((13714, 15948))
INFO:root:Output 13658 pixels and 4004 anchors
INFO:root:Read 114804 pixels, forming 2 batches.
INFO:root:Read 2 batches ((114804, 15948))
INFO:root:Output 119742 pixels and 32975 anchors
INFO:root:Read 64490 pixels, forming 1 batches.
INFO:root:Read 1 batches ((64490, 15948))
INFO:root:Output 64360 pixels and 18518 anchors
INFO:root:Read 3653 pixels, forming 1 batches.
INFO:root:Read 1 batches ((3653, 15948))
INFO:root:Output 3460 pixels and 1073 anchors
INFO:root:Read 125495 pixels, forming 2 batches.
INFO:root:Read 2 batches ((125495, 15948))
INFO:root:Output 132296 pixels and 36036 anchors
INFO:root:Read 47924 pixels, forming 1 batches.
INFO:root:Read 1 batches ((47924, 15948))
INFO:root:Output 47730 pixels and 14157 anchors
INFO:root:Read 79318 pixels, forming 2 batches.
INFO:root:Read 2 batches ((79318, 15948))
INFO:root:Output 80889 pixels and 22952 anchors
INFO:root:Read 18042 pixels, forming 1 batches.
INFO:root:Read 1 batches ((18042, 15948))
INFO:root:Output 17872 pixels and 5473 anchors
INFO:root:Read 105429 pixels, forming 2 batches.
INFO:root:Read 2 batches ((105429, 15948))
INFO:root:Output 110245 pixels and 31069 anchors
INFO:root:Read 16342 pixels, forming 1 batches.
INFO:root:Read 1 batches ((16342, 15948))
INFO:root:Output 16200 pixels and 5174 anchors
INFO:root:Read 78462 pixels, forming 2 batches.
INFO:root:Read 2 batches ((78462, 15948))
INFO:root:Output 78157 pixels and 23408 anchors
INFO:root:Read 79725 pixels, forming 2 batches.
INFO:root:Read 2 batches ((79725, 15948))
INFO:root:Output 84576 pixels and 23956 anchors
INFO:root:Read 64827 pixels, forming 1 batches.
INFO:root:Read 1 batches ((64827, 15948))
INFO:root:Output 64468 pixels and 18733 anchors
INFO:root:Read 30554 pixels, forming 1 batches.
INFO:root:Read 1 batches ((30554, 15948))
INFO:root:Output 30219 pixels and 8866 anchors
INFO:root:Read 90266 pixels, forming 2 batches.
INFO:root:Read 2 batches ((90266, 15948))
INFO:root:Output 89875 pixels and 26259 anchors
INFO:root:Read 71600 pixels, forming 2 batches.
INFO:root:Read 2 batches ((71600, 15948))
INFO:root:Output 74868 pixels and 21099 anchors
INFO:root:Read 3253 pixels, forming 1 batches.
INFO:root:Read 1 batches ((3253, 15948))
INFO:root:Output 3240 pixels and 1001 anchors
INFO:root:Read 125987 pixels, forming 2 batches.
INFO:root:Read 2 batches ((125987, 15948))
INFO:root:Output 132439 pixels and 36465 anchors
INFO:root:Read 41503 pixels, forming 1 batches.
INFO:root:Read 1 batches ((41503, 15948))
INFO:root:Output 41245 pixels and 12012 anchors
INFO:root:Read 88895 pixels, forming 2 batches.
INFO:root:Read 2 batches ((88895, 15948))
INFO:root:Output 91016 pixels and 25537 anchors
INFO:root:Read 44195 pixels, forming 1 batches.
INFO:root:Read 1 batches ((44195, 15948))
INFO:root:Output 43824 pixels and 12780 anchors
INFO:root:Read 85035 pixels, forming 2 batches.
INFO:root:Read 2 batches ((85035, 15948))
INFO:root:Output 86989 pixels and 24555 anchors
INFO:root:Read 64599 pixels, forming 1 batches.
INFO:root:Read 1 batches ((64599, 15948))
INFO:root:Output 64338 pixels and 18805 anchors
INFO:root:Read 64226 pixels, forming 1 batches.
INFO:root:Read 1 batches ((64226, 15948))
INFO:root:Output 64160 pixels and 18805 anchors
INFO:root:Read 57788 pixels, forming 2 batches.
INFO:root:Read 2 batches ((57788, 15948))
INFO:root:Output 57662 pixels and 17768 anchors
INFO:root:Read 114768 pixels, forming 2 batches.
INFO:root:Read 2 batches ((114768, 15948))
INFO:root:Output 113947 pixels and 33712 anchors
INFO:root:Read 42279 pixels, forming 1 batches.
INFO:root:Read 1 batches ((42279, 15948))
INFO:root:Output 41905 pixels and 12298 anchors
INFO:root:Read 89319 pixels, forming 2 batches.
INFO:root:Read 2 batches ((89319, 15948))
INFO:root:Output 91695 pixels and 26026 anchors
INFO:root:Read 65826 pixels, forming 1 batches.
INFO:root:Read 1 batches ((65826, 15948))
INFO:root:Output 65562 pixels and 19162 anchors
INFO:root:Read 46609 pixels, forming 1 batches.
INFO:root:Read 1 batches ((46609, 15948))
INFO:root:Output 46570 pixels and 13585 anchors
INFO:root:Read 79201 pixels, forming 2 batches.
INFO:root:Read 2 batches ((79201, 15948))
INFO:root:Output 78749 pixels and 22924 anchors
INFO:root:Read 72827 pixels, forming 2 batches.
INFO:root:Read 2 batches ((72827, 15948))
INFO:root:Output 74859 pixels and 21022 anchors
INFO:root:Read 66496 pixels, forming 1 batches.
INFO:root:Read 1 batches ((66496, 15948))
INFO:root:Output 66229 pixels and 19162 anchors
INFO:root:Read 11601 pixels, forming 1 batches.
INFO:root:Read 1 batches ((11601, 15948))
INFO:root:Output 11513 pixels and 3408 anchors
INFO:root:Read 108304 pixels, forming 2 batches.
INFO:root:Read 2 batches ((108304, 15948))
INFO:root:Output 108061 pixels and 31532 anchors
INFO:root:Read 79042 pixels, forming 2 batches.
INFO:root:Read 2 batches ((79042, 15948))
INFO:root:Output 78833 pixels and 23165 anchors
INFO:root:Read 60838 pixels, forming 2 batches.
INFO:root:Read 2 batches ((60838, 15948))
INFO:root:Output 63011 pixels and 18642 anchors
INFO:root:Read 72973 pixels, forming 2 batches.
INFO:root:Read 2 batches ((72973, 15948))
INFO:root:Output 72516 pixels and 22776 anchors
INFO:root:Read 88116 pixels, forming 2 batches.
INFO:root:Read 2 batches ((88116, 15948))
INFO:root:Output 87534 pixels and 27646 anchors
INFO:root:Read 4400 pixels, forming 1 batches.
INFO:root:Read 1 batches ((4400, 15948))
INFO:root:Output 4205 pixels and 1287 anchors
INFO:root:Read 120033 pixels, forming 2 batches.
INFO:root:Read 2 batches ((120033, 15948))
INFO:root:Output 126498 pixels and 34821 anchors
INFO:root:Read 21717 pixels, forming 1 batches.
INFO:root:Read 1 batches ((21717, 15948))
INFO:root:Output 21543 pixels and 6248 anchors
INFO:root:Read 69643 pixels, forming 2 batches.
INFO:root:Read 2 batches ((69643, 15948))
INFO:root:Output 69393 pixels and 20449 anchors
INFO:root:Read 95406 pixels, forming 2 batches.
INFO:root:Read 2 batches ((95406, 15948))
INFO:root:Output 99592 pixels and 27445 anchors
INFO:root:Read 62067 pixels, forming 1 batches.
INFO:root:Read 1 batches ((62067, 15948))
INFO:root:Output 61818 pixels and 18089 anchors
INFO:root:Read 19880 pixels, forming 1 batches.
INFO:root:Read 1 batches ((19880, 15948))
INFO:root:Output 19799 pixels and 5792 anchors
INFO:root:Read 79072 pixels, forming 2 batches.
INFO:root:Read 2 batches ((79072, 15948))
INFO:root:Output 78501 pixels and 23753 anchors
INFO:root:Read 87124 pixels, forming 2 batches.
INFO:root:Read 2 batches ((87124, 15948))
INFO:root:Output 86557 pixels and 26640 anchors
INFO:root:Read 92631 pixels, forming 3 batches.
INFO:root:Read 3 batches ((92631, 15948))
INFO:root:Output 93496 pixels and 29729 anchors
INFO:root:Read 98529 pixels, forming 3 batches.
INFO:root:Read 3 batches ((98529, 15948))
INFO:root:Output 99831 pixels and 32734 anchors
INFO:root:Read 36049 pixels, forming 1 batches.
INFO:root:Read 1 batches ((36049, 15948))
INFO:root:Output 35761 pixels and 10366 anchors
INFO:root:Read 90455 pixels, forming 2 batches.
INFO:root:Read 2 batches ((90455, 15948))
INFO:root:Output 93032 pixels and 26043 anchors
INFO:root:Read 62780 pixels, forming 1 batches.
INFO:root:Read 1 batches ((62780, 15948))
INFO:root:Output 62486 pixels and 18232 anchors
INFO:root:Read 12350 pixels, forming 1 batches.
INFO:root:Read 1 batches ((12350, 15948))
INFO:root:Output 12251 pixels and 3550 anchors
INFO:root:Read 75436 pixels, forming 2 batches.
INFO:root:Read 2 batches ((75436, 15948))
INFO:root:Output 75238 pixels and 22450 anchors
INFO:root:Read 51365 pixels, forming 2 batches.
INFO:root:Read 2 batches ((51365, 15948))
INFO:root:Output 50822 pixels and 14841 anchors
INFO:root:Read 108867 pixels, forming 2 batches.
INFO:root:Read 2 batches ((108867, 15948))
INFO:root:Output 114238 pixels and 32201 anchors
INFO:root:Read 28918 pixels, forming 1 batches.
INFO:root:Read 1 batches ((28918, 15948))
INFO:root:Output 28805 pixels and 8639 anchors
INFO:root:Read 101110 pixels, forming 2 batches.
INFO:root:Read 2 batches ((101110, 15948))
INFO:root:Output 100841 pixels and 30501 anchors
INFO:root:Read 97784 pixels, forming 3 batches.
INFO:root:Read 3 batches ((97784, 15948))
INFO:root:Output 101652 pixels and 32260 anchors
INFO:root:Read 76574 pixels, forming 2 batches.
INFO:root:Read 2 batches ((76574, 15948))
INFO:root:Output 76139 pixels and 25087 anchors
INFO:root:Read 67158 pixels, forming 2 batches.
INFO:root:Read 2 batches ((67158, 15948))
INFO:root:Output 70032 pixels and 21152 anchors
INFO:root:Read 62701 pixels, forming 1 batches.
INFO:root:Read 1 batches ((62701, 15948))
INFO:root:Output 62589 pixels and 18090 anchors
INFO:root:Read 12908 pixels, forming 1 batches.
INFO:root:Read 1 batches ((12908, 15948))
INFO:root:Output 12675 pixels and 3861 anchors
INFO:root:Read 111322 pixels, forming 2 batches.
INFO:root:Read 2 batches ((111322, 15948))
INFO:root:Output 116769 pixels and 32390 anchors
INFO:root:Read 39260 pixels, forming 1 batches.
INFO:root:Read 1 batches ((39260, 15948))
INFO:root:Output 39107 pixels and 11511 anchors
INFO:root:Read 103840 pixels, forming 2 batches.
INFO:root:Read 2 batches ((103840, 15948))
INFO:root:Output 103447 pixels and 30799 anchors
INFO:root:Read 40701 pixels, forming 2 batches.
INFO:root:Read 2 batches ((40701, 15948))
INFO:root:Output 42583 pixels and 12045 anchors
INFO:root:Read 13966 pixels, forming 1 batches.
INFO:root:Read 1 batches ((13966, 15948))
INFO:root:Output 13913 pixels and 4361 anchors
INFO:root:Read 107400 pixels, forming 2 batches.
INFO:root:Read 2 batches ((107400, 15948))
INFO:root:Output 112388 pixels and 32100 anchors
INFO:root:Read 58454 pixels, forming 1 batches.
INFO:root:Read 1 batches ((58454, 15948))
INFO:root:Output 57952 pixels and 17957 anchors
INFO:root:Read 98334 pixels, forming 3 batches.
INFO:root:Read 3 batches ((98334, 15948))
INFO:root:Output 103028 pixels and 35706 anchors
INFO:root:Read 88397 pixels, forming 3 batches.
INFO:root:Read 3 batches ((88397, 15948))
INFO:root:Output 87926 pixels and 29517 anchors
INFO:root:Read 80848 pixels, forming 2 batches.
INFO:root:Read 2 batches ((80848, 15948))
INFO:root:Output 80428 pixels and 24359 anchors
INFO:root:Read 33034 pixels, forming 1 batches.
INFO:root:Read 1 batches ((33034, 15948))
INFO:root:Output 32606 pixels and 9514 anchors
INFO:root:Read 94073 pixels, forming 2 batches.
INFO:root:Read 2 batches ((94073, 15948))
INFO:root:Output 97148 pixels and 27322 anchors
INFO:root:Read 63757 pixels, forming 1 batches.
INFO:root:Read 1 batches ((63757, 15948))
INFO:root:Output 63505 pixels and 18519 anchors
INFO:root:Read 36843 pixels, forming 1 batches.
INFO:root:Read 1 batches ((36843, 15948))
INFO:root:Output 36549 pixels and 10721 anchors
INFO:root:Read 87120 pixels, forming 2 batches.
INFO:root:Read 2 batches ((87120, 15948))
INFO:root:Output 86793 pixels and 25668 anchors
INFO:root:Read 65178 pixels, forming 2 batches.
INFO:root:Read 2 batches ((65178, 15948))
INFO:root:Output 67841 pixels and 19036 anchors
INFO:root:Read 60053 pixels, forming 1 batches.
INFO:root:Read 1 batches ((60053, 15948))
INFO:root:Output 60034 pixels and 18490 anchors
INFO:root:Read 33093 pixels, forming 1 batches.
INFO:root:Read 1 batches ((33093, 15948))
INFO:root:Output 32922 pixels and 11795 anchors
INFO:root:Read 137389 pixels, forming 4 batches.
INFO:root:Read 4 batches ((137389, 15948))
INFO:root:Output 141597 pixels and 46990 anchors
INFO:root:Read 42703 pixels, forming 2 batches.
INFO:root:Read 2 batches ((42703, 15948))
INFO:root:Output 42418 pixels and 13664 anchors
INFO:root:Read 21496 pixels, forming 1 batches.
INFO:root:Read 1 batches ((21496, 15948))
INFO:root:Output 21308 pixels and 6221 anchors
INFO:root:Read 83819 pixels, forming 2 batches.
INFO:root:Read 2 batches ((83819, 15948))
INFO:root:Output 83466 pixels and 24489 anchors
INFO:root:Read 62846 pixels, forming 1 batches.
INFO:root:Read 1 batches ((62846, 15948))
INFO:root:Output 62814 pixels and 18376 anchors
INFO:root:Read 26392 pixels, forming 1 batches.
INFO:root:Read 1 batches ((26392, 15948))
INFO:root:Output 26229 pixels and 7722 anchors
INFO:root:Read 100145 pixels, forming 2 batches.
INFO:root:Read 2 batches ((100145, 15948))
INFO:root:Output 103738 pixels and 28954 anchors
INFO:root:Read 24683 pixels, forming 1 batches.
INFO:root:Read 1 batches ((24683, 15948))
INFO:root:Output 24582 pixels and 7293 anchors
INFO:root:Read 98275 pixels, forming 2 batches.
INFO:root:Read 2 batches ((98275, 15948))
INFO:root:Output 101969 pixels and 29280 anchors
INFO:root:Read 61601 pixels, forming 1 batches.
INFO:root:Read 1 batches ((61601, 15948))
INFO:root:Output 61103 pixels and 18247 anchors
INFO:root:Read 56755 pixels, forming 2 batches.
INFO:root:Read 2 batches ((56755, 15948))
INFO:root:Output 56610 pixels and 18111 anchors
INFO:root:Read 111378 pixels, forming 3 batches.
INFO:root:Read 3 batches ((111378, 15948))
INFO:root:Output 113758 pixels and 37263 anchors
INFO:root:Read 82336 pixels, forming 2 batches.
INFO:root:Read 2 batches ((82336, 15948))
INFO:root:Output 85470 pixels and 27650 anchors
INFO:root:Read 27022 pixels, forming 1 batches.
INFO:root:Read 1 batches ((27022, 15948))
INFO:root:Output 26995 pixels and 7921 anchors
INFO:root:Read 66277 pixels, forming 2 batches.
INFO:root:Read 2 batches ((66277, 15948))
INFO:root:Output 68105 pixels and 19590 anchors
INFO:root:Read 18203 pixels, forming 1 batches.
INFO:root:Read 1 batches ((18203, 15948))
INFO:root:Output 18203 pixels and 5291 anchors
INFO:root:Read 107166 pixels, forming 2 batches.
INFO:root:Read 2 batches ((107166, 15948))
INFO:root:Output 111890 pixels and 30959 anchors
INFO:root:Read 21886 pixels, forming 1 batches.
INFO:root:Read 1 batches ((21886, 15948))
INFO:root:Output 21710 pixels and 6387 anchors
INFO:root:Read 102359 pixels, forming 2 batches.
INFO:root:Read 2 batches ((102359, 15948))
INFO:root:Output 106313 pixels and 29648 anchors
INFO:root:Read 59644 pixels, forming 1 batches.
INFO:root:Read 1 batches ((59644, 15948))
INFO:root:Output 59331 pixels and 17771 anchors
INFO:root:Read 60761 pixels, forming 1 batches.
INFO:root:Read 1 batches ((60761, 15948))
INFO:root:Output 60646 pixels and 18088 anchors
INFO:root:Read 98825 pixels, forming 2 batches.
INFO:root:Read 2 batches ((98825, 15948))
INFO:root:Output 104187 pixels and 32664 anchors
INFO:root:Read 64988 pixels, forming 2 batches.
INFO:root:Read 2 batches ((64988, 15948))
INFO:root:Output 64459 pixels and 19916 anchors
INFO:root:Read 53041 pixels, forming 1 batches.
INFO:root:Read 1 batches ((53041, 15948))
INFO:root:Output 52855 pixels and 16486 anchors
INFO:root:Read 62184 pixels, forming 2 batches.
INFO:root:Read 2 batches ((62184, 15948))
INFO:root:Output 62396 pixels and 19298 anchors
INFO:root:Read 58026 pixels, forming 1 batches.
INFO:root:Read 1 batches ((58026, 15948))
INFO:root:Output 57957 pixels and 17864 anchors
INFO:root:Read 8421 pixels, forming 1 batches.
INFO:root:Read 1 batches ((8421, 15948))
INFO:root:Output 8391 pixels and 2528 anchors
INFO:root:Read 83325 pixels, forming 2 batches.
INFO:root:Read 2 batches ((83325, 15948))
INFO:root:Output 88638 pixels and 24710 anchors
INFO:root:Read 17330 pixels, forming 1 batches.
INFO:root:Read 1 batches ((17330, 15948))
INFO:root:Output 17259 pixels and 5076 anchors
INFO:root:Read 75784 pixels, forming 2 batches.
INFO:root:Read 2 batches ((75784, 15948))
INFO:root:Output 74910 pixels and 21959 anchors
INFO:root:Read 103639 pixels, forming 2 batches.
INFO:root:Read 2 batches ((103639, 15948))
INFO:root:Output 109023 pixels and 30301 anchors
INFO:root:Read 64558 pixels, forming 1 batches.
INFO:root:Read 1 batches ((64558, 15948))
INFO:root:Output 64305 pixels and 19160 anchors
INFO:root:Read 59294 pixels, forming 1 batches.
INFO:root:Read 1 batches ((59294, 15948))
INFO:root:Output 58920 pixels and 18128 anchors
INFO:root:Read 65323 pixels, forming 2 batches.
INFO:root:Read 2 batches ((65323, 15948))
INFO:root:Output 65394 pixels and 19965 anchors
INFO:root:Read 110865 pixels, forming 2 batches.
INFO:root:Read 2 batches ((110865, 15948))
INFO:root:Output 110758 pixels and 33472 anchors
INFO:root:Read 72995 pixels, forming 2 batches.
INFO:root:Read 2 batches ((72995, 15948))
INFO:root:Output 73981 pixels and 21715 anchors
INFO:root:Read 16014 pixels, forming 1 batches.
INFO:root:Read 1 batches ((16014, 15948))
INFO:root:Output 15869 pixels and 4757 anchors
INFO:root:Read 111310 pixels, forming 2 batches.
INFO:root:Read 2 batches ((111310, 15948))
INFO:root:Output 116347 pixels and 33108 anchors
INFO:root:Read 59060 pixels, forming 1 batches.
INFO:root:Read 1 batches ((59060, 15948))
INFO:root:Output 58853 pixels and 17732 anchors
INFO:root:Read 97908 pixels, forming 3 batches.
INFO:root:Read 3 batches ((97908, 15948))
INFO:root:Output 98369 pixels and 29393 anchors
INFO:root:Read 31631 pixels, forming 1 batches.
INFO:root:Read 1 batches ((31631, 15948))
INFO:root:Output 31375 pixels and 9301 anchors
INFO:root:Read 61008 pixels, forming 2 batches.
INFO:root:Read 2 batches ((61008, 15948))
INFO:root:Output 60519 pixels and 17769 anchors
INFO:root:Read 29887 pixels, forming 1 batches.
INFO:root:Read 1 batches ((29887, 15948))
INFO:root:Output 29766 pixels and 8938 anchors
INFO:root:Read 65815 pixels, forming 2 batches.
INFO:root:Read 2 batches ((65815, 15948))
INFO:root:Output 65363 pixels and 18662 anchors
INFO:root:Read 46547 pixels, forming 1 batches.
INFO:root:Read 1 batches ((46547, 15948))
INFO:root:Output 45166 pixels and 13547 anchors
INFO:root:Read 33069 pixels, forming 1 batches.
INFO:root:Read 1 batches ((33069, 15948))
INFO:root:Output 32739 pixels and 9721 anchors
INFO:root:Read 61454 pixels, forming 2 batches.
INFO:root:Read 2 batches ((61454, 15948))
INFO:root:Output 60837 pixels and 17698 anchors
INFO:root:Read 4950 pixels, forming 1 batches.
INFO:root:Read 1 batches ((4950, 15948))
INFO:root:Output 4929 pixels and 1499 anchors
INFO:root:Read 90939 pixels, forming 2 batches.
INFO:root:Read 2 batches ((90939, 15948))
INFO:root:Output 93534 pixels and 25987 anchors
INFO:root:Read 47144 pixels, forming 1 batches.
INFO:root:Read 1 batches ((47144, 15948))
INFO:root:Output 46342 pixels and 13498 anchors
INFO:root:Read 45969 pixels, forming 1 batches.
INFO:root:Read 1 batches ((45969, 15948))
INFO:root:Output 45159 pixels and 13741 anchors
INFO:root:Read 53121 pixels, forming 2 batches.
INFO:root:Read 2 batches ((53121, 15948))
INFO:root:Output 54168 pixels and 15700 anchors
INFO:root:Read 60571 pixels, forming 2 batches.
INFO:root:Read 2 batches ((60571, 15948))
INFO:root:Output 60571 pixels and 19186 anchors
bash /dcs05/lieber/marmaypag/xenium_NAC_LIBD4125/xenium_NAC/processed-data/HD_Full_Analysis/FICTURE/outputs/H1-M3TCP9V_A1/nF_8/sort_decode.sh /dcs05/lieber/marmaypag/xenium_NAC_LIBD4125/xenium_NAC/processed-data/HD_Full_Analysis/FICTURE/outputs/H1-M3TCP9V_A1/nF_8/analysis/nF8.d_12/nF8.d_12.decode.prj_12.r_4_5.pixel.tsv.gz /dcs05/lieber/marmaypag/xenium_NAC_LIBD4125/xenium_NAC/processed-data/HD_Full_Analysis/FICTURE/outputs/H1-M3TCP9V_A1/nF_8/analysis/nF8.d_12/nF8.d_12.decode.prj_12.r_4_5.pixel.sorted.tsv.gz /dcs05/lieber/marmaypag/xenium_NAC_LIBD4125/xenium_NAC/processed-data/HD_Full_Analysis/FICTURE/inputs/H1-M3TCP9V_A1/minmax.tsv nF8.d_12 100 100 3 gzip
8335.535, 15040.930; 5060.192, 11766.109
ficture de_bulk --input /dcs05/lieber/marmaypag/xenium_NAC_LIBD4125/xenium_NAC/processed-data/HD_Full_Analysis/FICTURE/outputs/H1-M3TCP9V_A1/nF_8/analysis/nF8.d_12/nF8.d_12.decode.prj_12.r_4_5.posterior.count.tsv.gz --output /dcs05/lieber/marmaypag/xenium_NAC_LIBD4125/xenium_NAC/processed-data/HD_Full_Analysis/FICTURE/outputs/H1-M3TCP9V_A1/nF_8/analysis/nF8.d_12/nF8.d_12.decode.prj_12.r_4_5.bulk_chisq.tsv --min_ct_per_feature 20 --max_pval_output 0.001 --min_fold_output 1.5
/jhpce/shared/libd/core/visium_hd/1.0/hd_env/lib/python3.9/site-packages/ficture/scripts/de_bulk.py:117: RuntimeWarning: divide by zero encountered in scalar divide
  fd=tab[0,0]/total_k[k]/tab[0,1]*(total_umi-total_k[k])
Read posterior count over 15948 genes and 8 factors
Testing 15945 genes over 8 factors
ficture factor_report --path /dcs05/lieber/marmaypag/xenium_NAC_LIBD4125/xenium_NAC/processed-data/HD_Full_Analysis/FICTURE/outputs/H1-M3TCP9V_A1/nF_8/analysis/nF8.d_12 --pref nF8.d_12.decode.prj_12.r_4_5 --color_table /dcs05/lieber/marmaypag/xenium_NAC_LIBD4125/xenium_NAC/processed-data/HD_Full_Analysis/FICTURE/outputs/H1-M3TCP9V_A1/nF_8/analysis/nF8.d_12/figure/nF8.d_12.rgb.tsv
['0' '1' '2' '3' '4' '5' '6' '7']
/dcs05/lieber/marmaypag/xenium_NAC_LIBD4125/xenium_NAC/processed-data/HD_Full_Analysis/FICTURE/outputs/H1-M3TCP9V_A1/nF_8/analysis/nF8.d_12/nF8.d_12.decode.prj_12.r_4_5.factor.info.html
ficture plot_pixel_full --input /dcs05/lieber/marmaypag/xenium_NAC_LIBD4125/xenium_NAC/processed-data/HD_Full_Analysis/FICTURE/outputs/H1-M3TCP9V_A1/nF_8/analysis/nF8.d_12/nF8.d_12.decode.prj_12.r_4_5.pixel.sorted.tsv.gz --color_table /dcs05/lieber/marmaypag/xenium_NAC_LIBD4125/xenium_NAC/processed-data/HD_Full_Analysis/FICTURE/outputs/H1-M3TCP9V_A1/nF_8/analysis/nF8.d_12/figure/nF8.d_12.rgb.tsv --output /dcs05/lieber/marmaypag/xenium_NAC_LIBD4125/xenium_NAC/processed-data/HD_Full_Analysis/FICTURE/outputs/H1-M3TCP9V_A1/nF_8/analysis/nF8.d_12/figure/nF8.d_12.decode.prj_12.r_4_5.pixel.png --plot_um_per_pixel 0.5 --full
08:28:59 PM Background color 000000
08:28:59 PM Read color table (8)
08:28:59 PM Read header {'K': 8, 'TOPK': 3, 'BLOCK_SIZE': 2000, 'BLOCK_AXIS': 'X', 'INDEX_AXIS': 'Y', 'OFFSET_X': 8335.535, 'OFFSET_Y': 5060.192, 'SIZE_X': 6706, 'SIZE_Y': 6707, 'SCALE': 100}
08:28:59 PM Image size 13416 x 13414
08:29:01 PM Reading pixels... 3999, 2948, 871030
08:29:04 PM Reading pixels... 3999, 6637, 870015
08:29:06 PM Reading pixels... 3999, 10321, 866747
08:29:08 PM Reading pixels... 7998, 360, 891888
08:29:11 PM Reading pixels... 7999, 3053, 870604
08:29:13 PM Reading pixels... 7999, 6641, 887968
08:29:15 PM Reading pixels... 7999, 10229, 870439
08:29:17 PM Reading pixels... 11999, 2937, 872655
08:29:20 PM Reading pixels... 11999, 6614, 886475
08:29:22 PM Reading pixels... 11999, 10142, 871586
08:29:24 PM Reading pixels... 13389, 4919, 878386
08:29:26 PM Reading pixels... 13398, 10975, 564545
08:29:29 PM Finished
/dcs05/lieber/marmaypag/xenium_NAC_LIBD4125/xenium_NAC/processed-data/HD_Full_Analysis/FICTURE/outputs/H1-M3TCP9V_A1/nF_8/analysis/nF8.d_12/figure/nF8.d_12.decode.prj_12.r_4_5.pixel.png
Index(['0', '1', '2', '3', '4', '5', '6', '7'], dtype='object', name='Name')
['BLOCK', 'X', 'Y', 'K1', 'K2', 'K3', 'P1', 'P2', 'P3']
touch /dcs05/lieber/marmaypag/xenium_NAC_LIBD4125/xenium_NAC/processed-data/HD_Full_Analysis/FICTURE/outputs/H1-M3TCP9V_A1/nF_8/analysis/nF8.d_12/nF8.d_12.decode.prj_12.r_4_5.done
Finished nFactor=8 for H1-M3TCP9V_A1
Fri Mar  6 08:29:30 PM EST 2026
--------------------------------------------------------------
Running FICTURE with nFactor=12 for H1-M3TCP9V_A1
--------------------------------------------------------------
Fri Mar  6 08:29:30 PM EST 2026
--------------------------------------------------------------
Creating minibatch from /dcs05/lieber/marmaypag/xenium_NAC_LIBD4125/xenium_NAC/processed-data/HD_Full_Analysis/FICTURE/inputs/H1-M3TCP9V_A1/transcripts.sorted.tsv.gz...
--------------------------------------------------------------
ficture make_spatial_minibatch --input /dcs05/lieber/marmaypag/xenium_NAC_LIBD4125/xenium_NAC/processed-data/HD_Full_Analysis/FICTURE/inputs/H1-M3TCP9V_A1/transcripts.sorted.tsv.gz --output /dcs05/lieber/marmaypag/xenium_NAC_LIBD4125/xenium_NAC/processed-data/HD_Full_Analysis/FICTURE/outputs/H1-M3TCP9V_A1/nF_12/batched.matrix.tsv --mu_scale 1.0 --batch_size 500 --batch_buff 30 --major_axis X
INFO:root:Random seed 1772846970.9707246
INFO:root:Read blocks of pixels: 70.15 x 6698.58
INFO:root:Read blocks of pixels: 132.93 x 6698.65
INFO:root:Read blocks of pixels: 199.07 x 6698.72
INFO:root:Read blocks of pixels: 261.05 x 6698.79
INFO:root:Read blocks of pixels: 319.09 x 6698.85
INFO:root:Read blocks of pixels: 381.83 x 6698.92
INFO:root:Read blocks of pixels: 442.13 x 6698.99
INFO:root:Read blocks of pixels: 506.41 x 6699.06
INFO:root:Output region (507.41, 501.00) (8334.5, 8841.9) x (5059.2, 5560.2)
INFO:root:Output region (507.41, 500.00) (8334.5, 8841.9) x (5530.2, 6030.2)
INFO:root:Output region (507.41, 500.00) (8334.5, 8841.9) x (6000.2, 6500.2)
INFO:root:Output region (507.41, 500.00) (8334.5, 8841.9) x (6470.2, 6970.2)
INFO:root:Output region (507.41, 500.00) (8334.5, 8841.9) x (6940.2, 7440.2)
INFO:root:Output region (507.41, 500.00) (8334.5, 8841.9) x (7410.2, 7910.2)
INFO:root:Output region (507.41, 500.00) (8334.5, 8841.9) x (7880.2, 8380.2)
INFO:root:Output region (507.41, 500.00) (8334.5, 8841.9) x (8350.2, 8850.2)
INFO:root:Output region (507.41, 500.00) (8334.5, 8841.9) x (8820.2, 9320.2)
INFO:root:Output region (507.41, 500.00) (8334.5, 8841.9) x (9290.2, 9790.2)
INFO:root:Output region (507.41, 500.00) (8334.5, 8841.9) x (9760.2, 10260.2)
INFO:root:Output region (507.41, 500.00) (8334.5, 8841.9) x (10230.2, 10730.2)
INFO:root:Output region (507.41, 500.00) (8334.5, 8841.9) x (10700.2, 11200.2)
INFO:root:Output region (507.41, 589.06) (8334.5, 8841.9) x (11170.2, 11759.3)
INFO:root:Left over size 513126 (513126, 30.00)
INFO:root:Read blocks of pixels: 90.66 x 6698.61
INFO:root:Read blocks of pixels: 151.68 x 6698.68
INFO:root:Read blocks of pixels: 211.65 x 6698.74
INFO:root:Read blocks of pixels: 261.32 x 6698.80
INFO:root:Read blocks of pixels: 316.31 x 6698.86
INFO:root:Read blocks of pixels: 371.73 x 6698.92
INFO:root:Read blocks of pixels: 426.62 x 6698.98
INFO:root:Read blocks of pixels: 479.99 x 6699.04
INFO:root:Read blocks of pixels: 534.11 x 6699.10
INFO:root:Output region (535.11, 501.00) (8811.0, 9346.1) x (5059.7, 5560.7)
INFO:root:Output region (535.11, 500.00) (8811.0, 9346.1) x (5530.7, 6030.7)
INFO:root:Output region (535.11, 500.00) (8811.0, 9346.1) x (6000.7, 6500.7)
INFO:root:Output region (535.11, 500.00) (8811.0, 9346.1) x (6470.7, 6970.7)
INFO:root:Output region (535.11, 500.00) (8811.0, 9346.1) x (6940.7, 7440.7)
INFO:root:Output region (535.11, 500.00) (8811.0, 9346.1) x (7410.7, 7910.7)
INFO:root:Output region (535.11, 500.00) (8811.0, 9346.1) x (7880.7, 8380.7)
INFO:root:Output region (535.11, 500.00) (8811.0, 9346.1) x (8350.7, 8850.7)
INFO:root:Output region (535.11, 500.00) (8811.0, 9346.1) x (8820.7, 9320.7)
INFO:root:Output region (535.11, 500.00) (8811.0, 9346.1) x (9290.7, 9790.7)
INFO:root:Output region (535.11, 500.00) (8811.0, 9346.1) x (9760.7, 10260.7)
INFO:root:Output region (535.11, 500.00) (8811.0, 9346.1) x (10230.7, 10730.7)
INFO:root:Output region (535.11, 500.00) (8811.0, 9346.1) x (10700.7, 11200.7)
INFO:root:Output region (535.11, 589.10) (8811.0, 9346.1) x (11170.7, 11759.8)
INFO:root:Left over size 583214 (583214, 30.00)
INFO:root:Read blocks of pixels: 81.43 x 6698.60
INFO:root:Read blocks of pixels: 130.51 x 6698.65
INFO:root:Read blocks of pixels: 177.53 x 6698.71
INFO:root:Read blocks of pixels: 228.40 x 6698.76
INFO:root:Read blocks of pixels: 281.39 x 6698.81
INFO:root:Read blocks of pixels: 335.92 x 6698.88
INFO:root:Read blocks of pixels: 395.22 x 6698.94
INFO:root:Read blocks of pixels: 446.57 x 6699.00
INFO:root:Read blocks of pixels: 501.14 x 6699.04
INFO:root:Output region (502.14, 501.00) (9315.1, 9817.2) x (5060.3, 5561.3)
INFO:root:Output region (502.14, 500.00) (9315.1, 9817.2) x (5531.3, 6031.3)
INFO:root:Output region (502.14, 500.00) (9315.1, 9817.2) x (6001.3, 6501.3)
INFO:root:Output region (502.14, 500.00) (9315.1, 9817.2) x (6471.3, 6971.3)
INFO:root:Output region (502.14, 500.00) (9315.1, 9817.2) x (6941.3, 7441.3)
INFO:root:Output region (502.14, 500.00) (9315.1, 9817.2) x (7411.3, 7911.3)
INFO:root:Output region (502.14, 500.00) (9315.1, 9817.2) x (7881.3, 8381.3)
INFO:root:Output region (502.14, 500.00) (9315.1, 9817.2) x (8351.3, 8851.3)
INFO:root:Output region (502.14, 500.00) (9315.1, 9817.2) x (8821.3, 9321.3)
INFO:root:Output region (502.14, 500.00) (9315.1, 9817.2) x (9291.3, 9791.3)
INFO:root:Output region (502.14, 500.00) (9315.1, 9817.2) x (9761.3, 10261.3)
INFO:root:Output region (502.14, 500.00) (9315.1, 9817.2) x (10231.3, 10731.3)
INFO:root:Output region (502.14, 500.00) (9315.1, 9817.2) x (10701.3, 11201.3)
INFO:root:Output region (502.14, 589.04) (9315.1, 9817.2) x (11171.3, 11760.3)
INFO:root:Left over size 551611 (551611, 30.00)
INFO:root:Read blocks of pixels: 86.09 x 6698.55
INFO:root:Read blocks of pixels: 141.44 x 6698.62
INFO:root:Read blocks of pixels: 193.57 x 6698.72
INFO:root:Read blocks of pixels: 254.16 x 6698.79
INFO:root:Read blocks of pixels: 308.98 x 6698.81
INFO:root:Read blocks of pixels: 363.55 x 6698.88
INFO:root:Read blocks of pixels: 418.19 x 6698.97
INFO:root:Read blocks of pixels: 466.35 x 6699.01
INFO:root:Read blocks of pixels: 517.44 x 6699.08
INFO:root:Output region (518.44, 501.00) (9786.2, 10304.7) x (5060.8, 5561.8)
INFO:root:Output region (518.44, 500.00) (9786.2, 10304.7) x (5531.8, 6031.8)
INFO:root:Output region (518.44, 500.00) (9786.2, 10304.7) x (6001.8, 6501.8)
INFO:root:Output region (518.44, 500.00) (9786.2, 10304.7) x (6471.8, 6971.8)
INFO:root:Output region (518.44, 500.00) (9786.2, 10304.7) x (6941.8, 7441.8)
INFO:root:Output region (518.44, 500.00) (9786.2, 10304.7) x (7411.8, 7911.8)
INFO:root:Output region (518.44, 500.00) (9786.2, 10304.7) x (7881.8, 8381.8)
INFO:root:Output region (518.44, 500.00) (9786.2, 10304.7) x (8351.8, 8851.8)
INFO:root:Output region (518.44, 500.00) (9786.2, 10304.7) x (8821.8, 9321.8)
INFO:root:Output region (518.44, 500.00) (9786.2, 10304.7) x (9291.8, 9791.8)
INFO:root:Output region (518.44, 500.00) (9786.2, 10304.7) x (9761.8, 10261.8)
INFO:root:Output region (518.44, 500.00) (9786.2, 10304.7) x (10231.8, 10731.8)
INFO:root:Output region (518.44, 500.00) (9786.2, 10304.7) x (10701.8, 11201.8)
INFO:root:Output region (518.44, 589.08) (9786.2, 10304.7) x (11171.8, 11760.9)
INFO:root:Left over size 587260 (587260, 30.00)
INFO:root:Read blocks of pixels: 89.01 x 6698.58
INFO:root:Read blocks of pixels: 148.66 x 6698.67
INFO:root:Read blocks of pixels: 205.81 x 6698.69
INFO:root:Read blocks of pixels: 266.73 x 6698.74
INFO:root:Read blocks of pixels: 331.48 x 6698.74
INFO:root:Read blocks of pixels: 395.56 x 6698.74
INFO:root:Read blocks of pixels: 461.99 x 6699.00
INFO:root:Read blocks of pixels: 523.30 x 6699.00
INFO:root:Output region (524.30, 501.00) (10273.7, 10798.0) x (5061.3, 5562.3)
INFO:root:Output region (524.30, 500.00) (10273.7, 10798.0) x (5532.3, 6032.3)
INFO:root:Output region (524.30, 500.00) (10273.7, 10798.0) x (6002.3, 6502.3)
INFO:root:Output region (524.30, 500.00) (10273.7, 10798.0) x (6472.3, 6972.3)
INFO:root:Output region (524.30, 500.00) (10273.7, 10798.0) x (6942.3, 7442.3)
INFO:root:Output region (524.30, 500.00) (10273.7, 10798.0) x (7412.3, 7912.3)
INFO:root:Output region (524.30, 500.00) (10273.7, 10798.0) x (7882.3, 8382.3)
INFO:root:Output region (524.30, 500.00) (10273.7, 10798.0) x (8352.3, 8852.3)
INFO:root:Output region (524.30, 500.00) (10273.7, 10798.0) x (8822.3, 9322.3)
INFO:root:Output region (524.30, 500.00) (10273.7, 10798.0) x (9292.3, 9792.3)
INFO:root:Output region (524.30, 500.00) (10273.7, 10798.0) x (9762.3, 10262.3)
INFO:root:Output region (524.30, 500.00) (10273.7, 10798.0) x (10232.3, 10732.3)
INFO:root:Output region (524.30, 500.00) (10273.7, 10798.0) x (10702.3, 11202.3)
INFO:root:Output region (524.30, 589.00) (10273.7, 10798.0) x (11172.3, 11761.3)
INFO:root:Left over size 465240 (465240, 30.00)
INFO:root:Read blocks of pixels: 97.48 x 6698.61
INFO:root:Read blocks of pixels: 168.80 x 6698.66
INFO:root:Read blocks of pixels: 233.40 x 6698.73
INFO:root:Read blocks of pixels: 292.78 x 6698.81
INFO:root:Read blocks of pixels: 356.19 x 6698.85
INFO:root:Read blocks of pixels: 416.42 x 6698.96
INFO:root:Read blocks of pixels: 469.94 x 6698.96
INFO:root:Read blocks of pixels: 534.08 x 6699.09
INFO:root:Output region (535.08, 501.00) (10767.0, 11302.0) x (5061.9, 5562.9)
INFO:root:Output region (535.08, 500.00) (10767.0, 11302.0) x (5532.9, 6032.9)
INFO:root:Output region (535.08, 500.00) (10767.0, 11302.0) x (6002.9, 6502.9)
INFO:root:Output region (535.08, 500.00) (10767.0, 11302.0) x (6472.9, 6972.9)
INFO:root:Output region (535.08, 500.00) (10767.0, 11302.0) x (6942.9, 7442.9)
INFO:root:Output region (535.08, 500.00) (10767.0, 11302.0) x (7412.9, 7912.9)
INFO:root:Output region (535.08, 500.00) (10767.0, 11302.0) x (7882.9, 8382.9)
INFO:root:Output region (535.08, 500.00) (10767.0, 11302.0) x (8352.9, 8852.9)
INFO:root:Output region (535.08, 500.00) (10767.0, 11302.0) x (8822.9, 9322.9)
INFO:root:Output region (535.08, 500.00) (10767.0, 11302.0) x (9292.9, 9792.9)
INFO:root:Output region (535.08, 500.00) (10767.0, 11302.0) x (9762.9, 10262.9)
INFO:root:Output region (535.08, 500.00) (10767.0, 11302.0) x (10232.9, 10732.9)
INFO:root:Output region (535.08, 500.00) (10767.0, 11302.0) x (10702.9, 11202.9)
INFO:root:Output region (535.08, 589.09) (10767.0, 11302.0) x (11172.9, 11762.0)
INFO:root:Left over size 424175 (424175, 30.00)
INFO:root:Read blocks of pixels: 110.61 x 6698.62
INFO:root:Read blocks of pixels: 193.97 x 6698.70
INFO:root:Read blocks of pixels: 279.82 x 6698.82
INFO:root:Read blocks of pixels: 351.34 x 6698.85
INFO:root:Read blocks of pixels: 430.97 x 6698.91
INFO:root:Read blocks of pixels: 503.47 x 6699.02
INFO:root:Output region (504.47, 501.00) (11271.0, 11775.5) x (5062.4, 5563.4)
INFO:root:Output region (504.47, 500.00) (11271.0, 11775.5) x (5533.4, 6033.4)
INFO:root:Output region (504.47, 500.00) (11271.0, 11775.5) x (6003.4, 6503.4)
INFO:root:Output region (504.47, 500.00) (11271.0, 11775.5) x (6473.4, 6973.4)
INFO:root:Output region (504.47, 500.00) (11271.0, 11775.5) x (6943.4, 7443.4)
INFO:root:Output region (504.47, 500.00) (11271.0, 11775.5) x (7413.4, 7913.4)
INFO:root:Output region (504.47, 500.00) (11271.0, 11775.5) x (7883.4, 8383.4)
INFO:root:Output region (504.47, 500.00) (11271.0, 11775.5) x (8353.4, 8853.4)
INFO:root:Output region (504.47, 500.00) (11271.0, 11775.5) x (8823.4, 9323.4)
INFO:root:Output region (504.47, 500.00) (11271.0, 11775.5) x (9293.4, 9793.4)
INFO:root:Output region (504.47, 500.00) (11271.0, 11775.5) x (9763.4, 10263.4)
INFO:root:Output region (504.47, 500.00) (11271.0, 11775.5) x (10233.4, 10733.4)
INFO:root:Output region (504.47, 500.00) (11271.0, 11775.5) x (10703.4, 11203.4)
INFO:root:Output region (504.47, 589.02) (11271.0, 11775.5) x (11173.4, 11762.5)
INFO:root:Left over size 403039 (403039, 30.00)
INFO:root:Read blocks of pixels: 91.48 x 6694.57
INFO:root:Read blocks of pixels: 141.94 x 6698.66
INFO:root:Read blocks of pixels: 210.61 x 6698.70
INFO:root:Read blocks of pixels: 276.46 x 6698.70
INFO:root:Read blocks of pixels: 346.97 x 6698.70
INFO:root:Read blocks of pixels: 434.81 x 6698.99
INFO:root:Read blocks of pixels: 509.57 x 6698.99
INFO:root:Output region (510.57, 501.00) (11744.5, 12255.1) x (5063.0, 5564.0)
INFO:root:Output region (510.57, 500.00) (11744.5, 12255.1) x (5534.0, 6034.0)
INFO:root:Output region (510.57, 500.00) (11744.5, 12255.1) x (6004.0, 6504.0)
INFO:root:Output region (510.57, 500.00) (11744.5, 12255.1) x (6474.0, 6974.0)
INFO:root:Output region (510.57, 500.00) (11744.5, 12255.1) x (6944.0, 7444.0)
INFO:root:Output region (510.57, 500.00) (11744.5, 12255.1) x (7414.0, 7914.0)
INFO:root:Output region (510.57, 500.00) (11744.5, 12255.1) x (7884.0, 8384.0)
INFO:root:Output region (510.57, 500.00) (11744.5, 12255.1) x (8354.0, 8854.0)
INFO:root:Output region (510.57, 500.00) (11744.5, 12255.1) x (8824.0, 9324.0)
INFO:root:Output region (510.57, 500.00) (11744.5, 12255.1) x (9294.0, 9794.0)
INFO:root:Output region (510.57, 500.00) (11744.5, 12255.1) x (9764.0, 10264.0)
INFO:root:Output region (510.57, 500.00) (11744.5, 12255.1) x (10234.0, 10734.0)
INFO:root:Output region (510.57, 500.00) (11744.5, 12255.1) x (10704.0, 11204.0)
INFO:root:Output region (510.57, 588.99) (11744.5, 12255.1) x (11174.0, 11762.9)
INFO:root:Left over size 450275 (450275, 30.00)
INFO:root:Read blocks of pixels: 107.72 x 6696.59
INFO:root:Read blocks of pixels: 195.46 x 6696.70
INFO:root:Read blocks of pixels: 287.20 x 6698.79
INFO:root:Read blocks of pixels: 371.47 x 6698.79
INFO:root:Read blocks of pixels: 442.74 x 6698.94
INFO:root:Read blocks of pixels: 505.57 x 6699.06
INFO:root:Output region (506.57, 501.00) (12224.1, 12730.6) x (5063.5, 5564.5)
INFO:root:Output region (506.57, 500.00) (12224.1, 12730.6) x (5534.5, 6034.5)
INFO:root:Output region (506.57, 500.00) (12224.1, 12730.6) x (6004.5, 6504.5)
INFO:root:Output region (506.57, 500.00) (12224.1, 12730.6) x (6474.5, 6974.5)
INFO:root:Output region (506.57, 500.00) (12224.1, 12730.6) x (6944.5, 7444.5)
INFO:root:Output region (506.57, 500.00) (12224.1, 12730.6) x (7414.5, 7914.5)
INFO:root:Output region (506.57, 500.00) (12224.1, 12730.6) x (7884.5, 8384.5)
INFO:root:Output region (506.57, 500.00) (12224.1, 12730.6) x (8354.5, 8854.5)
INFO:root:Output region (506.57, 500.00) (12224.1, 12730.6) x (8824.5, 9324.5)
INFO:root:Output region (506.57, 500.00) (12224.1, 12730.6) x (9294.5, 9794.5)
INFO:root:Output region (506.57, 500.00) (12224.1, 12730.6) x (9764.5, 10264.5)
INFO:root:Output region (506.57, 500.00) (12224.1, 12730.6) x (10234.5, 10734.5)
INFO:root:Output region (506.57, 500.00) (12224.1, 12730.6) x (10704.5, 11204.5)
INFO:root:Output region (506.57, 589.06) (12224.1, 12730.6) x (11174.5, 11763.5)
INFO:root:Left over size 463220 (463220, 30.00)
INFO:root:Read blocks of pixels: 105.02 x 6698.59
INFO:root:Read blocks of pixels: 179.81 x 6698.69
INFO:root:Read blocks of pixels: 241.92 x 6698.72
INFO:root:Read blocks of pixels: 309.56 x 6698.85
INFO:root:Read blocks of pixels: 375.93 x 6698.89
INFO:root:Read blocks of pixels: 455.43 x 6699.01
INFO:root:Read blocks of pixels: 515.49 x 6699.01
INFO:root:Output region (516.49, 501.00) (12699.6, 13216.1) x (5064.0, 5565.0)
INFO:root:Output region (516.49, 500.00) (12699.6, 13216.1) x (5535.0, 6035.0)
INFO:root:Output region (516.49, 500.00) (12699.6, 13216.1) x (6005.0, 6505.0)
INFO:root:Output region (516.49, 500.00) (12699.6, 13216.1) x (6475.0, 6975.0)
INFO:root:Output region (516.49, 500.00) (12699.6, 13216.1) x (6945.0, 7445.0)
INFO:root:Output region (516.49, 500.00) (12699.6, 13216.1) x (7415.0, 7915.0)
INFO:root:Output region (516.49, 500.00) (12699.6, 13216.1) x (7885.0, 8385.0)
INFO:root:Output region (516.49, 500.00) (12699.6, 13216.1) x (8355.0, 8855.0)
INFO:root:Output region (516.49, 500.00) (12699.6, 13216.1) x (8825.0, 9325.0)
INFO:root:Output region (516.49, 500.00) (12699.6, 13216.1) x (9295.0, 9795.0)
INFO:root:Output region (516.49, 500.00) (12699.6, 13216.1) x (9765.0, 10265.0)
INFO:root:Output region (516.49, 500.00) (12699.6, 13216.1) x (10235.0, 10735.0)
INFO:root:Output region (516.49, 500.00) (12699.6, 13216.1) x (10705.0, 11205.0)
INFO:root:Output region (516.49, 589.01) (12699.6, 13216.1) x (11175.0, 11764.0)
INFO:root:Left over size 503458 (503458, 30.00)
INFO:root:Read blocks of pixels: 97.51 x 6698.59
INFO:root:Read blocks of pixels: 178.98 x 6698.63
INFO:root:Read blocks of pixels: 263.77 x 6698.80
INFO:root:Read blocks of pixels: 331.41 x 6698.80
INFO:root:Read blocks of pixels: 401.34 x 6698.95
INFO:root:Read blocks of pixels: 458.72 x 6698.95
INFO:root:Read blocks of pixels: 511.71 x 6698.95
INFO:root:Output region (512.71, 501.00) (13185.1, 13697.8) x (5064.6, 5565.6)
INFO:root:Output region (512.71, 500.00) (13185.1, 13697.8) x (5535.6, 6035.6)
INFO:root:Output region (512.71, 500.00) (13185.1, 13697.8) x (6005.6, 6505.6)
INFO:root:Output region (512.71, 500.00) (13185.1, 13697.8) x (6475.6, 6975.6)
INFO:root:Output region (512.71, 500.00) (13185.1, 13697.8) x (6945.6, 7445.6)
INFO:root:Output region (512.71, 500.00) (13185.1, 13697.8) x (7415.6, 7915.6)
INFO:root:Output region (512.71, 500.00) (13185.1, 13697.8) x (7885.6, 8385.6)
INFO:root:Output region (512.71, 500.00) (13185.1, 13697.8) x (8355.6, 8855.6)
INFO:root:Output region (512.71, 500.00) (13185.1, 13697.8) x (8825.6, 9325.6)
INFO:root:Output region (512.71, 500.00) (13185.1, 13697.8) x (9295.6, 9795.6)
INFO:root:Output region (512.71, 500.00) (13185.1, 13697.8) x (9765.6, 10265.6)
INFO:root:Output region (512.71, 500.00) (13185.1, 13697.8) x (10235.6, 10735.6)
INFO:root:Output region (512.71, 500.00) (13185.1, 13697.8) x (10705.6, 11205.6)
INFO:root:Output region (512.71, 588.95) (13185.1, 13697.8) x (11175.6, 11764.5)
INFO:root:Left over size 559134 (559134, 30.00)
INFO:root:Read blocks of pixels: 94.68 x 6698.59
INFO:root:Read blocks of pixels: 150.73 x 6698.68
INFO:root:Read blocks of pixels: 203.97 x 6698.71
INFO:root:Read blocks of pixels: 264.89 x 6698.79
INFO:root:Read blocks of pixels: 316.16 x 6698.79
INFO:root:Read blocks of pixels: 380.30 x 6698.89
INFO:root:Read blocks of pixels: 447.81 x 6698.96
INFO:root:Read blocks of pixels: 504.82 x 6699.07
INFO:root:Output region (505.82, 501.00) (13666.8, 14172.7) x (5065.1, 5566.1)
INFO:root:Output region (505.82, 500.00) (13666.8, 14172.7) x (5536.1, 6036.1)
INFO:root:Output region (505.82, 500.00) (13666.8, 14172.7) x (6006.1, 6506.1)
INFO:root:Output region (505.82, 500.00) (13666.8, 14172.7) x (6476.1, 6976.1)
INFO:root:Output region (505.82, 500.00) (13666.8, 14172.7) x (6946.1, 7446.1)
INFO:root:Output region (505.82, 500.00) (13666.8, 14172.7) x (7416.1, 7916.1)
INFO:root:Output region (505.82, 500.00) (13666.8, 14172.7) x (7886.1, 8386.1)
INFO:root:Output region (505.82, 500.00) (13666.8, 14172.7) x (8356.1, 8856.1)
INFO:root:Output region (505.82, 500.00) (13666.8, 14172.7) x (8826.1, 9326.1)
INFO:root:Output region (505.82, 500.00) (13666.8, 14172.7) x (9296.1, 9796.1)
INFO:root:Output region (505.82, 500.00) (13666.8, 14172.7) x (9766.1, 10266.1)
INFO:root:Output region (505.82, 500.00) (13666.8, 14172.7) x (10236.1, 10736.1)
INFO:root:Output region (505.82, 500.00) (13666.8, 14172.7) x (10706.1, 11206.1)
INFO:root:Output region (505.82, 589.07) (13666.8, 14172.7) x (11176.1, 11765.2)
INFO:root:Left over size 488718 (488718, 30.00)
INFO:root:Read blocks of pixels: 92.04 x 6698.61
INFO:root:Read blocks of pixels: 155.26 x 6698.69
INFO:root:Read blocks of pixels: 217.18 x 6698.76
INFO:root:Read blocks of pixels: 283.59 x 6698.78
INFO:root:Read blocks of pixels: 355.89 x 6698.89
INFO:root:Read blocks of pixels: 412.75 x 6698.96
INFO:root:Read blocks of pixels: 473.73 x 6699.04
INFO:root:Read blocks of pixels: 534.38 x 6699.09
INFO:root:Output region (535.38, 501.00) (14141.7, 14677.0) x (5065.6, 5566.6)
INFO:root:Output region (535.38, 500.00) (14141.7, 14677.0) x (5536.6, 6036.6)
INFO:root:Output region (535.38, 500.00) (14141.7, 14677.0) x (6006.6, 6506.6)
INFO:root:Output region (535.38, 500.00) (14141.7, 14677.0) x (6476.6, 6976.6)
INFO:root:Output region (535.38, 500.00) (14141.7, 14677.0) x (6946.6, 7446.6)
INFO:root:Output region (535.38, 500.00) (14141.7, 14677.0) x (7416.6, 7916.6)
INFO:root:Output region (535.38, 500.00) (14141.7, 14677.0) x (7886.6, 8386.6)
INFO:root:Output region (535.38, 500.00) (14141.7, 14677.0) x (8356.6, 8856.6)
INFO:root:Output region (535.38, 500.00) (14141.7, 14677.0) x (8826.6, 9326.6)
INFO:root:Output region (535.38, 500.00) (14141.7, 14677.0) x (9296.6, 9796.6)
INFO:root:Output region (535.38, 500.00) (14141.7, 14677.0) x (9766.6, 10266.6)
INFO:root:Output region (535.38, 500.00) (14141.7, 14677.0) x (10236.6, 10736.6)
INFO:root:Output region (535.38, 500.00) (14141.7, 14677.0) x (10706.6, 11206.6)
INFO:root:Output region (535.38, 589.09) (14141.7, 14677.0) x (11176.6, 11765.7)
INFO:root:Left over size 559168 (559168, 30.00)
INFO:root:Read blocks of pixels: 86.31 x 6698.60
INFO:root:Read blocks of pixels: 146.36 x 6698.60
INFO:root:Read blocks of pixels: 199.26 x 6698.60
INFO:root:Read blocks of pixels: 255.00 x 6698.78
INFO:root:Read blocks of pixels: 308.14 x 6698.78
INFO:root:Read blocks of pixels: 365.15 x 6698.87
INFO:root:Read blocks of pixels: 393.89 x 6698.94
INFO:root:Read blocks of pixels: 393.89 x 6698.94
INFO:root:Output region (394.89, 501.00) (14646.0, 15040.9) x (5066.2, 5567.2)
INFO:root:Output region (394.89, 500.00) (14646.0, 15040.9) x (5537.2, 6037.2)
INFO:root:Output region (394.89, 500.00) (14646.0, 15040.9) x (6007.2, 6507.2)
INFO:root:Output region (394.89, 500.00) (14646.0, 15040.9) x (6477.2, 6977.2)
INFO:root:Output region (394.89, 500.00) (14646.0, 15040.9) x (6947.2, 7447.2)
INFO:root:Output region (394.89, 500.00) (14646.0, 15040.9) x (7417.2, 7917.2)
INFO:root:Output region (394.89, 500.00) (14646.0, 15040.9) x (7887.2, 8387.2)
INFO:root:Output region (394.89, 500.00) (14646.0, 15040.9) x (8357.2, 8857.2)
INFO:root:Output region (394.89, 500.00) (14646.0, 15040.9) x (8827.2, 9327.2)
INFO:root:Output region (394.89, 500.00) (14646.0, 15040.9) x (9297.2, 9797.2)
INFO:root:Output region (394.89, 500.00) (14646.0, 15040.9) x (9767.2, 10267.2)
INFO:root:Output region (394.89, 500.00) (14646.0, 15040.9) x (10237.2, 10737.2)
INFO:root:Output region (394.89, 500.00) (14646.0, 15040.9) x (10707.2, 11207.2)
INFO:root:Output region (394.89, 588.94) (14646.0, 15040.9) x (11177.2, 11766.1)
['X', 'random_index', 'Y', 'gene', 'Count']
gzip -f /dcs05/lieber/marmaypag/xenium_NAC_LIBD4125/xenium_NAC/processed-data/HD_Full_Analysis/FICTURE/outputs/H1-M3TCP9V_A1/nF_12/batched.matrix.tsv
--------------------------------------------------------------
Creating DGE for 12um...
--------------------------------------------------------------
ficture make_dge --key Count --input /dcs05/lieber/marmaypag/xenium_NAC_LIBD4125/xenium_NAC/processed-data/HD_Full_Analysis/FICTURE/inputs/H1-M3TCP9V_A1/transcripts.sorted.tsv.gz --output /dcs05/lieber/marmaypag/xenium_NAC_LIBD4125/xenium_NAC/processed-data/HD_Full_Analysis/FICTURE/outputs/H1-M3TCP9V_A1/nF_12/hexagon.d_12.tsv --hex_width 12 --n_move 2 --min_ct_per_unit 50 --mu_scale 1.0 --precision 2 --major_axis X --fractional-count 0
INFO:root:Random seed 1772847747.4975262
WARNING:root:The designated major key is not one of the specified count columns, --count_header is ignored
INFO:root:Processing 104638 pixels (1000000 8335.535, 8405.68).
INFO:root:Sliding offset 0, 0. Add 2752 units, median count 173.0, 2752 units so far.
INFO:root:Sliding offset 0, 1. Add 2945 units, median count 172.0, 5697 units so far.
INFO:root:Sliding offset 1, 0. Add 2748 units, median count 172.0, 8445 units so far.
INFO:root:Sliding offset 1, 1. Add 2952 units, median count 174.0, 11397 units so far.
INFO:root:Left over size 383823 (8382, 8406).
INFO:root:Processing 137353 pixels (1383823 8381.681, 8468.464).
INFO:root:Sliding offset 0, 0. Add 3303 units, median count 195.0, 14700 units so far.
INFO:root:Sliding offset 0, 1. Add 3009 units, median count 196.0, 17709 units so far.
INFO:root:Sliding offset 1, 0. Add 3303 units, median count 195.0, 21012 units so far.
INFO:root:Sliding offset 1, 1. Add 3019 units, median count 195.0, 24031 units so far.
INFO:root:Left over size 422377 (8444, 8468).
INFO:root:Processing 143697 pixels (1422377 8444.465, 8534.602).
INFO:root:Sliding offset 0, 0. Add 3327 units, median count 199.0, 27358 units so far.
INFO:root:Sliding offset 0, 1. Add 3320 units, median count 201.0, 30678 units so far.
INFO:root:Sliding offset 1, 0. Add 3330 units, median count 201.0, 34008 units so far.
INFO:root:Sliding offset 1, 1. Add 3322 units, median count 201.0, 37330 units so far.
INFO:root:Left over size 344478 (8511, 8535).
INFO:root:Processing 137964 pixels (1344478 8510.603, 8596.589).
INFO:root:Sliding offset 0, 0. Add 3109 units, median count 193.0, 40439 units so far.
INFO:root:Sliding offset 0, 1. Add 3349 units, median count 196.0, 43788 units so far.
INFO:root:Sliding offset 1, 0. Add 3108 units, median count 195.0, 46896 units so far.
INFO:root:Sliding offset 1, 1. Add 3342 units, median count 197.0, 50238 units so far.
INFO:root:Left over size 420417 (8573, 8597).
INFO:root:Processing 131090 pixels (1420417 8572.59, 8654.627).
INFO:root:Sliding offset 0, 0. Add 3027 units, median count 215.0, 53265 units so far.
INFO:root:Sliding offset 0, 1. Add 2803 units, median count 212.0, 56068 units so far.
INFO:root:Sliding offset 1, 0. Add 3035 units, median count 217.5, 59103 units so far.
INFO:root:Sliding offset 1, 1. Add 2812 units, median count 212.0, 61915 units so far.
INFO:root:Left over size 437003 (8631, 8655).
INFO:root:Processing 137250 pixels (1437003 8630.628, 8717.368).
INFO:root:Sliding offset 0, 0. Add 3005 units, median count 206.0, 64920 units so far.
INFO:root:Sliding offset 0, 1. Add 3292 units, median count 209.0, 68212 units so far.
INFO:root:Sliding offset 1, 0. Add 3002 units, median count 207.0, 71214 units so far.
INFO:root:Sliding offset 1, 1. Add 3294 units, median count 209.0, 74508 units so far.
INFO:root:Left over size 392542 (8693, 8717).
INFO:root:Processing 134462 pixels (1392542 8693.37, 8777.663).
INFO:root:Sliding offset 0, 0. Add 3052 units, median count 204.0, 77560 units so far.
INFO:root:Sliding offset 0, 1. Add 3063 units, median count 204.0, 80623 units so far.
INFO:root:Sliding offset 1, 0. Add 3057 units, median count 204.0, 83680 units so far.
INFO:root:Sliding offset 1, 1. Add 3065 units, median count 202.0, 86745 units so far.
INFO:root:Left over size 404266 (8754, 8778).
INFO:root:Processing 143194 pixels (1404266 8753.664, 8841.949).
INFO:root:Sliding offset 0, 0. Add 3427 units, median count 203.0, 90172 units so far.
INFO:root:Sliding offset 0, 1. Add 3265 units, median count 203.0, 93437 units so far.
INFO:root:Sliding offset 1, 0. Add 3420 units, median count 202.0, 96857 units so far.
INFO:root:Sliding offset 1, 1. Add 3262 units, median count 202.0, 100119 units so far.
INFO:root:Left over size 411015 (8818, 8842).
INFO:root:Processing 138116 pixels (1411015 8817.95, 8902.609).
INFO:root:Sliding offset 0, 0. Add 3137 units, median count 210.0, 103256 units so far.
INFO:root:Sliding offset 0, 1. Add 3259 units, median count 209.0, 106515 units so far.
INFO:root:Sliding offset 1, 0. Add 3135 units, median count 209.0, 109650 units so far.
INFO:root:Sliding offset 1, 1. Add 3247 units, median count 210.0, 112897 units so far.
INFO:root:Left over size 386697 (8879, 8903).
INFO:root:Processing 137841 pixels (1386697 8878.61, 8963.63).
INFO:root:Sliding offset 0, 0. Add 3101 units, median count 205.0, 115998 units so far.
INFO:root:Sliding offset 0, 1. Add 3153 units, median count 203.0, 119151 units so far.
INFO:root:Sliding offset 1, 0. Add 3102 units, median count 205.0, 122253 units so far.
INFO:root:Sliding offset 1, 1. Add 3153 units, median count 206.0, 125406 units so far.
INFO:root:Left over size 387189 (8940, 8964).
INFO:root:Processing 136303 pixels (1387189 8939.631, 9023.603).
INFO:root:Sliding offset 0, 0. Add 3110 units, median count 221.0, 128516 units so far.
INFO:root:Sliding offset 0, 1. Add 3109 units, median count 219.0, 131625 units so far.
INFO:root:Sliding offset 1, 0. Add 3112 units, median count 220.0, 134737 units so far.
INFO:root:Sliding offset 1, 1. Add 3106 units, median count 220.0, 137843 units so far.
INFO:root:Left over size 439363 (9000, 9024).
INFO:root:Processing 120183 pixels (1439363 8999.605, 9073.273).
INFO:root:Sliding offset 0, 0. Add 2677 units, median count 254.0, 140520 units so far.
INFO:root:Sliding offset 0, 1. Add 2505 units, median count 250.0, 143025 units so far.
INFO:root:Sliding offset 1, 0. Add 2679 units, median count 255.0, 145704 units so far.
INFO:root:Sliding offset 1, 1. Add 2511 units, median count 249.5, 148215 units so far.
INFO:root:Left over size 489919 (9049, 9073).
INFO:root:Processing 128000 pixels (1489919 9049.274, 9128.258).
INFO:root:Sliding offset 0, 0. Add 2869 units, median count 251.0, 151084 units so far.
INFO:root:Sliding offset 0, 1. Add 2734 units, median count 251.5, 153818 units so far.
INFO:root:Sliding offset 1, 0. Add 2859 units, median count 251.0, 156677 units so far.
INFO:root:Sliding offset 1, 1. Add 2740 units, median count 252.0, 159417 units so far.
INFO:root:Left over size 451161 (9104, 9128).
INFO:root:Processing 129010 pixels (1451161 9104.259, 9183.684).
INFO:root:Sliding offset 0, 0. Add 2813 units, median count 233.0, 162230 units so far.
INFO:root:Sliding offset 0, 1. Add 2909 units, median count 237.0, 165139 units so far.
INFO:root:Sliding offset 1, 0. Add 2815 units, median count 233.0, 167954 units so far.
INFO:root:Sliding offset 1, 1. Add 2906 units, median count 237.0, 170860 units so far.
INFO:root:Left over size 464040 (9160, 9184).
INFO:root:Processing 129091 pixels (1464040 9159.685, 9238.566).
INFO:root:Sliding offset 0, 0. Add 2812 units, median count 241.0, 173672 units so far.
INFO:root:Sliding offset 0, 1. Add 2960 units, median count 241.0, 176632 units so far.
INFO:root:Sliding offset 1, 0. Add 2806 units, median count 241.0, 179438 units so far.
INFO:root:Sliding offset 1, 1. Add 2958 units, median count 240.0, 182396 units so far.
INFO:root:Left over size 427348 (9215, 9239).
INFO:root:Processing 125930 pixels (1427348 9214.567, 9291.943).
INFO:root:Sliding offset 0, 0. Add 2785 units, median count 250.0, 185181 units so far.
INFO:root:Sliding offset 0, 1. Add 2675 units, median count 251.0, 187856 units so far.
INFO:root:Sliding offset 1, 0. Add 2788 units, median count 250.0, 190644 units so far.
INFO:root:Sliding offset 1, 1. Add 2675 units, median count 250.0, 193319 units so far.
INFO:root:Left over size 458925 (9268, 9292).
INFO:root:Processing 127091 pixels (1458925 9267.944, 9346.064).
INFO:root:Sliding offset 0, 0. Add 2816 units, median count 242.0, 196135 units so far.
INFO:root:Sliding offset 0, 1. Add 2826 units, median count 245.0, 198961 units so far.
INFO:root:Sliding offset 1, 0. Add 2817 units, median count 242.0, 201778 units so far.
INFO:root:Sliding offset 1, 1. Add 2838 units, median count 243.0, 204616 units so far.
INFO:root:Left over size 482287 (9322, 9346).
INFO:root:Processing 123125 pixels (1482287 9322.065, 9397.497).
INFO:root:Sliding offset 0, 0. Add 2732 units, median count 257.0, 207348 units so far.
INFO:root:Sliding offset 0, 1. Add 2653 units, median count 254.5, 210001 units so far.
INFO:root:Sliding offset 1, 0. Add 2738 units, median count 255.0, 212739 units so far.
INFO:root:Sliding offset 1, 1. Add 2661 units, median count 253.0, 215400 units so far.
INFO:root:Left over size 469201 (9373, 9397).
INFO:root:Processing 119626 pixels (1469201 9373.498, 9446.572).
INFO:root:Sliding offset 0, 0. Add 2566 units, median count 264.0, 217966 units so far.
INFO:root:Sliding offset 0, 1. Add 2478 units, median count 265.0, 220444 units so far.
INFO:root:Sliding offset 1, 0. Add 2560 units, median count 264.0, 223004 units so far.
INFO:root:Sliding offset 1, 1. Add 2473 units, median count 265.0, 225477 units so far.
INFO:root:Left over size 481831 (9423, 9447).
INFO:root:Processing 116365 pixels (1481831 9422.573, 9493.597).
INFO:root:Sliding offset 0, 0. Add 2450 units, median count 264.0, 227927 units so far.
INFO:root:Sliding offset 0, 1. Add 2518 units, median count 263.0, 230445 units so far.
INFO:root:Sliding offset 1, 0. Add 2448 units, median count 265.0, 232893 units so far.
INFO:root:Sliding offset 1, 1. Add 2516 units, median count 261.0, 235409 units so far.
INFO:root:Left over size 500824 (9470, 9494).
INFO:root:Processing 122966 pixels (1500824 9469.598, 9544.463).
INFO:root:Sliding offset 0, 0. Add 2579 units, median count 242.0, 237988 units so far.
INFO:root:Sliding offset 0, 1. Add 2729 units, median count 246.0, 240717 units so far.
INFO:root:Sliding offset 1, 0. Add 2585 units, median count 243.0, 243302 units so far.
INFO:root:Sliding offset 1, 1. Add 2727 units, median count 243.0, 246029 units so far.
INFO:root:Left over size 441807 (9520, 9544).
INFO:root:Processing 125572 pixels (1441807 9520.464, 9597.459).
INFO:root:Sliding offset 0, 0. Add 2788 units, median count 248.0, 248817 units so far.
INFO:root:Sliding offset 0, 1. Add 2624 units, median count 245.0, 251441 units so far.
INFO:root:Sliding offset 1, 0. Add 2787 units, median count 248.0, 254228 units so far.
INFO:root:Sliding offset 1, 1. Add 2632 units, median count 245.0, 256860 units so far.
INFO:root:Left over size 429662 (9573, 9597).
INFO:root:Processing 127727 pixels (1429662 9573.46, 9651.989).
INFO:root:Sliding offset 0, 0. Add 2773 units, median count 253.0, 259633 units so far.
INFO:root:Sliding offset 0, 1. Add 2861 units, median count 257.0, 262494 units so far.
INFO:root:Sliding offset 1, 0. Add 2776 units, median count 253.0, 265270 units so far.
INFO:root:Sliding offset 1, 1. Add 2858 units, median count 256.0, 268128 units so far.
INFO:root:Left over size 397247 (9628, 9652).
INFO:root:Processing 134904 pixels (1397247 9627.99, 9711.282).
INFO:root:Sliding offset 0, 0. Add 3076 units, median count 234.0, 271204 units so far.
INFO:root:Sliding offset 0, 1. Add 2968 units, median count 236.0, 274172 units so far.
INFO:root:Sliding offset 1, 0. Add 3080 units, median count 235.0, 277252 units so far.
INFO:root:Sliding offset 1, 1. Add 2961 units, median count 238.0, 280213 units so far.
INFO:root:Left over size 413868 (9687, 9711).
INFO:root:Processing 122629 pixels (1413868 9687.283, 9762.631).
INFO:root:Sliding offset 0, 0. Add 2569 units, median count 250.0, 282782 units so far.
INFO:root:Sliding offset 0, 1. Add 2738 units, median count 252.0, 285520 units so far.
INFO:root:Sliding offset 1, 0. Add 2573 units, median count 251.0, 288093 units so far.
INFO:root:Sliding offset 1, 1. Add 2740 units, median count 249.0, 290833 units so far.
INFO:root:Left over size 438704 (9739, 9763).
INFO:root:Processing 127537 pixels (1438704 9738.632, 9817.208).
INFO:root:Sliding offset 0, 0. Add 2872 units, median count 242.0, 293705 units so far.
INFO:root:Sliding offset 0, 1. Add 2796 units, median count 238.0, 296501 units so far.
INFO:root:Sliding offset 1, 0. Add 2872 units, median count 241.0, 299373 units so far.
INFO:root:Sliding offset 1, 1. Add 2790 units, median count 239.0, 302163 units so far.
INFO:root:Left over size 433362 (9793, 9817).
INFO:root:Processing 129044 pixels (1433362 9793.209, 9873.298).
INFO:root:Sliding offset 0, 0. Add 2904 units, median count 238.0, 305067 units so far.
INFO:root:Sliding offset 0, 1. Add 2809 units, median count 240.0, 307876 units so far.
INFO:root:Sliding offset 1, 0. Add 2901 units, median count 238.0, 310777 units so far.
INFO:root:Sliding offset 1, 1. Add 2812 units, median count 238.0, 313589 units so far.
INFO:root:Left over size 406012 (9849, 9873).
INFO:root:Processing 127231 pixels (1406012 9849.299, 9928.651).
INFO:root:Sliding offset 0, 0. Add 2755 units, median count 238.0, 316344 units so far.
INFO:root:Sliding offset 0, 1. Add 2980 units, median count 239.0, 319324 units so far.
INFO:root:Sliding offset 1, 0. Add 2760 units, median count 237.0, 322084 units so far.
INFO:root:Sliding offset 1, 1. Add 2973 units, median count 242.0, 325057 units so far.
INFO:root:Left over size 419225 (9905, 9929).
INFO:root:Processing 121627 pixels (1419225 9904.652, 9980.777).
INFO:root:Sliding offset 0, 0. Add 2746 units, median count 249.0, 327803 units so far.
INFO:root:Sliding offset 0, 1. Add 2492 units, median count 249.0, 330295 units so far.
INFO:root:Sliding offset 1, 0. Add 2737 units, median count 249.0, 333032 units so far.
INFO:root:Sliding offset 1, 1. Add 2493 units, median count 249.0, 335525 units so far.
INFO:root:Left over size 472643 (9957, 9981).
INFO:root:Processing 134574 pixels (1472643 9956.778, 10041.371).
INFO:root:Sliding offset 0, 0. Add 3028 units, median count 237.0, 338553 units so far.
INFO:root:Sliding offset 0, 1. Add 3077 units, median count 245.0, 341630 units so far.
INFO:root:Sliding offset 1, 0. Add 3037 units, median count 239.0, 344667 units so far.
INFO:root:Sliding offset 1, 1. Add 3074 units, median count 241.0, 347741 units so far.
INFO:root:Left over size 407294 (10017, 10041).
INFO:root:Processing 126261 pixels (1407294 10017.372, 10096.191).
INFO:root:Sliding offset 0, 0. Add 2780 units, median count 233.0, 350521 units so far.
INFO:root:Sliding offset 0, 1. Add 2920 units, median count 237.5, 353441 units so far.
INFO:root:Sliding offset 1, 0. Add 2784 units, median count 234.0, 356225 units so far.
INFO:root:Sliding offset 1, 1. Add 2914 units, median count 236.0, 359139 units so far.
INFO:root:Left over size 433682 (10072, 10096).
INFO:root:Processing 126278 pixels (1433682 10072.192, 10150.762).
INFO:root:Sliding offset 0, 0. Add 2784 units, median count 241.0, 361923 units so far.
INFO:root:Sliding offset 0, 1. Add 2871 units, median count 238.0, 364794 units so far.
INFO:root:Sliding offset 1, 0. Add 2780 units, median count 239.0, 367574 units so far.
INFO:root:Sliding offset 1, 1. Add 2876 units, median count 239.0, 370450 units so far.
INFO:root:Left over size 444103 (10127, 10151).
INFO:root:Processing 125437 pixels (1444103 10126.763, 10205.402).
INFO:root:Sliding offset 0, 0. Add 2766 units, median count 238.0, 373216 units so far.
INFO:root:Sliding offset 0, 1. Add 2802 units, median count 233.0, 376018 units so far.
INFO:root:Sliding offset 1, 0. Add 2770 units, median count 236.0, 378788 units so far.
INFO:root:Sliding offset 1, 1. Add 2798 units, median count 233.0, 381586 units so far.
INFO:root:Left over size 480100 (10181, 10205).
INFO:root:Processing 115419 pixels (1480100 10181.403, 10253.555).
INFO:root:Sliding offset 0, 0. Add 2472 units, median count 258.0, 384058 units so far.
INFO:root:Sliding offset 0, 1. Add 2465 units, median count 252.0, 386523 units so far.
INFO:root:Sliding offset 1, 0. Add 2471 units, median count 257.0, 388994 units so far.
INFO:root:Sliding offset 1, 1. Add 2467 units, median count 253.0, 391461 units so far.
INFO:root:Left over size 492026 (10230, 10254).
INFO:root:Processing 120259 pixels (1492026 10229.557, 10304.653).
INFO:root:Sliding offset 0, 0. Add 2766 units, median count 259.0, 394227 units so far.
INFO:root:Sliding offset 0, 1. Add 2461 units, median count 260.5, 396688 units so far.
INFO:root:Sliding offset 1, 0. Add 2766 units, median count 263.0, 399454 units so far.
INFO:root:Sliding offset 1, 1. Add 2464 units, median count 258.0, 401918 units so far.
INFO:root:Left over size 463099 (10281, 10305).
INFO:root:Processing 132410 pixels (1463099 10280.654, 10363.668).
INFO:root:Sliding offset 0, 0. Add 3051 units, median count 233.0, 404969 units so far.
INFO:root:Sliding offset 0, 1. Add 3100 units, median count 234.0, 408069 units so far.
INFO:root:Sliding offset 1, 0. Add 3053 units, median count 233.0, 411122 units so far.
INFO:root:Sliding offset 1, 1. Add 3105 units, median count 234.0, 414227 units so far.
INFO:root:Left over size 399124 (10340, 10364).
INFO:root:Processing 134271 pixels (1399124 10339.669, 10423.314).
INFO:root:Sliding offset 0, 0. Add 3072 units, median count 223.0, 417299 units so far.
INFO:root:Sliding offset 0, 1. Add 3115 units, median count 224.0, 420414 units so far.
INFO:root:Sliding offset 1, 0. Add 3072 units, median count 223.0, 423486 units so far.
INFO:root:Sliding offset 1, 1. Add 3117 units, median count 225.0, 426603 units so far.
INFO:root:Left over size 395141 (10399, 10423).
INFO:root:Processing 130862 pixels (1395141 10399.315, 10480.459).
INFO:root:Sliding offset 0, 0. Add 2909 units, median count 221.0, 429512 units so far.
INFO:root:Sliding offset 0, 1. Add 3029 units, median count 225.0, 432541 units so far.
INFO:root:Sliding offset 1, 0. Add 2909 units, median count 220.0, 435450 units so far.
INFO:root:Sliding offset 1, 1. Add 3031 units, median count 223.0, 438481 units so far.
INFO:root:Left over size 384481 (10456, 10480).
INFO:root:Processing 135983 pixels (1384481 10456.46, 10541.381).
INFO:root:Sliding offset 0, 0. Add 3103 units, median count 212.0, 441584 units so far.
INFO:root:Sliding offset 0, 1. Add 3184 units, median count 213.0, 444768 units so far.
INFO:root:Sliding offset 1, 0. Add 3102 units, median count 214.0, 447870 units so far.
INFO:root:Sliding offset 1, 1. Add 3179 units, median count 213.5, 451049 units so far.
INFO:root:Left over size 382071 (10517, 10541).
INFO:root:Processing 141536 pixels (1382071 10517.382, 10606.135).
INFO:root:Sliding offset 0, 0. Add 3409 units, median count 205.0, 454458 units so far.
INFO:root:Sliding offset 0, 1. Add 3261 units, median count 205.0, 457719 units so far.
INFO:root:Sliding offset 1, 0. Add 3405 units, median count 206.0, 461124 units so far.
INFO:root:Sliding offset 1, 1. Add 3269 units, median count 206.0, 464393 units so far.
INFO:root:Left over size 363544 (10582, 10606).
INFO:root:Processing 139824 pixels (1363544 10582.136, 10670.213).
INFO:root:Sliding offset 0, 0. Add 3380 units, median count 210.0, 467773 units so far.
INFO:root:Sliding offset 0, 1. Add 3214 units, median count 208.0, 470987 units so far.
INFO:root:Sliding offset 1, 0. Add 3383 units, median count 209.0, 474370 units so far.
INFO:root:Sliding offset 1, 1. Add 3214 units, median count 209.0, 477584 units so far.
INFO:root:Left over size 350648 (10646, 10670).
INFO:root:Processing 142785 pixels (1350648 10646.214, 10736.641).
INFO:root:Sliding offset 0, 0. Add 3363 units, median count 197.0, 480947 units so far.
INFO:root:Sliding offset 0, 1. Add 3369 units, median count 198.0, 484316 units so far.
INFO:root:Sliding offset 1, 0. Add 3368 units, median count 195.0, 487684 units so far.
INFO:root:Sliding offset 1, 1. Add 3369 units, median count 198.0, 491053 units so far.
INFO:root:Left over size 379577 (10713, 10737).
INFO:root:Processing 134752 pixels (1379577 10712.642, 10797.952).
INFO:root:Sliding offset 0, 0. Add 3064 units, median count 208.0, 494117 units so far.
INFO:root:Sliding offset 0, 1. Add 3185 units, median count 209.0, 497302 units so far.
INFO:root:Sliding offset 1, 0. Add 3064 units, median count 209.0, 500366 units so far.
INFO:root:Sliding offset 1, 1. Add 3192 units, median count 207.0, 503558 units so far.
INFO:root:Left over size 365919 (10774, 10798).
INFO:root:Processing 144208 pixels (1365919 10773.953, 10865.434).
INFO:root:Sliding offset 0, 0. Add 3353 units, median count 203.0, 506911 units so far.
INFO:root:Sliding offset 0, 1. Add 3519 units, median count 200.0, 510430 units so far.
INFO:root:Sliding offset 1, 0. Add 3360 units, median count 202.0, 513790 units so far.
INFO:root:Sliding offset 1, 1. Add 3523 units, median count 200.0, 517313 units so far.
INFO:root:Left over size 349579 (10841, 10865).
INFO:root:Processing 150104 pixels (1349579 10841.435, 10936.748).
INFO:root:Sliding offset 0, 0. Add 3630 units, median count 202.0, 520943 units so far.
INFO:root:Sliding offset 0, 1. Add 3591 units, median count 202.0, 524534 units so far.
INFO:root:Sliding offset 1, 0. Add 3627 units, median count 200.0, 528161 units so far.
INFO:root:Sliding offset 1, 1. Add 3585 units, median count 202.0, 531746 units so far.
INFO:root:Left over size 350425 (10913, 10937).
INFO:root:Processing 138782 pixels (1350425 10912.749, 11001.357).
INFO:root:Sliding offset 0, 0. Add 3303 units, median count 206.0, 535049 units so far.
INFO:root:Sliding offset 0, 1. Add 3103 units, median count 208.0, 538152 units so far.
INFO:root:Sliding offset 1, 0. Add 3309 units, median count 207.0, 541461 units so far.
INFO:root:Sliding offset 1, 1. Add 3111 units, median count 209.0, 544572 units so far.
INFO:root:Left over size 375556 (10977, 11001).
INFO:root:Processing 131239 pixels (1375556 10977.358, 11060.735).
INFO:root:Sliding offset 0, 0. Add 3028 units, median count 219.0, 547600 units so far.
INFO:root:Sliding offset 0, 1. Add 2984 units, median count 218.0, 550584 units so far.
INFO:root:Sliding offset 1, 0. Add 3020 units, median count 219.0, 553604 units so far.
INFO:root:Sliding offset 1, 1. Add 2980 units, median count 220.0, 556584 units so far.
INFO:root:Left over size 415130 (11037, 11061).
INFO:root:Processing 137301 pixels (1415130 11036.736, 11124.145).
INFO:root:Sliding offset 0, 0. Add 3011 units, median count 219.0, 559595 units so far.
INFO:root:Sliding offset 0, 1. Add 3270 units, median count 222.0, 562865 units so far.
INFO:root:Sliding offset 1, 0. Add 3013 units, median count 221.0, 565878 units so far.
INFO:root:Sliding offset 1, 1. Add 3258 units, median count 221.0, 569136 units so far.
INFO:root:Left over size 390222 (11100, 11124).
INFO:root:Processing 131935 pixels (1390222 11100.146, 11184.376).
INFO:root:Sliding offset 0, 0. Add 2983 units, median count 227.0, 572119 units so far.
INFO:root:Sliding offset 0, 1. Add 2943 units, median count 227.0, 575062 units so far.
INFO:root:Sliding offset 1, 0. Add 2980 units, median count 227.0, 578042 units so far.
INFO:root:Sliding offset 1, 1. Add 2951 units, median count 225.0, 580993 units so far.
INFO:root:Left over size 407298 (11160, 11184).
INFO:root:Processing 122225 pixels (1407298 11160.377, 11237.891).
INFO:root:Sliding offset 0, 0. Add 2633 units, median count 238.0, 583626 units so far.
INFO:root:Sliding offset 0, 1. Add 2692 units, median count 236.0, 586318 units so far.
INFO:root:Sliding offset 1, 0. Add 2630 units, median count 237.0, 588948 units so far.
INFO:root:Sliding offset 1, 1. Add 2682 units, median count 236.0, 591630 units so far.
INFO:root:Left over size 483712 (11214, 11238).
INFO:root:Processing 139121 pixels (1483712 11213.892, 11302.028).
INFO:root:Sliding offset 0, 0. Add 3313 units, median count 217.5, 594943 units so far.
INFO:root:Sliding offset 0, 1. Add 3175 units, median count 217.0, 598118 units so far.
INFO:root:Sliding offset 1, 0. Add 3315 units, median count 218.0, 601433 units so far.
INFO:root:Sliding offset 1, 1. Add 3171 units, median count 218.0, 604604 units so far.
INFO:root:Left over size 336172 (11278, 11302).
INFO:root:Processing 163089 pixels (1336172 11278.029, 11382.643).
INFO:root:Sliding offset 0, 0. Add 3998 units, median count 177.0, 608602 units so far.
INFO:root:Sliding offset 0, 1. Add 4025 units, median count 176.0, 612627 units so far.
INFO:root:Sliding offset 1, 0. Add 4006 units, median count 176.0, 616633 units so far.
INFO:root:Sliding offset 1, 1. Add 4040 units, median count 174.0, 620673 units so far.
INFO:root:Left over size 275617 (11359, 11383).
INFO:root:Processing 164464 pixels (1275617 11358.644, 11465.998).
INFO:root:Sliding offset 0, 0. Add 3979 units, median count 161.0, 624652 units so far.
INFO:root:Sliding offset 0, 1. Add 4061 units, median count 161.0, 628713 units so far.
INFO:root:Sliding offset 1, 0. Add 3982 units, median count 161.0, 632695 units so far.
INFO:root:Sliding offset 1, 1. Add 4058 units, median count 162.0, 636753 units so far.
INFO:root:Left over size 321554 (11442, 11466).
INFO:root:Processing 168003 pixels (1321554 11441.999, 11551.847).
INFO:root:Sliding offset 0, 0. Add 4317 units, median count 170.0, 641070 units so far.
INFO:root:Sliding offset 0, 1. Add 4107 units, median count 170.0, 645177 units so far.
INFO:root:Sliding offset 1, 0. Add 4331 units, median count 169.0, 649508 units so far.
INFO:root:Sliding offset 1, 1. Add 4102 units, median count 169.0, 653610 units so far.
INFO:root:Left over size 281935 (11528, 11552).
INFO:root:Processing 144481 pixels (1281935 11527.848, 11623.37).
INFO:root:Sliding offset 0, 0. Add 3344 units, median count 181.5, 656954 units so far.
INFO:root:Sliding offset 0, 1. Add 3384 units, median count 184.0, 660338 units so far.
INFO:root:Sliding offset 1, 0. Add 3340 units, median count 181.0, 663678 units so far.
INFO:root:Sliding offset 1, 1. Add 3394 units, median count 182.0, 667072 units so far.
INFO:root:Left over size 321781 (11599, 11623).
INFO:root:Processing 155244 pixels (1321781 11599.371, 11702.999).
INFO:root:Sliding offset 0, 0. Add 3731 units, median count 175.0, 670803 units so far.
INFO:root:Sliding offset 0, 1. Add 3654 units, median count 176.0, 674457 units so far.
INFO:root:Sliding offset 1, 0. Add 3735 units, median count 175.0, 678192 units so far.
INFO:root:Sliding offset 1, 1. Add 3651 units, median count 176.0, 681843 units so far.
INFO:root:Left over size 289940 (11679, 11703).
INFO:root:Processing 145975 pixels (1289940 11679.0, 11775.496).
INFO:root:Sliding offset 0, 0. Add 3436 units, median count 187.0, 685279 units so far.
INFO:root:Sliding offset 0, 1. Add 3508 units, median count 188.0, 688787 units so far.
INFO:root:Sliding offset 1, 0. Add 3439 units, median count 187.0, 692226 units so far.
INFO:root:Sliding offset 1, 1. Add 3489 units, median count 188.0, 695715 units so far.
INFO:root:Left over size 320333 (11751, 11775).
INFO:root:Processing 130714 pixels (1320333 11751.498, 11836.974).
INFO:root:Sliding offset 0, 0. Add 2904 units, median count 205.0, 698619 units so far.
INFO:root:Sliding offset 0, 1. Add 3107 units, median count 205.0, 701726 units so far.
INFO:root:Sliding offset 1, 0. Add 2902 units, median count 206.0, 704628 units so far.
INFO:root:Sliding offset 1, 1. Add 3092 units, median count 204.0, 707720 units so far.
INFO:root:Left over size 433565 (11813, 11837).
INFO:root:Processing 114467 pixels (1433565 11812.976, 11887.437).
INFO:root:Sliding offset 0, 0. Add 2528 units, median count 208.0, 710248 units so far.
INFO:root:Sliding offset 0, 1. Add 2332 units, median count 205.0, 712580 units so far.
INFO:root:Sliding offset 1, 0. Add 2524 units, median count 210.0, 715104 units so far.
INFO:root:Sliding offset 1, 1. Add 2347 units, median count 205.0, 717451 units so far.
INFO:root:Left over size 456961 (11863, 11887).
INFO:root:Processing 141420 pixels (1456961 11863.438, 11956.105).
INFO:root:Sliding offset 0, 0. Add 3246 units, median count 191.5, 720697 units so far.
INFO:root:Sliding offset 0, 1. Add 3313 units, median count 192.0, 724010 units so far.
INFO:root:Sliding offset 1, 0. Add 3235 units, median count 189.0, 727245 units so far.
INFO:root:Sliding offset 1, 1. Add 3304 units, median count 191.0, 730549 units so far.
INFO:root:Left over size 317766 (11932, 11956).
INFO:root:Processing 135575 pixels (1317766 11932.106, 12021.96).
INFO:root:Sliding offset 0, 0. Add 3112 units, median count 183.0, 733661 units so far.
INFO:root:Sliding offset 0, 1. Add 3092 units, median count 182.0, 736753 units so far.
INFO:root:Sliding offset 1, 0. Add 3112 units, median count 183.0, 739865 units so far.
INFO:root:Sliding offset 1, 1. Add 3080 units, median count 185.0, 742945 units so far.
INFO:root:Left over size 348821 (11998, 12022).
INFO:root:Processing 141595 pixels (1348821 11997.961, 12092.465).
INFO:root:Sliding offset 0, 0. Add 3324 units, median count 177.0, 746269 units so far.
INFO:root:Sliding offset 0, 1. Add 3213 units, median count 177.0, 749482 units so far.
INFO:root:Sliding offset 1, 0. Add 3320 units, median count 176.0, 752802 units so far.
INFO:root:Sliding offset 1, 1. Add 3218 units, median count 177.0, 756020 units so far.
INFO:root:Left over size 318889 (12068, 12092).
INFO:root:Processing 165955 pixels (1318889 12068.466, 12180.308).
INFO:root:Sliding offset 0, 0. Add 3908 units, median count 162.0, 759928 units so far.
INFO:root:Sliding offset 0, 1. Add 4128 units, median count 161.0, 764056 units so far.
INFO:root:Sliding offset 1, 0. Add 3900 units, median count 162.0, 767956 units so far.
INFO:root:Sliding offset 1, 1. Add 4124 units, median count 161.0, 772080 units so far.
INFO:root:Left over size 308801 (12156, 12180).
INFO:root:Processing 145628 pixels (1308801 12156.31, 12255.065).
INFO:root:Sliding offset 0, 0. Add 3518 units, median count 161.0, 775598 units so far.
INFO:root:Sliding offset 0, 1. Add 3306 units, median count 162.0, 778904 units so far.
INFO:root:Sliding offset 1, 0. Add 3535 units, median count 160.0, 782439 units so far.
INFO:root:Sliding offset 1, 1. Add 3329 units, median count 161.0, 785768 units so far.
INFO:root:Left over size 360744 (12231, 12255).
INFO:root:Processing 148533 pixels (1360744 12231.067, 12332.788).
INFO:root:Sliding offset 0, 0. Add 3508 units, median count 154.0, 789276 units so far.
INFO:root:Sliding offset 0, 1. Add 3502 units, median count 154.0, 792778 units so far.
INFO:root:Sliding offset 1, 0. Add 3519 units, median count 153.0, 796297 units so far.
INFO:root:Sliding offset 1, 1. Add 3508 units, median count 154.0, 799805 units so far.
INFO:root:Left over size 362779 (12309, 12333).
INFO:root:Processing 160122 pixels (1362779 12308.789, 12420.525).
INFO:root:Sliding offset 0, 0. Add 3657 units, median count 152.0, 803462 units so far.
INFO:root:Sliding offset 0, 1. Add 3812 units, median count 152.0, 807274 units so far.
INFO:root:Sliding offset 1, 0. Add 3657 units, median count 151.0, 810931 units so far.
INFO:root:Sliding offset 1, 1. Add 3809 units, median count 151.0, 814740 units so far.
INFO:root:Left over size 264278 (12397, 12421).
INFO:root:Processing 163260 pixels (1264278 12396.526, 12512.269).
INFO:root:Sliding offset 0, 0. Add 3887 units, median count 158.0, 818627 units so far.
INFO:root:Sliding offset 0, 1. Add 3725 units, median count 155.0, 822352 units so far.
INFO:root:Sliding offset 1, 0. Add 3895 units, median count 156.0, 826247 units so far.
INFO:root:Sliding offset 1, 1. Add 3758 units, median count 154.0, 830005 units so far.
INFO:root:Left over size 250470 (12488, 12512).
INFO:root:Processing 151810 pixels (1250470 12488.271, 12596.533).
INFO:root:Sliding offset 0, 0. Add 3466 units, median count 163.0, 833471 units so far.
INFO:root:Sliding offset 0, 1. Add 3470 units, median count 163.0, 836941 units so far.
INFO:root:Sliding offset 1, 0. Add 3479 units, median count 163.0, 840420 units so far.
INFO:root:Sliding offset 1, 1. Add 3461 units, median count 162.0, 843881 units so far.
INFO:root:Left over size 292466 (12573, 12597).
INFO:root:Processing 134026 pixels (1292466 12572.534, 12667.808).
INFO:root:Sliding offset 0, 0. Add 2967 units, median count 175.0, 846848 units so far.
INFO:root:Sliding offset 0, 1. Add 2984 units, median count 175.0, 849832 units so far.
INFO:root:Sliding offset 1, 0. Add 2959 units, median count 176.0, 852791 units so far.
INFO:root:Sliding offset 1, 1. Add 2985 units, median count 176.0, 855776 units so far.
INFO:root:Left over size 381888 (12644, 12668).
INFO:root:Processing 123146 pixels (1381888 12643.809, 12730.64).
INFO:root:Sliding offset 0, 0. Add 2579 units, median count 185.0, 858355 units so far.
INFO:root:Sliding offset 0, 1. Add 2724 units, median count 187.0, 861079 units so far.
INFO:root:Sliding offset 1, 0. Add 2576 units, median count 187.0, 863655 units so far.
INFO:root:Sliding offset 1, 1. Add 2715 units, median count 185.0, 866370 units so far.
INFO:root:Left over size 344809 (12707, 12731).
INFO:root:Processing 138858 pixels (1344809 12706.641, 12805.662).
INFO:root:Sliding offset 0, 0. Add 3196 units, median count 176.0, 869566 units so far.
INFO:root:Sliding offset 0, 1. Add 3054 units, median count 176.0, 872620 units so far.
INFO:root:Sliding offset 1, 0. Add 3190 units, median count 177.0, 875810 units so far.
INFO:root:Sliding offset 1, 1. Add 3069 units, median count 176.5, 878879 units so far.
INFO:root:Left over size 319274 (12782, 12806).
INFO:root:Processing 137099 pixels (1319274 12781.664, 12880.45).
INFO:root:Sliding offset 0, 0. Add 2954 units, median count 181.0, 881833 units so far.
INFO:root:Sliding offset 0, 1. Add 3058 units, median count 184.0, 884891 units so far.
INFO:root:Sliding offset 1, 0. Add 2927 units, median count 182.0, 887818 units so far.
INFO:root:Sliding offset 1, 1. Add 3061 units, median count 182.0, 890879 units so far.
INFO:root:Left over size 385555 (12856, 12880).
INFO:root:Processing 119558 pixels (1385555 12856.451, 12942.561).
INFO:root:Sliding offset 0, 0. Add 2536 units, median count 192.0, 893415 units so far.
INFO:root:Sliding offset 0, 1. Add 2521 units, median count 192.0, 895936 units so far.
INFO:root:Sliding offset 1, 0. Add 2542 units, median count 193.5, 898478 units so far.
INFO:root:Sliding offset 1, 1. Add 2541 units, median count 188.0, 901019 units so far.
INFO:root:Left over size 322309 (12919, 12943).
INFO:root:Processing 130147 pixels (1322309 12918.562, 13010.204).
INFO:root:Sliding offset 0, 0. Add 2952 units, median count 194.0, 903971 units so far.
INFO:root:Sliding offset 0, 1. Add 2795 units, median count 196.0, 906766 units so far.
INFO:root:Sliding offset 1, 0. Add 2960 units, median count 193.0, 909726 units so far.
INFO:root:Sliding offset 1, 1. Add 2794 units, median count 196.0, 912520 units so far.
INFO:root:Left over size 370062 (12986, 13010).
INFO:root:Processing 129796 pixels (1370062 12986.205, 13076.574).
INFO:root:Sliding offset 0, 0. Add 2866 units, median count 191.0, 915386 units so far.
INFO:root:Sliding offset 0, 1. Add 2877 units, median count 192.0, 918263 units so far.
INFO:root:Sliding offset 1, 0. Add 2870 units, median count 190.0, 921133 units so far.
INFO:root:Sliding offset 1, 1. Add 2879 units, median count 190.0, 924012 units so far.
INFO:root:Left over size 298045 (13053, 13077).
INFO:root:Processing 146274 pixels (1298045 13052.575, 13156.071).
INFO:root:Sliding offset 0, 0. Add 3326 units, median count 178.0, 927338 units so far.
INFO:root:Sliding offset 0, 1. Add 3433 units, median count 180.0, 930771 units so far.
INFO:root:Sliding offset 1, 0. Add 3310 units, median count 178.0, 934081 units so far.
INFO:root:Sliding offset 1, 1. Add 3438 units, median count 180.0, 937519 units so far.
INFO:root:Left over size 317013 (13132, 13156).
INFO:root:Processing 122182 pixels (1317013 13132.072, 13216.127).
INFO:root:Sliding offset 0, 0. Add 2698 units, median count 187.0, 940217 units so far.
INFO:root:Sliding offset 0, 1. Add 2698 units, median count 189.0, 942915 units so far.
INFO:root:Sliding offset 1, 0. Add 2691 units, median count 189.0, 945606 units so far.
INFO:root:Sliding offset 1, 1. Add 2684 units, median count 189.0, 948290 units so far.
INFO:root:Left over size 408963 (13192, 13216).
INFO:root:Processing 135954 pixels (1408963 13192.128, 13283.634).
INFO:root:Sliding offset 0, 0. Add 3104 units, median count 182.0, 951394 units so far.
INFO:root:Sliding offset 0, 1. Add 3238 units, median count 180.0, 954632 units so far.
INFO:root:Sliding offset 1, 0. Add 3103 units, median count 181.0, 957735 units so far.
INFO:root:Sliding offset 1, 1. Add 3246 units, median count 182.0, 960981 units so far.
INFO:root:Left over size 343319 (13260, 13284).
INFO:root:Processing 156271 pixels (1343319 13259.635, 13365.109).
INFO:root:Sliding offset 0, 0. Add 3841 units, median count 164.0, 964822 units so far.
INFO:root:Sliding offset 0, 1. Add 3600 units, median count 164.0, 968422 units so far.
INFO:root:Sliding offset 1, 0. Add 3822 units, median count 164.0, 972244 units so far.
INFO:root:Sliding offset 1, 1. Add 3608 units, median count 164.0, 975852 units so far.
INFO:root:Left over size 277448 (13341, 13365).
INFO:root:Processing 156612 pixels (1277448 13341.11, 13449.895).
INFO:root:Sliding offset 0, 0. Add 3652 units, median count 164.0, 979504 units so far.
INFO:root:Sliding offset 0, 1. Add 3752 units, median count 166.0, 983256 units so far.
INFO:root:Sliding offset 1, 0. Add 3655 units, median count 165.0, 986911 units so far.
INFO:root:Sliding offset 1, 1. Add 3750 units, median count 165.0, 990661 units so far.
INFO:root:Left over size 320152 (13426, 13450).
INFO:root:Processing 131254 pixels (1320152 13425.897, 13517.534).
INFO:root:Sliding offset 0, 0. Add 2807 units, median count 183.0, 993468 units so far.
INFO:root:Sliding offset 0, 1. Add 2952 units, median count 184.0, 996420 units so far.
INFO:root:Sliding offset 1, 0. Add 2801 units, median count 185.0, 999221 units so far.
INFO:root:Sliding offset 1, 1. Add 2927 units, median count 184.0, 1002148 units so far.
INFO:root:Left over size 329174 (13494, 13518).
INFO:root:Processing 134149 pixels (1329174 13493.536, 13587.464).
INFO:root:Sliding offset 0, 0. Add 3129 units, median count 189.0, 1005277 units so far.
INFO:root:Sliding offset 0, 1. Add 2921 units, median count 188.0, 1008198 units so far.
INFO:root:Sliding offset 1, 0. Add 3123 units, median count 187.5, 1011321 units so far.
INFO:root:Sliding offset 1, 1. Add 2935 units, median count 187.0, 1014256 units so far.
INFO:root:Left over size 364110 (13563, 13587).
INFO:root:Processing 119044 pixels (1364110 13563.465, 13644.843).
INFO:root:Sliding offset 0, 0. Add 2612 units, median count 196.0, 1016868 units so far.
INFO:root:Sliding offset 0, 1. Add 2690 units, median count 196.0, 1019558 units so far.
INFO:root:Sliding offset 1, 0. Add 2622 units, median count 195.0, 1022180 units so far.
INFO:root:Sliding offset 1, 1. Add 2706 units, median count 194.0, 1024886 units so far.
INFO:root:Left over size 465885 (13621, 13645).
INFO:root:Processing 112942 pixels (1465885 13620.844, 13697.834).
INFO:root:Sliding offset 0, 0. Add 2339 units, median count 201.0, 1027225 units so far.
INFO:root:Sliding offset 0, 1. Add 2422 units, median count 200.0, 1029647 units so far.
INFO:root:Sliding offset 1, 0. Add 2321 units, median count 199.0, 1031968 units so far.
INFO:root:Sliding offset 1, 1. Add 2423 units, median count 200.0, 1034391 units so far.
INFO:root:Left over size 459583 (13674, 13698).
INFO:root:Processing 130206 pixels (1459583 13673.835, 13762.513).
INFO:root:Sliding offset 0, 0. Add 2986 units, median count 177.0, 1037377 units so far.
INFO:root:Sliding offset 0, 1. Add 2917 units, median count 178.0, 1040294 units so far.
INFO:root:Sliding offset 1, 0. Add 2972 units, median count 178.0, 1043266 units so far.
INFO:root:Sliding offset 1, 1. Add 2919 units, median count 179.0, 1046185 units so far.
INFO:root:Left over size 384849 (13739, 13763).
INFO:root:Processing 119355 pixels (1384849 13738.514, 13818.569).
INFO:root:Sliding offset 0, 0. Add 2613 units, median count 185.0, 1048798 units so far.
INFO:root:Sliding offset 0, 1. Add 2611 units, median count 182.0, 1051409 units so far.
INFO:root:Sliding offset 1, 0. Add 2606 units, median count 183.0, 1054015 units so far.
INFO:root:Sliding offset 1, 1. Add 2611 units, median count 183.0, 1056626 units so far.
INFO:root:Left over size 450721 (13795, 13819).
INFO:root:Processing 115930 pixels (1450721 13794.57, 13871.803).
INFO:root:Sliding offset 0, 0. Add 2507 units, median count 193.5, 1059133 units so far.
INFO:root:Sliding offset 0, 1. Add 2594 units, median count 191.0, 1061727 units so far.
INFO:root:Sliding offset 1, 0. Add 2499 units, median count 192.0, 1064226 units so far.
INFO:root:Sliding offset 1, 1. Add 2590 units, median count 194.0, 1066816 units so far.
INFO:root:Left over size 431914 (13848, 13872).
INFO:root:Processing 128384 pixels (1431914 13847.804, 13932.726).
INFO:root:Sliding offset 0, 0. Add 3010 units, median count 178.0, 1069826 units so far.
INFO:root:Sliding offset 0, 1. Add 2907 units, median count 175.0, 1072733 units so far.
INFO:root:Sliding offset 1, 0. Add 3009 units, median count 177.0, 1075742 units so far.
INFO:root:Sliding offset 1, 1. Add 2910 units, median count 177.0, 1078652 units so far.
INFO:root:Left over size 409453 (13909, 13933).
INFO:root:Processing 114245 pixels (1409453 13908.727, 13983.996).
INFO:root:Sliding offset 0, 0. Add 2501 units, median count 186.0, 1081153 units so far.
INFO:root:Sliding offset 0, 1. Add 2478 units, median count 188.0, 1083631 units so far.
INFO:root:Sliding offset 1, 0. Add 2521 units, median count 184.0, 1086152 units so far.
INFO:root:Sliding offset 1, 1. Add 2479 units, median count 185.0, 1088631 units so far.
INFO:root:Left over size 481869 (13960, 13984).
INFO:root:Processing 132413 pixels (1481869 13959.997, 14048.133).
INFO:root:Sliding offset 0, 0. Add 3124 units, median count 184.0, 1091755 units so far.
INFO:root:Sliding offset 0, 1. Add 2995 units, median count 183.0, 1094750 units so far.
INFO:root:Sliding offset 1, 0. Add 3116 units, median count 184.0, 1097866 units so far.
INFO:root:Sliding offset 1, 1. Add 2999 units, median count 181.0, 1100865 units so far.
INFO:root:Left over size 329277 (14024, 14048).
INFO:root:Processing 136938 pixels (1329277 14024.134, 14115.643).
INFO:root:Sliding offset 0, 0. Add 3180 units, median count 171.0, 1104045 units so far.
INFO:root:Sliding offset 0, 1. Add 3253 units, median count 170.0, 1107298 units so far.
INFO:root:Sliding offset 1, 0. Add 3192 units, median count 169.0, 1110490 units so far.
INFO:root:Sliding offset 1, 1. Add 3260 units, median count 170.0, 1113750 units so far.
INFO:root:Left over size 457724 (14092, 14116).
INFO:root:Processing 123166 pixels (1457724 14091.644, 14172.658).
INFO:root:Sliding offset 0, 0. Add 2759 units, median count 179.0, 1116509 units so far.
INFO:root:Sliding offset 0, 1. Add 2853 units, median count 179.0, 1119362 units so far.
INFO:root:Sliding offset 1, 0. Add 2743 units, median count 179.5, 1122105 units so far.
INFO:root:Sliding offset 1, 1. Add 2858 units, median count 179.0, 1124963 units so far.
INFO:root:Left over size 385143 (14149, 14173).
INFO:root:Processing 131559 pixels (1385143 14148.66, 14234.701).
INFO:root:Sliding offset 0, 0. Add 3150 units, median count 177.0, 1128113 units so far.
INFO:root:Sliding offset 0, 1. Add 2982 units, median count 176.0, 1131095 units so far.
INFO:root:Sliding offset 1, 0. Add 3152 units, median count 177.5, 1134247 units so far.
INFO:root:Sliding offset 1, 1. Add 2980 units, median count 176.0, 1137227 units so far.
INFO:root:Left over size 341431 (14211, 14235).
INFO:root:Processing 132408 pixels (1341431 14210.702, 14297.915).
INFO:root:Sliding offset 0, 0. Add 2957 units, median count 170.0, 1140184 units so far.
INFO:root:Sliding offset 0, 1. Add 3243 units, median count 172.0, 1143427 units so far.
INFO:root:Sliding offset 1, 0. Add 2964 units, median count 172.0, 1146391 units so far.
INFO:root:Sliding offset 1, 1. Add 3237 units, median count 173.0, 1149628 units so far.
INFO:root:Left over size 365631 (14274, 14298).
INFO:root:Processing 129521 pixels (1365631 14273.916, 14359.837).
INFO:root:Sliding offset 0, 0. Add 3148 units, median count 178.0, 1152776 units so far.
INFO:root:Sliding offset 0, 1. Add 2896 units, median count 177.0, 1155672 units so far.
INFO:root:Sliding offset 1, 0. Add 3148 units, median count 179.5, 1158820 units so far.
INFO:root:Sliding offset 1, 1. Add 2906 units, median count 178.0, 1161726 units so far.
INFO:root:Left over size 379659 (14336, 14360).
INFO:root:Processing 136757 pixels (1379659 14335.838, 14426.252).
INFO:root:Sliding offset 0, 0. Add 3258 units, median count 174.5, 1164984 units so far.
INFO:root:Sliding offset 0, 1. Add 3237 units, median count 175.0, 1168221 units so far.
INFO:root:Sliding offset 1, 0. Add 3258 units, median count 175.0, 1171479 units so far.
INFO:root:Sliding offset 1, 1. Add 3236 units, median count 175.0, 1174715 units so far.
INFO:root:Left over size 321806 (14402, 14426).
INFO:root:Processing 145247 pixels (1321806 14402.253, 14498.551).
INFO:root:Sliding offset 0, 0. Add 3540 units, median count 154.0, 1178255 units so far.
INFO:root:Sliding offset 0, 1. Add 3522 units, median count 155.0, 1181777 units so far.
INFO:root:Sliding offset 1, 0. Add 3534 units, median count 155.0, 1185311 units so far.
INFO:root:Sliding offset 1, 1. Add 3517 units, median count 155.0, 1188828 units so far.
INFO:root:Left over size 372654 (14475, 14499).
INFO:root:Processing 123517 pixels (1372654 14474.552, 14555.407).
INFO:root:Sliding offset 0, 0. Add 2694 units, median count 170.0, 1191522 units so far.
INFO:root:Sliding offset 0, 1. Add 2983 units, median count 169.0, 1194505 units so far.
INFO:root:Sliding offset 1, 0. Add 2693 units, median count 172.0, 1197198 units so far.
INFO:root:Sliding offset 1, 1. Add 2980 units, median count 172.0, 1200178 units so far.
INFO:root:Left over size 435135 (14531, 14555).
INFO:root:Processing 129406 pixels (1435135 14531.408, 14616.385).
INFO:root:Sliding offset 0, 0. Add 2992 units, median count 183.0, 1203170 units so far.
INFO:root:Sliding offset 0, 1. Add 2942 units, median count 181.0, 1206112 units so far.
INFO:root:Sliding offset 1, 0. Add 2989 units, median count 182.0, 1209101 units so far.
INFO:root:Sliding offset 1, 1. Add 2932 units, median count 180.0, 1212033 units so far.
INFO:root:Left over size 379883 (14592, 14616).
INFO:root:Processing 126895 pixels (1379883 14592.386, 14677.041).
INFO:root:Sliding offset 0, 0. Add 2963 units, median count 171.0, 1214996 units so far.
INFO:root:Sliding offset 0, 1. Add 2876 units, median count 168.0, 1217872 units so far.
INFO:root:Sliding offset 1, 0. Add 2961 units, median count 172.0, 1220833 units so far.
INFO:root:Sliding offset 1, 1. Add 2877 units, median count 174.0, 1223710 units so far.
INFO:root:Left over size 441867 (14653, 14677).
INFO:root:Processing 122600 pixels (1441867 14653.042, 14733.355).
INFO:root:Sliding offset 0, 0. Add 2816 units, median count 186.0, 1226526 units so far.
INFO:root:Sliding offset 0, 1. Add 2722 units, median count 188.0, 1229248 units so far.
INFO:root:Sliding offset 1, 0. Add 2811 units, median count 186.0, 1232059 units so far.
INFO:root:Sliding offset 1, 1. Add 2724 units, median count 188.0, 1234783 units so far.
INFO:root:Left over size 454907 (14709, 14733).
INFO:root:Processing 129235 pixels (1454907 14709.357, 14793.397).
INFO:root:Sliding offset 0, 0. Add 3017 units, median count 176.0, 1237800 units so far.
INFO:root:Sliding offset 0, 1. Add 3013 units, median count 176.0, 1240813 units so far.
INFO:root:Sliding offset 1, 0. Add 3005 units, median count 176.0, 1243818 units so far.
INFO:root:Sliding offset 1, 1. Add 3009 units, median count 175.0, 1246827 units so far.
INFO:root:Left over size 420626 (14769, 14793).
INFO:root:Processing 119210 pixels (1420626 14769.398, 14846.298).
INFO:root:Sliding offset 0, 0. Add 2716 units, median count 191.0, 1249543 units so far.
INFO:root:Sliding offset 0, 1. Add 2676 units, median count 193.0, 1252219 units so far.
INFO:root:Sliding offset 1, 0. Add 2716 units, median count 190.0, 1254935 units so far.
INFO:root:Sliding offset 1, 1. Add 2678 units, median count 193.0, 1257613 units so far.
INFO:root:Left over size 476353 (14822, 14846).
INFO:root:Processing 123139 pixels (1476353 14822.299, 14902.041).
INFO:root:Sliding offset 0, 0. Add 2729 units, median count 180.0, 1260342 units so far.
INFO:root:Sliding offset 0, 1. Add 2868 units, median count 182.0, 1263210 units so far.
INFO:root:Sliding offset 1, 0. Add 2727 units, median count 179.0, 1265937 units so far.
INFO:root:Sliding offset 1, 1. Add 2869 units, median count 180.0, 1268806 units so far.
INFO:root:Left over size 439746 (14878, 14902).
INFO:root:Processing 118864 pixels (1439746 14878.042, 14955.179).
INFO:root:Sliding offset 0, 0. Add 2703 units, median count 184.0, 1271509 units so far.
INFO:root:Sliding offset 0, 1. Add 2590 units, median count 186.0, 1274099 units so far.
INFO:root:Sliding offset 1, 0. Add 2705 units, median count 187.0, 1276804 units so far.
INFO:root:Sliding offset 1, 1. Add 2584 units, median count 188.0, 1279388 units so far.
INFO:root:Left over size 435903 (14931, 14955).
INFO:root:Processing 123798 pixels (1435903 14931.18, 15012.192).
INFO:root:Sliding offset 0, 0. Add 2696 units, median count 181.0, 1282084 units so far.
INFO:root:Sliding offset 0, 1. Add 2932 units, median count 181.0, 1285016 units so far.
INFO:root:Sliding offset 1, 0. Add 2697 units, median count 180.0, 1287713 units so far.
INFO:root:Sliding offset 1, 1. Add 2923 units, median count 181.0, 1290636 units so far.
INFO:root:Left over size 398806 (14988, 15012).
INFO:root:Processing 75499 pixels (780820 14988.193, 15040.93).
INFO:root:Sliding offset 0, 0. Add 1402 units, median count 156.0, 1292038 units so far.
INFO:root:Sliding offset 0, 1. Add 1349 units, median count 157.0, 1293387 units so far.
INFO:root:Sliding offset 1, 0. Add 1400 units, median count 158.0, 1294787 units so far.
INFO:root:Sliding offset 1, 1. Add 1361 units, median count 155.0, 1296148 units so far.
INFO:root:Left over size 311447 (15017, 15041).
['X', 'Y', 'gene', 'Count']
sort -k 1,1n /dcs05/lieber/marmaypag/xenium_NAC_LIBD4125/xenium_NAC/processed-data/HD_Full_Analysis/FICTURE/outputs/H1-M3TCP9V_A1/nF_12/hexagon.d_12.tsv | gzip -c > /dcs05/lieber/marmaypag/xenium_NAC_LIBD4125/xenium_NAC/processed-data/HD_Full_Analysis/FICTURE/outputs/H1-M3TCP9V_A1/nF_12/hexagon.d_12.tsv.gz
rm /dcs05/lieber/marmaypag/xenium_NAC_LIBD4125/xenium_NAC/processed-data/HD_Full_Analysis/FICTURE/outputs/H1-M3TCP9V_A1/nF_12/hexagon.d_12.tsv
--------------------------------------------------------------
Creating LDA for 12um and 12 factors...
--------------------------------------------------------------
mkdir -p /dcs05/lieber/marmaypag/xenium_NAC_LIBD4125/xenium_NAC/processed-data/HD_Full_Analysis/FICTURE/outputs/H1-M3TCP9V_A1/nF_12/analysis/nF12.d_12/figure
ficture fit_model --input /dcs05/lieber/marmaypag/xenium_NAC_LIBD4125/xenium_NAC/processed-data/HD_Full_Analysis/FICTURE/outputs/H1-M3TCP9V_A1/nF_12/hexagon.d_12.tsv.gz --output /dcs05/lieber/marmaypag/xenium_NAC_LIBD4125/xenium_NAC/processed-data/HD_Full_Analysis/FICTURE/outputs/H1-M3TCP9V_A1/nF_12/analysis/nF12.d_12/nF12.d_12  --nFactor 12 --epoch 3 --epoch_id_length 2 --unit_attr X Y --key Count --min_ct_per_feature 20 --test_split 0.5 --R 10 --fractional-count 0 --thread 1
INFO:root:Read data with 321453 units, 15948 features
INFO:root:0: -2695.00, -2722.23
INFO:root:Counter({10: 23056, 0: 21774, 3: 19684, 11: 19555, 2: 19161, 4: 18011, 5: 16237, 7: 8546, 1: 6940, 6: 4138, 9: 2144, 8: 1481})
INFO:root:Computing naive DE for 13957 genes
INFO:root:R=0, 10.51, 8.60, 458.57s
INFO:root:1: -2694.62, -2721.87
INFO:root:Counter({3: 26551, 11: 20398, 10: 19628, 5: 18099, 7: 17308, 2: 17102, 8: 15037, 0: 10131, 4: 5741, 1: 5320, 6: 3234, 9: 2178})
INFO:root:Computing naive DE for 13962 genes
INFO:root:R=1, 12.15, 10.09, 448.48s
INFO:root:2: -2693.11, -2720.30
INFO:root:Counter({2: 36701, 10: 24582, 3: 21896, 11: 15981, 8: 13731, 0: 12200, 4: 9914, 5: 9019, 1: 5831, 7: 5076, 6: 3618, 9: 2178})
INFO:root:Computing naive DE for 13958 genes
INFO:root:R=2, 7.84, 6.52, 438.15s
INFO:root:3: -2693.09, -2720.30
INFO:root:Counter({2: 33108, 3: 20968, 10: 19629, 5: 17730, 11: 16039, 8: 13478, 4: 10391, 6: 9167, 1: 6271, 0: 6134, 7: 5610, 9: 2202})
INFO:root:Computing naive DE for 13961 genes
INFO:root:R=3, 10.14, 8.58, 449.40s
INFO:root:4: -2693.33, -2720.56
INFO:root:Counter({0: 34871, 10: 31357, 3: 18191, 5: 17049, 11: 15003, 2: 11692, 7: 8554, 8: 7830, 6: 6995, 1: 4666, 4: 2304, 9: 2215})
INFO:root:Computing naive DE for 13960 genes
INFO:root:R=4, 10.66, 8.80, 451.63s
INFO:root:5: -2692.66, -2719.86
INFO:root:Counter({10: 29345, 0: 28865, 5: 18882, 3: 18555, 7: 12600, 4: 12006, 11: 10280, 2: 10240, 8: 9815, 1: 5180, 6: 2802, 9: 2157})
INFO:root:Computing naive DE for 13959 genes
INFO:root:R=5, 9.95, 8.78, 455.88s
INFO:root:6: -2693.17, -2720.33
INFO:root:Counter({2: 33110, 10: 28645, 3: 20999, 11: 18285, 5: 15689, 6: 11562, 8: 9909, 4: 8853, 7: 4801, 1: 4065, 0: 2682, 9: 2127})
INFO:root:Computing naive DE for 13961 genes
INFO:root:R=6, 9.12, 9.03, 442.53s
INFO:root:7: -2694.23, -2721.44
INFO:root:Counter({10: 28885, 3: 26417, 2: 19942, 11: 17402, 8: 14994, 5: 14348, 4: 14126, 7: 8353, 6: 5782, 1: 5315, 0: 2974, 9: 2189})
INFO:root:Computing naive DE for 13961 genes
INFO:root:R=7, 10.62, 8.45, 453.71s
INFO:root:8: -2693.08, -2720.32
INFO:root:Counter({10: 33184, 3: 29929, 5: 17981, 8: 14576, 11: 14043, 6: 13514, 4: 11708, 2: 10691, 1: 5517, 0: 5402, 9: 2212, 7: 1970})
INFO:root:Computing naive DE for 13960 genes
INFO:root:R=8, 9.87, 8.93, 473.52s
INFO:root:9: -2693.36, -2720.58
INFO:root:Counter({10: 30668, 5: 23011, 3: 21706, 2: 15089, 4: 14441, 7: 12194, 11: 11303, 8: 9534, 0: 9230, 1: 9020, 6: 2401, 9: 2130})
INFO:root:Computing naive DE for 13957 genes
INFO:root:R=9, 11.47, 9.87, 467.17s
INFO:root:Result file /dcs05/lieber/marmaypag/xenium_NAC_LIBD4125/xenium_NAC/processed-data/HD_Full_Analysis/FICTURE/outputs/H1-M3TCP9V_A1/nF_12/analysis/nF12.d_12/nF12.d_12.fit_result.tsv.gz
R
1    12.148561
9    11.465956
4    10.659605
7    10.621388
0    10.507455
3    10.137359
5     9.946415
8     9.874276
6     9.116300
2     7.836875
Name: Score, dtype: float64
ficture choose_color --input /dcs05/lieber/marmaypag/xenium_NAC_LIBD4125/xenium_NAC/processed-data/HD_Full_Analysis/FICTURE/outputs/H1-M3TCP9V_A1/nF_12/analysis/nF12.d_12/nF12.d_12.fit_result.tsv.gz --output /dcs05/lieber/marmaypag/xenium_NAC_LIBD4125/xenium_NAC/processed-data/HD_Full_Analysis/FICTURE/outputs/H1-M3TCP9V_A1/nF_12/analysis/nF12.d_12/figure/nF12.d_12 --cmap_name turbo
ficture plot_base --input /dcs05/lieber/marmaypag/xenium_NAC_LIBD4125/xenium_NAC/processed-data/HD_Full_Analysis/FICTURE/outputs/H1-M3TCP9V_A1/nF_12/analysis/nF12.d_12/nF12.d_12.fit_result.tsv.gz --output /dcs05/lieber/marmaypag/xenium_NAC_LIBD4125/xenium_NAC/processed-data/HD_Full_Analysis/FICTURE/outputs/H1-M3TCP9V_A1/nF_12/analysis/nF12.d_12/figure/nF12.d_12.coarse --fill_range 7.0 --color_table /dcs05/lieber/marmaypag/xenium_NAC_LIBD4125/xenium_NAC/processed-data/HD_Full_Analysis/FICTURE/outputs/H1-M3TCP9V_A1/nF_12/analysis/nF12.d_12/figure/nF12.d_12.rgb.tsv --plot_um_per_pixel 1 --plot_discretized
/jhpce/shared/libd/core/visium_hd/1.0/hd_env/lib/python3.9/site-packages/ficture/scripts/plot_base.py:131: FutureWarning: The provided callable <function mean at 0x7f84a0ec1e50> is currently using SeriesGroupBy.mean. In a future version of pandas, the provided callable will be used directly. To keep current behavior pass the string "mean" instead.
  chunk = chunk.groupby(by = ['x_indx', 'y_indx']).agg({ x:np.mean for x in factor_header }).reset_index()
/jhpce/shared/libd/core/visium_hd/1.0/hd_env/lib/python3.9/site-packages/ficture/scripts/plot_base.py:134: FutureWarning: The provided callable <function mean at 0x7f84a0ec1e50> is currently using SeriesGroupBy.mean. In a future version of pandas, the provided callable will be used directly. To keep current behavior pass the string "mean" instead.
  df = df.groupby(by = ['x_indx', 'y_indx']).agg({ x:np.mean for x in factor_header }).reset_index()
INFO:root:Read region 321453 pixels in region 6697.0 x 6704.0
INFO:root:Filling pixels 0 - 500 / 6703
INFO:root:Filling pixels 500 - 1000 / 6703
INFO:root:Filling pixels 1000 - 1500 / 6703
INFO:root:Filling pixels 1500 - 2000 / 6703
INFO:root:Filling pixels 2000 - 2500 / 6703
INFO:root:Filling pixels 2500 - 3000 / 6703
INFO:root:Filling pixels 3000 - 3500 / 6703
INFO:root:Filling pixels 3500 - 4000 / 6703
INFO:root:Filling pixels 4000 - 4500 / 6703
INFO:root:Filling pixels 4500 - 5000 / 6703
INFO:root:Filling pixels 5000 - 5500 / 6703
INFO:root:Filling pixels 5500 - 6000 / 6703
INFO:root:Filling pixels 6000 - 6500 / 6703
INFO:root:Filling pixels 6500 - 6703 / 6703
INFO:root:Start constructing RGB image
INFO:root:Made fractional image
/dcs05/lieber/marmaypag/xenium_NAC_LIBD4125/xenium_NAC/processed-data/HD_Full_Analysis/FICTURE/outputs/H1-M3TCP9V_A1/nF_12/analysis/nF12.d_12/figure/nF12.d_12.coarse.png
INFO:root:Made hard threshold image
/dcs05/lieber/marmaypag/xenium_NAC_LIBD4125/xenium_NAC/processed-data/HD_Full_Analysis/FICTURE/outputs/H1-M3TCP9V_A1/nF_12/analysis/nF12.d_12/figure/nF12.d_12.coarse.top.png
6704 500
touch /dcs05/lieber/marmaypag/xenium_NAC_LIBD4125/xenium_NAC/processed-data/HD_Full_Analysis/FICTURE/outputs/H1-M3TCP9V_A1/nF_12/analysis/nF12.d_12/nF12.d_12.done
--------------------------------------------------------------
Creating projection for 12um and 12 factors, at 12um
--------------------------------------------------------------
--------------------------------------------------------------
Performing pixel-level decoding..
--------------------------------------------------------------
--------------------------------------------------------------
Sorting and reformatting the pixel-level output..
--------------------------------------------------------------
--------------------------------------------------------------
Performing pseudo-bulk differential expression analysis..
--------------------------------------------------------------
--------------------------------------------------------------
Drawing pixel-level output image...
--------------------------------------------------------------
ficture transform --input /dcs05/lieber/marmaypag/xenium_NAC_LIBD4125/xenium_NAC/processed-data/HD_Full_Analysis/FICTURE/inputs/H1-M3TCP9V_A1/transcripts.sorted.tsv.gz --output_pref /dcs05/lieber/marmaypag/xenium_NAC_LIBD4125/xenium_NAC/processed-data/HD_Full_Analysis/FICTURE/outputs/H1-M3TCP9V_A1/nF_12/analysis/nF12.d_12/nF12.d_12.prj_12.r_4 --model /dcs05/lieber/marmaypag/xenium_NAC_LIBD4125/xenium_NAC/processed-data/HD_Full_Analysis/FICTURE/outputs/H1-M3TCP9V_A1/nF_12/analysis/nF12.d_12/nF12.d_12.model.p --key Count --major_axis X --hex_width 12 --n_move 3 --min_ct_per_unit 20 --mu_scale 1.0 --thread 1 --precision 2
INFO:root:Model loaded with 15948 features and 12 factors
INFO:root:Transformed 1 batches with total 89335 units, 1.513566min
INFO:root:Transformed 2 batches with total 176825 units, 3.180022min
INFO:root:Transformed 3 batches with total 267529 units, 4.895695min
INFO:root:Transformed 4 batches with total 350746 units, 6.569474min
INFO:root:Transformed 5 batches with total 431995 units, 8.280548min
INFO:root:Transformed 6 batches with total 509201 units, 9.924853min
INFO:root:Transformed 7 batches with total 581794 units, 11.589722min
INFO:root:Transformed 8 batches with total 662929 units, 13.277523min
INFO:root:Transformed 9 batches with total 741710 units, 14.947392min
INFO:root:Transformed 10 batches with total 821547 units, 16.636188min
INFO:root:Transformed 11 batches with total 899438 units, 18.317718min
INFO:root:Transformed 12 batches with total 974315 units, 20.031636min
INFO:root:Transformed 13 batches with total 1058816 units, 21.736402min
INFO:root:Transformed 14 batches with total 1120442 units, 22.928142min
INFO:root:Transformed 15 batches with total 1180066 units, 24.058120min
INFO:root:Transformed 16 batches with total 1245186 units, 25.191598min
INFO:root:Transformed 17 batches with total 1333531 units, 26.880909min
INFO:root:Transformed 18 batches with total 1417797 units, 28.595187min
INFO:root:Transformed 19 batches with total 1494089 units, 29.820007min
INFO:root:Transformed 20 batches with total 1567132 units, 30.985687min
INFO:root:Transformed 21 batches with total 1637634 units, 32.147384min
INFO:root:Transformed 22 batches with total 1722463 units, 33.731056min
INFO:root:Transformed 23 batches with total 1785498 units, 34.875509min
INFO:root:Transformed 24 batches with total 1859825 units, 36.017610min
INFO:root:Transformed 25 batches with total 1935147 units, 37.167848min
INFO:root:Transformed 26 batches with total 2012609 units, 38.334954min
INFO:root:Transformed 27 batches with total 2071515 units, 39.454400min
INFO:root:Transformed 28 batches with total 2135662 units, 40.539363min
INFO:root:Transformed 29 batches with total 2192061 units, 41.603645min
INFO:root:Transformed 30 batches with total 2255646 units, 42.677714min
INFO:root:Transformed 31 batches with total 2312528 units, 43.718664min
INFO:root:Transformed 32 batches with total 2387501 units, 44.811126min
INFO:root:Transformed 33 batches with total 2447914 units, 45.875453min
INFO:root:Transformed 34 batches with total 2527592 units, 47.389928min
INFO:root:Transformed 35 batches with total 2605906 units, 48.932747min
INFO:root:Transformed 36 batches with total 2689457 units, 50.523284min
INFO:root:Transformed 37 batches with total 2773282 units, 52.116504min
INFO:root:Transformed 38 batches with total 2831726 units, 53.248838min
INFO:root:Transformed 39 batches with total 2890950 units, 54.333631min
INFO:root:Transformed 40 batches with total 2972198 units, 55.860057min
INFO:root:Transformed 41 batches with total 3051091 units, 57.454631min
INFO:root:Transformed 42 batches with total 3114762 units, 58.776461min
INFO:root:Transformed 43 batches with total 3115663 units, 58.908156min
ficture slda_decode --input /dcs05/lieber/marmaypag/xenium_NAC_LIBD4125/xenium_NAC/processed-data/HD_Full_Analysis/FICTURE/outputs/H1-M3TCP9V_A1/nF_12/batched.matrix.tsv.gz --output /dcs05/lieber/marmaypag/xenium_NAC_LIBD4125/xenium_NAC/processed-data/HD_Full_Analysis/FICTURE/outputs/H1-M3TCP9V_A1/nF_12/analysis/nF12.d_12/nF12.d_12.decode.prj_12.r_4_5 --model /dcs05/lieber/marmaypag/xenium_NAC_LIBD4125/xenium_NAC/processed-data/HD_Full_Analysis/FICTURE/outputs/H1-M3TCP9V_A1/nF_12/analysis/nF12.d_12/nF12.d_12.model.p --anchor /dcs05/lieber/marmaypag/xenium_NAC_LIBD4125/xenium_NAC/processed-data/HD_Full_Analysis/FICTURE/outputs/H1-M3TCP9V_A1/nF_12/analysis/nF12.d_12/nF12.d_12.prj_12.r_4.fit_result.tsv.gz --anchor_in_um --neighbor_radius 5 --mu_scale 1.0 --key Count --precision 0.1 --lite_topk_output_pixel 3 --lite_topk_output_anchor 3 --thread 1
INFO:root:15948 genes and 12 factors are read from input model
INFO:root:Read 3080665 grid points
INFO:root:Read 62203 pixels, forming 1 batches.
INFO:root:Read 1 batches ((62203, 15948))
INFO:root:Output 61408 pixels and 17732 anchors
INFO:root:Read 6706 pixels, forming 1 batches.
INFO:root:Read 1 batches ((6706, 15948))
INFO:root:Output 5980 pixels and 1859 anchors
INFO:root:Read 117804 pixels, forming 2 batches.
INFO:root:Read 2 batches ((117804, 15948))
INFO:root:Output 123260 pixels and 33820 anchors
INFO:root:Read 39729 pixels, forming 1 batches.
INFO:root:Read 1 batches ((39729, 15948))
INFO:root:Output 38779 pixels and 11574 anchors
INFO:root:Read 82759 pixels, forming 2 batches.
INFO:root:Read 2 batches ((82759, 15948))
INFO:root:Output 83990 pixels and 23839 anchors
INFO:root:Read 13529 pixels, forming 1 batches.
INFO:root:Read 1 batches ((13529, 15948))
INFO:root:Output 12516 pixels and 3718 anchors
INFO:root:Read 73422 pixels, forming 2 batches.
INFO:root:Read 2 batches ((73422, 15948))
INFO:root:Output 71348 pixels and 21069 anchors
INFO:root:Read 94222 pixels, forming 2 batches.
INFO:root:Read 2 batches ((94222, 15948))
INFO:root:Output 99064 pixels and 28636 anchors
INFO:root:Read 41647 pixels, forming 1 batches.
INFO:root:Read 1 batches ((41647, 15948))
INFO:root:Output 40679 pixels and 12084 anchors
INFO:root:Read 80965 pixels, forming 2 batches.
INFO:root:Read 2 batches ((80965, 15948))
INFO:root:Output 82026 pixels and 23524 anchors
INFO:root:Read 23555 pixels, forming 1 batches.
INFO:root:Read 1 batches ((23555, 15948))
INFO:root:Output 22423 pixels and 6649 anchors
INFO:root:Read 85140 pixels, forming 2 batches.
INFO:root:Read 2 batches ((85140, 15948))
INFO:root:Output 83041 pixels and 25360 anchors
INFO:root:Read 65589 pixels, forming 2 batches.
INFO:root:Read 2 batches ((65589, 15948))
INFO:root:Output 69191 pixels and 20059 anchors
INFO:root:Read 59385 pixels, forming 1 batches.
INFO:root:Read 1 batches ((59385, 15948))
INFO:root:Output 58520 pixels and 18915 anchors
INFO:root:Read 2118 pixels, forming 1 batches.
INFO:root:Read 1 batches ((2118, 15948))
INFO:root:Output 2100 pixels and 710 anchors
INFO:root:Read 131088 pixels, forming 2 batches.
INFO:root:Read 2 batches ((131088, 15948))
INFO:root:Output 137805 pixels and 37480 anchors
INFO:root:Read 22812 pixels, forming 1 batches.
INFO:root:Read 1 batches ((22812, 15948))
INFO:root:Output 22784 pixels and 6649 anchors
INFO:root:Read 110147 pixels, forming 2 batches.
INFO:root:Read 2 batches ((110147, 15948))
INFO:root:Output 114973 pixels and 31818 anchors
INFO:root:Read 66263 pixels, forming 1 batches.
INFO:root:Read 1 batches ((66263, 15948))
INFO:root:Output 65932 pixels and 19090 anchors
INFO:root:Read 36730 pixels, forming 1 batches.
INFO:root:Read 1 batches ((36730, 15948))
INFO:root:Output 36730 pixels and 11150 anchors
INFO:root:Read 93952 pixels, forming 2 batches.
INFO:root:Read 2 batches ((93952, 15948))
INFO:root:Output 96867 pixels and 27241 anchors
INFO:root:Read 45101 pixels, forming 1 batches.
INFO:root:Read 1 batches ((45101, 15948))
INFO:root:Output 44914 pixels and 13513 anchors
INFO:root:Read 97167 pixels, forming 2 batches.
INFO:root:Read 2 batches ((97167, 15948))
INFO:root:Output 96935 pixels and 30820 anchors
INFO:root:Read 35823 pixels, forming 2 batches.
INFO:root:Read 2 batches ((35823, 15948))
INFO:root:Output 35325 pixels and 10686 anchors
INFO:root:Read 74608 pixels, forming 2 batches.
INFO:root:Read 2 batches ((74608, 15948))
INFO:root:Output 77142 pixels and 21594 anchors
INFO:root:Read 65909 pixels, forming 1 batches.
INFO:root:Read 1 batches ((65909, 15948))
INFO:root:Output 65378 pixels and 19028 anchors
INFO:root:Read 31142 pixels, forming 1 batches.
INFO:root:Read 1 batches ((31142, 15948))
INFO:root:Output 31049 pixels and 9548 anchors
INFO:root:Read 106111 pixels, forming 2 batches.
INFO:root:Read 2 batches ((106111, 15948))
INFO:root:Output 109142 pixels and 31883 anchors
INFO:root:Read 62322 pixels, forming 1 batches.
INFO:root:Read 1 batches ((62322, 15948))
INFO:root:Output 62241 pixels and 17947 anchors
INFO:root:Read 18676 pixels, forming 1 batches.
INFO:root:Read 1 batches ((18676, 15948))
INFO:root:Output 18298 pixels and 5325 anchors
INFO:root:Read 106108 pixels, forming 2 batches.
INFO:root:Read 2 batches ((106108, 15948))
INFO:root:Output 110554 pixels and 30514 anchors
INFO:root:Read 62643 pixels, forming 1 batches.
INFO:root:Read 1 batches ((62643, 15948))
INFO:root:Output 62502 pixels and 18018 anchors
INFO:root:Read 9275 pixels, forming 1 batches.
INFO:root:Read 1 batches ((9275, 15948))
INFO:root:Output 9201 pixels and 2769 anchors
INFO:root:Read 115599 pixels, forming 2 batches.
INFO:root:Read 2 batches ((115599, 15948))
INFO:root:Output 121021 pixels and 33069 anchors
INFO:root:Read 10267 pixels, forming 1 batches.
INFO:root:Read 1 batches ((10267, 15948))
INFO:root:Output 10227 pixels and 3217 anchors
INFO:root:Read 75829 pixels, forming 2 batches.
INFO:root:Read 2 batches ((75829, 15948))
INFO:root:Output 75462 pixels and 22558 anchors
INFO:root:Read 90941 pixels, forming 2 batches.
INFO:root:Read 2 batches ((90941, 15948))
INFO:root:Output 95706 pixels and 28210 anchors
INFO:root:Read 7058 pixels, forming 1 batches.
INFO:root:Read 1 batches ((7058, 15948))
INFO:root:Output 7030 pixels and 2145 anchors
INFO:root:Read 96073 pixels, forming 2 batches.
INFO:root:Read 2 batches ((96073, 15948))
INFO:root:Output 95530 pixels and 28269 anchors
INFO:root:Read 80165 pixels, forming 2 batches.
INFO:root:Read 2 batches ((80165, 15948))
INFO:root:Output 82963 pixels and 23596 anchors
INFO:root:Read 6476 pixels, forming 1 batches.
INFO:root:Read 1 batches ((6476, 15948))
INFO:root:Output 6471 pixels and 2015 anchors
INFO:root:Read 88323 pixels, forming 2 batches.
INFO:root:Read 2 batches ((88323, 15948))
INFO:root:Output 87915 pixels and 26310 anchors
INFO:root:Read 99697 pixels, forming 2 batches.
INFO:root:Read 2 batches ((99697, 15948))
INFO:root:Output 99484 pixels and 29217 anchors
INFO:root:Read 36615 pixels, forming 1 batches.
INFO:root:Read 1 batches ((36615, 15948))
INFO:root:Output 36144 pixels and 10508 anchors
INFO:root:Read 91635 pixels, forming 2 batches.
INFO:root:Read 2 batches ((91635, 15948))
INFO:root:Output 94269 pixels and 26471 anchors
INFO:root:Read 25533 pixels, forming 1 batches.
INFO:root:Read 1 batches ((25533, 15948))
INFO:root:Output 25477 pixels and 7364 anchors
INFO:root:Read 97700 pixels, forming 2 batches.
INFO:root:Read 2 batches ((97700, 15948))
INFO:root:Output 97159 pixels and 28103 anchors
INFO:root:Read 70082 pixels, forming 2 batches.
INFO:root:Read 2 batches ((70082, 15948))
INFO:root:Output 73500 pixels and 20162 anchors
INFO:root:Read 5958 pixels, forming 1 batches.
INFO:root:Read 1 batches ((5958, 15948))
INFO:root:Output 5953 pixels and 1788 anchors
INFO:root:Read 122626 pixels, forming 2 batches.
INFO:root:Read 2 batches ((122626, 15948))
INFO:root:Output 128924 pixels and 35322 anchors
INFO:root:Read 63238 pixels, forming 1 batches.
INFO:root:Read 1 batches ((63238, 15948))
INFO:root:Output 62927 pixels and 18519 anchors
INFO:root:Read 18042 pixels, forming 1 batches.
INFO:root:Read 1 batches ((18042, 15948))
INFO:root:Output 17872 pixels and 5473 anchors
INFO:root:Read 105429 pixels, forming 2 batches.
INFO:root:Read 2 batches ((105429, 15948))
INFO:root:Output 110245 pixels and 31069 anchors
INFO:root:Read 16342 pixels, forming 1 batches.
INFO:root:Read 1 batches ((16342, 15948))
INFO:root:Output 16200 pixels and 5174 anchors
INFO:root:Read 78462 pixels, forming 2 batches.
INFO:root:Read 2 batches ((78462, 15948))
INFO:root:Output 78157 pixels and 23408 anchors
INFO:root:Read 60822 pixels, forming 2 batches.
INFO:root:Read 2 batches ((60822, 15948))
INFO:root:Output 60348 pixels and 18227 anchors
INFO:root:Read 83731 pixels, forming 2 batches.
INFO:root:Read 2 batches ((83731, 15948))
INFO:root:Output 83441 pixels and 24534 anchors
INFO:root:Read 30554 pixels, forming 1 batches.
INFO:root:Read 1 batches ((30554, 15948))
INFO:root:Output 30219 pixels and 8866 anchors
INFO:root:Read 97914 pixels, forming 2 batches.
INFO:root:Read 2 batches ((97914, 15948))
INFO:root:Output 101531 pixels and 28666 anchors
INFO:root:Read 63951 pixels, forming 1 batches.
INFO:root:Read 1 batches ((63951, 15948))
INFO:root:Output 63441 pixels and 18621 anchors
INFO:root:Read 64471 pixels, forming 1 batches.
INFO:root:Read 1 batches ((64471, 15948))
INFO:root:Output 64245 pixels and 18661 anchors
INFO:root:Read 22971 pixels, forming 1 batches.
INFO:root:Read 1 batches ((22971, 15948))
INFO:root:Output 22786 pixels and 6674 anchors
INFO:root:Read 107117 pixels, forming 2 batches.
INFO:root:Read 2 batches ((107117, 15948))
INFO:root:Output 111227 pixels and 30803 anchors
INFO:root:Read 65078 pixels, forming 1 batches.
INFO:root:Read 1 batches ((65078, 15948))
INFO:root:Output 64828 pixels and 18804 anchors
INFO:root:Read 44195 pixels, forming 1 batches.
INFO:root:Read 1 batches ((44195, 15948))
INFO:root:Output 43824 pixels and 12780 anchors
INFO:root:Read 83237 pixels, forming 2 batches.
INFO:root:Read 2 batches ((83237, 15948))
INFO:root:Output 82924 pixels and 24096 anchors
INFO:root:Read 66398 pixels, forming 2 batches.
INFO:root:Read 2 batches ((66398, 15948))
INFO:root:Output 68284 pixels and 19335 anchors
INFO:root:Read 42522 pixels, forming 1 batches.
INFO:root:Read 1 batches ((42522, 15948))
INFO:root:Output 42179 pixels and 12566 anchors
INFO:root:Read 128405 pixels, forming 3 batches.
INFO:root:Read 3 batches ((128405, 15948))
INFO:root:Output 132909 pixels and 38674 anchors
INFO:root:Read 1388 pixels, forming 1 batches.
INFO:root:Read 1 batches ((1388, 15948))
INFO:root:Output 1382 pixels and 501 anchors
INFO:root:Read 130006 pixels, forming 2 batches.
INFO:root:Read 2 batches ((130006, 15948))
INFO:root:Output 136556 pixels and 37690 anchors
INFO:root:Read 26550 pixels, forming 1 batches.
INFO:root:Read 1 batches ((26550, 15948))
INFO:root:Output 26253 pixels and 7739 anchors
INFO:root:Read 79203 pixels, forming 2 batches.
INFO:root:Read 2 batches ((79203, 15948))
INFO:root:Output 78751 pixels and 22951 anchors
INFO:root:Read 85886 pixels, forming 2 batches.
INFO:root:Read 2 batches ((85886, 15948))
INFO:root:Output 85691 pixels and 25025 anchors
INFO:root:Read 72304 pixels, forming 2 batches.
INFO:root:Read 2 batches ((72304, 15948))
INFO:root:Output 74260 pixels and 20950 anchors
INFO:root:Read 66580 pixels, forming 1 batches.
INFO:root:Read 1 batches ((66580, 15948))
INFO:root:Output 66315 pixels and 19162 anchors
INFO:root:Read 32380 pixels, forming 1 batches.
INFO:root:Read 1 batches ((32380, 15948))
INFO:root:Output 32380 pixels and 9438 anchors
INFO:root:Read 78097 pixels, forming 2 batches.
INFO:root:Read 2 batches ((78097, 15948))
INFO:root:Output 77742 pixels and 22570 anchors
INFO:root:Read 87426 pixels, forming 2 batches.
INFO:root:Read 2 batches ((87426, 15948))
INFO:root:Output 91041 pixels and 25525 anchors
INFO:root:Read 25258 pixels, forming 1 batches.
INFO:root:Read 1 batches ((25258, 15948))
INFO:root:Output 25258 pixels and 7364 anchors
INFO:root:Read 103120 pixels, forming 2 batches.
INFO:root:Read 2 batches ((103120, 15948))
INFO:root:Output 107456 pixels and 31059 anchors
INFO:root:Read 72973 pixels, forming 2 batches.
INFO:root:Read 2 batches ((72973, 15948))
INFO:root:Output 72516 pixels and 22776 anchors
INFO:root:Read 60341 pixels, forming 2 batches.
INFO:root:Read 2 batches ((60341, 15948))
INFO:root:Output 59997 pixels and 19352 anchors
INFO:root:Read 89750 pixels, forming 2 batches.
INFO:root:Read 2 batches ((89750, 15948))
INFO:root:Output 94457 pixels and 26383 anchors
INFO:root:Read 38303 pixels, forming 1 batches.
INFO:root:Read 1 batches ((38303, 15948))
INFO:root:Output 38130 pixels and 11297 anchors
INFO:root:Read 86098 pixels, forming 2 batches.
INFO:root:Read 2 batches ((86098, 15948))
INFO:root:Output 88443 pixels and 24882 anchors
INFO:root:Read 7701 pixels, forming 1 batches.
INFO:root:Read 1 batches ((7701, 15948))
INFO:root:Output 7701 pixels and 2359 anchors
INFO:root:Read 94636 pixels, forming 2 batches.
INFO:root:Read 2 batches ((94636, 15948))
INFO:root:Output 93920 pixels and 27258 anchors
INFO:root:Read 75765 pixels, forming 2 batches.
INFO:root:Read 2 batches ((75765, 15948))
INFO:root:Output 75424 pixels and 22120 anchors
INFO:root:Read 49933 pixels, forming 2 batches.
INFO:root:Read 2 batches ((49933, 15948))
INFO:root:Output 49698 pixels and 14586 anchors
INFO:root:Read 79310 pixels, forming 2 batches.
INFO:root:Read 2 batches ((79310, 15948))
INFO:root:Output 83376 pixels and 23940 anchors
INFO:root:Read 45949 pixels, forming 1 batches.
INFO:root:Read 1 batches ((45949, 15948))
INFO:root:Output 45590 pixels and 14342 anchors
INFO:root:Read 112304 pixels, forming 3 batches.
INFO:root:Read 3 batches ((112304, 15948))
INFO:root:Output 113092 pixels and 35449 anchors
INFO:root:Read 80942 pixels, forming 3 batches.
INFO:root:Read 3 batches ((80942, 15948))
INFO:root:Output 81564 pixels and 25881 anchors
INFO:root:Read 80865 pixels, forming 2 batches.
INFO:root:Read 2 batches ((80865, 15948))
INFO:root:Output 80313 pixels and 25158 anchors
INFO:root:Read 63226 pixels, forming 1 batches.
INFO:root:Read 1 batches ((63226, 15948))
INFO:root:Output 62719 pixels and 18105 anchors
INFO:root:Read 34403 pixels, forming 1 batches.
INFO:root:Read 1 batches ((34403, 15948))
INFO:root:Output 34264 pixels and 10081 anchors
INFO:root:Read 89494 pixels, forming 2 batches.
INFO:root:Read 2 batches ((89494, 15948))
INFO:root:Output 92474 pixels and 26525 anchors
INFO:root:Read 14320 pixels, forming 1 batches.
INFO:root:Read 1 batches ((14320, 15948))
INFO:root:Output 14264 pixels and 4147 anchors
INFO:root:Read 111537 pixels, forming 2 batches.
INFO:root:Read 2 batches ((111537, 15948))
INFO:root:Output 116448 pixels and 32262 anchors
INFO:root:Read 61043 pixels, forming 1 batches.
INFO:root:Read 1 batches ((61043, 15948))
INFO:root:Output 60970 pixels and 18187 anchors
INFO:root:Read 62028 pixels, forming 1 batches.
INFO:root:Read 1 batches ((62028, 15948))
INFO:root:Output 61780 pixels and 18304 anchors
INFO:root:Read 39082 pixels, forming 1 batches.
INFO:root:Read 1 batches ((39082, 15948))
INFO:root:Output 39061 pixels and 12197 anchors
INFO:root:Read 145445 pixels, forming 3 batches.
INFO:root:Read 3 batches ((145445, 15948))
INFO:root:Output 148309 pixels and 47148 anchors
INFO:root:Read 85538 pixels, forming 3 batches.
INFO:root:Read 3 batches ((85538, 15948))
INFO:root:Output 87736 pixels and 27127 anchors
INFO:root:Read 18040 pixels, forming 1 batches.
INFO:root:Read 1 batches ((18040, 15948))
INFO:root:Output 17984 pixels and 5220 anchors
INFO:root:Read 84112 pixels, forming 2 batches.
INFO:root:Read 2 batches ((84112, 15948))
INFO:root:Output 83757 pixels and 25739 anchors
INFO:root:Read 12908 pixels, forming 1 batches.
INFO:root:Read 1 batches ((12908, 15948))
INFO:root:Output 12675 pixels and 3861 anchors
INFO:root:Read 111322 pixels, forming 2 batches.
INFO:root:Read 2 batches ((111322, 15948))
INFO:root:Output 116769 pixels and 32390 anchors
INFO:root:Read 39260 pixels, forming 1 batches.
INFO:root:Read 1 batches ((39260, 15948))
INFO:root:Output 39107 pixels and 11511 anchors
INFO:root:Read 83276 pixels, forming 2 batches.
INFO:root:Read 2 batches ((83276, 15948))
INFO:root:Output 85577 pixels and 24810 anchors
INFO:root:Read 30532 pixels, forming 1 batches.
INFO:root:Read 1 batches ((30532, 15948))
INFO:root:Output 30487 pixels and 9219 anchors
INFO:root:Read 75230 pixels, forming 2 batches.
INFO:root:Read 2 batches ((75230, 15948))
INFO:root:Output 74692 pixels and 22324 anchors
INFO:root:Read 38821 pixels, forming 2 batches.
INFO:root:Read 2 batches ((38821, 15948))
INFO:root:Output 38567 pixels and 11565 anchors
INFO:root:Read 61042 pixels, forming 2 batches.
INFO:root:Read 2 batches ((61042, 15948))
INFO:root:Output 60721 pixels and 18870 anchors
INFO:root:Read 164644 pixels, forming 4 batches.
INFO:root:Read 4 batches ((164644, 15948))
INFO:root:Output 174989 pixels and 57685 anchors
INFO:root:Read 41992 pixels, forming 2 batches.
INFO:root:Read 2 batches ((41992, 15948))
INFO:root:Output 41658 pixels and 13409 anchors
INFO:root:Read 49076 pixels, forming 2 batches.
INFO:root:Read 2 batches ((49076, 15948))
INFO:root:Output 48922 pixels and 15328 anchors
INFO:root:Read 110827 pixels, forming 2 batches.
INFO:root:Read 2 batches ((110827, 15948))
INFO:root:Output 116365 pixels and 32246 anchors
INFO:root:Read 20247 pixels, forming 1 batches.
INFO:root:Read 1 batches ((20247, 15948))
INFO:root:Output 20086 pixels and 5935 anchors
INFO:root:Read 107119 pixels, forming 2 batches.
INFO:root:Read 2 batches ((107119, 15948))
INFO:root:Output 111330 pixels and 30974 anchors
INFO:root:Read 63276 pixels, forming 1 batches.
INFO:root:Read 1 batches ((63276, 15948))
INFO:root:Output 63046 pixels and 18447 anchors
INFO:root:Read 23844 pixels, forming 1 batches.
INFO:root:Read 1 batches ((23844, 15948))
INFO:root:Output 23747 pixels and 7221 anchors
INFO:root:Read 69289 pixels, forming 2 batches.
INFO:root:Read 2 batches ((69289, 15948))
INFO:root:Output 68739 pixels and 20248 anchors
INFO:root:Read 92785 pixels, forming 2 batches.
INFO:root:Read 2 batches ((92785, 15948))
INFO:root:Output 97038 pixels and 27999 anchors
INFO:root:Read 33093 pixels, forming 1 batches.
INFO:root:Read 1 batches ((33093, 15948))
INFO:root:Output 32922 pixels and 11795 anchors
INFO:root:Read 121483 pixels, forming 4 batches.
INFO:root:Read 4 batches ((121483, 15948))
INFO:root:Output 125212 pixels and 40601 anchors
INFO:root:Read 58609 pixels, forming 2 batches.
INFO:root:Read 2 batches ((58609, 15948))
INFO:root:Output 58433 pixels and 20053 anchors
INFO:root:Read 21496 pixels, forming 1 batches.
INFO:root:Read 1 batches ((21496, 15948))
INFO:root:Output 21308 pixels and 6221 anchors
INFO:root:Read 83819 pixels, forming 2 batches.
INFO:root:Read 2 batches ((83819, 15948))
INFO:root:Output 83466 pixels and 24489 anchors
INFO:root:Read 62846 pixels, forming 1 batches.
INFO:root:Read 1 batches ((62846, 15948))
INFO:root:Output 62814 pixels and 18376 anchors
INFO:root:Read 26392 pixels, forming 1 batches.
INFO:root:Read 1 batches ((26392, 15948))
INFO:root:Output 26229 pixels and 7722 anchors
INFO:root:Read 112298 pixels, forming 2 batches.
INFO:root:Read 2 batches ((112298, 15948))
INFO:root:Output 111873 pixels and 33005 anchors
INFO:root:Read 48460 pixels, forming 2 batches.
INFO:root:Read 2 batches ((48460, 15948))
INFO:root:Output 49480 pixels and 14179 anchors
INFO:root:Read 62345 pixels, forming 1 batches.
INFO:root:Read 1 batches ((62345, 15948))
INFO:root:Output 62112 pixels and 18342 anchors
INFO:root:Read 9836 pixels, forming 1 batches.
INFO:root:Read 1 batches ((9836, 15948))
INFO:root:Output 9836 pixels and 3146 anchors
INFO:root:Read 108521 pixels, forming 3 batches.
INFO:root:Read 3 batches ((108521, 15948))
INFO:root:Output 113889 pixels and 33355 anchors
INFO:root:Read 139451 pixels, forming 3 batches.
INFO:root:Read 3 batches ((139451, 15948))
INFO:root:Output 147198 pixels and 47272 anchors
INFO:root:Read 13523 pixels, forming 1 batches.
INFO:root:Read 1 batches ((13523, 15948))
INFO:root:Output 13413 pixels and 3960 anchors
INFO:root:Read 81284 pixels, forming 2 batches.
INFO:root:Read 2 batches ((81284, 15948))
INFO:root:Output 80915 pixels and 25491 anchors
INFO:root:Read 52755 pixels, forming 2 batches.
INFO:root:Read 2 batches ((52755, 15948))
INFO:root:Output 54693 pixels and 15697 anchors
INFO:root:Read 18203 pixels, forming 1 batches.
INFO:root:Read 1 batches ((18203, 15948))
INFO:root:Output 18203 pixels and 5291 anchors
INFO:root:Read 107166 pixels, forming 2 batches.
INFO:root:Read 2 batches ((107166, 15948))
INFO:root:Output 111890 pixels and 30959 anchors
INFO:root:Read 21886 pixels, forming 1 batches.
INFO:root:Read 1 batches ((21886, 15948))
INFO:root:Output 21710 pixels and 6387 anchors
INFO:root:Read 102359 pixels, forming 2 batches.
INFO:root:Read 2 batches ((102359, 15948))
INFO:root:Output 106313 pixels and 29648 anchors
INFO:root:Read 12811 pixels, forming 1 batches.
INFO:root:Read 1 batches ((12811, 15948))
INFO:root:Output 12766 pixels and 3859 anchors
INFO:root:Read 107595 pixels, forming 2 batches.
INFO:root:Read 2 batches ((107595, 15948))
INFO:root:Output 112515 pixels and 32071 anchors
INFO:root:Read 98825 pixels, forming 2 batches.
INFO:root:Read 2 batches ((98825, 15948))
INFO:root:Output 104187 pixels and 32664 anchors
INFO:root:Read 116120 pixels, forming 2 batches.
INFO:root:Read 2 batches ((116120, 15948))
INFO:root:Output 115406 pixels and 35825 anchors
INFO:root:Read 6384 pixels, forming 2 batches.
INFO:root:Read 2 batches ((6384, 15948))
INFO:root:Output 6371 pixels and 1994 anchors
INFO:root:Read 49393 pixels, forming 1 batches.
INFO:root:Read 1 batches ((49393, 15948))
INFO:root:Output 49206 pixels and 15158 anchors
INFO:root:Read 66342 pixels, forming 2 batches.
INFO:root:Read 2 batches ((66342, 15948))
INFO:root:Output 67160 pixels and 20623 anchors
INFO:root:Read 8421 pixels, forming 1 batches.
INFO:root:Read 1 batches ((8421, 15948))
INFO:root:Output 8391 pixels and 2528 anchors
INFO:root:Read 83325 pixels, forming 2 batches.
INFO:root:Read 2 batches ((83325, 15948))
INFO:root:Output 88638 pixels and 24710 anchors
INFO:root:Read 65787 pixels, forming 1 batches.
INFO:root:Read 1 batches ((65787, 15948))
INFO:root:Output 65079 pixels and 19028 anchors
INFO:root:Read 65901 pixels, forming 1 batches.
INFO:root:Read 1 batches ((65901, 15948))
INFO:root:Output 65638 pixels and 19090 anchors
INFO:root:Read 20856 pixels, forming 1 batches.
INFO:root:Read 1 batches ((20856, 15948))
INFO:root:Output 20610 pixels and 6152 anchors
INFO:root:Read 108766 pixels, forming 2 batches.
INFO:root:Read 2 batches ((108766, 15948))
INFO:root:Output 113510 pixels and 32112 anchors
INFO:root:Read 58496 pixels, forming 1 batches.
INFO:root:Read 1 batches ((58496, 15948))
INFO:root:Output 58468 pixels and 17755 anchors
INFO:root:Read 124612 pixels, forming 3 batches.
INFO:root:Read 3 batches ((124612, 15948))
INFO:root:Output 124721 pixels and 38022 anchors
INFO:root:Read 49342 pixels, forming 1 batches.
INFO:root:Read 1 batches ((49342, 15948))
INFO:root:Output 49273 pixels and 14815 anchors
INFO:root:Read 91218 pixels, forming 2 batches.
INFO:root:Read 2 batches ((91218, 15948))
INFO:root:Output 90557 pixels and 27201 anchors
INFO:root:Read 28689 pixels, forming 2 batches.
INFO:root:Read 2 batches ((28689, 15948))
INFO:root:Output 28457 pixels and 8531 anchors
INFO:root:Read 83445 pixels, forming 2 batches.
INFO:root:Read 2 batches ((83445, 15948))
INFO:root:Output 87194 pixels and 24886 anchors
INFO:root:Read 59060 pixels, forming 1 batches.
INFO:root:Read 1 batches ((59060, 15948))
INFO:root:Output 58853 pixels and 17732 anchors
INFO:root:Read 84623 pixels, forming 3 batches.
INFO:root:Read 3 batches ((84623, 15948))
INFO:root:Output 84598 pixels and 25544 anchors
INFO:root:Read 60143 pixels, forming 2 batches.
INFO:root:Read 2 batches ((60143, 15948))
INFO:root:Output 58747 pixels and 17630 anchors
INFO:root:Read 31398 pixels, forming 1 batches.
INFO:root:Read 1 batches ((31398, 15948))
INFO:root:Output 31214 pixels and 9152 anchors
INFO:root:Read 62658 pixels, forming 2 batches.
INFO:root:Read 2 batches ((62658, 15948))
INFO:root:Output 62059 pixels and 17937 anchors
INFO:root:Read 36000 pixels, forming 1 batches.
INFO:root:Read 1 batches ((36000, 15948))
INFO:root:Output 35700 pixels and 10778 anchors
INFO:root:Read 57976 pixels, forming 2 batches.
INFO:root:Read 2 batches ((57976, 15948))
INFO:root:Output 56782 pixels and 16640 anchors
INFO:root:Read 33069 pixels, forming 1 batches.
INFO:root:Read 1 batches ((33069, 15948))
INFO:root:Output 32739 pixels and 9721 anchors
INFO:root:Read 68878 pixels, forming 2 batches.
INFO:root:Read 2 batches ((68878, 15948))
INFO:root:Output 67469 pixels and 20213 anchors
INFO:root:Read 40470 pixels, forming 2 batches.
INFO:root:Read 2 batches ((40470, 15948))
INFO:root:Output 39810 pixels and 11246 anchors
INFO:root:Read 4197 pixels, forming 1 batches.
INFO:root:Read 1 batches ((4197, 15948))
INFO:root:Output 4130 pixels and 1295 anchors
INFO:root:Read 90943 pixels, forming 2 batches.
INFO:root:Read 2 batches ((90943, 15948))
INFO:root:Output 94115 pixels and 25996 anchors
INFO:root:Read 30081 pixels, forming 1 batches.
INFO:root:Read 1 batches ((30081, 15948))
INFO:root:Output 29855 pixels and 9265 anchors
INFO:root:Read 66767 pixels, forming 3 batches.
INFO:root:Read 3 batches ((66767, 15948))
INFO:root:Output 66444 pixels and 20058 anchors
INFO:root:Read 62814 pixels, forming 2 batches.
INFO:root:Read 2 batches ((62814, 15948))
INFO:root:Output 67870 pixels and 19396 anchors
bash /dcs05/lieber/marmaypag/xenium_NAC_LIBD4125/xenium_NAC/processed-data/HD_Full_Analysis/FICTURE/outputs/H1-M3TCP9V_A1/nF_12/sort_decode.sh /dcs05/lieber/marmaypag/xenium_NAC_LIBD4125/xenium_NAC/processed-data/HD_Full_Analysis/FICTURE/outputs/H1-M3TCP9V_A1/nF_12/analysis/nF12.d_12/nF12.d_12.decode.prj_12.r_4_5.pixel.tsv.gz /dcs05/lieber/marmaypag/xenium_NAC_LIBD4125/xenium_NAC/processed-data/HD_Full_Analysis/FICTURE/outputs/H1-M3TCP9V_A1/nF_12/analysis/nF12.d_12/nF12.d_12.decode.prj_12.r_4_5.pixel.sorted.tsv.gz /dcs05/lieber/marmaypag/xenium_NAC_LIBD4125/xenium_NAC/processed-data/HD_Full_Analysis/FICTURE/inputs/H1-M3TCP9V_A1/minmax.tsv nF12.d_12 100 100 3 gzip
8335.535, 15040.930; 5060.192, 11766.109
ficture de_bulk --input /dcs05/lieber/marmaypag/xenium_NAC_LIBD4125/xenium_NAC/processed-data/HD_Full_Analysis/FICTURE/outputs/H1-M3TCP9V_A1/nF_12/analysis/nF12.d_12/nF12.d_12.decode.prj_12.r_4_5.posterior.count.tsv.gz --output /dcs05/lieber/marmaypag/xenium_NAC_LIBD4125/xenium_NAC/processed-data/HD_Full_Analysis/FICTURE/outputs/H1-M3TCP9V_A1/nF_12/analysis/nF12.d_12/nF12.d_12.decode.prj_12.r_4_5.bulk_chisq.tsv --min_ct_per_feature 20 --max_pval_output 0.001 --min_fold_output 1.5
/jhpce/shared/libd/core/visium_hd/1.0/hd_env/lib/python3.9/site-packages/ficture/scripts/de_bulk.py:117: RuntimeWarning: divide by zero encountered in scalar divide
  fd=tab[0,0]/total_k[k]/tab[0,1]*(total_umi-total_k[k])
Read posterior count over 15948 genes and 12 factors
Testing 15947 genes over 12 factors
ficture factor_report --path /dcs05/lieber/marmaypag/xenium_NAC_LIBD4125/xenium_NAC/processed-data/HD_Full_Analysis/FICTURE/outputs/H1-M3TCP9V_A1/nF_12/analysis/nF12.d_12 --pref nF12.d_12.decode.prj_12.r_4_5 --color_table /dcs05/lieber/marmaypag/xenium_NAC_LIBD4125/xenium_NAC/processed-data/HD_Full_Analysis/FICTURE/outputs/H1-M3TCP9V_A1/nF_12/analysis/nF12.d_12/figure/nF12.d_12.rgb.tsv
['0' '1' '2' '3' '4' '5' '6' '7' '8' '9' '10' '11']
/dcs05/lieber/marmaypag/xenium_NAC_LIBD4125/xenium_NAC/processed-data/HD_Full_Analysis/FICTURE/outputs/H1-M3TCP9V_A1/nF_12/analysis/nF12.d_12/nF12.d_12.decode.prj_12.r_4_5.factor.info.html
ficture plot_pixel_full --input /dcs05/lieber/marmaypag/xenium_NAC_LIBD4125/xenium_NAC/processed-data/HD_Full_Analysis/FICTURE/outputs/H1-M3TCP9V_A1/nF_12/analysis/nF12.d_12/nF12.d_12.decode.prj_12.r_4_5.pixel.sorted.tsv.gz --color_table /dcs05/lieber/marmaypag/xenium_NAC_LIBD4125/xenium_NAC/processed-data/HD_Full_Analysis/FICTURE/outputs/H1-M3TCP9V_A1/nF_12/analysis/nF12.d_12/figure/nF12.d_12.rgb.tsv --output /dcs05/lieber/marmaypag/xenium_NAC_LIBD4125/xenium_NAC/processed-data/HD_Full_Analysis/FICTURE/outputs/H1-M3TCP9V_A1/nF_12/analysis/nF12.d_12/figure/nF12.d_12.decode.prj_12.r_4_5.pixel.png --plot_um_per_pixel 0.5 --full
01:04:30 AM Background color 000000
01:04:30 AM Read color table (12)
01:04:30 AM Read header {'K': 12, 'TOPK': 3, 'BLOCK_SIZE': 2000, 'BLOCK_AXIS': 'X', 'INDEX_AXIS': 'Y', 'OFFSET_X': 8335.535, 'OFFSET_Y': 5060.192, 'SIZE_X': 6706, 'SIZE_Y': 6707, 'SCALE': 100}
01:04:30 AM Image size 13416 x 13414
01:04:33 AM Reading pixels... 3999, 2948, 876612
01:04:35 AM Reading pixels... 3999, 6637, 862504
01:04:38 AM Reading pixels... 3999, 10321, 871699
01:04:40 AM Reading pixels... 7998, 360, 885842
01:04:43 AM Reading pixels... 7999, 3053, 874750
01:04:45 AM Reading pixels... 7999, 6641, 891229
01:04:47 AM Reading pixels... 7999, 10229, 864367
01:04:50 AM Reading pixels... 11999, 2917, 869391
01:04:52 AM Reading pixels... 11999, 6602, 888599
01:04:55 AM Reading pixels... 11999, 10142, 856435
01:04:57 AM Reading pixels... 13389, 4919, 880029
01:04:59 AM Reading pixels... 13397, 11843, 579679
01:05:02 AM Finished
/dcs05/lieber/marmaypag/xenium_NAC_LIBD4125/xenium_NAC/processed-data/HD_Full_Analysis/FICTURE/outputs/H1-M3TCP9V_A1/nF_12/analysis/nF12.d_12/figure/nF12.d_12.decode.prj_12.r_4_5.pixel.png
Index(['0', '1', '2', '3', '4', '5', '6', '7', '8', '9', '10', '11'], dtype='object', name='Name')
['BLOCK', 'X', 'Y', 'K1', 'K2', 'K3', 'P1', 'P2', 'P3']
touch /dcs05/lieber/marmaypag/xenium_NAC_LIBD4125/xenium_NAC/processed-data/HD_Full_Analysis/FICTURE/outputs/H1-M3TCP9V_A1/nF_12/analysis/nF12.d_12/nF12.d_12.decode.prj_12.r_4_5.done
Finished nFactor=12 for H1-M3TCP9V_A1
Sat Mar  7 01:05:02 AM EST 2026
--------------------------------------------------------------
Running FICTURE with nFactor=16 for H1-M3TCP9V_A1
--------------------------------------------------------------
Sat Mar  7 01:05:02 AM EST 2026
--------------------------------------------------------------
Creating minibatch from /dcs05/lieber/marmaypag/xenium_NAC_LIBD4125/xenium_NAC/processed-data/HD_Full_Analysis/FICTURE/inputs/H1-M3TCP9V_A1/transcripts.sorted.tsv.gz...
--------------------------------------------------------------
ficture make_spatial_minibatch --input /dcs05/lieber/marmaypag/xenium_NAC_LIBD4125/xenium_NAC/processed-data/HD_Full_Analysis/FICTURE/inputs/H1-M3TCP9V_A1/transcripts.sorted.tsv.gz --output /dcs05/lieber/marmaypag/xenium_NAC_LIBD4125/xenium_NAC/processed-data/HD_Full_Analysis/FICTURE/outputs/H1-M3TCP9V_A1/nF_16/batched.matrix.tsv --mu_scale 1.0 --batch_size 500 --batch_buff 30 --major_axis X
INFO:root:Random seed 1772863503.7220426
INFO:root:Read blocks of pixels: 70.15 x 6698.58
INFO:root:Read blocks of pixels: 132.93 x 6698.65
INFO:root:Read blocks of pixels: 199.07 x 6698.72
INFO:root:Read blocks of pixels: 261.05 x 6698.79
INFO:root:Read blocks of pixels: 319.09 x 6698.85
INFO:root:Read blocks of pixels: 381.83 x 6698.92
INFO:root:Read blocks of pixels: 442.13 x 6698.99
INFO:root:Read blocks of pixels: 506.41 x 6699.06
INFO:root:Output region (507.41, 501.00) (8334.5, 8841.9) x (5059.2, 5560.2)
INFO:root:Output region (507.41, 500.00) (8334.5, 8841.9) x (5530.2, 6030.2)
INFO:root:Output region (507.41, 500.00) (8334.5, 8841.9) x (6000.2, 6500.2)
INFO:root:Output region (507.41, 500.00) (8334.5, 8841.9) x (6470.2, 6970.2)
INFO:root:Output region (507.41, 500.00) (8334.5, 8841.9) x (6940.2, 7440.2)
INFO:root:Output region (507.41, 500.00) (8334.5, 8841.9) x (7410.2, 7910.2)
INFO:root:Output region (507.41, 500.00) (8334.5, 8841.9) x (7880.2, 8380.2)
INFO:root:Output region (507.41, 500.00) (8334.5, 8841.9) x (8350.2, 8850.2)
INFO:root:Output region (507.41, 500.00) (8334.5, 8841.9) x (8820.2, 9320.2)
INFO:root:Output region (507.41, 500.00) (8334.5, 8841.9) x (9290.2, 9790.2)
INFO:root:Output region (507.41, 500.00) (8334.5, 8841.9) x (9760.2, 10260.2)
INFO:root:Output region (507.41, 500.00) (8334.5, 8841.9) x (10230.2, 10730.2)
INFO:root:Output region (507.41, 500.00) (8334.5, 8841.9) x (10700.2, 11200.2)
INFO:root:Output region (507.41, 589.06) (8334.5, 8841.9) x (11170.2, 11759.3)
INFO:root:Left over size 513126 (513126, 30.00)
INFO:root:Read blocks of pixels: 90.66 x 6698.61
INFO:root:Read blocks of pixels: 151.68 x 6698.68
INFO:root:Read blocks of pixels: 211.65 x 6698.74
INFO:root:Read blocks of pixels: 261.32 x 6698.80
INFO:root:Read blocks of pixels: 316.31 x 6698.86
INFO:root:Read blocks of pixels: 371.73 x 6698.92
INFO:root:Read blocks of pixels: 426.62 x 6698.98
INFO:root:Read blocks of pixels: 479.99 x 6699.04
INFO:root:Read blocks of pixels: 534.11 x 6699.10
INFO:root:Output region (535.11, 501.00) (8811.0, 9346.1) x (5059.7, 5560.7)
INFO:root:Output region (535.11, 500.00) (8811.0, 9346.1) x (5530.7, 6030.7)
INFO:root:Output region (535.11, 500.00) (8811.0, 9346.1) x (6000.7, 6500.7)
INFO:root:Output region (535.11, 500.00) (8811.0, 9346.1) x (6470.7, 6970.7)
INFO:root:Output region (535.11, 500.00) (8811.0, 9346.1) x (6940.7, 7440.7)
INFO:root:Output region (535.11, 500.00) (8811.0, 9346.1) x (7410.7, 7910.7)
INFO:root:Output region (535.11, 500.00) (8811.0, 9346.1) x (7880.7, 8380.7)
INFO:root:Output region (535.11, 500.00) (8811.0, 9346.1) x (8350.7, 8850.7)
INFO:root:Output region (535.11, 500.00) (8811.0, 9346.1) x (8820.7, 9320.7)
INFO:root:Output region (535.11, 500.00) (8811.0, 9346.1) x (9290.7, 9790.7)
INFO:root:Output region (535.11, 500.00) (8811.0, 9346.1) x (9760.7, 10260.7)
INFO:root:Output region (535.11, 500.00) (8811.0, 9346.1) x (10230.7, 10730.7)
INFO:root:Output region (535.11, 500.00) (8811.0, 9346.1) x (10700.7, 11200.7)
INFO:root:Output region (535.11, 589.10) (8811.0, 9346.1) x (11170.7, 11759.8)
INFO:root:Left over size 583214 (583214, 30.00)
INFO:root:Read blocks of pixels: 81.43 x 6698.60
INFO:root:Read blocks of pixels: 130.51 x 6698.65
INFO:root:Read blocks of pixels: 177.53 x 6698.71
INFO:root:Read blocks of pixels: 228.40 x 6698.76
INFO:root:Read blocks of pixels: 281.39 x 6698.81
INFO:root:Read blocks of pixels: 335.92 x 6698.88
INFO:root:Read blocks of pixels: 395.22 x 6698.94
INFO:root:Read blocks of pixels: 446.57 x 6699.00
INFO:root:Read blocks of pixels: 501.14 x 6699.04
INFO:root:Output region (502.14, 501.00) (9315.1, 9817.2) x (5060.3, 5561.3)
INFO:root:Output region (502.14, 500.00) (9315.1, 9817.2) x (5531.3, 6031.3)
INFO:root:Output region (502.14, 500.00) (9315.1, 9817.2) x (6001.3, 6501.3)
INFO:root:Output region (502.14, 500.00) (9315.1, 9817.2) x (6471.3, 6971.3)
INFO:root:Output region (502.14, 500.00) (9315.1, 9817.2) x (6941.3, 7441.3)
INFO:root:Output region (502.14, 500.00) (9315.1, 9817.2) x (7411.3, 7911.3)
INFO:root:Output region (502.14, 500.00) (9315.1, 9817.2) x (7881.3, 8381.3)
INFO:root:Output region (502.14, 500.00) (9315.1, 9817.2) x (8351.3, 8851.3)
INFO:root:Output region (502.14, 500.00) (9315.1, 9817.2) x (8821.3, 9321.3)
INFO:root:Output region (502.14, 500.00) (9315.1, 9817.2) x (9291.3, 9791.3)
INFO:root:Output region (502.14, 500.00) (9315.1, 9817.2) x (9761.3, 10261.3)
INFO:root:Output region (502.14, 500.00) (9315.1, 9817.2) x (10231.3, 10731.3)
INFO:root:Output region (502.14, 500.00) (9315.1, 9817.2) x (10701.3, 11201.3)
INFO:root:Output region (502.14, 589.04) (9315.1, 9817.2) x (11171.3, 11760.3)
INFO:root:Left over size 551611 (551611, 30.00)
INFO:root:Read blocks of pixels: 86.09 x 6698.55
INFO:root:Read blocks of pixels: 141.44 x 6698.62
INFO:root:Read blocks of pixels: 193.57 x 6698.72
INFO:root:Read blocks of pixels: 254.16 x 6698.79
INFO:root:Read blocks of pixels: 308.98 x 6698.81
INFO:root:Read blocks of pixels: 363.55 x 6698.88
INFO:root:Read blocks of pixels: 418.19 x 6698.97
INFO:root:Read blocks of pixels: 466.35 x 6699.01
INFO:root:Read blocks of pixels: 517.44 x 6699.08
INFO:root:Output region (518.44, 501.00) (9786.2, 10304.7) x (5060.8, 5561.8)
INFO:root:Output region (518.44, 500.00) (9786.2, 10304.7) x (5531.8, 6031.8)
INFO:root:Output region (518.44, 500.00) (9786.2, 10304.7) x (6001.8, 6501.8)
INFO:root:Output region (518.44, 500.00) (9786.2, 10304.7) x (6471.8, 6971.8)
INFO:root:Output region (518.44, 500.00) (9786.2, 10304.7) x (6941.8, 7441.8)
INFO:root:Output region (518.44, 500.00) (9786.2, 10304.7) x (7411.8, 7911.8)
INFO:root:Output region (518.44, 500.00) (9786.2, 10304.7) x (7881.8, 8381.8)
INFO:root:Output region (518.44, 500.00) (9786.2, 10304.7) x (8351.8, 8851.8)
INFO:root:Output region (518.44, 500.00) (9786.2, 10304.7) x (8821.8, 9321.8)
INFO:root:Output region (518.44, 500.00) (9786.2, 10304.7) x (9291.8, 9791.8)
INFO:root:Output region (518.44, 500.00) (9786.2, 10304.7) x (9761.8, 10261.8)
INFO:root:Output region (518.44, 500.00) (9786.2, 10304.7) x (10231.8, 10731.8)
INFO:root:Output region (518.44, 500.00) (9786.2, 10304.7) x (10701.8, 11201.8)
INFO:root:Output region (518.44, 589.08) (9786.2, 10304.7) x (11171.8, 11760.9)
INFO:root:Left over size 587260 (587260, 30.00)
INFO:root:Read blocks of pixels: 89.01 x 6698.58
INFO:root:Read blocks of pixels: 148.66 x 6698.67
INFO:root:Read blocks of pixels: 205.81 x 6698.69
INFO:root:Read blocks of pixels: 266.73 x 6698.74
INFO:root:Read blocks of pixels: 331.48 x 6698.74
INFO:root:Read blocks of pixels: 395.56 x 6698.74
INFO:root:Read blocks of pixels: 461.99 x 6699.00
INFO:root:Read blocks of pixels: 523.30 x 6699.00
INFO:root:Output region (524.30, 501.00) (10273.7, 10798.0) x (5061.3, 5562.3)
INFO:root:Output region (524.30, 500.00) (10273.7, 10798.0) x (5532.3, 6032.3)
INFO:root:Output region (524.30, 500.00) (10273.7, 10798.0) x (6002.3, 6502.3)
INFO:root:Output region (524.30, 500.00) (10273.7, 10798.0) x (6472.3, 6972.3)
INFO:root:Output region (524.30, 500.00) (10273.7, 10798.0) x (6942.3, 7442.3)
INFO:root:Output region (524.30, 500.00) (10273.7, 10798.0) x (7412.3, 7912.3)
INFO:root:Output region (524.30, 500.00) (10273.7, 10798.0) x (7882.3, 8382.3)
INFO:root:Output region (524.30, 500.00) (10273.7, 10798.0) x (8352.3, 8852.3)
INFO:root:Output region (524.30, 500.00) (10273.7, 10798.0) x (8822.3, 9322.3)
INFO:root:Output region (524.30, 500.00) (10273.7, 10798.0) x (9292.3, 9792.3)
INFO:root:Output region (524.30, 500.00) (10273.7, 10798.0) x (9762.3, 10262.3)
INFO:root:Output region (524.30, 500.00) (10273.7, 10798.0) x (10232.3, 10732.3)
INFO:root:Output region (524.30, 500.00) (10273.7, 10798.0) x (10702.3, 11202.3)
INFO:root:Output region (524.30, 589.00) (10273.7, 10798.0) x (11172.3, 11761.3)
INFO:root:Left over size 465240 (465240, 30.00)
INFO:root:Read blocks of pixels: 97.48 x 6698.61
INFO:root:Read blocks of pixels: 168.80 x 6698.66
INFO:root:Read blocks of pixels: 233.40 x 6698.73
INFO:root:Read blocks of pixels: 292.78 x 6698.81
INFO:root:Read blocks of pixels: 356.19 x 6698.85
INFO:root:Read blocks of pixels: 416.42 x 6698.96
INFO:root:Read blocks of pixels: 469.94 x 6698.96
INFO:root:Read blocks of pixels: 534.08 x 6699.09
INFO:root:Output region (535.08, 501.00) (10767.0, 11302.0) x (5061.9, 5562.9)
INFO:root:Output region (535.08, 500.00) (10767.0, 11302.0) x (5532.9, 6032.9)
INFO:root:Output region (535.08, 500.00) (10767.0, 11302.0) x (6002.9, 6502.9)
INFO:root:Output region (535.08, 500.00) (10767.0, 11302.0) x (6472.9, 6972.9)
INFO:root:Output region (535.08, 500.00) (10767.0, 11302.0) x (6942.9, 7442.9)
INFO:root:Output region (535.08, 500.00) (10767.0, 11302.0) x (7412.9, 7912.9)
INFO:root:Output region (535.08, 500.00) (10767.0, 11302.0) x (7882.9, 8382.9)
INFO:root:Output region (535.08, 500.00) (10767.0, 11302.0) x (8352.9, 8852.9)
INFO:root:Output region (535.08, 500.00) (10767.0, 11302.0) x (8822.9, 9322.9)
INFO:root:Output region (535.08, 500.00) (10767.0, 11302.0) x (9292.9, 9792.9)
INFO:root:Output region (535.08, 500.00) (10767.0, 11302.0) x (9762.9, 10262.9)
INFO:root:Output region (535.08, 500.00) (10767.0, 11302.0) x (10232.9, 10732.9)
INFO:root:Output region (535.08, 500.00) (10767.0, 11302.0) x (10702.9, 11202.9)
INFO:root:Output region (535.08, 589.09) (10767.0, 11302.0) x (11172.9, 11762.0)
INFO:root:Left over size 424175 (424175, 30.00)
INFO:root:Read blocks of pixels: 110.61 x 6698.62
INFO:root:Read blocks of pixels: 193.97 x 6698.70
INFO:root:Read blocks of pixels: 279.82 x 6698.82
INFO:root:Read blocks of pixels: 351.34 x 6698.85
INFO:root:Read blocks of pixels: 430.97 x 6698.91
INFO:root:Read blocks of pixels: 503.47 x 6699.02
INFO:root:Output region (504.47, 501.00) (11271.0, 11775.5) x (5062.4, 5563.4)
INFO:root:Output region (504.47, 500.00) (11271.0, 11775.5) x (5533.4, 6033.4)
INFO:root:Output region (504.47, 500.00) (11271.0, 11775.5) x (6003.4, 6503.4)
INFO:root:Output region (504.47, 500.00) (11271.0, 11775.5) x (6473.4, 6973.4)
INFO:root:Output region (504.47, 500.00) (11271.0, 11775.5) x (6943.4, 7443.4)
INFO:root:Output region (504.47, 500.00) (11271.0, 11775.5) x (7413.4, 7913.4)
INFO:root:Output region (504.47, 500.00) (11271.0, 11775.5) x (7883.4, 8383.4)
INFO:root:Output region (504.47, 500.00) (11271.0, 11775.5) x (8353.4, 8853.4)
INFO:root:Output region (504.47, 500.00) (11271.0, 11775.5) x (8823.4, 9323.4)
INFO:root:Output region (504.47, 500.00) (11271.0, 11775.5) x (9293.4, 9793.4)
INFO:root:Output region (504.47, 500.00) (11271.0, 11775.5) x (9763.4, 10263.4)
INFO:root:Output region (504.47, 500.00) (11271.0, 11775.5) x (10233.4, 10733.4)
INFO:root:Output region (504.47, 500.00) (11271.0, 11775.5) x (10703.4, 11203.4)
INFO:root:Output region (504.47, 589.02) (11271.0, 11775.5) x (11173.4, 11762.5)
INFO:root:Left over size 403039 (403039, 30.00)
INFO:root:Read blocks of pixels: 91.48 x 6694.57
INFO:root:Read blocks of pixels: 141.94 x 6698.66
INFO:root:Read blocks of pixels: 210.61 x 6698.70
INFO:root:Read blocks of pixels: 276.46 x 6698.70
INFO:root:Read blocks of pixels: 346.97 x 6698.70
INFO:root:Read blocks of pixels: 434.81 x 6698.99
INFO:root:Read blocks of pixels: 509.57 x 6698.99
INFO:root:Output region (510.57, 501.00) (11744.5, 12255.1) x (5063.0, 5564.0)
INFO:root:Output region (510.57, 500.00) (11744.5, 12255.1) x (5534.0, 6034.0)
INFO:root:Output region (510.57, 500.00) (11744.5, 12255.1) x (6004.0, 6504.0)
INFO:root:Output region (510.57, 500.00) (11744.5, 12255.1) x (6474.0, 6974.0)
INFO:root:Output region (510.57, 500.00) (11744.5, 12255.1) x (6944.0, 7444.0)
INFO:root:Output region (510.57, 500.00) (11744.5, 12255.1) x (7414.0, 7914.0)
INFO:root:Output region (510.57, 500.00) (11744.5, 12255.1) x (7884.0, 8384.0)
INFO:root:Output region (510.57, 500.00) (11744.5, 12255.1) x (8354.0, 8854.0)
INFO:root:Output region (510.57, 500.00) (11744.5, 12255.1) x (8824.0, 9324.0)
INFO:root:Output region (510.57, 500.00) (11744.5, 12255.1) x (9294.0, 9794.0)
INFO:root:Output region (510.57, 500.00) (11744.5, 12255.1) x (9764.0, 10264.0)
INFO:root:Output region (510.57, 500.00) (11744.5, 12255.1) x (10234.0, 10734.0)
INFO:root:Output region (510.57, 500.00) (11744.5, 12255.1) x (10704.0, 11204.0)
INFO:root:Output region (510.57, 588.99) (11744.5, 12255.1) x (11174.0, 11762.9)
INFO:root:Left over size 450275 (450275, 30.00)
INFO:root:Read blocks of pixels: 107.72 x 6696.59
INFO:root:Read blocks of pixels: 195.46 x 6696.70
INFO:root:Read blocks of pixels: 287.20 x 6698.79
INFO:root:Read blocks of pixels: 371.47 x 6698.79
INFO:root:Read blocks of pixels: 442.74 x 6698.94
INFO:root:Read blocks of pixels: 505.57 x 6699.06
INFO:root:Output region (506.57, 501.00) (12224.1, 12730.6) x (5063.5, 5564.5)
INFO:root:Output region (506.57, 500.00) (12224.1, 12730.6) x (5534.5, 6034.5)
INFO:root:Output region (506.57, 500.00) (12224.1, 12730.6) x (6004.5, 6504.5)
INFO:root:Output region (506.57, 500.00) (12224.1, 12730.6) x (6474.5, 6974.5)
INFO:root:Output region (506.57, 500.00) (12224.1, 12730.6) x (6944.5, 7444.5)
INFO:root:Output region (506.57, 500.00) (12224.1, 12730.6) x (7414.5, 7914.5)
INFO:root:Output region (506.57, 500.00) (12224.1, 12730.6) x (7884.5, 8384.5)
INFO:root:Output region (506.57, 500.00) (12224.1, 12730.6) x (8354.5, 8854.5)
INFO:root:Output region (506.57, 500.00) (12224.1, 12730.6) x (8824.5, 9324.5)
INFO:root:Output region (506.57, 500.00) (12224.1, 12730.6) x (9294.5, 9794.5)
INFO:root:Output region (506.57, 500.00) (12224.1, 12730.6) x (9764.5, 10264.5)
INFO:root:Output region (506.57, 500.00) (12224.1, 12730.6) x (10234.5, 10734.5)
INFO:root:Output region (506.57, 500.00) (12224.1, 12730.6) x (10704.5, 11204.5)
INFO:root:Output region (506.57, 589.06) (12224.1, 12730.6) x (11174.5, 11763.5)
INFO:root:Left over size 463220 (463220, 30.00)
INFO:root:Read blocks of pixels: 105.02 x 6698.59
INFO:root:Read blocks of pixels: 179.81 x 6698.69
INFO:root:Read blocks of pixels: 241.92 x 6698.72
INFO:root:Read blocks of pixels: 309.56 x 6698.85
INFO:root:Read blocks of pixels: 375.93 x 6698.89
INFO:root:Read blocks of pixels: 455.43 x 6699.01
INFO:root:Read blocks of pixels: 515.49 x 6699.01
INFO:root:Output region (516.49, 501.00) (12699.6, 13216.1) x (5064.0, 5565.0)
INFO:root:Output region (516.49, 500.00) (12699.6, 13216.1) x (5535.0, 6035.0)
INFO:root:Output region (516.49, 500.00) (12699.6, 13216.1) x (6005.0, 6505.0)
INFO:root:Output region (516.49, 500.00) (12699.6, 13216.1) x (6475.0, 6975.0)
INFO:root:Output region (516.49, 500.00) (12699.6, 13216.1) x (6945.0, 7445.0)
INFO:root:Output region (516.49, 500.00) (12699.6, 13216.1) x (7415.0, 7915.0)
INFO:root:Output region (516.49, 500.00) (12699.6, 13216.1) x (7885.0, 8385.0)
INFO:root:Output region (516.49, 500.00) (12699.6, 13216.1) x (8355.0, 8855.0)
INFO:root:Output region (516.49, 500.00) (12699.6, 13216.1) x (8825.0, 9325.0)
INFO:root:Output region (516.49, 500.00) (12699.6, 13216.1) x (9295.0, 9795.0)
INFO:root:Output region (516.49, 500.00) (12699.6, 13216.1) x (9765.0, 10265.0)
INFO:root:Output region (516.49, 500.00) (12699.6, 13216.1) x (10235.0, 10735.0)
INFO:root:Output region (516.49, 500.00) (12699.6, 13216.1) x (10705.0, 11205.0)
INFO:root:Output region (516.49, 589.01) (12699.6, 13216.1) x (11175.0, 11764.0)
INFO:root:Left over size 503458 (503458, 30.00)
INFO:root:Read blocks of pixels: 97.51 x 6698.59
INFO:root:Read blocks of pixels: 178.98 x 6698.63
INFO:root:Read blocks of pixels: 263.77 x 6698.80
INFO:root:Read blocks of pixels: 331.41 x 6698.80
INFO:root:Read blocks of pixels: 401.34 x 6698.95
INFO:root:Read blocks of pixels: 458.72 x 6698.95
INFO:root:Read blocks of pixels: 511.71 x 6698.95
INFO:root:Output region (512.71, 501.00) (13185.1, 13697.8) x (5064.6, 5565.6)
INFO:root:Output region (512.71, 500.00) (13185.1, 13697.8) x (5535.6, 6035.6)
INFO:root:Output region (512.71, 500.00) (13185.1, 13697.8) x (6005.6, 6505.6)
INFO:root:Output region (512.71, 500.00) (13185.1, 13697.8) x (6475.6, 6975.6)
INFO:root:Output region (512.71, 500.00) (13185.1, 13697.8) x (6945.6, 7445.6)
INFO:root:Output region (512.71, 500.00) (13185.1, 13697.8) x (7415.6, 7915.6)
INFO:root:Output region (512.71, 500.00) (13185.1, 13697.8) x (7885.6, 8385.6)
INFO:root:Output region (512.71, 500.00) (13185.1, 13697.8) x (8355.6, 8855.6)
INFO:root:Output region (512.71, 500.00) (13185.1, 13697.8) x (8825.6, 9325.6)
INFO:root:Output region (512.71, 500.00) (13185.1, 13697.8) x (9295.6, 9795.6)
INFO:root:Output region (512.71, 500.00) (13185.1, 13697.8) x (9765.6, 10265.6)
INFO:root:Output region (512.71, 500.00) (13185.1, 13697.8) x (10235.6, 10735.6)
INFO:root:Output region (512.71, 500.00) (13185.1, 13697.8) x (10705.6, 11205.6)
INFO:root:Output region (512.71, 588.95) (13185.1, 13697.8) x (11175.6, 11764.5)
INFO:root:Left over size 559134 (559134, 30.00)
INFO:root:Read blocks of pixels: 94.68 x 6698.59
INFO:root:Read blocks of pixels: 150.73 x 6698.68
INFO:root:Read blocks of pixels: 203.97 x 6698.71
INFO:root:Read blocks of pixels: 264.89 x 6698.79
INFO:root:Read blocks of pixels: 316.16 x 6698.79
INFO:root:Read blocks of pixels: 380.30 x 6698.89
INFO:root:Read blocks of pixels: 447.81 x 6698.96
INFO:root:Read blocks of pixels: 504.82 x 6699.07
INFO:root:Output region (505.82, 501.00) (13666.8, 14172.7) x (5065.1, 5566.1)
INFO:root:Output region (505.82, 500.00) (13666.8, 14172.7) x (5536.1, 6036.1)
INFO:root:Output region (505.82, 500.00) (13666.8, 14172.7) x (6006.1, 6506.1)
INFO:root:Output region (505.82, 500.00) (13666.8, 14172.7) x (6476.1, 6976.1)
INFO:root:Output region (505.82, 500.00) (13666.8, 14172.7) x (6946.1, 7446.1)
INFO:root:Output region (505.82, 500.00) (13666.8, 14172.7) x (7416.1, 7916.1)
INFO:root:Output region (505.82, 500.00) (13666.8, 14172.7) x (7886.1, 8386.1)
INFO:root:Output region (505.82, 500.00) (13666.8, 14172.7) x (8356.1, 8856.1)
INFO:root:Output region (505.82, 500.00) (13666.8, 14172.7) x (8826.1, 9326.1)
INFO:root:Output region (505.82, 500.00) (13666.8, 14172.7) x (9296.1, 9796.1)
INFO:root:Output region (505.82, 500.00) (13666.8, 14172.7) x (9766.1, 10266.1)
INFO:root:Output region (505.82, 500.00) (13666.8, 14172.7) x (10236.1, 10736.1)
INFO:root:Output region (505.82, 500.00) (13666.8, 14172.7) x (10706.1, 11206.1)
INFO:root:Output region (505.82, 589.07) (13666.8, 14172.7) x (11176.1, 11765.2)
INFO:root:Left over size 488718 (488718, 30.00)
INFO:root:Read blocks of pixels: 92.04 x 6698.61
INFO:root:Read blocks of pixels: 155.26 x 6698.69
INFO:root:Read blocks of pixels: 217.18 x 6698.76
INFO:root:Read blocks of pixels: 283.59 x 6698.78
INFO:root:Read blocks of pixels: 355.89 x 6698.89
INFO:root:Read blocks of pixels: 412.75 x 6698.96
INFO:root:Read blocks of pixels: 473.73 x 6699.04
INFO:root:Read blocks of pixels: 534.38 x 6699.09
INFO:root:Output region (535.38, 501.00) (14141.7, 14677.0) x (5065.6, 5566.6)
INFO:root:Output region (535.38, 500.00) (14141.7, 14677.0) x (5536.6, 6036.6)
INFO:root:Output region (535.38, 500.00) (14141.7, 14677.0) x (6006.6, 6506.6)
INFO:root:Output region (535.38, 500.00) (14141.7, 14677.0) x (6476.6, 6976.6)
INFO:root:Output region (535.38, 500.00) (14141.7, 14677.0) x (6946.6, 7446.6)
INFO:root:Output region (535.38, 500.00) (14141.7, 14677.0) x (7416.6, 7916.6)
INFO:root:Output region (535.38, 500.00) (14141.7, 14677.0) x (7886.6, 8386.6)
INFO:root:Output region (535.38, 500.00) (14141.7, 14677.0) x (8356.6, 8856.6)
INFO:root:Output region (535.38, 500.00) (14141.7, 14677.0) x (8826.6, 9326.6)
INFO:root:Output region (535.38, 500.00) (14141.7, 14677.0) x (9296.6, 9796.6)
INFO:root:Output region (535.38, 500.00) (14141.7, 14677.0) x (9766.6, 10266.6)
INFO:root:Output region (535.38, 500.00) (14141.7, 14677.0) x (10236.6, 10736.6)
INFO:root:Output region (535.38, 500.00) (14141.7, 14677.0) x (10706.6, 11206.6)
INFO:root:Output region (535.38, 589.09) (14141.7, 14677.0) x (11176.6, 11765.7)
INFO:root:Left over size 559168 (559168, 30.00)
INFO:root:Read blocks of pixels: 86.31 x 6698.60
INFO:root:Read blocks of pixels: 146.36 x 6698.60
INFO:root:Read blocks of pixels: 199.26 x 6698.60
INFO:root:Read blocks of pixels: 255.00 x 6698.78
INFO:root:Read blocks of pixels: 308.14 x 6698.78
INFO:root:Read blocks of pixels: 365.15 x 6698.87
INFO:root:Read blocks of pixels: 393.89 x 6698.94
INFO:root:Read blocks of pixels: 393.89 x 6698.94
INFO:root:Output region (394.89, 501.00) (14646.0, 15040.9) x (5066.2, 5567.2)
INFO:root:Output region (394.89, 500.00) (14646.0, 15040.9) x (5537.2, 6037.2)
INFO:root:Output region (394.89, 500.00) (14646.0, 15040.9) x (6007.2, 6507.2)
INFO:root:Output region (394.89, 500.00) (14646.0, 15040.9) x (6477.2, 6977.2)
INFO:root:Output region (394.89, 500.00) (14646.0, 15040.9) x (6947.2, 7447.2)
INFO:root:Output region (394.89, 500.00) (14646.0, 15040.9) x (7417.2, 7917.2)
INFO:root:Output region (394.89, 500.00) (14646.0, 15040.9) x (7887.2, 8387.2)
INFO:root:Output region (394.89, 500.00) (14646.0, 15040.9) x (8357.2, 8857.2)
INFO:root:Output region (394.89, 500.00) (14646.0, 15040.9) x (8827.2, 9327.2)
INFO:root:Output region (394.89, 500.00) (14646.0, 15040.9) x (9297.2, 9797.2)
INFO:root:Output region (394.89, 500.00) (14646.0, 15040.9) x (9767.2, 10267.2)
INFO:root:Output region (394.89, 500.00) (14646.0, 15040.9) x (10237.2, 10737.2)
INFO:root:Output region (394.89, 500.00) (14646.0, 15040.9) x (10707.2, 11207.2)
INFO:root:Output region (394.89, 588.94) (14646.0, 15040.9) x (11177.2, 11766.1)
['X', 'random_index', 'Y', 'gene', 'Count']
gzip -f /dcs05/lieber/marmaypag/xenium_NAC_LIBD4125/xenium_NAC/processed-data/HD_Full_Analysis/FICTURE/outputs/H1-M3TCP9V_A1/nF_16/batched.matrix.tsv
--------------------------------------------------------------
Creating DGE for 12um...
--------------------------------------------------------------
ficture make_dge --key Count --input /dcs05/lieber/marmaypag/xenium_NAC_LIBD4125/xenium_NAC/processed-data/HD_Full_Analysis/FICTURE/inputs/H1-M3TCP9V_A1/transcripts.sorted.tsv.gz --output /dcs05/lieber/marmaypag/xenium_NAC_LIBD4125/xenium_NAC/processed-data/HD_Full_Analysis/FICTURE/outputs/H1-M3TCP9V_A1/nF_16/hexagon.d_12.tsv --hex_width 12 --n_move 2 --min_ct_per_unit 50 --mu_scale 1.0 --precision 2 --major_axis X --fractional-count 0
INFO:root:Random seed 1772864298.652668
WARNING:root:The designated major key is not one of the specified count columns, --count_header is ignored
INFO:root:Processing 104638 pixels (1000000 8335.535, 8405.68).
INFO:root:Sliding offset 0, 0. Add 2752 units, median count 173.0, 2752 units so far.
INFO:root:Sliding offset 0, 1. Add 2945 units, median count 172.0, 5697 units so far.
INFO:root:Sliding offset 1, 0. Add 2748 units, median count 172.0, 8445 units so far.
INFO:root:Sliding offset 1, 1. Add 2952 units, median count 174.0, 11397 units so far.
INFO:root:Left over size 383823 (8382, 8406).
INFO:root:Processing 137353 pixels (1383823 8381.681, 8468.464).
INFO:root:Sliding offset 0, 0. Add 3303 units, median count 195.0, 14700 units so far.
INFO:root:Sliding offset 0, 1. Add 3009 units, median count 196.0, 17709 units so far.
INFO:root:Sliding offset 1, 0. Add 3303 units, median count 195.0, 21012 units so far.
INFO:root:Sliding offset 1, 1. Add 3019 units, median count 195.0, 24031 units so far.
INFO:root:Left over size 422377 (8444, 8468).
INFO:root:Processing 143697 pixels (1422377 8444.465, 8534.602).
INFO:root:Sliding offset 0, 0. Add 3327 units, median count 199.0, 27358 units so far.
INFO:root:Sliding offset 0, 1. Add 3320 units, median count 201.0, 30678 units so far.
INFO:root:Sliding offset 1, 0. Add 3330 units, median count 201.0, 34008 units so far.
INFO:root:Sliding offset 1, 1. Add 3322 units, median count 201.0, 37330 units so far.
INFO:root:Left over size 344478 (8511, 8535).
INFO:root:Processing 137964 pixels (1344478 8510.603, 8596.589).
INFO:root:Sliding offset 0, 0. Add 3109 units, median count 193.0, 40439 units so far.
INFO:root:Sliding offset 0, 1. Add 3349 units, median count 196.0, 43788 units so far.
INFO:root:Sliding offset 1, 0. Add 3108 units, median count 195.0, 46896 units so far.
INFO:root:Sliding offset 1, 1. Add 3342 units, median count 197.0, 50238 units so far.
INFO:root:Left over size 420417 (8573, 8597).
INFO:root:Processing 131090 pixels (1420417 8572.59, 8654.627).
INFO:root:Sliding offset 0, 0. Add 3027 units, median count 215.0, 53265 units so far.
INFO:root:Sliding offset 0, 1. Add 2803 units, median count 212.0, 56068 units so far.
INFO:root:Sliding offset 1, 0. Add 3035 units, median count 217.5, 59103 units so far.
INFO:root:Sliding offset 1, 1. Add 2812 units, median count 212.0, 61915 units so far.
INFO:root:Left over size 437003 (8631, 8655).
INFO:root:Processing 137250 pixels (1437003 8630.628, 8717.368).
INFO:root:Sliding offset 0, 0. Add 3005 units, median count 206.0, 64920 units so far.
INFO:root:Sliding offset 0, 1. Add 3292 units, median count 209.0, 68212 units so far.
INFO:root:Sliding offset 1, 0. Add 3002 units, median count 207.0, 71214 units so far.
INFO:root:Sliding offset 1, 1. Add 3294 units, median count 209.0, 74508 units so far.
INFO:root:Left over size 392542 (8693, 8717).
INFO:root:Processing 134462 pixels (1392542 8693.37, 8777.663).
INFO:root:Sliding offset 0, 0. Add 3052 units, median count 204.0, 77560 units so far.
INFO:root:Sliding offset 0, 1. Add 3063 units, median count 204.0, 80623 units so far.
INFO:root:Sliding offset 1, 0. Add 3057 units, median count 204.0, 83680 units so far.
INFO:root:Sliding offset 1, 1. Add 3065 units, median count 202.0, 86745 units so far.
INFO:root:Left over size 404266 (8754, 8778).
INFO:root:Processing 143194 pixels (1404266 8753.664, 8841.949).
INFO:root:Sliding offset 0, 0. Add 3427 units, median count 203.0, 90172 units so far.
INFO:root:Sliding offset 0, 1. Add 3265 units, median count 203.0, 93437 units so far.
INFO:root:Sliding offset 1, 0. Add 3420 units, median count 202.0, 96857 units so far.
INFO:root:Sliding offset 1, 1. Add 3262 units, median count 202.0, 100119 units so far.
INFO:root:Left over size 411015 (8818, 8842).
INFO:root:Processing 138116 pixels (1411015 8817.95, 8902.609).
INFO:root:Sliding offset 0, 0. Add 3137 units, median count 210.0, 103256 units so far.
INFO:root:Sliding offset 0, 1. Add 3259 units, median count 209.0, 106515 units so far.
INFO:root:Sliding offset 1, 0. Add 3135 units, median count 209.0, 109650 units so far.
INFO:root:Sliding offset 1, 1. Add 3247 units, median count 210.0, 112897 units so far.
INFO:root:Left over size 386697 (8879, 8903).
INFO:root:Processing 137841 pixels (1386697 8878.61, 8963.63).
INFO:root:Sliding offset 0, 0. Add 3101 units, median count 205.0, 115998 units so far.
INFO:root:Sliding offset 0, 1. Add 3153 units, median count 203.0, 119151 units so far.
INFO:root:Sliding offset 1, 0. Add 3102 units, median count 205.0, 122253 units so far.
INFO:root:Sliding offset 1, 1. Add 3153 units, median count 206.0, 125406 units so far.
INFO:root:Left over size 387189 (8940, 8964).
INFO:root:Processing 136303 pixels (1387189 8939.631, 9023.603).
INFO:root:Sliding offset 0, 0. Add 3110 units, median count 221.0, 128516 units so far.
INFO:root:Sliding offset 0, 1. Add 3109 units, median count 219.0, 131625 units so far.
INFO:root:Sliding offset 1, 0. Add 3112 units, median count 220.0, 134737 units so far.
INFO:root:Sliding offset 1, 1. Add 3106 units, median count 220.0, 137843 units so far.
INFO:root:Left over size 439363 (9000, 9024).
INFO:root:Processing 120183 pixels (1439363 8999.605, 9073.273).
INFO:root:Sliding offset 0, 0. Add 2677 units, median count 254.0, 140520 units so far.
INFO:root:Sliding offset 0, 1. Add 2505 units, median count 250.0, 143025 units so far.
INFO:root:Sliding offset 1, 0. Add 2679 units, median count 255.0, 145704 units so far.
INFO:root:Sliding offset 1, 1. Add 2511 units, median count 249.5, 148215 units so far.
INFO:root:Left over size 489919 (9049, 9073).
INFO:root:Processing 128000 pixels (1489919 9049.274, 9128.258).
INFO:root:Sliding offset 0, 0. Add 2869 units, median count 251.0, 151084 units so far.
INFO:root:Sliding offset 0, 1. Add 2734 units, median count 251.5, 153818 units so far.
INFO:root:Sliding offset 1, 0. Add 2859 units, median count 251.0, 156677 units so far.
INFO:root:Sliding offset 1, 1. Add 2740 units, median count 252.0, 159417 units so far.
INFO:root:Left over size 451161 (9104, 9128).
INFO:root:Processing 129010 pixels (1451161 9104.259, 9183.684).
INFO:root:Sliding offset 0, 0. Add 2813 units, median count 233.0, 162230 units so far.
INFO:root:Sliding offset 0, 1. Add 2909 units, median count 237.0, 165139 units so far.
INFO:root:Sliding offset 1, 0. Add 2815 units, median count 233.0, 167954 units so far.
INFO:root:Sliding offset 1, 1. Add 2906 units, median count 237.0, 170860 units so far.
INFO:root:Left over size 464040 (9160, 9184).
INFO:root:Processing 129091 pixels (1464040 9159.685, 9238.566).
INFO:root:Sliding offset 0, 0. Add 2812 units, median count 241.0, 173672 units so far.
INFO:root:Sliding offset 0, 1. Add 2960 units, median count 241.0, 176632 units so far.
INFO:root:Sliding offset 1, 0. Add 2806 units, median count 241.0, 179438 units so far.
INFO:root:Sliding offset 1, 1. Add 2958 units, median count 240.0, 182396 units so far.
INFO:root:Left over size 427348 (9215, 9239).
INFO:root:Processing 125930 pixels (1427348 9214.567, 9291.943).
INFO:root:Sliding offset 0, 0. Add 2785 units, median count 250.0, 185181 units so far.
INFO:root:Sliding offset 0, 1. Add 2675 units, median count 251.0, 187856 units so far.
INFO:root:Sliding offset 1, 0. Add 2788 units, median count 250.0, 190644 units so far.
INFO:root:Sliding offset 1, 1. Add 2675 units, median count 250.0, 193319 units so far.
INFO:root:Left over size 458925 (9268, 9292).
INFO:root:Processing 127091 pixels (1458925 9267.944, 9346.064).
INFO:root:Sliding offset 0, 0. Add 2816 units, median count 242.0, 196135 units so far.
INFO:root:Sliding offset 0, 1. Add 2826 units, median count 245.0, 198961 units so far.
INFO:root:Sliding offset 1, 0. Add 2817 units, median count 242.0, 201778 units so far.
INFO:root:Sliding offset 1, 1. Add 2838 units, median count 243.0, 204616 units so far.
INFO:root:Left over size 482287 (9322, 9346).
INFO:root:Processing 123125 pixels (1482287 9322.065, 9397.497).
INFO:root:Sliding offset 0, 0. Add 2732 units, median count 257.0, 207348 units so far.
INFO:root:Sliding offset 0, 1. Add 2653 units, median count 254.5, 210001 units so far.
INFO:root:Sliding offset 1, 0. Add 2738 units, median count 255.0, 212739 units so far.
INFO:root:Sliding offset 1, 1. Add 2661 units, median count 253.0, 215400 units so far.
INFO:root:Left over size 469201 (9373, 9397).
INFO:root:Processing 119626 pixels (1469201 9373.498, 9446.572).
INFO:root:Sliding offset 0, 0. Add 2566 units, median count 264.0, 217966 units so far.
INFO:root:Sliding offset 0, 1. Add 2478 units, median count 265.0, 220444 units so far.
INFO:root:Sliding offset 1, 0. Add 2560 units, median count 264.0, 223004 units so far.
INFO:root:Sliding offset 1, 1. Add 2473 units, median count 265.0, 225477 units so far.
INFO:root:Left over size 481831 (9423, 9447).
INFO:root:Processing 116365 pixels (1481831 9422.573, 9493.597).
INFO:root:Sliding offset 0, 0. Add 2450 units, median count 264.0, 227927 units so far.
INFO:root:Sliding offset 0, 1. Add 2518 units, median count 263.0, 230445 units so far.
INFO:root:Sliding offset 1, 0. Add 2448 units, median count 265.0, 232893 units so far.
INFO:root:Sliding offset 1, 1. Add 2516 units, median count 261.0, 235409 units so far.
INFO:root:Left over size 500824 (9470, 9494).
INFO:root:Processing 122966 pixels (1500824 9469.598, 9544.463).
INFO:root:Sliding offset 0, 0. Add 2579 units, median count 242.0, 237988 units so far.
INFO:root:Sliding offset 0, 1. Add 2729 units, median count 246.0, 240717 units so far.
INFO:root:Sliding offset 1, 0. Add 2585 units, median count 243.0, 243302 units so far.
INFO:root:Sliding offset 1, 1. Add 2727 units, median count 243.0, 246029 units so far.
INFO:root:Left over size 441807 (9520, 9544).
INFO:root:Processing 125572 pixels (1441807 9520.464, 9597.459).
INFO:root:Sliding offset 0, 0. Add 2788 units, median count 248.0, 248817 units so far.
INFO:root:Sliding offset 0, 1. Add 2624 units, median count 245.0, 251441 units so far.
INFO:root:Sliding offset 1, 0. Add 2787 units, median count 248.0, 254228 units so far.
INFO:root:Sliding offset 1, 1. Add 2632 units, median count 245.0, 256860 units so far.
INFO:root:Left over size 429662 (9573, 9597).
INFO:root:Processing 127727 pixels (1429662 9573.46, 9651.989).
INFO:root:Sliding offset 0, 0. Add 2773 units, median count 253.0, 259633 units so far.
INFO:root:Sliding offset 0, 1. Add 2861 units, median count 257.0, 262494 units so far.
INFO:root:Sliding offset 1, 0. Add 2776 units, median count 253.0, 265270 units so far.
INFO:root:Sliding offset 1, 1. Add 2858 units, median count 256.0, 268128 units so far.
INFO:root:Left over size 397247 (9628, 9652).
INFO:root:Processing 134904 pixels (1397247 9627.99, 9711.282).
INFO:root:Sliding offset 0, 0. Add 3076 units, median count 234.0, 271204 units so far.
INFO:root:Sliding offset 0, 1. Add 2968 units, median count 236.0, 274172 units so far.
INFO:root:Sliding offset 1, 0. Add 3080 units, median count 235.0, 277252 units so far.
INFO:root:Sliding offset 1, 1. Add 2961 units, median count 238.0, 280213 units so far.
INFO:root:Left over size 413868 (9687, 9711).
INFO:root:Processing 122629 pixels (1413868 9687.283, 9762.631).
INFO:root:Sliding offset 0, 0. Add 2569 units, median count 250.0, 282782 units so far.
INFO:root:Sliding offset 0, 1. Add 2738 units, median count 252.0, 285520 units so far.
INFO:root:Sliding offset 1, 0. Add 2573 units, median count 251.0, 288093 units so far.
INFO:root:Sliding offset 1, 1. Add 2740 units, median count 249.0, 290833 units so far.
INFO:root:Left over size 438704 (9739, 9763).
INFO:root:Processing 127537 pixels (1438704 9738.632, 9817.208).
INFO:root:Sliding offset 0, 0. Add 2872 units, median count 242.0, 293705 units so far.
INFO:root:Sliding offset 0, 1. Add 2796 units, median count 238.0, 296501 units so far.
INFO:root:Sliding offset 1, 0. Add 2872 units, median count 241.0, 299373 units so far.
INFO:root:Sliding offset 1, 1. Add 2790 units, median count 239.0, 302163 units so far.
INFO:root:Left over size 433362 (9793, 9817).
INFO:root:Processing 129044 pixels (1433362 9793.209, 9873.298).
INFO:root:Sliding offset 0, 0. Add 2904 units, median count 238.0, 305067 units so far.
INFO:root:Sliding offset 0, 1. Add 2809 units, median count 240.0, 307876 units so far.
INFO:root:Sliding offset 1, 0. Add 2901 units, median count 238.0, 310777 units so far.
INFO:root:Sliding offset 1, 1. Add 2812 units, median count 238.0, 313589 units so far.
INFO:root:Left over size 406012 (9849, 9873).
INFO:root:Processing 127231 pixels (1406012 9849.299, 9928.651).
INFO:root:Sliding offset 0, 0. Add 2755 units, median count 238.0, 316344 units so far.
INFO:root:Sliding offset 0, 1. Add 2980 units, median count 239.0, 319324 units so far.
INFO:root:Sliding offset 1, 0. Add 2760 units, median count 237.0, 322084 units so far.
INFO:root:Sliding offset 1, 1. Add 2973 units, median count 242.0, 325057 units so far.
INFO:root:Left over size 419225 (9905, 9929).
INFO:root:Processing 121627 pixels (1419225 9904.652, 9980.777).
INFO:root:Sliding offset 0, 0. Add 2746 units, median count 249.0, 327803 units so far.
INFO:root:Sliding offset 0, 1. Add 2492 units, median count 249.0, 330295 units so far.
INFO:root:Sliding offset 1, 0. Add 2737 units, median count 249.0, 333032 units so far.
INFO:root:Sliding offset 1, 1. Add 2493 units, median count 249.0, 335525 units so far.
INFO:root:Left over size 472643 (9957, 9981).
INFO:root:Processing 134574 pixels (1472643 9956.778, 10041.371).
INFO:root:Sliding offset 0, 0. Add 3028 units, median count 237.0, 338553 units so far.
INFO:root:Sliding offset 0, 1. Add 3077 units, median count 245.0, 341630 units so far.
INFO:root:Sliding offset 1, 0. Add 3037 units, median count 239.0, 344667 units so far.
INFO:root:Sliding offset 1, 1. Add 3074 units, median count 241.0, 347741 units so far.
INFO:root:Left over size 407294 (10017, 10041).
INFO:root:Processing 126261 pixels (1407294 10017.372, 10096.191).
INFO:root:Sliding offset 0, 0. Add 2780 units, median count 233.0, 350521 units so far.
INFO:root:Sliding offset 0, 1. Add 2920 units, median count 237.5, 353441 units so far.
INFO:root:Sliding offset 1, 0. Add 2784 units, median count 234.0, 356225 units so far.
INFO:root:Sliding offset 1, 1. Add 2914 units, median count 236.0, 359139 units so far.
INFO:root:Left over size 433682 (10072, 10096).
INFO:root:Processing 126278 pixels (1433682 10072.192, 10150.762).
INFO:root:Sliding offset 0, 0. Add 2784 units, median count 241.0, 361923 units so far.
INFO:root:Sliding offset 0, 1. Add 2871 units, median count 238.0, 364794 units so far.
INFO:root:Sliding offset 1, 0. Add 2780 units, median count 239.0, 367574 units so far.
INFO:root:Sliding offset 1, 1. Add 2876 units, median count 239.0, 370450 units so far.
INFO:root:Left over size 444103 (10127, 10151).
INFO:root:Processing 125437 pixels (1444103 10126.763, 10205.402).
INFO:root:Sliding offset 0, 0. Add 2766 units, median count 238.0, 373216 units so far.
INFO:root:Sliding offset 0, 1. Add 2802 units, median count 233.0, 376018 units so far.
INFO:root:Sliding offset 1, 0. Add 2770 units, median count 236.0, 378788 units so far.
INFO:root:Sliding offset 1, 1. Add 2798 units, median count 233.0, 381586 units so far.
INFO:root:Left over size 480100 (10181, 10205).
INFO:root:Processing 115419 pixels (1480100 10181.403, 10253.555).
INFO:root:Sliding offset 0, 0. Add 2472 units, median count 258.0, 384058 units so far.
INFO:root:Sliding offset 0, 1. Add 2465 units, median count 252.0, 386523 units so far.
INFO:root:Sliding offset 1, 0. Add 2471 units, median count 257.0, 388994 units so far.
INFO:root:Sliding offset 1, 1. Add 2467 units, median count 253.0, 391461 units so far.
INFO:root:Left over size 492026 (10230, 10254).
INFO:root:Processing 120259 pixels (1492026 10229.557, 10304.653).
INFO:root:Sliding offset 0, 0. Add 2766 units, median count 259.0, 394227 units so far.
INFO:root:Sliding offset 0, 1. Add 2461 units, median count 260.5, 396688 units so far.
INFO:root:Sliding offset 1, 0. Add 2766 units, median count 263.0, 399454 units so far.
INFO:root:Sliding offset 1, 1. Add 2464 units, median count 258.0, 401918 units so far.
INFO:root:Left over size 463099 (10281, 10305).
INFO:root:Processing 132410 pixels (1463099 10280.654, 10363.668).
INFO:root:Sliding offset 0, 0. Add 3051 units, median count 233.0, 404969 units so far.
INFO:root:Sliding offset 0, 1. Add 3100 units, median count 234.0, 408069 units so far.
INFO:root:Sliding offset 1, 0. Add 3053 units, median count 233.0, 411122 units so far.
INFO:root:Sliding offset 1, 1. Add 3105 units, median count 234.0, 414227 units so far.
INFO:root:Left over size 399124 (10340, 10364).
INFO:root:Processing 134271 pixels (1399124 10339.669, 10423.314).
INFO:root:Sliding offset 0, 0. Add 3072 units, median count 223.0, 417299 units so far.
INFO:root:Sliding offset 0, 1. Add 3115 units, median count 224.0, 420414 units so far.
INFO:root:Sliding offset 1, 0. Add 3072 units, median count 223.0, 423486 units so far.
INFO:root:Sliding offset 1, 1. Add 3117 units, median count 225.0, 426603 units so far.
INFO:root:Left over size 395141 (10399, 10423).
INFO:root:Processing 130862 pixels (1395141 10399.315, 10480.459).
INFO:root:Sliding offset 0, 0. Add 2909 units, median count 221.0, 429512 units so far.
INFO:root:Sliding offset 0, 1. Add 3029 units, median count 225.0, 432541 units so far.
INFO:root:Sliding offset 1, 0. Add 2909 units, median count 220.0, 435450 units so far.
INFO:root:Sliding offset 1, 1. Add 3031 units, median count 223.0, 438481 units so far.
INFO:root:Left over size 384481 (10456, 10480).
INFO:root:Processing 135983 pixels (1384481 10456.46, 10541.381).
INFO:root:Sliding offset 0, 0. Add 3103 units, median count 212.0, 441584 units so far.
INFO:root:Sliding offset 0, 1. Add 3184 units, median count 213.0, 444768 units so far.
INFO:root:Sliding offset 1, 0. Add 3102 units, median count 214.0, 447870 units so far.
INFO:root:Sliding offset 1, 1. Add 3179 units, median count 213.5, 451049 units so far.
INFO:root:Left over size 382071 (10517, 10541).
INFO:root:Processing 141536 pixels (1382071 10517.382, 10606.135).
INFO:root:Sliding offset 0, 0. Add 3409 units, median count 205.0, 454458 units so far.
INFO:root:Sliding offset 0, 1. Add 3261 units, median count 205.0, 457719 units so far.
INFO:root:Sliding offset 1, 0. Add 3405 units, median count 206.0, 461124 units so far.
INFO:root:Sliding offset 1, 1. Add 3269 units, median count 206.0, 464393 units so far.
INFO:root:Left over size 363544 (10582, 10606).
INFO:root:Processing 139824 pixels (1363544 10582.136, 10670.213).
INFO:root:Sliding offset 0, 0. Add 3380 units, median count 210.0, 467773 units so far.
INFO:root:Sliding offset 0, 1. Add 3214 units, median count 208.0, 470987 units so far.
INFO:root:Sliding offset 1, 0. Add 3383 units, median count 209.0, 474370 units so far.
INFO:root:Sliding offset 1, 1. Add 3214 units, median count 209.0, 477584 units so far.
INFO:root:Left over size 350648 (10646, 10670).
INFO:root:Processing 142785 pixels (1350648 10646.214, 10736.641).
INFO:root:Sliding offset 0, 0. Add 3363 units, median count 197.0, 480947 units so far.
INFO:root:Sliding offset 0, 1. Add 3369 units, median count 198.0, 484316 units so far.
INFO:root:Sliding offset 1, 0. Add 3368 units, median count 195.0, 487684 units so far.
INFO:root:Sliding offset 1, 1. Add 3369 units, median count 198.0, 491053 units so far.
INFO:root:Left over size 379577 (10713, 10737).
INFO:root:Processing 134752 pixels (1379577 10712.642, 10797.952).
INFO:root:Sliding offset 0, 0. Add 3064 units, median count 208.0, 494117 units so far.
INFO:root:Sliding offset 0, 1. Add 3185 units, median count 209.0, 497302 units so far.
INFO:root:Sliding offset 1, 0. Add 3064 units, median count 209.0, 500366 units so far.
INFO:root:Sliding offset 1, 1. Add 3192 units, median count 207.0, 503558 units so far.
INFO:root:Left over size 365919 (10774, 10798).
INFO:root:Processing 144208 pixels (1365919 10773.953, 10865.434).
INFO:root:Sliding offset 0, 0. Add 3353 units, median count 203.0, 506911 units so far.
INFO:root:Sliding offset 0, 1. Add 3519 units, median count 200.0, 510430 units so far.
INFO:root:Sliding offset 1, 0. Add 3360 units, median count 202.0, 513790 units so far.
INFO:root:Sliding offset 1, 1. Add 3523 units, median count 200.0, 517313 units so far.
INFO:root:Left over size 349579 (10841, 10865).
INFO:root:Processing 150104 pixels (1349579 10841.435, 10936.748).
INFO:root:Sliding offset 0, 0. Add 3630 units, median count 202.0, 520943 units so far.
INFO:root:Sliding offset 0, 1. Add 3591 units, median count 202.0, 524534 units so far.
INFO:root:Sliding offset 1, 0. Add 3627 units, median count 200.0, 528161 units so far.
INFO:root:Sliding offset 1, 1. Add 3585 units, median count 202.0, 531746 units so far.
INFO:root:Left over size 350425 (10913, 10937).
INFO:root:Processing 138782 pixels (1350425 10912.749, 11001.357).
INFO:root:Sliding offset 0, 0. Add 3303 units, median count 206.0, 535049 units so far.
INFO:root:Sliding offset 0, 1. Add 3103 units, median count 208.0, 538152 units so far.
INFO:root:Sliding offset 1, 0. Add 3309 units, median count 207.0, 541461 units so far.
INFO:root:Sliding offset 1, 1. Add 3111 units, median count 209.0, 544572 units so far.
INFO:root:Left over size 375556 (10977, 11001).
INFO:root:Processing 131239 pixels (1375556 10977.358, 11060.735).
INFO:root:Sliding offset 0, 0. Add 3028 units, median count 219.0, 547600 units so far.
INFO:root:Sliding offset 0, 1. Add 2984 units, median count 218.0, 550584 units so far.
INFO:root:Sliding offset 1, 0. Add 3020 units, median count 219.0, 553604 units so far.
INFO:root:Sliding offset 1, 1. Add 2980 units, median count 220.0, 556584 units so far.
INFO:root:Left over size 415130 (11037, 11061).
INFO:root:Processing 137301 pixels (1415130 11036.736, 11124.145).
INFO:root:Sliding offset 0, 0. Add 3011 units, median count 219.0, 559595 units so far.
INFO:root:Sliding offset 0, 1. Add 3270 units, median count 222.0, 562865 units so far.
INFO:root:Sliding offset 1, 0. Add 3013 units, median count 221.0, 565878 units so far.
INFO:root:Sliding offset 1, 1. Add 3258 units, median count 221.0, 569136 units so far.
INFO:root:Left over size 390222 (11100, 11124).
INFO:root:Processing 131935 pixels (1390222 11100.146, 11184.376).
INFO:root:Sliding offset 0, 0. Add 2983 units, median count 227.0, 572119 units so far.
INFO:root:Sliding offset 0, 1. Add 2943 units, median count 227.0, 575062 units so far.
INFO:root:Sliding offset 1, 0. Add 2980 units, median count 227.0, 578042 units so far.
INFO:root:Sliding offset 1, 1. Add 2951 units, median count 225.0, 580993 units so far.
INFO:root:Left over size 407298 (11160, 11184).
INFO:root:Processing 122225 pixels (1407298 11160.377, 11237.891).
INFO:root:Sliding offset 0, 0. Add 2633 units, median count 238.0, 583626 units so far.
INFO:root:Sliding offset 0, 1. Add 2692 units, median count 236.0, 586318 units so far.
INFO:root:Sliding offset 1, 0. Add 2630 units, median count 237.0, 588948 units so far.
INFO:root:Sliding offset 1, 1. Add 2682 units, median count 236.0, 591630 units so far.
INFO:root:Left over size 483712 (11214, 11238).
INFO:root:Processing 139121 pixels (1483712 11213.892, 11302.028).
INFO:root:Sliding offset 0, 0. Add 3313 units, median count 217.5, 594943 units so far.
INFO:root:Sliding offset 0, 1. Add 3175 units, median count 217.0, 598118 units so far.
INFO:root:Sliding offset 1, 0. Add 3315 units, median count 218.0, 601433 units so far.
INFO:root:Sliding offset 1, 1. Add 3171 units, median count 218.0, 604604 units so far.
INFO:root:Left over size 336172 (11278, 11302).
INFO:root:Processing 163089 pixels (1336172 11278.029, 11382.643).
INFO:root:Sliding offset 0, 0. Add 3998 units, median count 177.0, 608602 units so far.
INFO:root:Sliding offset 0, 1. Add 4025 units, median count 176.0, 612627 units so far.
INFO:root:Sliding offset 1, 0. Add 4006 units, median count 176.0, 616633 units so far.
INFO:root:Sliding offset 1, 1. Add 4040 units, median count 174.0, 620673 units so far.
INFO:root:Left over size 275617 (11359, 11383).
INFO:root:Processing 164464 pixels (1275617 11358.644, 11465.998).
INFO:root:Sliding offset 0, 0. Add 3979 units, median count 161.0, 624652 units so far.
INFO:root:Sliding offset 0, 1. Add 4061 units, median count 161.0, 628713 units so far.
INFO:root:Sliding offset 1, 0. Add 3982 units, median count 161.0, 632695 units so far.
INFO:root:Sliding offset 1, 1. Add 4058 units, median count 162.0, 636753 units so far.
INFO:root:Left over size 321554 (11442, 11466).
INFO:root:Processing 168003 pixels (1321554 11441.999, 11551.847).
INFO:root:Sliding offset 0, 0. Add 4317 units, median count 170.0, 641070 units so far.
INFO:root:Sliding offset 0, 1. Add 4107 units, median count 170.0, 645177 units so far.
INFO:root:Sliding offset 1, 0. Add 4331 units, median count 169.0, 649508 units so far.
INFO:root:Sliding offset 1, 1. Add 4102 units, median count 169.0, 653610 units so far.
INFO:root:Left over size 281935 (11528, 11552).
INFO:root:Processing 144481 pixels (1281935 11527.848, 11623.37).
INFO:root:Sliding offset 0, 0. Add 3344 units, median count 181.5, 656954 units so far.
INFO:root:Sliding offset 0, 1. Add 3384 units, median count 184.0, 660338 units so far.
INFO:root:Sliding offset 1, 0. Add 3340 units, median count 181.0, 663678 units so far.
INFO:root:Sliding offset 1, 1. Add 3394 units, median count 182.0, 667072 units so far.
INFO:root:Left over size 321781 (11599, 11623).
INFO:root:Processing 155244 pixels (1321781 11599.371, 11702.999).
INFO:root:Sliding offset 0, 0. Add 3731 units, median count 175.0, 670803 units so far.
INFO:root:Sliding offset 0, 1. Add 3654 units, median count 176.0, 674457 units so far.
INFO:root:Sliding offset 1, 0. Add 3735 units, median count 175.0, 678192 units so far.
INFO:root:Sliding offset 1, 1. Add 3651 units, median count 176.0, 681843 units so far.
INFO:root:Left over size 289940 (11679, 11703).
INFO:root:Processing 145975 pixels (1289940 11679.0, 11775.496).
INFO:root:Sliding offset 0, 0. Add 3436 units, median count 187.0, 685279 units so far.
INFO:root:Sliding offset 0, 1. Add 3508 units, median count 188.0, 688787 units so far.
INFO:root:Sliding offset 1, 0. Add 3439 units, median count 187.0, 692226 units so far.
INFO:root:Sliding offset 1, 1. Add 3489 units, median count 188.0, 695715 units so far.
INFO:root:Left over size 320333 (11751, 11775).
INFO:root:Processing 130714 pixels (1320333 11751.498, 11836.974).
INFO:root:Sliding offset 0, 0. Add 2904 units, median count 205.0, 698619 units so far.
INFO:root:Sliding offset 0, 1. Add 3107 units, median count 205.0, 701726 units so far.
INFO:root:Sliding offset 1, 0. Add 2902 units, median count 206.0, 704628 units so far.
INFO:root:Sliding offset 1, 1. Add 3092 units, median count 204.0, 707720 units so far.
INFO:root:Left over size 433565 (11813, 11837).
INFO:root:Processing 114467 pixels (1433565 11812.976, 11887.437).
INFO:root:Sliding offset 0, 0. Add 2528 units, median count 208.0, 710248 units so far.
INFO:root:Sliding offset 0, 1. Add 2332 units, median count 205.0, 712580 units so far.
INFO:root:Sliding offset 1, 0. Add 2524 units, median count 210.0, 715104 units so far.
INFO:root:Sliding offset 1, 1. Add 2347 units, median count 205.0, 717451 units so far.
INFO:root:Left over size 456961 (11863, 11887).
INFO:root:Processing 141420 pixels (1456961 11863.438, 11956.105).
INFO:root:Sliding offset 0, 0. Add 3246 units, median count 191.5, 720697 units so far.
INFO:root:Sliding offset 0, 1. Add 3313 units, median count 192.0, 724010 units so far.
INFO:root:Sliding offset 1, 0. Add 3235 units, median count 189.0, 727245 units so far.
INFO:root:Sliding offset 1, 1. Add 3304 units, median count 191.0, 730549 units so far.
INFO:root:Left over size 317766 (11932, 11956).
INFO:root:Processing 135575 pixels (1317766 11932.106, 12021.96).
INFO:root:Sliding offset 0, 0. Add 3112 units, median count 183.0, 733661 units so far.
INFO:root:Sliding offset 0, 1. Add 3092 units, median count 182.0, 736753 units so far.
INFO:root:Sliding offset 1, 0. Add 3112 units, median count 183.0, 739865 units so far.
INFO:root:Sliding offset 1, 1. Add 3080 units, median count 185.0, 742945 units so far.
INFO:root:Left over size 348821 (11998, 12022).
INFO:root:Processing 141595 pixels (1348821 11997.961, 12092.465).
INFO:root:Sliding offset 0, 0. Add 3324 units, median count 177.0, 746269 units so far.
INFO:root:Sliding offset 0, 1. Add 3213 units, median count 177.0, 749482 units so far.
INFO:root:Sliding offset 1, 0. Add 3320 units, median count 176.0, 752802 units so far.
INFO:root:Sliding offset 1, 1. Add 3218 units, median count 177.0, 756020 units so far.
INFO:root:Left over size 318889 (12068, 12092).
INFO:root:Processing 165955 pixels (1318889 12068.466, 12180.308).
INFO:root:Sliding offset 0, 0. Add 3908 units, median count 162.0, 759928 units so far.
INFO:root:Sliding offset 0, 1. Add 4128 units, median count 161.0, 764056 units so far.
INFO:root:Sliding offset 1, 0. Add 3900 units, median count 162.0, 767956 units so far.
INFO:root:Sliding offset 1, 1. Add 4124 units, median count 161.0, 772080 units so far.
INFO:root:Left over size 308801 (12156, 12180).
INFO:root:Processing 145628 pixels (1308801 12156.31, 12255.065).
INFO:root:Sliding offset 0, 0. Add 3518 units, median count 161.0, 775598 units so far.
INFO:root:Sliding offset 0, 1. Add 3306 units, median count 162.0, 778904 units so far.
INFO:root:Sliding offset 1, 0. Add 3535 units, median count 160.0, 782439 units so far.
INFO:root:Sliding offset 1, 1. Add 3329 units, median count 161.0, 785768 units so far.
INFO:root:Left over size 360744 (12231, 12255).
INFO:root:Processing 148533 pixels (1360744 12231.067, 12332.788).
INFO:root:Sliding offset 0, 0. Add 3508 units, median count 154.0, 789276 units so far.
INFO:root:Sliding offset 0, 1. Add 3502 units, median count 154.0, 792778 units so far.
INFO:root:Sliding offset 1, 0. Add 3519 units, median count 153.0, 796297 units so far.
INFO:root:Sliding offset 1, 1. Add 3508 units, median count 154.0, 799805 units so far.
INFO:root:Left over size 362779 (12309, 12333).
INFO:root:Processing 160122 pixels (1362779 12308.789, 12420.525).
INFO:root:Sliding offset 0, 0. Add 3657 units, median count 152.0, 803462 units so far.
INFO:root:Sliding offset 0, 1. Add 3812 units, median count 152.0, 807274 units so far.
INFO:root:Sliding offset 1, 0. Add 3657 units, median count 151.0, 810931 units so far.
INFO:root:Sliding offset 1, 1. Add 3809 units, median count 151.0, 814740 units so far.
INFO:root:Left over size 264278 (12397, 12421).
INFO:root:Processing 163260 pixels (1264278 12396.526, 12512.269).
INFO:root:Sliding offset 0, 0. Add 3887 units, median count 158.0, 818627 units so far.
INFO:root:Sliding offset 0, 1. Add 3725 units, median count 155.0, 822352 units so far.
INFO:root:Sliding offset 1, 0. Add 3895 units, median count 156.0, 826247 units so far.
INFO:root:Sliding offset 1, 1. Add 3758 units, median count 154.0, 830005 units so far.
INFO:root:Left over size 250470 (12488, 12512).
INFO:root:Processing 151810 pixels (1250470 12488.271, 12596.533).
INFO:root:Sliding offset 0, 0. Add 3466 units, median count 163.0, 833471 units so far.
INFO:root:Sliding offset 0, 1. Add 3470 units, median count 163.0, 836941 units so far.
INFO:root:Sliding offset 1, 0. Add 3479 units, median count 163.0, 840420 units so far.
INFO:root:Sliding offset 1, 1. Add 3461 units, median count 162.0, 843881 units so far.
INFO:root:Left over size 292466 (12573, 12597).
INFO:root:Processing 134026 pixels (1292466 12572.534, 12667.808).
INFO:root:Sliding offset 0, 0. Add 2967 units, median count 175.0, 846848 units so far.
INFO:root:Sliding offset 0, 1. Add 2984 units, median count 175.0, 849832 units so far.
INFO:root:Sliding offset 1, 0. Add 2959 units, median count 176.0, 852791 units so far.
INFO:root:Sliding offset 1, 1. Add 2985 units, median count 176.0, 855776 units so far.
INFO:root:Left over size 381888 (12644, 12668).
INFO:root:Processing 123146 pixels (1381888 12643.809, 12730.64).
INFO:root:Sliding offset 0, 0. Add 2579 units, median count 185.0, 858355 units so far.
INFO:root:Sliding offset 0, 1. Add 2724 units, median count 187.0, 861079 units so far.
INFO:root:Sliding offset 1, 0. Add 2576 units, median count 187.0, 863655 units so far.
INFO:root:Sliding offset 1, 1. Add 2715 units, median count 185.0, 866370 units so far.
INFO:root:Left over size 344809 (12707, 12731).
INFO:root:Processing 138858 pixels (1344809 12706.641, 12805.662).
INFO:root:Sliding offset 0, 0. Add 3196 units, median count 176.0, 869566 units so far.
INFO:root:Sliding offset 0, 1. Add 3054 units, median count 176.0, 872620 units so far.
INFO:root:Sliding offset 1, 0. Add 3190 units, median count 177.0, 875810 units so far.
INFO:root:Sliding offset 1, 1. Add 3069 units, median count 176.5, 878879 units so far.
INFO:root:Left over size 319274 (12782, 12806).
INFO:root:Processing 137099 pixels (1319274 12781.664, 12880.45).
INFO:root:Sliding offset 0, 0. Add 2954 units, median count 181.0, 881833 units so far.
INFO:root:Sliding offset 0, 1. Add 3058 units, median count 184.0, 884891 units so far.
INFO:root:Sliding offset 1, 0. Add 2927 units, median count 182.0, 887818 units so far.
INFO:root:Sliding offset 1, 1. Add 3061 units, median count 182.0, 890879 units so far.
INFO:root:Left over size 385555 (12856, 12880).
INFO:root:Processing 119558 pixels (1385555 12856.451, 12942.561).
INFO:root:Sliding offset 0, 0. Add 2536 units, median count 192.0, 893415 units so far.
INFO:root:Sliding offset 0, 1. Add 2521 units, median count 192.0, 895936 units so far.
INFO:root:Sliding offset 1, 0. Add 2542 units, median count 193.5, 898478 units so far.
INFO:root:Sliding offset 1, 1. Add 2541 units, median count 188.0, 901019 units so far.
INFO:root:Left over size 322309 (12919, 12943).
INFO:root:Processing 130147 pixels (1322309 12918.562, 13010.204).
INFO:root:Sliding offset 0, 0. Add 2952 units, median count 194.0, 903971 units so far.
INFO:root:Sliding offset 0, 1. Add 2795 units, median count 196.0, 906766 units so far.
INFO:root:Sliding offset 1, 0. Add 2960 units, median count 193.0, 909726 units so far.
INFO:root:Sliding offset 1, 1. Add 2794 units, median count 196.0, 912520 units so far.
INFO:root:Left over size 370062 (12986, 13010).
INFO:root:Processing 129796 pixels (1370062 12986.205, 13076.574).
INFO:root:Sliding offset 0, 0. Add 2866 units, median count 191.0, 915386 units so far.
INFO:root:Sliding offset 0, 1. Add 2877 units, median count 192.0, 918263 units so far.
INFO:root:Sliding offset 1, 0. Add 2870 units, median count 190.0, 921133 units so far.
INFO:root:Sliding offset 1, 1. Add 2879 units, median count 190.0, 924012 units so far.
INFO:root:Left over size 298045 (13053, 13077).
INFO:root:Processing 146274 pixels (1298045 13052.575, 13156.071).
INFO:root:Sliding offset 0, 0. Add 3326 units, median count 178.0, 927338 units so far.
INFO:root:Sliding offset 0, 1. Add 3433 units, median count 180.0, 930771 units so far.
INFO:root:Sliding offset 1, 0. Add 3310 units, median count 178.0, 934081 units so far.
INFO:root:Sliding offset 1, 1. Add 3438 units, median count 180.0, 937519 units so far.
INFO:root:Left over size 317013 (13132, 13156).
INFO:root:Processing 122182 pixels (1317013 13132.072, 13216.127).
INFO:root:Sliding offset 0, 0. Add 2698 units, median count 187.0, 940217 units so far.
INFO:root:Sliding offset 0, 1. Add 2698 units, median count 189.0, 942915 units so far.
INFO:root:Sliding offset 1, 0. Add 2691 units, median count 189.0, 945606 units so far.
INFO:root:Sliding offset 1, 1. Add 2684 units, median count 189.0, 948290 units so far.
INFO:root:Left over size 408963 (13192, 13216).
INFO:root:Processing 135954 pixels (1408963 13192.128, 13283.634).
INFO:root:Sliding offset 0, 0. Add 3104 units, median count 182.0, 951394 units so far.
INFO:root:Sliding offset 0, 1. Add 3238 units, median count 180.0, 954632 units so far.
INFO:root:Sliding offset 1, 0. Add 3103 units, median count 181.0, 957735 units so far.
INFO:root:Sliding offset 1, 1. Add 3246 units, median count 182.0, 960981 units so far.
INFO:root:Left over size 343319 (13260, 13284).
INFO:root:Processing 156271 pixels (1343319 13259.635, 13365.109).
INFO:root:Sliding offset 0, 0. Add 3841 units, median count 164.0, 964822 units so far.
INFO:root:Sliding offset 0, 1. Add 3600 units, median count 164.0, 968422 units so far.
INFO:root:Sliding offset 1, 0. Add 3822 units, median count 164.0, 972244 units so far.
INFO:root:Sliding offset 1, 1. Add 3608 units, median count 164.0, 975852 units so far.
INFO:root:Left over size 277448 (13341, 13365).
INFO:root:Processing 156612 pixels (1277448 13341.11, 13449.895).
INFO:root:Sliding offset 0, 0. Add 3652 units, median count 164.0, 979504 units so far.
INFO:root:Sliding offset 0, 1. Add 3752 units, median count 166.0, 983256 units so far.
INFO:root:Sliding offset 1, 0. Add 3655 units, median count 165.0, 986911 units so far.
INFO:root:Sliding offset 1, 1. Add 3750 units, median count 165.0, 990661 units so far.
INFO:root:Left over size 320152 (13426, 13450).
INFO:root:Processing 131254 pixels (1320152 13425.897, 13517.534).
INFO:root:Sliding offset 0, 0. Add 2807 units, median count 183.0, 993468 units so far.
INFO:root:Sliding offset 0, 1. Add 2952 units, median count 184.0, 996420 units so far.
INFO:root:Sliding offset 1, 0. Add 2801 units, median count 185.0, 999221 units so far.
INFO:root:Sliding offset 1, 1. Add 2927 units, median count 184.0, 1002148 units so far.
INFO:root:Left over size 329174 (13494, 13518).
INFO:root:Processing 134149 pixels (1329174 13493.536, 13587.464).
INFO:root:Sliding offset 0, 0. Add 3129 units, median count 189.0, 1005277 units so far.
INFO:root:Sliding offset 0, 1. Add 2921 units, median count 188.0, 1008198 units so far.
INFO:root:Sliding offset 1, 0. Add 3123 units, median count 187.5, 1011321 units so far.
INFO:root:Sliding offset 1, 1. Add 2935 units, median count 187.0, 1014256 units so far.
INFO:root:Left over size 364110 (13563, 13587).
INFO:root:Processing 119044 pixels (1364110 13563.465, 13644.843).
INFO:root:Sliding offset 0, 0. Add 2612 units, median count 196.0, 1016868 units so far.
INFO:root:Sliding offset 0, 1. Add 2690 units, median count 196.0, 1019558 units so far.
INFO:root:Sliding offset 1, 0. Add 2622 units, median count 195.0, 1022180 units so far.
INFO:root:Sliding offset 1, 1. Add 2706 units, median count 194.0, 1024886 units so far.
INFO:root:Left over size 465885 (13621, 13645).
INFO:root:Processing 112942 pixels (1465885 13620.844, 13697.834).
INFO:root:Sliding offset 0, 0. Add 2339 units, median count 201.0, 1027225 units so far.
INFO:root:Sliding offset 0, 1. Add 2422 units, median count 200.0, 1029647 units so far.
INFO:root:Sliding offset 1, 0. Add 2321 units, median count 199.0, 1031968 units so far.
INFO:root:Sliding offset 1, 1. Add 2423 units, median count 200.0, 1034391 units so far.
INFO:root:Left over size 459583 (13674, 13698).
INFO:root:Processing 130206 pixels (1459583 13673.835, 13762.513).
INFO:root:Sliding offset 0, 0. Add 2986 units, median count 177.0, 1037377 units so far.
INFO:root:Sliding offset 0, 1. Add 2917 units, median count 178.0, 1040294 units so far.
INFO:root:Sliding offset 1, 0. Add 2972 units, median count 178.0, 1043266 units so far.
INFO:root:Sliding offset 1, 1. Add 2919 units, median count 179.0, 1046185 units so far.
INFO:root:Left over size 384849 (13739, 13763).
INFO:root:Processing 119355 pixels (1384849 13738.514, 13818.569).
INFO:root:Sliding offset 0, 0. Add 2613 units, median count 185.0, 1048798 units so far.
INFO:root:Sliding offset 0, 1. Add 2611 units, median count 182.0, 1051409 units so far.
INFO:root:Sliding offset 1, 0. Add 2606 units, median count 183.0, 1054015 units so far.
INFO:root:Sliding offset 1, 1. Add 2611 units, median count 183.0, 1056626 units so far.
INFO:root:Left over size 450721 (13795, 13819).
INFO:root:Processing 115930 pixels (1450721 13794.57, 13871.803).
INFO:root:Sliding offset 0, 0. Add 2507 units, median count 193.5, 1059133 units so far.
INFO:root:Sliding offset 0, 1. Add 2594 units, median count 191.0, 1061727 units so far.
INFO:root:Sliding offset 1, 0. Add 2499 units, median count 192.0, 1064226 units so far.
INFO:root:Sliding offset 1, 1. Add 2590 units, median count 194.0, 1066816 units so far.
INFO:root:Left over size 431914 (13848, 13872).
INFO:root:Processing 128384 pixels (1431914 13847.804, 13932.726).
INFO:root:Sliding offset 0, 0. Add 3010 units, median count 178.0, 1069826 units so far.
INFO:root:Sliding offset 0, 1. Add 2907 units, median count 175.0, 1072733 units so far.
INFO:root:Sliding offset 1, 0. Add 3009 units, median count 177.0, 1075742 units so far.
INFO:root:Sliding offset 1, 1. Add 2910 units, median count 177.0, 1078652 units so far.
INFO:root:Left over size 409453 (13909, 13933).
INFO:root:Processing 114245 pixels (1409453 13908.727, 13983.996).
INFO:root:Sliding offset 0, 0. Add 2501 units, median count 186.0, 1081153 units so far.
INFO:root:Sliding offset 0, 1. Add 2478 units, median count 188.0, 1083631 units so far.
INFO:root:Sliding offset 1, 0. Add 2521 units, median count 184.0, 1086152 units so far.
INFO:root:Sliding offset 1, 1. Add 2479 units, median count 185.0, 1088631 units so far.
INFO:root:Left over size 481869 (13960, 13984).
INFO:root:Processing 132413 pixels (1481869 13959.997, 14048.133).
INFO:root:Sliding offset 0, 0. Add 3124 units, median count 184.0, 1091755 units so far.
INFO:root:Sliding offset 0, 1. Add 2995 units, median count 183.0, 1094750 units so far.
INFO:root:Sliding offset 1, 0. Add 3116 units, median count 184.0, 1097866 units so far.
INFO:root:Sliding offset 1, 1. Add 2999 units, median count 181.0, 1100865 units so far.
INFO:root:Left over size 329277 (14024, 14048).
INFO:root:Processing 136938 pixels (1329277 14024.134, 14115.643).
INFO:root:Sliding offset 0, 0. Add 3180 units, median count 171.0, 1104045 units so far.
INFO:root:Sliding offset 0, 1. Add 3253 units, median count 170.0, 1107298 units so far.
INFO:root:Sliding offset 1, 0. Add 3192 units, median count 169.0, 1110490 units so far.
INFO:root:Sliding offset 1, 1. Add 3260 units, median count 170.0, 1113750 units so far.
INFO:root:Left over size 457724 (14092, 14116).
INFO:root:Processing 123166 pixels (1457724 14091.644, 14172.658).
INFO:root:Sliding offset 0, 0. Add 2759 units, median count 179.0, 1116509 units so far.
INFO:root:Sliding offset 0, 1. Add 2853 units, median count 179.0, 1119362 units so far.
INFO:root:Sliding offset 1, 0. Add 2743 units, median count 179.5, 1122105 units so far.
INFO:root:Sliding offset 1, 1. Add 2858 units, median count 179.0, 1124963 units so far.
INFO:root:Left over size 385143 (14149, 14173).
INFO:root:Processing 131559 pixels (1385143 14148.66, 14234.701).
INFO:root:Sliding offset 0, 0. Add 3150 units, median count 177.0, 1128113 units so far.
INFO:root:Sliding offset 0, 1. Add 2982 units, median count 176.0, 1131095 units so far.
INFO:root:Sliding offset 1, 0. Add 3152 units, median count 177.5, 1134247 units so far.
INFO:root:Sliding offset 1, 1. Add 2980 units, median count 176.0, 1137227 units so far.
INFO:root:Left over size 341431 (14211, 14235).
INFO:root:Processing 132408 pixels (1341431 14210.702, 14297.915).
INFO:root:Sliding offset 0, 0. Add 2957 units, median count 170.0, 1140184 units so far.
INFO:root:Sliding offset 0, 1. Add 3243 units, median count 172.0, 1143427 units so far.
INFO:root:Sliding offset 1, 0. Add 2964 units, median count 172.0, 1146391 units so far.
INFO:root:Sliding offset 1, 1. Add 3237 units, median count 173.0, 1149628 units so far.
INFO:root:Left over size 365631 (14274, 14298).
INFO:root:Processing 129521 pixels (1365631 14273.916, 14359.837).
INFO:root:Sliding offset 0, 0. Add 3148 units, median count 178.0, 1152776 units so far.
INFO:root:Sliding offset 0, 1. Add 2896 units, median count 177.0, 1155672 units so far.
INFO:root:Sliding offset 1, 0. Add 3148 units, median count 179.5, 1158820 units so far.
INFO:root:Sliding offset 1, 1. Add 2906 units, median count 178.0, 1161726 units so far.
INFO:root:Left over size 379659 (14336, 14360).
INFO:root:Processing 136757 pixels (1379659 14335.838, 14426.252).
INFO:root:Sliding offset 0, 0. Add 3258 units, median count 174.5, 1164984 units so far.
INFO:root:Sliding offset 0, 1. Add 3237 units, median count 175.0, 1168221 units so far.
INFO:root:Sliding offset 1, 0. Add 3258 units, median count 175.0, 1171479 units so far.
INFO:root:Sliding offset 1, 1. Add 3236 units, median count 175.0, 1174715 units so far.
INFO:root:Left over size 321806 (14402, 14426).
INFO:root:Processing 145247 pixels (1321806 14402.253, 14498.551).
INFO:root:Sliding offset 0, 0. Add 3540 units, median count 154.0, 1178255 units so far.
INFO:root:Sliding offset 0, 1. Add 3522 units, median count 155.0, 1181777 units so far.
INFO:root:Sliding offset 1, 0. Add 3534 units, median count 155.0, 1185311 units so far.
INFO:root:Sliding offset 1, 1. Add 3517 units, median count 155.0, 1188828 units so far.
INFO:root:Left over size 372654 (14475, 14499).
INFO:root:Processing 123517 pixels (1372654 14474.552, 14555.407).
INFO:root:Sliding offset 0, 0. Add 2694 units, median count 170.0, 1191522 units so far.
INFO:root:Sliding offset 0, 1. Add 2983 units, median count 169.0, 1194505 units so far.
INFO:root:Sliding offset 1, 0. Add 2693 units, median count 172.0, 1197198 units so far.
INFO:root:Sliding offset 1, 1. Add 2980 units, median count 172.0, 1200178 units so far.
INFO:root:Left over size 435135 (14531, 14555).
INFO:root:Processing 129406 pixels (1435135 14531.408, 14616.385).
INFO:root:Sliding offset 0, 0. Add 2992 units, median count 183.0, 1203170 units so far.
INFO:root:Sliding offset 0, 1. Add 2942 units, median count 181.0, 1206112 units so far.
INFO:root:Sliding offset 1, 0. Add 2989 units, median count 182.0, 1209101 units so far.
INFO:root:Sliding offset 1, 1. Add 2932 units, median count 180.0, 1212033 units so far.
INFO:root:Left over size 379883 (14592, 14616).
INFO:root:Processing 126895 pixels (1379883 14592.386, 14677.041).
INFO:root:Sliding offset 0, 0. Add 2963 units, median count 171.0, 1214996 units so far.
INFO:root:Sliding offset 0, 1. Add 2876 units, median count 168.0, 1217872 units so far.
INFO:root:Sliding offset 1, 0. Add 2961 units, median count 172.0, 1220833 units so far.
INFO:root:Sliding offset 1, 1. Add 2877 units, median count 174.0, 1223710 units so far.
INFO:root:Left over size 441867 (14653, 14677).
INFO:root:Processing 122600 pixels (1441867 14653.042, 14733.355).
INFO:root:Sliding offset 0, 0. Add 2816 units, median count 186.0, 1226526 units so far.
INFO:root:Sliding offset 0, 1. Add 2722 units, median count 188.0, 1229248 units so far.
INFO:root:Sliding offset 1, 0. Add 2811 units, median count 186.0, 1232059 units so far.
INFO:root:Sliding offset 1, 1. Add 2724 units, median count 188.0, 1234783 units so far.
INFO:root:Left over size 454907 (14709, 14733).
INFO:root:Processing 129235 pixels (1454907 14709.357, 14793.397).
INFO:root:Sliding offset 0, 0. Add 3017 units, median count 176.0, 1237800 units so far.
INFO:root:Sliding offset 0, 1. Add 3013 units, median count 176.0, 1240813 units so far.
INFO:root:Sliding offset 1, 0. Add 3005 units, median count 176.0, 1243818 units so far.
INFO:root:Sliding offset 1, 1. Add 3009 units, median count 175.0, 1246827 units so far.
INFO:root:Left over size 420626 (14769, 14793).
INFO:root:Processing 119210 pixels (1420626 14769.398, 14846.298).
INFO:root:Sliding offset 0, 0. Add 2716 units, median count 191.0, 1249543 units so far.
INFO:root:Sliding offset 0, 1. Add 2676 units, median count 193.0, 1252219 units so far.
INFO:root:Sliding offset 1, 0. Add 2716 units, median count 190.0, 1254935 units so far.
INFO:root:Sliding offset 1, 1. Add 2678 units, median count 193.0, 1257613 units so far.
INFO:root:Left over size 476353 (14822, 14846).
INFO:root:Processing 123139 pixels (1476353 14822.299, 14902.041).
INFO:root:Sliding offset 0, 0. Add 2729 units, median count 180.0, 1260342 units so far.
INFO:root:Sliding offset 0, 1. Add 2868 units, median count 182.0, 1263210 units so far.
INFO:root:Sliding offset 1, 0. Add 2727 units, median count 179.0, 1265937 units so far.
INFO:root:Sliding offset 1, 1. Add 2869 units, median count 180.0, 1268806 units so far.
INFO:root:Left over size 439746 (14878, 14902).
INFO:root:Processing 118864 pixels (1439746 14878.042, 14955.179).
INFO:root:Sliding offset 0, 0. Add 2703 units, median count 184.0, 1271509 units so far.
INFO:root:Sliding offset 0, 1. Add 2590 units, median count 186.0, 1274099 units so far.
INFO:root:Sliding offset 1, 0. Add 2705 units, median count 187.0, 1276804 units so far.
INFO:root:Sliding offset 1, 1. Add 2584 units, median count 188.0, 1279388 units so far.
INFO:root:Left over size 435903 (14931, 14955).
INFO:root:Processing 123798 pixels (1435903 14931.18, 15012.192).
INFO:root:Sliding offset 0, 0. Add 2696 units, median count 181.0, 1282084 units so far.
INFO:root:Sliding offset 0, 1. Add 2932 units, median count 181.0, 1285016 units so far.
INFO:root:Sliding offset 1, 0. Add 2697 units, median count 180.0, 1287713 units so far.
INFO:root:Sliding offset 1, 1. Add 2923 units, median count 181.0, 1290636 units so far.
INFO:root:Left over size 398806 (14988, 15012).
INFO:root:Processing 75499 pixels (780820 14988.193, 15040.93).
INFO:root:Sliding offset 0, 0. Add 1402 units, median count 156.0, 1292038 units so far.
INFO:root:Sliding offset 0, 1. Add 1349 units, median count 157.0, 1293387 units so far.
INFO:root:Sliding offset 1, 0. Add 1400 units, median count 158.0, 1294787 units so far.
INFO:root:Sliding offset 1, 1. Add 1361 units, median count 155.0, 1296148 units so far.
INFO:root:Left over size 311447 (15017, 15041).
['X', 'Y', 'gene', 'Count']
sort -k 1,1n /dcs05/lieber/marmaypag/xenium_NAC_LIBD4125/xenium_NAC/processed-data/HD_Full_Analysis/FICTURE/outputs/H1-M3TCP9V_A1/nF_16/hexagon.d_12.tsv | gzip -c > /dcs05/lieber/marmaypag/xenium_NAC_LIBD4125/xenium_NAC/processed-data/HD_Full_Analysis/FICTURE/outputs/H1-M3TCP9V_A1/nF_16/hexagon.d_12.tsv.gz
rm /dcs05/lieber/marmaypag/xenium_NAC_LIBD4125/xenium_NAC/processed-data/HD_Full_Analysis/FICTURE/outputs/H1-M3TCP9V_A1/nF_16/hexagon.d_12.tsv
--------------------------------------------------------------
Creating LDA for 12um and 16 factors...
--------------------------------------------------------------
mkdir -p /dcs05/lieber/marmaypag/xenium_NAC_LIBD4125/xenium_NAC/processed-data/HD_Full_Analysis/FICTURE/outputs/H1-M3TCP9V_A1/nF_16/analysis/nF16.d_12/figure
ficture fit_model --input /dcs05/lieber/marmaypag/xenium_NAC_LIBD4125/xenium_NAC/processed-data/HD_Full_Analysis/FICTURE/outputs/H1-M3TCP9V_A1/nF_16/hexagon.d_12.tsv.gz --output /dcs05/lieber/marmaypag/xenium_NAC_LIBD4125/xenium_NAC/processed-data/HD_Full_Analysis/FICTURE/outputs/H1-M3TCP9V_A1/nF_16/analysis/nF16.d_12/nF16.d_12  --nFactor 16 --epoch 3 --epoch_id_length 2 --unit_attr X Y --key Count --min_ct_per_feature 20 --test_split 0.5 --R 10 --fractional-count 0 --thread 1
INFO:root:Read data with 321453 units, 15948 features
INFO:root:0: -2716.12, -2707.15
INFO:root:Counter({13: 28884, 8: 23182, 5: 16722, 7: 16044, 6: 14842, 1: 14662, 14: 14041, 2: 7382, 11: 5308, 12: 4915, 9: 3995, 0: 3021, 10: 2965, 15: 2218, 4: 1329, 3: 1217})
INFO:root:Computing naive DE for 13948 genes
INFO:root:R=0, 11.24, 9.78, 496.45s
INFO:root:1: -2715.11, -2706.14
INFO:root:Counter({13: 24814, 7: 17989, 8: 17788, 2: 14318, 1: 12941, 5: 12662, 3: 10055, 14: 9903, 11: 9518, 15: 9468, 12: 7996, 6: 4089, 0: 3264, 10: 2223, 4: 2021, 9: 1678})
INFO:root:Computing naive DE for 13945 genes
INFO:root:R=1, 10.43, 9.19, 504.19s
INFO:root:2: -2715.88, -2706.85
INFO:root:Counter({13: 26158, 14: 17788, 6: 17706, 7: 16384, 0: 13523, 12: 11673, 1: 10944, 9: 10616, 5: 10081, 15: 7961, 11: 6167, 8: 4698, 10: 2225, 3: 1853, 2: 1501, 4: 1449})
INFO:root:Computing naive DE for 13947 genes
INFO:root:R=2, 11.19, 10.14, 500.85s
INFO:root:3: -2714.06, -2705.12
INFO:root:Counter({13: 24652, 7: 19110, 3: 16854, 5: 14691, 1: 13009, 2: 12621, 8: 10203, 14: 9726, 12: 8653, 11: 8045, 0: 5609, 6: 5356, 4: 4140, 9: 3611, 15: 2246, 10: 2201})
INFO:root:Computing naive DE for 13948 genes
INFO:root:R=3, 11.15, 9.55, 500.88s
INFO:root:4: -2714.61, -2705.62
INFO:root:Counter({13: 22721, 0: 20736, 3: 16041, 2: 15655, 7: 14448, 1: 13307, 11: 10635, 14: 10162, 5: 9287, 12: 5962, 8: 5879, 6: 4930, 4: 3694, 9: 2571, 15: 2494, 10: 2205})
INFO:root:Computing naive DE for 13947 genes
INFO:root:R=4, 12.62, 10.16, 489.92s
INFO:root:5: -2716.11, -2707.12
INFO:root:Counter({13: 23991, 2: 20234, 14: 19456, 0: 16199, 7: 15760, 8: 11589, 1: 11128, 9: 9252, 11: 7219, 4: 6118, 12: 4958, 5: 4161, 6: 3430, 15: 2565, 3: 2494, 10: 2173})
INFO:root:Computing naive DE for 13946 genes
INFO:root:R=5, 12.78, 9.92, 495.25s
INFO:root:6: -2714.86, -2705.89
INFO:root:Counter({13: 27459, 4: 16388, 1: 14402, 5: 14221, 6: 12382, 9: 10556, 7: 10437, 14: 9813, 0: 9049, 15: 8766, 11: 6942, 2: 6014, 8: 5994, 12: 4973, 10: 2222, 3: 1109})
INFO:root:Computing naive DE for 13948 genes
INFO:root:R=6, 11.75, 9.32, 495.34s
INFO:root:7: -2714.51, -2705.57
INFO:root:Counter({13: 20589, 4: 16349, 3: 16137, 7: 16014, 12: 14871, 15: 14394, 1: 11098, 8: 10210, 0: 8665, 2: 8613, 14: 7763, 5: 4818, 6: 4097, 9: 2719, 10: 2206, 11: 2184})
INFO:root:Computing naive DE for 13948 genes
INFO:root:R=7, 11.82, 9.53, 493.81s
INFO:root:8: -2715.67, -2706.65
INFO:root:Counter({13: 25534, 5: 17393, 1: 14882, 7: 14517, 6: 13453, 12: 12357, 2: 11689, 14: 11668, 15: 8761, 8: 7523, 4: 6601, 0: 6362, 11: 3829, 9: 2674, 10: 2121, 3: 1363})
INFO:root:Computing naive DE for 13947 genes
INFO:root:R=8, 12.61, 10.53, 504.13s
INFO:root:9: -2714.01, -2705.06
INFO:root:Counter({13: 27071, 8: 18605, 7: 17964, 5: 16405, 1: 14663, 14: 11306, 2: 10827, 4: 7635, 15: 7628, 0: 6202, 12: 6077, 6: 5831, 11: 3899, 9: 2345, 10: 2177, 3: 2092})
INFO:root:Computing naive DE for 13945 genes
INFO:root:R=9, 11.31, 9.51, 500.36s
INFO:root:Result file /dcs05/lieber/marmaypag/xenium_NAC_LIBD4125/xenium_NAC/processed-data/HD_Full_Analysis/FICTURE/outputs/H1-M3TCP9V_A1/nF_16/analysis/nF16.d_12/nF16.d_12.fit_result.tsv.gz
R
5    12.776869
4    12.623967
8    12.609882
7    11.819269
6    11.747745
9    11.309399
0    11.244964
2    11.187871
3    11.154537
1    10.430562
Name: Score, dtype: float64
ficture choose_color --input /dcs05/lieber/marmaypag/xenium_NAC_LIBD4125/xenium_NAC/processed-data/HD_Full_Analysis/FICTURE/outputs/H1-M3TCP9V_A1/nF_16/analysis/nF16.d_12/nF16.d_12.fit_result.tsv.gz --output /dcs05/lieber/marmaypag/xenium_NAC_LIBD4125/xenium_NAC/processed-data/HD_Full_Analysis/FICTURE/outputs/H1-M3TCP9V_A1/nF_16/analysis/nF16.d_12/figure/nF16.d_12 --cmap_name turbo
ficture plot_base --input /dcs05/lieber/marmaypag/xenium_NAC_LIBD4125/xenium_NAC/processed-data/HD_Full_Analysis/FICTURE/outputs/H1-M3TCP9V_A1/nF_16/analysis/nF16.d_12/nF16.d_12.fit_result.tsv.gz --output /dcs05/lieber/marmaypag/xenium_NAC_LIBD4125/xenium_NAC/processed-data/HD_Full_Analysis/FICTURE/outputs/H1-M3TCP9V_A1/nF_16/analysis/nF16.d_12/figure/nF16.d_12.coarse --fill_range 7.0 --color_table /dcs05/lieber/marmaypag/xenium_NAC_LIBD4125/xenium_NAC/processed-data/HD_Full_Analysis/FICTURE/outputs/H1-M3TCP9V_A1/nF_16/analysis/nF16.d_12/figure/nF16.d_12.rgb.tsv --plot_um_per_pixel 1 --plot_discretized
/jhpce/shared/libd/core/visium_hd/1.0/hd_env/lib/python3.9/site-packages/ficture/scripts/plot_base.py:131: FutureWarning: The provided callable <function mean at 0x7fd508cc2e50> is currently using SeriesGroupBy.mean. In a future version of pandas, the provided callable will be used directly. To keep current behavior pass the string "mean" instead.
  chunk = chunk.groupby(by = ['x_indx', 'y_indx']).agg({ x:np.mean for x in factor_header }).reset_index()
/jhpce/shared/libd/core/visium_hd/1.0/hd_env/lib/python3.9/site-packages/ficture/scripts/plot_base.py:134: FutureWarning: The provided callable <function mean at 0x7fd508cc2e50> is currently using SeriesGroupBy.mean. In a future version of pandas, the provided callable will be used directly. To keep current behavior pass the string "mean" instead.
  df = df.groupby(by = ['x_indx', 'y_indx']).agg({ x:np.mean for x in factor_header }).reset_index()
INFO:root:Read region 321453 pixels in region 6697.0 x 6704.0
INFO:root:Filling pixels 0 - 500 / 6703
INFO:root:Filling pixels 500 - 1000 / 6703
INFO:root:Filling pixels 1000 - 1500 / 6703
INFO:root:Filling pixels 1500 - 2000 / 6703
INFO:root:Filling pixels 2000 - 2500 / 6703
INFO:root:Filling pixels 2500 - 3000 / 6703
INFO:root:Filling pixels 3000 - 3500 / 6703
INFO:root:Filling pixels 3500 - 4000 / 6703
INFO:root:Filling pixels 4000 - 4500 / 6703
INFO:root:Filling pixels 4500 - 5000 / 6703
INFO:root:Filling pixels 5000 - 5500 / 6703
INFO:root:Filling pixels 5500 - 6000 / 6703
INFO:root:Filling pixels 6000 - 6500 / 6703
INFO:root:Filling pixels 6500 - 6703 / 6703
INFO:root:Start constructing RGB image
INFO:root:Made fractional image
/dcs05/lieber/marmaypag/xenium_NAC_LIBD4125/xenium_NAC/processed-data/HD_Full_Analysis/FICTURE/outputs/H1-M3TCP9V_A1/nF_16/analysis/nF16.d_12/figure/nF16.d_12.coarse.png
INFO:root:Made hard threshold image
/dcs05/lieber/marmaypag/xenium_NAC_LIBD4125/xenium_NAC/processed-data/HD_Full_Analysis/FICTURE/outputs/H1-M3TCP9V_A1/nF_16/analysis/nF16.d_12/figure/nF16.d_12.coarse.top.png
6704 500
touch /dcs05/lieber/marmaypag/xenium_NAC_LIBD4125/xenium_NAC/processed-data/HD_Full_Analysis/FICTURE/outputs/H1-M3TCP9V_A1/nF_16/analysis/nF16.d_12/nF16.d_12.done
--------------------------------------------------------------
Creating projection for 12um and 16 factors, at 12um
--------------------------------------------------------------
--------------------------------------------------------------
Performing pixel-level decoding..
--------------------------------------------------------------
--------------------------------------------------------------
Sorting and reformatting the pixel-level output..
--------------------------------------------------------------
--------------------------------------------------------------
Performing pseudo-bulk differential expression analysis..
--------------------------------------------------------------
--------------------------------------------------------------
Drawing pixel-level output image...
--------------------------------------------------------------
ficture transform --input /dcs05/lieber/marmaypag/xenium_NAC_LIBD4125/xenium_NAC/processed-data/HD_Full_Analysis/FICTURE/inputs/H1-M3TCP9V_A1/transcripts.sorted.tsv.gz --output_pref /dcs05/lieber/marmaypag/xenium_NAC_LIBD4125/xenium_NAC/processed-data/HD_Full_Analysis/FICTURE/outputs/H1-M3TCP9V_A1/nF_16/analysis/nF16.d_12/nF16.d_12.prj_12.r_4 --model /dcs05/lieber/marmaypag/xenium_NAC_LIBD4125/xenium_NAC/processed-data/HD_Full_Analysis/FICTURE/outputs/H1-M3TCP9V_A1/nF_16/analysis/nF16.d_12/nF16.d_12.model.p --key Count --major_axis X --hex_width 12 --n_move 3 --min_ct_per_unit 20 --mu_scale 1.0 --thread 1 --precision 2
INFO:root:Model loaded with 15948 features and 16 factors
INFO:root:Transformed 1 batches with total 89335 units, 1.469626min
INFO:root:Transformed 2 batches with total 176825 units, 3.179167min
INFO:root:Transformed 3 batches with total 267529 units, 4.932214min
INFO:root:Transformed 4 batches with total 350746 units, 6.662089min
INFO:root:Transformed 5 batches with total 431995 units, 8.428323min
INFO:root:Transformed 6 batches with total 509201 units, 10.139672min
INFO:root:Transformed 7 batches with total 581794 units, 11.841520min
INFO:root:Transformed 8 batches with total 662929 units, 13.573155min
INFO:root:Transformed 9 batches with total 741710 units, 15.309147min
INFO:root:Transformed 10 batches with total 821547 units, 17.050790min
INFO:root:Transformed 11 batches with total 899438 units, 18.788176min
INFO:root:Transformed 12 batches with total 974315 units, 20.521438min
INFO:root:Transformed 13 batches with total 1058816 units, 22.292651min
INFO:root:Transformed 14 batches with total 1120442 units, 23.563259min
INFO:root:Transformed 15 batches with total 1180066 units, 24.770375min
INFO:root:Transformed 16 batches with total 1245186 units, 25.984480min
INFO:root:Transformed 17 batches with total 1333531 units, 27.730895min
INFO:root:Transformed 18 batches with total 1417797 units, 29.511154min
INFO:root:Transformed 19 batches with total 1494089 units, 30.778446min
INFO:root:Transformed 20 batches with total 1567132 units, 32.002172min
INFO:root:Transformed 21 batches with total 1637634 units, 33.195375min
INFO:root:Transformed 22 batches with total 1722463 units, 34.871532min
INFO:root:Transformed 23 batches with total 1785498 units, 36.077947min
INFO:root:Transformed 24 batches with total 1859825 units, 37.250318min
INFO:root:Transformed 25 batches with total 1935147 units, 38.459404min
INFO:root:Transformed 26 batches with total 2012609 units, 39.664381min
INFO:root:Transformed 27 batches with total 2071515 units, 40.819281min
INFO:root:Transformed 28 batches with total 2135662 units, 41.968308min
INFO:root:Transformed 29 batches with total 2192061 units, 43.100661min
INFO:root:Transformed 30 batches with total 2255646 units, 44.223271min
INFO:root:Transformed 31 batches with total 2312528 units, 45.334488min
INFO:root:Transformed 32 batches with total 2387501 units, 46.487626min
INFO:root:Transformed 33 batches with total 2447914 units, 47.630099min
INFO:root:Transformed 34 batches with total 2527592 units, 49.236959min
INFO:root:Transformed 35 batches with total 2605906 units, 50.865463min
INFO:root:Transformed 36 batches with total 2689457 units, 52.522150min
INFO:root:Transformed 37 batches with total 2773282 units, 54.216135min
INFO:root:Transformed 38 batches with total 2831726 units, 55.413639min
INFO:root:Transformed 39 batches with total 2890950 units, 56.547681min
INFO:root:Transformed 40 batches with total 2972198 units, 58.170210min
INFO:root:Transformed 41 batches with total 3051091 units, 59.849629min
INFO:root:Transformed 42 batches with total 3114762 units, 61.229708min
INFO:root:Transformed 43 batches with total 3115663 units, 61.395396min
ficture slda_decode --input /dcs05/lieber/marmaypag/xenium_NAC_LIBD4125/xenium_NAC/processed-data/HD_Full_Analysis/FICTURE/outputs/H1-M3TCP9V_A1/nF_16/batched.matrix.tsv.gz --output /dcs05/lieber/marmaypag/xenium_NAC_LIBD4125/xenium_NAC/processed-data/HD_Full_Analysis/FICTURE/outputs/H1-M3TCP9V_A1/nF_16/analysis/nF16.d_12/nF16.d_12.decode.prj_12.r_4_5 --model /dcs05/lieber/marmaypag/xenium_NAC_LIBD4125/xenium_NAC/processed-data/HD_Full_Analysis/FICTURE/outputs/H1-M3TCP9V_A1/nF_16/analysis/nF16.d_12/nF16.d_12.model.p --anchor /dcs05/lieber/marmaypag/xenium_NAC_LIBD4125/xenium_NAC/processed-data/HD_Full_Analysis/FICTURE/outputs/H1-M3TCP9V_A1/nF_16/analysis/nF16.d_12/nF16.d_12.prj_12.r_4.fit_result.tsv.gz --anchor_in_um --neighbor_radius 5 --mu_scale 1.0 --key Count --precision 0.1 --lite_topk_output_pixel 3 --lite_topk_output_anchor 3 --thread 1
INFO:root:15948 genes and 16 factors are read from input model
INFO:root:Read 3080665 grid points
INFO:root:Read 35163 pixels, forming 1 batches.
INFO:root:Read 1 batches ((35163, 15948))
INFO:root:Output 34520 pixels and 10010 anchors
INFO:root:Read 89437 pixels, forming 2 batches.
INFO:root:Read 2 batches ((89437, 15948))
INFO:root:Output 91581 pixels and 25542 anchors
INFO:root:Read 40554 pixels, forming 1 batches.
INFO:root:Read 1 batches ((40554, 15948))
INFO:root:Output 39528 pixels and 11583 anchors
INFO:root:Read 101842 pixels, forming 2 batches.
INFO:root:Read 2 batches ((101842, 15948))
INFO:root:Output 100052 pixels and 29378 anchors
INFO:root:Read 42206 pixels, forming 2 batches.
INFO:root:Read 2 batches ((42206, 15948))
INFO:root:Output 44335 pixels and 12327 anchors
INFO:root:Read 61355 pixels, forming 1 batches.
INFO:root:Read 1 batches ((61355, 15948))
INFO:root:Output 60394 pixels and 17803 anchors
INFO:root:Read 12067 pixels, forming 1 batches.
INFO:root:Read 1 batches ((12067, 15948))
INFO:root:Output 10954 pixels and 3266 anchors
INFO:root:Read 98383 pixels, forming 2 batches.
INFO:root:Read 2 batches ((98383, 15948))
INFO:root:Output 96152 pixels and 29241 anchors
INFO:root:Read 70668 pixels, forming 2 batches.
INFO:root:Read 2 batches ((70668, 15948))
INFO:root:Output 72681 pixels and 20844 anchors
INFO:root:Read 26789 pixels, forming 1 batches.
INFO:root:Read 1 batches ((26789, 15948))
INFO:root:Output 25483 pixels and 7455 anchors
INFO:root:Read 96851 pixels, forming 2 batches.
INFO:root:Read 2 batches ((96851, 15948))
INFO:root:Output 99776 pixels and 28172 anchors
INFO:root:Read 22812 pixels, forming 1 batches.
INFO:root:Read 1 batches ((22812, 15948))
INFO:root:Output 22059 pixels and 7556 anchors
INFO:root:Read 89143 pixels, forming 2 batches.
INFO:root:Read 2 batches ((89143, 15948))
INFO:root:Output 91670 pixels and 26637 anchors
INFO:root:Read 29081 pixels, forming 1 batches.
INFO:root:Read 1 batches ((29081, 15948))
INFO:root:Output 28968 pixels and 8366 anchors
INFO:root:Read 61503 pixels, forming 2 batches.
INFO:root:Read 2 batches ((61503, 15948))
INFO:root:Output 60620 pixels and 19625 anchors
INFO:root:Read 102008 pixels, forming 2 batches.
INFO:root:Read 2 batches ((102008, 15948))
INFO:root:Output 105723 pixels and 29186 anchors
INFO:root:Read 22812 pixels, forming 1 batches.
INFO:root:Read 1 batches ((22812, 15948))
INFO:root:Output 22784 pixels and 6649 anchors
INFO:root:Read 103099 pixels, forming 2 batches.
INFO:root:Read 2 batches ((103099, 15948))
INFO:root:Output 102494 pixels and 29670 anchors
INFO:root:Read 62550 pixels, forming 2 batches.
INFO:root:Read 2 batches ((62550, 15948))
INFO:root:Output 62475 pixels and 18233 anchors
INFO:root:Read 76740 pixels, forming 2 batches.
INFO:root:Read 2 batches ((76740, 15948))
INFO:root:Output 79942 pixels and 22236 anchors
INFO:root:Read 9231 pixels, forming 1 batches.
INFO:root:Read 1 batches ((9231, 15948))
INFO:root:Output 9089 pixels and 2840 anchors
INFO:root:Read 112479 pixels, forming 2 batches.
INFO:root:Read 2 batches ((112479, 15948))
INFO:root:Output 118085 pixels and 35463 anchors
INFO:root:Read 63435 pixels, forming 1 batches.
INFO:root:Read 1 batches ((63435, 15948))
INFO:root:Output 63123 pixels and 19090 anchors
INFO:root:Read 66101 pixels, forming 1 batches.
INFO:root:Read 1 batches ((66101, 15948))
INFO:root:Output 66007 pixels and 19162 anchors
INFO:root:Read 39491 pixels, forming 1 batches.
INFO:root:Read 1 batches ((39491, 15948))
INFO:root:Output 39151 pixels and 11360 anchors
INFO:root:Read 102463 pixels, forming 2 batches.
INFO:root:Read 2 batches ((102463, 15948))
INFO:root:Output 101886 pixels and 30343 anchors
INFO:root:Read 51521 pixels, forming 2 batches.
INFO:root:Read 2 batches ((51521, 15948))
INFO:root:Output 54254 pixels and 15304 anchors
INFO:root:Read 75842 pixels, forming 1 batches.
INFO:root:Read 1 batches ((75842, 15948))
INFO:root:Output 75651 pixels and 22601 anchors
INFO:root:Read 7536 pixels, forming 1 batches.
INFO:root:Read 1 batches ((7536, 15948))
INFO:root:Output 7474 pixels and 2272 anchors
INFO:root:Read 117117 pixels, forming 2 batches.
INFO:root:Read 2 batches ((117117, 15948))
INFO:root:Output 123163 pixels and 33677 anchors
INFO:root:Read 23605 pixels, forming 1 batches.
INFO:root:Read 1 batches ((23605, 15948))
INFO:root:Output 23471 pixels and 6792 anchors
INFO:root:Read 101492 pixels, forming 2 batches.
INFO:root:Read 2 batches ((101492, 15948))
INFO:root:Output 105170 pixels and 29118 anchors
INFO:root:Read 9275 pixels, forming 1 batches.
INFO:root:Read 1 batches ((9275, 15948))
INFO:root:Output 9201 pixels and 2769 anchors
INFO:root:Read 115599 pixels, forming 2 batches.
INFO:root:Read 2 batches ((115599, 15948))
INFO:root:Output 121021 pixels and 33069 anchors
INFO:root:Read 62048 pixels, forming 1 batches.
INFO:root:Read 1 batches ((62048, 15948))
INFO:root:Output 61801 pixels and 18018 anchors
INFO:root:Read 13781 pixels, forming 1 batches.
INFO:root:Read 1 batches ((13781, 15948))
INFO:root:Output 13661 pixels and 4540 anchors
INFO:root:Read 78275 pixels, forming 2 batches.
INFO:root:Read 2 batches ((78275, 15948))
INFO:root:Output 78071 pixels and 23093 anchors
INFO:root:Read 83120 pixels, forming 2 batches.
INFO:root:Read 2 batches ((83120, 15948))
INFO:root:Output 87546 pixels and 26165 anchors
INFO:root:Read 35885 pixels, forming 1 batches.
INFO:root:Read 1 batches ((35885, 15948))
INFO:root:Output 35592 pixels and 10366 anchors
INFO:root:Read 87222 pixels, forming 2 batches.
INFO:root:Read 2 batches ((87222, 15948))
INFO:root:Output 90009 pixels and 25669 anchors
INFO:root:Read 6476 pixels, forming 1 batches.
INFO:root:Read 1 batches ((6476, 15948))
INFO:root:Output 6471 pixels and 2015 anchors
INFO:root:Read 88323 pixels, forming 2 batches.
INFO:root:Read 2 batches ((88323, 15948))
INFO:root:Output 87915 pixels and 26310 anchors
INFO:root:Read 71087 pixels, forming 2 batches.
INFO:root:Read 2 batches ((71087, 15948))
INFO:root:Output 71062 pixels and 20994 anchors
INFO:root:Read 71469 pixels, forming 2 batches.
INFO:root:Read 2 batches ((71469, 15948))
INFO:root:Output 70785 pixels and 20590 anchors
INFO:root:Read 85392 pixels, forming 2 batches.
INFO:root:Read 2 batches ((85392, 15948))
INFO:root:Output 88051 pixels and 24683 anchors
INFO:root:Read 25533 pixels, forming 1 batches.
INFO:root:Read 1 batches ((25533, 15948))
INFO:root:Output 25477 pixels and 7364 anchors
INFO:root:Read 97700 pixels, forming 2 batches.
INFO:root:Read 2 batches ((97700, 15948))
INFO:root:Output 97159 pixels and 28103 anchors
INFO:root:Read 70082 pixels, forming 2 batches.
INFO:root:Read 2 batches ((70082, 15948))
INFO:root:Output 73500 pixels and 20162 anchors
INFO:root:Read 64580 pixels, forming 1 batches.
INFO:root:Read 1 batches ((64580, 15948))
INFO:root:Output 64143 pixels and 18519 anchors
INFO:root:Read 47924 pixels, forming 1 batches.
INFO:root:Read 1 batches ((47924, 15948))
INFO:root:Output 47730 pixels and 14157 anchors
INFO:root:Read 79318 pixels, forming 2 batches.
INFO:root:Read 2 batches ((79318, 15948))
INFO:root:Output 80889 pixels and 22952 anchors
INFO:root:Read 18042 pixels, forming 1 batches.
INFO:root:Read 1 batches ((18042, 15948))
INFO:root:Output 17872 pixels and 5473 anchors
INFO:root:Read 97447 pixels, forming 2 batches.
INFO:root:Read 2 batches ((97447, 15948))
INFO:root:Output 96978 pixels and 28878 anchors
INFO:root:Read 69900 pixels, forming 2 batches.
INFO:root:Read 2 batches ((69900, 15948))
INFO:root:Output 72644 pixels and 20701 anchors
INFO:root:Read 16545 pixels, forming 1 batches.
INFO:root:Read 1 batches ((16545, 15948))
INFO:root:Output 16486 pixels and 4970 anchors
INFO:root:Read 96066 pixels, forming 2 batches.
INFO:root:Read 2 batches ((96066, 15948))
INFO:root:Output 100926 pixels and 29059 anchors
INFO:root:Read 38919 pixels, forming 1 batches.
INFO:root:Read 1 batches ((38919, 15948))
INFO:root:Output 38919 pixels and 11226 anchors
INFO:root:Read 95381 pixels, forming 2 batches.
INFO:root:Read 2 batches ((95381, 15948))
INFO:root:Output 94687 pixels and 27599 anchors
INFO:root:Read 58996 pixels, forming 2 batches.
INFO:root:Read 2 batches ((58996, 15948))
INFO:root:Output 61648 pixels and 17512 anchors
INFO:root:Read 63951 pixels, forming 1 batches.
INFO:root:Read 1 batches ((63951, 15948))
INFO:root:Output 63441 pixels and 18621 anchors
INFO:root:Read 64471 pixels, forming 1 batches.
INFO:root:Read 1 batches ((64471, 15948))
INFO:root:Output 64245 pixels and 18661 anchors
INFO:root:Read 22971 pixels, forming 1 batches.
INFO:root:Read 1 batches ((22971, 15948))
INFO:root:Output 22786 pixels and 6674 anchors
INFO:root:Read 107117 pixels, forming 2 batches.
INFO:root:Read 2 batches ((107117, 15948))
INFO:root:Output 111227 pixels and 30803 anchors
INFO:root:Read 65078 pixels, forming 1 batches.
INFO:root:Read 1 batches ((65078, 15948))
INFO:root:Output 64828 pixels and 18804 anchors
INFO:root:Read 64733 pixels, forming 1 batches.
INFO:root:Read 1 batches ((64733, 15948))
INFO:root:Output 64495 pixels and 18662 anchors
INFO:root:Read 64496 pixels, forming 1 batches.
INFO:root:Read 1 batches ((64496, 15948))
INFO:root:Output 63961 pixels and 18602 anchors
INFO:root:Read 47351 pixels, forming 1 batches.
INFO:root:Read 1 batches ((47351, 15948))
INFO:root:Output 47210 pixels and 13871 anchors
INFO:root:Read 107121 pixels, forming 2 batches.
INFO:root:Read 2 batches ((107121, 15948))
INFO:root:Output 106517 pixels and 31371 anchors
INFO:root:Read 81055 pixels, forming 3 batches.
INFO:root:Read 3 batches ((81055, 15948))
INFO:root:Output 85177 pixels and 24874 anchors
INFO:root:Read 1388 pixels, forming 1 batches.
INFO:root:Read 1 batches ((1388, 15948))
INFO:root:Output 1382 pixels and 501 anchors
INFO:root:Read 130006 pixels, forming 2 batches.
INFO:root:Read 2 batches ((130006, 15948))
INFO:root:Output 136556 pixels and 37690 anchors
INFO:root:Read 26550 pixels, forming 1 batches.
INFO:root:Read 1 batches ((26550, 15948))
INFO:root:Output 26253 pixels and 7739 anchors
INFO:root:Read 105336 pixels, forming 2 batches.
INFO:root:Read 2 batches ((105336, 15948))
INFO:root:Output 109376 pixels and 30530 anchors
INFO:root:Read 46609 pixels, forming 1 batches.
INFO:root:Read 1 batches ((46609, 15948))
INFO:root:Output 46570 pixels and 13585 anchors
INFO:root:Read 85447 pixels, forming 2 batches.
INFO:root:Read 2 batches ((85447, 15948))
INFO:root:Output 87349 pixels and 24739 anchors
INFO:root:Read 17270 pixels, forming 1 batches.
INFO:root:Read 1 batches ((17270, 15948))
INFO:root:Output 17146 pixels and 5005 anchors
INFO:root:Read 98960 pixels, forming 2 batches.
INFO:root:Read 2 batches ((98960, 15948))
INFO:root:Output 98695 pixels and 28600 anchors
INFO:root:Read 82869 pixels, forming 2 batches.
INFO:root:Read 2 batches ((82869, 15948))
INFO:root:Output 86509 pixels and 23952 anchors
INFO:root:Read 42283 pixels, forming 1 batches.
INFO:root:Read 1 batches ((42283, 15948))
INFO:root:Output 42112 pixels and 12441 anchors
INFO:root:Read 88475 pixels, forming 2 batches.
INFO:root:Read 2 batches ((88475, 15948))
INFO:root:Output 90561 pixels and 25907 anchors
INFO:root:Read 63004 pixels, forming 1 batches.
INFO:root:Read 1 batches ((63004, 15948))
INFO:root:Output 62937 pixels and 19118 anchors
INFO:root:Read 72973 pixels, forming 2 batches.
INFO:root:Read 2 batches ((72973, 15948))
INFO:root:Output 72516 pixels and 22776 anchors
INFO:root:Read 88116 pixels, forming 2 batches.
INFO:root:Read 2 batches ((88116, 15948))
INFO:root:Output 87534 pixels and 27646 anchors
INFO:root:Read 61974 pixels, forming 1 batches.
INFO:root:Read 1 batches ((61974, 15948))
INFO:root:Output 61723 pixels and 18018 anchors
INFO:root:Read 62458 pixels, forming 1 batches.
INFO:root:Read 1 batches ((62458, 15948))
INFO:root:Output 62209 pixels and 18018 anchors
INFO:root:Read 61942 pixels, forming 1 batches.
INFO:root:Read 1 batches ((61942, 15948))
INFO:root:Output 61692 pixels and 18090 anchors
INFO:root:Read 62621 pixels, forming 1 batches.
INFO:root:Read 1 batches ((62621, 15948))
INFO:root:Output 62033 pixels and 17892 anchors
INFO:root:Read 32015 pixels, forming 1 batches.
INFO:root:Read 1 batches ((32015, 15948))
INFO:root:Output 31887 pixels and 9366 anchors
INFO:root:Read 83465 pixels, forming 2 batches.
INFO:root:Read 2 batches ((83465, 15948))
INFO:root:Output 83124 pixels and 24408 anchors
INFO:root:Read 68188 pixels, forming 2 batches.
INFO:root:Read 2 batches ((68188, 15948))
INFO:root:Output 71209 pixels and 20436 anchors
INFO:root:Read 19674 pixels, forming 1 batches.
INFO:root:Read 1 batches ((19674, 15948))
INFO:root:Output 19597 pixels and 5792 anchors
INFO:root:Read 99389 pixels, forming 2 batches.
INFO:root:Read 2 batches ((99389, 15948))
INFO:root:Output 103579 pixels and 30238 anchors
INFO:root:Read 112183 pixels, forming 2 batches.
INFO:root:Read 2 batches ((112183, 15948))
INFO:root:Output 117881 pixels and 36039 anchors
INFO:root:Read 54773 pixels, forming 2 batches.
INFO:root:Read 2 batches ((54773, 15948))
INFO:root:Output 54381 pixels and 17579 anchors
INFO:root:Read 86458 pixels, forming 2 batches.
INFO:root:Read 2 batches ((86458, 15948))
INFO:root:Output 86059 pixels and 26566 anchors
INFO:root:Read 71863 pixels, forming 2 batches.
INFO:root:Read 2 batches ((71863, 15948))
INFO:root:Output 74513 pixels and 20752 anchors
INFO:root:Read 34403 pixels, forming 1 batches.
INFO:root:Read 1 batches ((34403, 15948))
INFO:root:Output 34264 pixels and 10081 anchors
INFO:root:Read 75130 pixels, forming 2 batches.
INFO:root:Read 2 batches ((75130, 15948))
INFO:root:Output 74737 pixels and 21782 anchors
INFO:root:Read 77535 pixels, forming 2 batches.
INFO:root:Read 2 batches ((77535, 15948))
INFO:root:Output 80304 pixels and 22919 anchors
INFO:root:Read 544 pixels, forming 1 batches.
INFO:root:Read 1 batches ((544, 15948))
INFO:root:Output 499 pixels and 215 anchors
INFO:root:Read 100141 pixels, forming 2 batches.
INFO:root:Read 2 batches ((100141, 15948))
INFO:root:Output 99529 pixels and 29167 anchors
INFO:root:Read 89418 pixels, forming 2 batches.
INFO:root:Read 2 batches ((89418, 15948))
INFO:root:Output 89277 pixels and 26683 anchors
INFO:root:Read 55084 pixels, forming 2 batches.
INFO:root:Read 2 batches ((55084, 15948))
INFO:root:Output 57759 pixels and 16855 anchors
INFO:root:Read 106356 pixels, forming 2 batches.
INFO:root:Read 2 batches ((106356, 15948))
INFO:root:Output 111965 pixels and 34895 anchors
INFO:root:Read 76574 pixels, forming 2 batches.
INFO:root:Read 2 batches ((76574, 15948))
INFO:root:Output 76139 pixels and 25087 anchors
INFO:root:Read 67158 pixels, forming 2 batches.
INFO:root:Read 2 batches ((67158, 15948))
INFO:root:Output 70032 pixels and 21152 anchors
INFO:root:Read 62701 pixels, forming 1 batches.
INFO:root:Read 1 batches ((62701, 15948))
INFO:root:Output 62589 pixels and 18090 anchors
INFO:root:Read 12908 pixels, forming 1 batches.
INFO:root:Read 1 batches ((12908, 15948))
INFO:root:Output 12675 pixels and 3861 anchors
INFO:root:Read 111322 pixels, forming 2 batches.
INFO:root:Read 2 batches ((111322, 15948))
INFO:root:Output 116769 pixels and 32390 anchors
INFO:root:Read 39260 pixels, forming 1 batches.
INFO:root:Read 1 batches ((39260, 15948))
INFO:root:Output 39107 pixels and 11511 anchors
INFO:root:Read 103840 pixels, forming 2 batches.
INFO:root:Read 2 batches ((103840, 15948))
INFO:root:Output 103447 pixels and 30799 anchors
INFO:root:Read 40701 pixels, forming 2 batches.
INFO:root:Read 2 batches ((40701, 15948))
INFO:root:Output 42583 pixels and 12045 anchors
INFO:root:Read 61076 pixels, forming 1 batches.
INFO:root:Read 1 batches ((61076, 15948))
INFO:root:Output 60906 pixels and 18157 anchors
INFO:root:Read 8276 pixels, forming 1 batches.
INFO:root:Read 1 batches ((8276, 15948))
INFO:root:Output 8206 pixels and 2556 anchors
INFO:root:Read 75007 pixels, forming 2 batches.
INFO:root:Read 2 batches ((75007, 15948))
INFO:root:Output 74633 pixels and 23088 anchors
INFO:root:Read 134425 pixels, forming 4 batches.
INFO:root:Read 4 batches ((134425, 15948))
INFO:root:Output 139594 pixels and 45593 anchors
INFO:root:Read 104936 pixels, forming 3 batches.
INFO:root:Read 3 batches ((104936, 15948))
INFO:root:Output 108588 pixels and 36087 anchors
INFO:root:Read 10838 pixels, forming 1 batches.
INFO:root:Read 1 batches ((10838, 15948))
INFO:root:Output 10795 pixels and 3146 anchors
INFO:root:Read 116339 pixels, forming 2 batches.
INFO:root:Read 2 batches ((116339, 15948))
INFO:root:Output 121877 pixels and 33819 anchors
INFO:root:Read 63608 pixels, forming 1 batches.
INFO:root:Read 1 batches ((63608, 15948))
INFO:root:Output 62936 pixels and 18318 anchors
INFO:root:Read 63757 pixels, forming 1 batches.
INFO:root:Read 1 batches ((63757, 15948))
INFO:root:Output 63505 pixels and 18519 anchors
INFO:root:Read 36843 pixels, forming 1 batches.
INFO:root:Read 1 batches ((36843, 15948))
INFO:root:Output 36549 pixels and 10721 anchors
INFO:root:Read 87120 pixels, forming 2 batches.
INFO:root:Read 2 batches ((87120, 15948))
INFO:root:Output 86793 pixels and 25668 anchors
INFO:root:Read 65178 pixels, forming 2 batches.
INFO:root:Read 2 batches ((65178, 15948))
INFO:root:Output 67841 pixels and 19036 anchors
INFO:root:Read 60053 pixels, forming 1 batches.
INFO:root:Read 1 batches ((60053, 15948))
INFO:root:Output 60034 pixels and 18490 anchors
INFO:root:Read 33093 pixels, forming 1 batches.
INFO:root:Read 1 batches ((33093, 15948))
INFO:root:Output 32922 pixels and 11795 anchors
INFO:root:Read 122188 pixels, forming 4 batches.
INFO:root:Read 4 batches ((122188, 15948))
INFO:root:Output 124845 pixels and 41569 anchors
INFO:root:Read 57904 pixels, forming 2 batches.
INFO:root:Read 2 batches ((57904, 15948))
INFO:root:Output 60908 pixels and 19085 anchors
INFO:root:Read 21496 pixels, forming 1 batches.
INFO:root:Read 1 batches ((21496, 15948))
INFO:root:Output 21308 pixels and 6221 anchors
INFO:root:Read 83819 pixels, forming 2 batches.
INFO:root:Read 2 batches ((83819, 15948))
INFO:root:Output 83466 pixels and 24489 anchors
INFO:root:Read 11075 pixels, forming 1 batches.
INFO:root:Read 1 batches ((11075, 15948))
INFO:root:Output 10817 pixels and 3195 anchors
INFO:root:Read 115174 pixels, forming 2 batches.
INFO:root:Read 2 batches ((115174, 15948))
INFO:root:Output 121023 pixels and 33534 anchors
INFO:root:Read 48896 pixels, forming 1 batches.
INFO:root:Read 1 batches ((48896, 15948))
INFO:root:Output 48896 pixels and 14701 anchors
INFO:root:Read 87818 pixels, forming 2 batches.
INFO:root:Read 2 batches ((87818, 15948))
INFO:root:Output 87465 pixels and 25668 anchors
INFO:root:Read 25043 pixels, forming 2 batches.
INFO:root:Read 2 batches ((25043, 15948))
INFO:root:Output 24814 pixels and 7576 anchors
INFO:root:Read 85939 pixels, forming 2 batches.
INFO:root:Read 2 batches ((85939, 15948))
INFO:root:Output 89710 pixels and 25392 anchors
INFO:root:Read 51267 pixels, forming 2 batches.
INFO:root:Read 2 batches ((51267, 15948))
INFO:root:Output 51241 pixels and 17043 anchors
INFO:root:Read 144939 pixels, forming 3 batches.
INFO:root:Read 3 batches ((144939, 15948))
INFO:root:Output 149761 pixels and 48340 anchors
INFO:root:Read 13523 pixels, forming 1 batches.
INFO:root:Read 1 batches ((13523, 15948))
INFO:root:Output 13413 pixels and 3960 anchors
INFO:root:Read 97271 pixels, forming 2 batches.
INFO:root:Read 2 batches ((97271, 15948))
INFO:root:Output 100887 pixels and 30382 anchors
INFO:root:Read 16742 pixels, forming 1 batches.
INFO:root:Read 1 batches ((16742, 15948))
INFO:root:Output 16634 pixels and 4862 anchors
INFO:root:Read 82718 pixels, forming 2 batches.
INFO:root:Read 2 batches ((82718, 15948))
INFO:root:Output 82252 pixels and 23984 anchors
INFO:root:Read 62676 pixels, forming 1 batches.
INFO:root:Read 1 batches ((62676, 15948))
INFO:root:Output 62540 pixels and 18089 anchors
INFO:root:Read 62405 pixels, forming 1 batches.
INFO:root:Read 1 batches ((62405, 15948))
INFO:root:Output 61996 pixels and 18018 anchors
INFO:root:Read 24478 pixels, forming 1 batches.
INFO:root:Read 1 batches ((24478, 15948))
INFO:root:Output 24299 pixels and 7215 anchors
INFO:root:Read 97006 pixels, forming 2 batches.
INFO:root:Read 2 batches ((97006, 15948))
INFO:root:Output 100662 pixels and 28575 anchors
INFO:root:Read 51986 pixels, forming 1 batches.
INFO:root:Read 1 batches ((51986, 15948))
INFO:root:Output 51556 pixels and 15892 anchors
INFO:root:Read 114226 pixels, forming 3 batches.
INFO:root:Read 3 batches ((114226, 15948))
INFO:root:Output 114898 pixels and 35894 anchors
INFO:root:Read 109495 pixels, forming 2 batches.
INFO:root:Read 2 batches ((109495, 15948))
INFO:root:Output 109021 pixels and 34862 anchors
INFO:root:Read 59336 pixels, forming 2 batches.
INFO:root:Read 2 batches ((59336, 15948))
INFO:root:Output 59110 pixels and 18455 anchors
INFO:root:Read 4758 pixels, forming 2 batches.
INFO:root:Read 2 batches ((4758, 15948))
INFO:root:Output 4676 pixels and 1445 anchors
INFO:root:Read 58026 pixels, forming 1 batches.
INFO:root:Read 1 batches ((58026, 15948))
INFO:root:Output 57957 pixels and 17864 anchors
INFO:root:Read 8421 pixels, forming 1 batches.
INFO:root:Read 1 batches ((8421, 15948))
INFO:root:Output 8391 pixels and 2528 anchors
INFO:root:Read 77940 pixels, forming 2 batches.
INFO:root:Read 2 batches ((77940, 15948))
INFO:root:Output 77522 pixels and 22996 anchors
INFO:root:Read 71173 pixels, forming 2 batches.
INFO:root:Read 2 batches ((71173, 15948))
INFO:root:Output 70589 pixels and 20813 anchors
INFO:root:Read 65901 pixels, forming 1 batches.
INFO:root:Read 1 batches ((65901, 15948))
INFO:root:Output 65638 pixels and 19090 anchors
INFO:root:Read 20856 pixels, forming 1 batches.
INFO:root:Read 1 batches ((20856, 15948))
INFO:root:Output 20610 pixels and 6152 anchors
INFO:root:Read 108766 pixels, forming 2 batches.
INFO:root:Read 2 batches ((108766, 15948))
INFO:root:Output 113510 pixels and 32112 anchors
INFO:root:Read 58496 pixels, forming 1 batches.
INFO:root:Read 1 batches ((58496, 15948))
INFO:root:Output 58468 pixels and 17755 anchors
INFO:root:Read 124612 pixels, forming 3 batches.
INFO:root:Read 3 batches ((124612, 15948))
INFO:root:Output 124721 pixels and 38022 anchors
INFO:root:Read 49342 pixels, forming 1 batches.
INFO:root:Read 1 batches ((49342, 15948))
INFO:root:Output 49273 pixels and 14815 anchors
INFO:root:Read 76027 pixels, forming 2 batches.
INFO:root:Read 2 batches ((76027, 15948))
INFO:root:Output 76986 pixels and 22681 anchors
INFO:root:Read 62495 pixels, forming 1 batches.
INFO:root:Read 1 batches ((62495, 15948))
INFO:root:Output 62236 pixels and 18695 anchors
INFO:root:Read 64828 pixels, forming 1 batches.
INFO:root:Read 1 batches ((64828, 15948))
INFO:root:Output 64311 pixels and 19099 anchors
INFO:root:Read 59060 pixels, forming 1 batches.
INFO:root:Read 1 batches ((59060, 15948))
INFO:root:Output 58853 pixels and 17732 anchors
INFO:root:Read 84623 pixels, forming 3 batches.
INFO:root:Read 3 batches ((84623, 15948))
INFO:root:Output 84598 pixels and 25544 anchors
INFO:root:Read 62492 pixels, forming 2 batches.
INFO:root:Read 2 batches ((62492, 15948))
INFO:root:Output 61949 pixels and 18298 anchors
INFO:root:Read 43433 pixels, forming 2 batches.
INFO:root:Read 2 batches ((43433, 15948))
INFO:root:Output 43015 pixels and 12692 anchors
INFO:root:Read 48273 pixels, forming 1 batches.
INFO:root:Read 1 batches ((48273, 15948))
INFO:root:Output 47038 pixels and 13728 anchors
INFO:root:Read 47429 pixels, forming 1 batches.
INFO:root:Read 1 batches ((47429, 15948))
INFO:root:Output 46206 pixels and 13800 anchors
INFO:root:Read 36543 pixels, forming 1 batches.
INFO:root:Read 1 batches ((36543, 15948))
INFO:root:Output 36402 pixels and 10978 anchors
INFO:root:Read 56565 pixels, forming 2 batches.
INFO:root:Read 2 batches ((56565, 15948))
INFO:root:Output 55300 pixels and 16264 anchors
INFO:root:Read 47962 pixels, forming 1 batches.
INFO:root:Read 1 batches ((47962, 15948))
INFO:root:Output 46625 pixels and 13725 anchors
INFO:root:Read 4950 pixels, forming 1 batches.
INFO:root:Read 1 batches ((4950, 15948))
INFO:root:Output 4929 pixels and 1499 anchors
INFO:root:Read 90939 pixels, forming 2 batches.
INFO:root:Read 2 batches ((90939, 15948))
INFO:root:Output 93534 pixels and 25987 anchors
INFO:root:Read 18878 pixels, forming 1 batches.
INFO:root:Read 1 batches ((18878, 15948))
INFO:root:Output 18728 pixels and 5680 anchors
INFO:root:Read 74235 pixels, forming 2 batches.
INFO:root:Read 2 batches ((74235, 15948))
INFO:root:Output 75920 pixels and 21590 anchors
INFO:root:Read 90465 pixels, forming 2 batches.
INFO:root:Read 2 batches ((90465, 15948))
INFO:root:Output 94413 pixels and 27226 anchors
INFO:root:Read 23226 pixels, forming 1 batches.
INFO:root:Read 1 batches ((23226, 15948))
INFO:root:Output 23226 pixels and 7028 anchors
bash /dcs05/lieber/marmaypag/xenium_NAC_LIBD4125/xenium_NAC/processed-data/HD_Full_Analysis/FICTURE/outputs/H1-M3TCP9V_A1/nF_16/sort_decode.sh /dcs05/lieber/marmaypag/xenium_NAC_LIBD4125/xenium_NAC/processed-data/HD_Full_Analysis/FICTURE/outputs/H1-M3TCP9V_A1/nF_16/analysis/nF16.d_12/nF16.d_12.decode.prj_12.r_4_5.pixel.tsv.gz /dcs05/lieber/marmaypag/xenium_NAC_LIBD4125/xenium_NAC/processed-data/HD_Full_Analysis/FICTURE/outputs/H1-M3TCP9V_A1/nF_16/analysis/nF16.d_12/nF16.d_12.decode.prj_12.r_4_5.pixel.sorted.tsv.gz /dcs05/lieber/marmaypag/xenium_NAC_LIBD4125/xenium_NAC/processed-data/HD_Full_Analysis/FICTURE/inputs/H1-M3TCP9V_A1/minmax.tsv nF16.d_12 100 100 3 gzip
8335.535, 15040.930; 5060.192, 11766.109
ficture de_bulk --input /dcs05/lieber/marmaypag/xenium_NAC_LIBD4125/xenium_NAC/processed-data/HD_Full_Analysis/FICTURE/outputs/H1-M3TCP9V_A1/nF_16/analysis/nF16.d_12/nF16.d_12.decode.prj_12.r_4_5.posterior.count.tsv.gz --output /dcs05/lieber/marmaypag/xenium_NAC_LIBD4125/xenium_NAC/processed-data/HD_Full_Analysis/FICTURE/outputs/H1-M3TCP9V_A1/nF_16/analysis/nF16.d_12/nF16.d_12.decode.prj_12.r_4_5.bulk_chisq.tsv --min_ct_per_feature 20 --max_pval_output 0.001 --min_fold_output 1.5
/jhpce/shared/libd/core/visium_hd/1.0/hd_env/lib/python3.9/site-packages/ficture/scripts/de_bulk.py:117: RuntimeWarning: divide by zero encountered in scalar divide
  fd=tab[0,0]/total_k[k]/tab[0,1]*(total_umi-total_k[k])
Read posterior count over 15948 genes and 16 factors
Testing 15946 genes over 16 factors
ficture factor_report --path /dcs05/lieber/marmaypag/xenium_NAC_LIBD4125/xenium_NAC/processed-data/HD_Full_Analysis/FICTURE/outputs/H1-M3TCP9V_A1/nF_16/analysis/nF16.d_12 --pref nF16.d_12.decode.prj_12.r_4_5 --color_table /dcs05/lieber/marmaypag/xenium_NAC_LIBD4125/xenium_NAC/processed-data/HD_Full_Analysis/FICTURE/outputs/H1-M3TCP9V_A1/nF_16/analysis/nF16.d_12/figure/nF16.d_12.rgb.tsv
['0' '1' '2' '3' '4' '5' '6' '7' '8' '9' '10' '11' '12' '13' '14' '15']
/dcs05/lieber/marmaypag/xenium_NAC_LIBD4125/xenium_NAC/processed-data/HD_Full_Analysis/FICTURE/outputs/H1-M3TCP9V_A1/nF_16/analysis/nF16.d_12/nF16.d_12.decode.prj_12.r_4_5.factor.info.html
ficture plot_pixel_full --input /dcs05/lieber/marmaypag/xenium_NAC_LIBD4125/xenium_NAC/processed-data/HD_Full_Analysis/FICTURE/outputs/H1-M3TCP9V_A1/nF_16/analysis/nF16.d_12/nF16.d_12.decode.prj_12.r_4_5.pixel.sorted.tsv.gz --color_table /dcs05/lieber/marmaypag/xenium_NAC_LIBD4125/xenium_NAC/processed-data/HD_Full_Analysis/FICTURE/outputs/H1-M3TCP9V_A1/nF_16/analysis/nF16.d_12/figure/nF16.d_12.rgb.tsv --output /dcs05/lieber/marmaypag/xenium_NAC_LIBD4125/xenium_NAC/processed-data/HD_Full_Analysis/FICTURE/outputs/H1-M3TCP9V_A1/nF_16/analysis/nF16.d_12/figure/nF16.d_12.decode.prj_12.r_4_5.pixel.png --plot_um_per_pixel 0.5 --full
05:55:30 AM Background color 000000
05:55:30 AM Read color table (16)
05:55:30 AM Read header {'K': 16, 'TOPK': 3, 'BLOCK_SIZE': 2000, 'BLOCK_AXIS': 'X', 'INDEX_AXIS': 'Y', 'OFFSET_X': 8335.535, 'OFFSET_Y': 5060.192, 'SIZE_X': 6706, 'SIZE_Y': 6707, 'SCALE': 100}
05:55:30 AM Image size 13416 x 13414
05:55:32 AM Reading pixels... 3999, 2948, 882118
05:55:35 AM Reading pixels... 3999, 6637, 868288
05:55:37 AM Reading pixels... 3999, 10321, 871094
05:55:40 AM Reading pixels... 7998, 360, 882879
05:55:42 AM Reading pixels... 7999, 3053, 877150
05:55:45 AM Reading pixels... 7999, 6641, 888058
05:55:47 AM Reading pixels... 7999, 10229, 859654
05:55:50 AM Reading pixels... 11999, 2969, 879355
05:55:52 AM Reading pixels... 11999, 6622, 880950
05:55:55 AM Reading pixels... 11999, 10142, 881892
05:55:58 AM Reading pixels... 13389, 4919, 879100
05:55:59 AM Reading pixels... 13396, 12695, 550347
05:56:03 AM Finished
/dcs05/lieber/marmaypag/xenium_NAC_LIBD4125/xenium_NAC/processed-data/HD_Full_Analysis/FICTURE/outputs/H1-M3TCP9V_A1/nF_16/analysis/nF16.d_12/figure/nF16.d_12.decode.prj_12.r_4_5.pixel.png
Index(['0', '1', '2', '3', '4', '5', '6', '7', '8', '9', '10', '11', '12',
       '13', '14', '15'],
      dtype='object', name='Name')
['BLOCK', 'X', 'Y', 'K1', 'K2', 'K3', 'P1', 'P2', 'P3']
touch /dcs05/lieber/marmaypag/xenium_NAC_LIBD4125/xenium_NAC/processed-data/HD_Full_Analysis/FICTURE/outputs/H1-M3TCP9V_A1/nF_16/analysis/nF16.d_12/nF16.d_12.decode.prj_12.r_4_5.done
Finished nFactor=16 for H1-M3TCP9V_A1
Sat Mar  7 05:56:03 AM EST 2026
**** Job ends ****
Sat Mar  7 05:56:03 AM EST 2026
