**** Job starts ****
Fri Mar  6 03:49:18 PM EST 2026
Loading LIBD SLURM module for visium_hd/1.0
Loading LIBD SLURM module for htslib/1.18
--------------------------------------------------------------
Running FICTURE with nFactor=8 for H1-XKYDCP3_A1
--------------------------------------------------------------
Fri Mar  6 03:49:18 PM EST 2026
--------------------------------------------------------------
Creating minibatch from /dcs05/lieber/marmaypag/xenium_NAC_LIBD4125/xenium_NAC/processed-data/HD_Full_Analysis/FICTURE/inputs/H1-XKYDCP3_A1/transcripts.sorted.tsv.gz...
--------------------------------------------------------------
ficture make_spatial_minibatch --input /dcs05/lieber/marmaypag/xenium_NAC_LIBD4125/xenium_NAC/processed-data/HD_Full_Analysis/FICTURE/inputs/H1-XKYDCP3_A1/transcripts.sorted.tsv.gz --output /dcs05/lieber/marmaypag/xenium_NAC_LIBD4125/xenium_NAC/processed-data/HD_Full_Analysis/FICTURE/outputs/H1-XKYDCP3_A1/nF_8/batched.matrix.tsv --mu_scale 1.0 --batch_size 500 --batch_buff 30 --major_axis X
INFO:root:Random seed 1772830160.3593736
INFO:root:Read blocks of pixels: 87.25 x 6698.29
INFO:root:Read blocks of pixels: 144.78 x 6698.60
INFO:root:Read blocks of pixels: 211.75 x 6698.94
INFO:root:Read blocks of pixels: 277.69 x 6699.29
INFO:root:Read blocks of pixels: 343.16 x 6699.64
INFO:root:Read blocks of pixels: 417.34 x 6700.03
INFO:root:Read blocks of pixels: 482.22 x 6700.38
INFO:root:Read blocks of pixels: 551.36 x 6700.73
INFO:root:Output region (552.36, 501.00) (3353.8, 3906.2) x (1403.4, 1904.4)
INFO:root:Output region (552.36, 500.00) (3353.8, 3906.2) x (1874.4, 2374.4)
INFO:root:Output region (552.36, 500.00) (3353.8, 3906.2) x (2344.4, 2844.4)
INFO:root:Output region (552.36, 500.00) (3353.8, 3906.2) x (2814.4, 3314.4)
INFO:root:Output region (552.36, 500.00) (3353.8, 3906.2) x (3284.4, 3784.4)
INFO:root:Output region (552.36, 500.00) (3353.8, 3906.2) x (3754.4, 4254.4)
INFO:root:Output region (552.36, 500.00) (3353.8, 3906.2) x (4224.4, 4724.4)
INFO:root:Output region (552.36, 500.00) (3353.8, 3906.2) x (4694.4, 5194.4)
INFO:root:Output region (552.36, 500.00) (3353.8, 3906.2) x (5164.4, 5664.4)
INFO:root:Output region (552.36, 500.00) (3353.8, 3906.2) x (5634.4, 6134.4)
INFO:root:Output region (552.36, 500.00) (3353.8, 3906.2) x (6104.4, 6604.4)
INFO:root:Output region (552.36, 500.00) (3353.8, 3906.2) x (6574.4, 7074.4)
INFO:root:Output region (552.36, 500.00) (3353.8, 3906.2) x (7044.4, 7544.4)
INFO:root:Output region (552.36, 590.73) (3353.8, 3906.2) x (7514.4, 8105.2)
INFO:root:Left over size 427691 (427691, 30.00)
INFO:root:Read blocks of pixels: 96.47 x 6698.53
INFO:root:Read blocks of pixels: 153.56 x 6698.84
INFO:root:Read blocks of pixels: 205.14 x 6699.11
INFO:root:Read blocks of pixels: 258.53 x 6699.39
INFO:root:Read blocks of pixels: 318.10 x 6699.70
INFO:root:Read blocks of pixels: 373.47 x 6700.00
INFO:root:Read blocks of pixels: 431.93 x 6700.30
INFO:root:Read blocks of pixels: 487.20 x 6700.60
INFO:root:Read blocks of pixels: 541.15 x 6700.88
INFO:root:Output region (542.15, 501.00) (3875.2, 4417.4) x (1406.0, 1907.0)
INFO:root:Output region (542.15, 500.00) (3875.2, 4417.4) x (1877.0, 2377.0)
INFO:root:Output region (542.15, 500.00) (3875.2, 4417.4) x (2347.0, 2847.0)
INFO:root:Output region (542.15, 500.00) (3875.2, 4417.4) x (2817.0, 3317.0)
INFO:root:Output region (542.15, 500.00) (3875.2, 4417.4) x (3287.0, 3787.0)
INFO:root:Output region (542.15, 500.00) (3875.2, 4417.4) x (3757.0, 4257.0)
INFO:root:Output region (542.15, 500.00) (3875.2, 4417.4) x (4227.0, 4727.0)
INFO:root:Output region (542.15, 500.00) (3875.2, 4417.4) x (4697.0, 5197.0)
INFO:root:Output region (542.15, 500.00) (3875.2, 4417.4) x (5167.0, 5667.0)
INFO:root:Output region (542.15, 500.00) (3875.2, 4417.4) x (5637.0, 6137.0)
INFO:root:Output region (542.15, 500.00) (3875.2, 4417.4) x (6107.0, 6607.0)
INFO:root:Output region (542.15, 500.00) (3875.2, 4417.4) x (6577.0, 7077.0)
INFO:root:Output region (542.15, 500.00) (3875.2, 4417.4) x (7047.0, 7547.0)
INFO:root:Output region (542.15, 590.88) (3875.2, 4417.4) x (7517.0, 8107.9)
INFO:root:Left over size 527003 (527003, 30.00)
INFO:root:Read blocks of pixels: 88.03 x 6698.53
INFO:root:Read blocks of pixels: 148.77 x 6698.84
INFO:root:Read blocks of pixels: 204.31 x 6699.13
INFO:root:Read blocks of pixels: 256.66 x 6699.41
INFO:root:Read blocks of pixels: 321.30 x 6699.74
INFO:root:Read blocks of pixels: 379.99 x 6700.06
INFO:root:Read blocks of pixels: 435.78 x 6700.34
INFO:root:Read blocks of pixels: 488.80 x 6700.63
INFO:root:Read blocks of pixels: 544.09 x 6700.92
INFO:root:Output region (545.09, 501.00) (4386.4, 4931.4) x (1408.7, 1909.7)
INFO:root:Output region (545.09, 500.00) (4386.4, 4931.4) x (1879.7, 2379.7)
INFO:root:Output region (545.09, 500.00) (4386.4, 4931.4) x (2349.7, 2849.7)
INFO:root:Output region (545.09, 500.00) (4386.4, 4931.4) x (2819.7, 3319.7)
INFO:root:Output region (545.09, 500.00) (4386.4, 4931.4) x (3289.7, 3789.7)
INFO:root:Output region (545.09, 500.00) (4386.4, 4931.4) x (3759.7, 4259.7)
INFO:root:Output region (545.09, 500.00) (4386.4, 4931.4) x (4229.7, 4729.7)
INFO:root:Output region (545.09, 500.00) (4386.4, 4931.4) x (4699.7, 5199.7)
INFO:root:Output region (545.09, 500.00) (4386.4, 4931.4) x (5169.7, 5669.7)
INFO:root:Output region (545.09, 500.00) (4386.4, 4931.4) x (5639.7, 6139.7)
INFO:root:Output region (545.09, 500.00) (4386.4, 4931.4) x (6109.7, 6609.7)
INFO:root:Output region (545.09, 500.00) (4386.4, 4931.4) x (6579.7, 7079.7)
INFO:root:Output region (545.09, 500.00) (4386.4, 4931.4) x (7049.7, 7549.7)
INFO:root:Output region (545.09, 590.92) (4386.4, 4931.4) x (7519.7, 8110.6)
INFO:root:Left over size 566787 (566787, 30.00)
INFO:root:Read blocks of pixels: 87.12 x 6698.52
INFO:root:Read blocks of pixels: 143.57 x 6698.82
INFO:root:Read blocks of pixels: 200.93 x 6699.11
INFO:root:Read blocks of pixels: 257.27 x 6699.41
INFO:root:Read blocks of pixels: 308.66 x 6699.68
INFO:root:Read blocks of pixels: 356.93 x 6699.94
INFO:root:Read blocks of pixels: 401.92 x 6700.17
INFO:root:Read blocks of pixels: 441.88 x 6700.39
INFO:root:Read blocks of pixels: 484.25 x 6700.61
INFO:root:Read blocks of pixels: 524.10 x 6700.82
INFO:root:Output region (525.10, 501.00) (4900.4, 5425.5) x (1411.4, 1912.4)
INFO:root:Output region (525.10, 500.00) (4900.4, 5425.5) x (1882.4, 2382.4)
INFO:root:Output region (525.10, 500.00) (4900.4, 5425.5) x (2352.4, 2852.4)
INFO:root:Output region (525.10, 500.00) (4900.4, 5425.5) x (2822.4, 3322.4)
INFO:root:Output region (525.10, 500.00) (4900.4, 5425.5) x (3292.4, 3792.4)
INFO:root:Output region (525.10, 500.00) (4900.4, 5425.5) x (3762.4, 4262.4)
INFO:root:Output region (525.10, 500.00) (4900.4, 5425.5) x (4232.4, 4732.4)
INFO:root:Output region (525.10, 500.00) (4900.4, 5425.5) x (4702.4, 5202.4)
INFO:root:Output region (525.10, 500.00) (4900.4, 5425.5) x (5172.4, 5672.4)
INFO:root:Output region (525.10, 500.00) (4900.4, 5425.5) x (5642.4, 6142.4)
INFO:root:Output region (525.10, 500.00) (4900.4, 5425.5) x (6112.4, 6612.4)
INFO:root:Output region (525.10, 500.00) (4900.4, 5425.5) x (6582.4, 7082.4)
INFO:root:Output region (525.10, 500.00) (4900.4, 5425.5) x (7052.4, 7552.4)
INFO:root:Output region (525.10, 590.82) (4900.4, 5425.5) x (7522.4, 8113.2)
INFO:root:Left over size 752607 (752607, 30.00)
INFO:root:Read blocks of pixels: 74.16 x 6698.47
INFO:root:Read blocks of pixels: 119.83 x 6698.73
INFO:root:Read blocks of pixels: 166.55 x 6698.97
INFO:root:Read blocks of pixels: 211.02 x 6699.20
INFO:root:Read blocks of pixels: 254.18 x 6699.43
INFO:root:Read blocks of pixels: 303.87 x 6699.68
INFO:root:Read blocks of pixels: 351.11 x 6699.93
INFO:root:Read blocks of pixels: 402.74 x 6700.21
INFO:root:Read blocks of pixels: 451.71 x 6700.47
INFO:root:Read blocks of pixels: 499.57 x 6700.72
INFO:root:Read blocks of pixels: 541.77 x 6700.94
INFO:root:Output region (542.77, 501.00) (5394.6, 5937.3) x (1413.9, 1914.9)
INFO:root:Output region (542.77, 500.00) (5394.6, 5937.3) x (1884.9, 2384.9)
INFO:root:Output region (542.77, 500.00) (5394.6, 5937.3) x (2354.9, 2854.9)
INFO:root:Output region (542.77, 500.00) (5394.6, 5937.3) x (2824.9, 3324.9)
INFO:root:Output region (542.77, 500.00) (5394.6, 5937.3) x (3294.9, 3794.9)
INFO:root:Output region (542.77, 500.00) (5394.6, 5937.3) x (3764.9, 4264.9)
INFO:root:Output region (542.77, 500.00) (5394.6, 5937.3) x (4234.9, 4734.9)
INFO:root:Output region (542.77, 500.00) (5394.6, 5937.3) x (4704.9, 5204.9)
INFO:root:Output region (542.77, 500.00) (5394.6, 5937.3) x (5174.9, 5674.9)
INFO:root:Output region (542.77, 500.00) (5394.6, 5937.3) x (5644.9, 6144.9)
INFO:root:Output region (542.77, 500.00) (5394.6, 5937.3) x (6114.9, 6614.9)
INFO:root:Output region (542.77, 500.00) (5394.6, 5937.3) x (6584.9, 7084.9)
INFO:root:Output region (542.77, 500.00) (5394.6, 5937.3) x (7054.9, 7554.9)
INFO:root:Output region (542.77, 590.94) (5394.6, 5937.3) x (7524.9, 8115.9)
INFO:root:Left over size 681416 (681416, 30.00)
INFO:root:Read blocks of pixels: 77.93 x 6698.54
INFO:root:Read blocks of pixels: 124.91 x 6698.78
INFO:root:Read blocks of pixels: 169.96 x 6699.02
INFO:root:Read blocks of pixels: 214.96 x 6699.25
INFO:root:Read blocks of pixels: 258.95 x 6699.48
INFO:root:Read blocks of pixels: 303.16 x 6699.71
INFO:root:Read blocks of pixels: 347.45 x 6699.96
INFO:root:Read blocks of pixels: 395.12 x 6700.14
INFO:root:Read blocks of pixels: 446.61 x 6700.47
INFO:root:Read blocks of pixels: 496.13 x 6700.73
INFO:root:Read blocks of pixels: 544.44 x 6700.99
INFO:root:Output region (545.44, 501.00) (5906.3, 6451.8) x (1416.6, 1917.6)
INFO:root:Output region (545.44, 500.00) (5906.3, 6451.8) x (1887.6, 2387.6)
INFO:root:Output region (545.44, 500.00) (5906.3, 6451.8) x (2357.6, 2857.6)
INFO:root:Output region (545.44, 500.00) (5906.3, 6451.8) x (2827.6, 3327.6)
INFO:root:Output region (545.44, 500.00) (5906.3, 6451.8) x (3297.6, 3797.6)
INFO:root:Output region (545.44, 500.00) (5906.3, 6451.8) x (3767.6, 4267.6)
INFO:root:Output region (545.44, 500.00) (5906.3, 6451.8) x (4237.6, 4737.6)
INFO:root:Output region (545.44, 500.00) (5906.3, 6451.8) x (4707.6, 5207.6)
INFO:root:Output region (545.44, 500.00) (5906.3, 6451.8) x (5177.6, 5677.6)
INFO:root:Output region (545.44, 500.00) (5906.3, 6451.8) x (5647.6, 6147.6)
INFO:root:Output region (545.44, 500.00) (5906.3, 6451.8) x (6117.6, 6617.6)
INFO:root:Output region (545.44, 500.00) (5906.3, 6451.8) x (6587.6, 7087.6)
INFO:root:Output region (545.44, 500.00) (5906.3, 6451.8) x (7057.6, 7557.6)
INFO:root:Output region (545.44, 590.99) (5906.3, 6451.8) x (7527.6, 8118.6)
INFO:root:Left over size 614954 (614954, 30.00)
INFO:root:Read blocks of pixels: 75.39 x 6698.54
INFO:root:Read blocks of pixels: 121.62 x 6698.78
INFO:root:Read blocks of pixels: 167.29 x 6699.02
INFO:root:Read blocks of pixels: 206.71 x 6699.22
INFO:root:Read blocks of pixels: 251.49 x 6699.46
INFO:root:Read blocks of pixels: 291.84 x 6699.67
INFO:root:Read blocks of pixels: 342.07 x 6699.94
INFO:root:Read blocks of pixels: 388.45 x 6700.18
INFO:root:Read blocks of pixels: 434.73 x 6700.42
INFO:root:Read blocks of pixels: 485.35 x 6700.69
INFO:root:Read blocks of pixels: 534.45 x 6700.94
INFO:root:Output region (535.45, 501.00) (6420.8, 6956.2) x (1419.3, 1920.3)
INFO:root:Output region (535.45, 500.00) (6420.8, 6956.2) x (1890.3, 2390.3)
INFO:root:Output region (535.45, 500.00) (6420.8, 6956.2) x (2360.3, 2860.3)
INFO:root:Output region (535.45, 500.00) (6420.8, 6956.2) x (2830.3, 3330.3)
INFO:root:Output region (535.45, 500.00) (6420.8, 6956.2) x (3300.3, 3800.3)
INFO:root:Output region (535.45, 500.00) (6420.8, 6956.2) x (3770.3, 4270.3)
INFO:root:Output region (535.45, 500.00) (6420.8, 6956.2) x (4240.3, 4740.3)
INFO:root:Output region (535.45, 500.00) (6420.8, 6956.2) x (4710.3, 5210.3)
INFO:root:Output region (535.45, 500.00) (6420.8, 6956.2) x (5180.3, 5680.3)
INFO:root:Output region (535.45, 500.00) (6420.8, 6956.2) x (5650.3, 6150.3)
INFO:root:Output region (535.45, 500.00) (6420.8, 6956.2) x (6120.3, 6620.3)
INFO:root:Output region (535.45, 500.00) (6420.8, 6956.2) x (6590.3, 7090.3)
INFO:root:Output region (535.45, 500.00) (6420.8, 6956.2) x (7060.3, 7560.3)
INFO:root:Output region (535.45, 590.94) (6420.8, 6956.2) x (7530.3, 8121.2)
INFO:root:Left over size 646512 (646512, 30.00)
INFO:root:Read blocks of pixels: 88.15 x 6698.62
INFO:root:Read blocks of pixels: 148.98 x 6698.94
INFO:root:Read blocks of pixels: 216.05 x 6699.30
INFO:root:Read blocks of pixels: 274.17 x 6699.59
INFO:root:Read blocks of pixels: 336.54 x 6699.94
INFO:root:Read blocks of pixels: 402.64 x 6700.28
INFO:root:Read blocks of pixels: 458.62 x 6700.58
INFO:root:Read blocks of pixels: 521.94 x 6700.74
INFO:root:Output region (522.94, 501.00) (6925.2, 7448.2) x (1421.9, 1922.9)
INFO:root:Output region (522.94, 500.00) (6925.2, 7448.2) x (1892.9, 2392.9)
INFO:root:Output region (522.94, 500.00) (6925.2, 7448.2) x (2362.9, 2862.9)
INFO:root:Output region (522.94, 500.00) (6925.2, 7448.2) x (2832.9, 3332.9)
INFO:root:Output region (522.94, 500.00) (6925.2, 7448.2) x (3302.9, 3802.9)
INFO:root:Output region (522.94, 500.00) (6925.2, 7448.2) x (3772.9, 4272.9)
INFO:root:Output region (522.94, 500.00) (6925.2, 7448.2) x (4242.9, 4742.9)
INFO:root:Output region (522.94, 500.00) (6925.2, 7448.2) x (4712.9, 5212.9)
INFO:root:Output region (522.94, 500.00) (6925.2, 7448.2) x (5182.9, 5682.9)
INFO:root:Output region (522.94, 500.00) (6925.2, 7448.2) x (5652.9, 6152.9)
INFO:root:Output region (522.94, 500.00) (6925.2, 7448.2) x (6122.9, 6622.9)
INFO:root:Output region (522.94, 500.00) (6925.2, 7448.2) x (6592.9, 7092.9)
INFO:root:Output region (522.94, 500.00) (6925.2, 7448.2) x (7062.9, 7562.9)
INFO:root:Output region (522.94, 590.74) (6925.2, 7448.2) x (7532.9, 8123.6)
INFO:root:Left over size 489597 (489597, 30.00)
INFO:root:Read blocks of pixels: 92.39 x 6698.64
INFO:root:Read blocks of pixels: 153.78 x 6698.82
INFO:root:Read blocks of pixels: 223.71 x 6699.35
INFO:root:Read blocks of pixels: 289.34 x 6699.69
INFO:root:Read blocks of pixels: 358.88 x 6699.94
INFO:root:Read blocks of pixels: 433.59 x 6700.45
INFO:root:Read blocks of pixels: 499.61 x 6700.54
INFO:root:Read blocks of pixels: 563.75 x 6701.07
INFO:root:Output region (564.75, 501.00) (7417.2, 7981.9) x (1424.5, 1925.5)
INFO:root:Output region (564.75, 500.00) (7417.2, 7981.9) x (1895.5, 2395.5)
INFO:root:Output region (564.75, 500.00) (7417.2, 7981.9) x (2365.5, 2865.5)
INFO:root:Output region (564.75, 500.00) (7417.2, 7981.9) x (2835.5, 3335.5)
INFO:root:Output region (564.75, 500.00) (7417.2, 7981.9) x (3305.5, 3805.5)
INFO:root:Output region (564.75, 500.00) (7417.2, 7981.9) x (3775.5, 4275.5)
INFO:root:Output region (564.75, 500.00) (7417.2, 7981.9) x (4245.5, 4745.5)
INFO:root:Output region (564.75, 500.00) (7417.2, 7981.9) x (4715.5, 5215.5)
INFO:root:Output region (564.75, 500.00) (7417.2, 7981.9) x (5185.5, 5685.5)
INFO:root:Output region (564.75, 500.00) (7417.2, 7981.9) x (5655.5, 6155.5)
INFO:root:Output region (564.75, 500.00) (7417.2, 7981.9) x (6125.5, 6625.5)
INFO:root:Output region (564.75, 500.00) (7417.2, 7981.9) x (6595.5, 7095.5)
INFO:root:Output region (564.75, 500.00) (7417.2, 7981.9) x (7065.5, 7565.5)
INFO:root:Output region (564.75, 591.07) (7417.2, 7981.9) x (7535.5, 8126.5)
INFO:root:Left over size 466956 (466956, 30.00)
INFO:root:Read blocks of pixels: 81.99 x 6698.50
INFO:root:Read blocks of pixels: 132.11 x 6698.89
INFO:root:Read blocks of pixels: 194.78 x 6699.22
INFO:root:Read blocks of pixels: 259.55 x 6699.56
INFO:root:Read blocks of pixels: 313.35 x 6699.79
INFO:root:Read blocks of pixels: 371.73 x 6700.15
INFO:root:Read blocks of pixels: 424.72 x 6700.36
INFO:root:Read blocks of pixels: 479.64 x 6700.67
INFO:root:Read blocks of pixels: 541.59 x 6700.81
INFO:root:Output region (542.59, 501.00) (7950.9, 8493.5) x (1427.2, 1928.2)
INFO:root:Output region (542.59, 500.00) (7950.9, 8493.5) x (1898.2, 2398.2)
INFO:root:Output region (542.59, 500.00) (7950.9, 8493.5) x (2368.2, 2868.2)
INFO:root:Output region (542.59, 500.00) (7950.9, 8493.5) x (2838.2, 3338.2)
INFO:root:Output region (542.59, 500.00) (7950.9, 8493.5) x (3308.2, 3808.2)
INFO:root:Output region (542.59, 500.00) (7950.9, 8493.5) x (3778.2, 4278.2)
INFO:root:Output region (542.59, 500.00) (7950.9, 8493.5) x (4248.2, 4748.2)
INFO:root:Output region (542.59, 500.00) (7950.9, 8493.5) x (4718.2, 5218.2)
INFO:root:Output region (542.59, 500.00) (7950.9, 8493.5) x (5188.2, 5688.2)
INFO:root:Output region (542.59, 500.00) (7950.9, 8493.5) x (5658.2, 6158.2)
INFO:root:Output region (542.59, 500.00) (7950.9, 8493.5) x (6128.2, 6628.2)
INFO:root:Output region (542.59, 500.00) (7950.9, 8493.5) x (6598.2, 7098.2)
INFO:root:Output region (542.59, 500.00) (7950.9, 8493.5) x (7068.2, 7568.2)
INFO:root:Output region (542.59, 590.81) (7950.9, 8493.5) x (7538.2, 8129.1)
INFO:root:Left over size 434170 (434170, 30.00)
INFO:root:Read blocks of pixels: 88.93 x 6698.68
INFO:root:Read blocks of pixels: 146.13 x 6698.95
INFO:root:Read blocks of pixels: 196.77 x 6699.17
INFO:root:Read blocks of pixels: 255.83 x 6699.28
INFO:root:Read blocks of pixels: 315.64 x 6699.86
INFO:root:Read blocks of pixels: 379.27 x 6700.12
INFO:root:Read blocks of pixels: 445.25 x 6700.56
INFO:root:Read blocks of pixels: 505.02 x 6700.86
INFO:root:Output region (506.02, 501.00) (8462.5, 8968.5) x (1429.9, 1930.9)
INFO:root:Output region (506.02, 500.00) (8462.5, 8968.5) x (1900.9, 2400.9)
INFO:root:Output region (506.02, 500.00) (8462.5, 8968.5) x (2370.9, 2870.9)
INFO:root:Output region (506.02, 500.00) (8462.5, 8968.5) x (2840.9, 3340.9)
INFO:root:Output region (506.02, 500.00) (8462.5, 8968.5) x (3310.9, 3810.9)
INFO:root:Output region (506.02, 500.00) (8462.5, 8968.5) x (3780.9, 4280.9)
INFO:root:Output region (506.02, 500.00) (8462.5, 8968.5) x (4250.9, 4750.9)
INFO:root:Output region (506.02, 500.00) (8462.5, 8968.5) x (4720.9, 5220.9)
INFO:root:Output region (506.02, 500.00) (8462.5, 8968.5) x (5190.9, 5690.9)
INFO:root:Output region (506.02, 500.00) (8462.5, 8968.5) x (5660.9, 6160.9)
INFO:root:Output region (506.02, 500.00) (8462.5, 8968.5) x (6130.9, 6630.9)
INFO:root:Output region (506.02, 500.00) (8462.5, 8968.5) x (6600.9, 7100.9)
INFO:root:Output region (506.02, 500.00) (8462.5, 8968.5) x (7070.9, 7570.9)
INFO:root:Output region (506.02, 590.86) (8462.5, 8968.5) x (7540.9, 8131.8)
INFO:root:Left over size 428396 (428396, 30.00)
INFO:root:Read blocks of pixels: 96.62 x 6698.72
INFO:root:Read blocks of pixels: 161.01 x 6699.03
INFO:root:Read blocks of pixels: 216.71 x 6699.36
INFO:root:Read blocks of pixels: 274.61 x 6699.62
INFO:root:Read blocks of pixels: 336.66 x 6699.96
INFO:root:Read blocks of pixels: 403.67 x 6699.96
INFO:root:Read blocks of pixels: 484.40 x 6700.68
INFO:root:Read blocks of pixels: 575.54 x 6701.04
INFO:root:Output region (576.54, 501.00) (8937.5, 9514.1) x (1432.4, 1933.4)
INFO:root:Output region (576.54, 500.00) (8937.5, 9514.1) x (1903.4, 2403.4)
INFO:root:Output region (576.54, 500.00) (8937.5, 9514.1) x (2373.4, 2873.4)
INFO:root:Output region (576.54, 500.00) (8937.5, 9514.1) x (2843.4, 3343.4)
INFO:root:Output region (576.54, 500.00) (8937.5, 9514.1) x (3313.4, 3813.4)
INFO:root:Output region (576.54, 500.00) (8937.5, 9514.1) x (3783.4, 4283.4)
INFO:root:Output region (576.54, 500.00) (8937.5, 9514.1) x (4253.4, 4753.4)
INFO:root:Output region (576.54, 500.00) (8937.5, 9514.1) x (4723.4, 5223.4)
INFO:root:Output region (576.54, 500.00) (8937.5, 9514.1) x (5193.4, 5693.4)
INFO:root:Output region (576.54, 500.00) (8937.5, 9514.1) x (5663.4, 6163.4)
INFO:root:Output region (576.54, 500.00) (8937.5, 9514.1) x (6133.4, 6633.4)
INFO:root:Output region (576.54, 500.00) (8937.5, 9514.1) x (6603.4, 7103.4)
INFO:root:Output region (576.54, 500.00) (8937.5, 9514.1) x (7073.4, 7573.4)
INFO:root:Output region (576.54, 591.04) (8937.5, 9514.1) x (7543.4, 8134.4)
INFO:root:Left over size 386947 (386947, 30.00)
INFO:root:Read blocks of pixels: 116.88 x 6698.62
INFO:root:Read blocks of pixels: 225.32 x 6699.41
INFO:root:Read blocks of pixels: 307.79 x 6699.87
INFO:root:Read blocks of pixels: 425.40 x 6699.87
INFO:root:Read blocks of pixels: 571.12 x 6701.18
INFO:root:Output region (572.12, 501.00) (9483.1, 10055.2) x (1435.2, 1936.2)
INFO:root:Output region (572.12, 500.00) (9483.1, 10055.2) x (1906.2, 2406.2)
INFO:root:Output region (572.12, 500.00) (9483.1, 10055.2) x (2376.2, 2876.2)
INFO:root:Output region (572.12, 500.00) (9483.1, 10055.2) x (2846.2, 3346.2)
INFO:root:Output region (572.12, 500.00) (9483.1, 10055.2) x (3316.2, 3816.2)
INFO:root:Output region (572.12, 500.00) (9483.1, 10055.2) x (3786.2, 4286.2)
INFO:root:Output region (572.12, 500.00) (9483.1, 10055.2) x (4256.2, 4756.2)
INFO:root:Output region (572.12, 500.00) (9483.1, 10055.2) x (4726.2, 5226.2)
INFO:root:Output region (572.12, 500.00) (9483.1, 10055.2) x (5196.2, 5696.2)
INFO:root:Output region (572.12, 500.00) (9483.1, 10055.2) x (5666.2, 6166.2)
INFO:root:Output region (572.12, 500.00) (9483.1, 10055.2) x (6136.2, 6636.2)
INFO:root:Output region (572.12, 500.00) (9483.1, 10055.2) x (6606.2, 7106.2)
INFO:root:Output region (572.12, 500.00) (9483.1, 10055.2) x (7076.2, 7576.2)
INFO:root:Output region (572.12, 591.18) (9483.1, 10055.2) x (7546.2, 8137.4)
INFO:root:Left over size 165458 (165458, 30.00)
INFO:root:Read blocks of pixels: 62.30 x 6698.36
INFO:root:Read blocks of pixels: 62.30 x 6698.36
INFO:root:Output region (63.30, 501.00) (10024.2, 10087.5) x (1438.1, 1939.1)
INFO:root:Output region (63.30, 500.00) (10024.2, 10087.5) x (1909.1, 2409.1)
INFO:root:Output region (63.30, 500.00) (10024.2, 10087.5) x (2379.1, 2879.1)
INFO:root:Output region (63.30, 500.00) (10024.2, 10087.5) x (2849.1, 3349.1)
INFO:root:Output region (63.30, 500.00) (10024.2, 10087.5) x (3319.1, 3819.1)
INFO:root:Output region (63.30, 500.00) (10024.2, 10087.5) x (3789.1, 4289.1)
INFO:root:Output region (63.30, 500.00) (10024.2, 10087.5) x (4259.1, 4759.1)
INFO:root:Output region (63.30, 500.00) (10024.2, 10087.5) x (4729.1, 5229.1)
INFO:root:Output region (63.30, 500.00) (10024.2, 10087.5) x (5199.1, 5699.1)
INFO:root:Output region (63.30, 500.00) (10024.2, 10087.5) x (5669.1, 6169.1)
INFO:root:Output region (63.30, 500.00) (10024.2, 10087.5) x (6139.1, 6639.1)
INFO:root:Output region (63.30, 500.00) (10024.2, 10087.5) x (6609.1, 7109.1)
INFO:root:Output region (63.30, 500.00) (10024.2, 10087.5) x (7079.1, 7579.1)
INFO:root:Output region (63.30, 588.36) (10024.2, 10087.5) x (7549.1, 8137.4)
['X', 'random_index', 'Y', 'gene', 'Count']
gzip -f /dcs05/lieber/marmaypag/xenium_NAC_LIBD4125/xenium_NAC/processed-data/HD_Full_Analysis/FICTURE/outputs/H1-XKYDCP3_A1/nF_8/batched.matrix.tsv
--------------------------------------------------------------
Creating DGE for 12um...
--------------------------------------------------------------
ficture make_dge --key Count --input /dcs05/lieber/marmaypag/xenium_NAC_LIBD4125/xenium_NAC/processed-data/HD_Full_Analysis/FICTURE/inputs/H1-XKYDCP3_A1/transcripts.sorted.tsv.gz --output /dcs05/lieber/marmaypag/xenium_NAC_LIBD4125/xenium_NAC/processed-data/HD_Full_Analysis/FICTURE/outputs/H1-XKYDCP3_A1/nF_8/hexagon.d_12.tsv --hex_width 12 --n_move 2 --min_ct_per_unit 50 --mu_scale 1.0 --precision 2 --major_axis X --fractional-count 0
INFO:root:Random seed 1772830827.417949
WARNING:root:The designated major key is not one of the specified count columns, --count_header is ignored
INFO:root:Processing 110813 pixels (1000000 3354.848, 3442.102).
INFO:root:Sliding offset 0, 0. Add 3475 units, median count 165.0, 3475 units so far.
INFO:root:Sliding offset 0, 1. Add 3476 units, median count 166.0, 6951 units so far.
INFO:root:Sliding offset 1, 0. Add 3484 units, median count 165.0, 10435 units so far.
INFO:root:Sliding offset 1, 1. Add 3486 units, median count 166.0, 13921 units so far.
INFO:root:Left over size 371158 (3418, 3442).
INFO:root:Processing 129269 pixels (1371158 3418.104, 3499.627).
INFO:root:Sliding offset 0, 0. Add 2952 units, median count 199.0, 16873 units so far.
INFO:root:Sliding offset 0, 1. Add 2847 units, median count 197.0, 19720 units so far.
INFO:root:Sliding offset 1, 0. Add 2947 units, median count 198.0, 22667 units so far.
INFO:root:Sliding offset 1, 1. Add 2849 units, median count 196.0, 25516 units so far.
INFO:root:Left over size 439826 (3476, 3500).
INFO:root:Processing 143851 pixels (1439826 3475.628, 3566.595).
INFO:root:Sliding offset 0, 0. Add 3329 units, median count 200.0, 28845 units so far.
INFO:root:Sliding offset 0, 1. Add 3280 units, median count 199.0, 32125 units so far.
INFO:root:Sliding offset 1, 0. Add 3330 units, median count 198.0, 35455 units so far.
INFO:root:Sliding offset 1, 1. Add 3271 units, median count 202.0, 38726 units so far.
INFO:root:Left over size 329912 (3543, 3567).
INFO:root:Processing 142120 pixels (1329912 3542.596, 3632.54).
INFO:root:Sliding offset 0, 0. Add 3332 units, median count 190.0, 42058 units so far.
INFO:root:Sliding offset 0, 1. Add 3311 units, median count 190.0, 45369 units so far.
INFO:root:Sliding offset 1, 0. Add 3315 units, median count 190.0, 48684 units so far.
INFO:root:Sliding offset 1, 1. Add 3314 units, median count 191.0, 51998 units so far.
INFO:root:Left over size 372705 (3609, 3633).
INFO:root:Processing 142298 pixels (1372705 3608.542, 3698.01).
INFO:root:Sliding offset 0, 0. Add 3339 units, median count 198.0, 55337 units so far.
INFO:root:Sliding offset 0, 1. Add 3335 units, median count 198.0, 58672 units so far.
INFO:root:Sliding offset 1, 0. Add 3344 units, median count 199.0, 62016 units so far.
INFO:root:Sliding offset 1, 1. Add 3343 units, median count 197.0, 65359 units so far.
INFO:root:Left over size 370389 (3674, 3698).
INFO:root:Processing 155456 pixels (1370389 3674.011, 3772.183).
INFO:root:Sliding offset 0, 0. Add 3622 units, median count 182.0, 68981 units so far.
INFO:root:Sliding offset 0, 1. Add 3783 units, median count 184.0, 72764 units so far.
INFO:root:Sliding offset 1, 0. Add 3628 units, median count 182.0, 76392 units so far.
INFO:root:Sliding offset 1, 1. Add 3778 units, median count 185.0, 80170 units so far.
INFO:root:Left over size 323094 (3748, 3772).
INFO:root:Processing 142636 pixels (1323094 3748.184, 3837.072).
INFO:root:Sliding offset 0, 0. Add 3393 units, median count 191.0, 83563 units so far.
INFO:root:Sliding offset 0, 1. Add 3239 units, median count 190.0, 86802 units so far.
INFO:root:Sliding offset 1, 0. Add 3397 units, median count 191.0, 90199 units so far.
INFO:root:Sliding offset 1, 1. Add 3241 units, median count 190.0, 93440 units so far.
INFO:root:Left over size 378270 (3813, 3837).
INFO:root:Processing 150422 pixels (1378270 3813.074, 3906.207).
INFO:root:Sliding offset 0, 0. Add 3455 units, median count 194.0, 96895 units so far.
INFO:root:Sliding offset 0, 1. Add 3683 units, median count 194.0, 100578 units so far.
INFO:root:Sliding offset 1, 0. Add 3450 units, median count 193.0, 104028 units so far.
INFO:root:Sliding offset 1, 1. Add 3682 units, median count 194.0, 107710 units so far.
INFO:root:Left over size 345465 (3882, 3906).
INFO:root:Processing 145921 pixels (1345465 3882.208, 3972.679).
INFO:root:Sliding offset 0, 0. Add 3445 units, median count 202.0, 111155 units so far.
INFO:root:Sliding offset 0, 1. Add 3380 units, median count 201.0, 114535 units so far.
INFO:root:Sliding offset 1, 0. Add 3445 units, median count 201.0, 117980 units so far.
INFO:root:Sliding offset 1, 1. Add 3374 units, median count 201.0, 121354 units so far.
INFO:root:Left over size 345419 (3949, 3973).
INFO:root:Processing 131256 pixels (1345419 3948.68, 4029.77).
INFO:root:Sliding offset 0, 0. Add 2967 units, median count 217.5, 124321 units so far.
INFO:root:Sliding offset 0, 1. Add 2895 units, median count 222.0, 127216 units so far.
INFO:root:Sliding offset 1, 0. Add 2983 units, median count 217.0, 130199 units so far.
INFO:root:Sliding offset 1, 1. Add 2896 units, median count 220.0, 133095 units so far.
INFO:root:Left over size 445066 (4006, 4030).
INFO:root:Processing 123020 pixels (1445066 4005.771, 4081.348).
INFO:root:Sliding offset 0, 0. Add 2695 units, median count 236.0, 135790 units so far.
INFO:root:Sliding offset 0, 1. Add 2672 units, median count 234.0, 138462 units so far.
INFO:root:Sliding offset 1, 0. Add 2696 units, median count 239.0, 141158 units so far.
INFO:root:Sliding offset 1, 1. Add 2665 units, median count 234.5, 143823 units so far.
INFO:root:Left over size 456513 (4057, 4081).
INFO:root:Processing 126772 pixels (1456513 4057.349, 4134.735).
INFO:root:Sliding offset 0, 0. Add 2774 units, median count 216.0, 146597 units so far.
INFO:root:Sliding offset 0, 1. Add 2864 units, median count 216.0, 149461 units so far.
INFO:root:Sliding offset 1, 0. Add 2765 units, median count 215.0, 152226 units so far.
INFO:root:Sliding offset 1, 1. Add 2874 units, median count 215.0, 155100 units so far.
INFO:root:Left over size 412402 (4111, 4135).
INFO:root:Processing 136310 pixels (1412402 4110.736, 4194.312).
INFO:root:Sliding offset 0, 0. Add 3102 units, median count 200.0, 158202 units so far.
INFO:root:Sliding offset 0, 1. Add 3171 units, median count 200.0, 161373 units so far.
INFO:root:Sliding offset 1, 0. Add 3104 units, median count 200.0, 164477 units so far.
INFO:root:Sliding offset 1, 1. Add 3167 units, median count 199.0, 167644 units so far.
INFO:root:Left over size 399498 (4170, 4194).
INFO:root:Processing 129524 pixels (1399498 4170.313, 4249.679).
INFO:root:Sliding offset 0, 0. Add 3056 units, median count 217.5, 170700 units so far.
INFO:root:Sliding offset 0, 1. Add 2848 units, median count 216.0, 173548 units so far.
INFO:root:Sliding offset 1, 0. Add 3055 units, median count 217.0, 176603 units so far.
INFO:root:Sliding offset 1, 1. Add 2847 units, median count 218.0, 179450 units so far.
INFO:root:Left over size 441572 (4226, 4250).
INFO:root:Processing 134328 pixels (1441572 4225.68, 4308.135).
INFO:root:Sliding offset 0, 0. Add 2904 units, median count 219.0, 182354 units so far.
INFO:root:Sliding offset 0, 1. Add 3138 units, median count 219.0, 185492 units so far.
INFO:root:Sliding offset 1, 0. Add 2904 units, median count 217.0, 188396 units so far.
INFO:root:Sliding offset 1, 1. Add 3139 units, median count 218.0, 191535 units so far.
INFO:root:Left over size 433330 (4284, 4308).
INFO:root:Processing 129532 pixels (1433330 4284.136, 4363.408).
INFO:root:Sliding offset 0, 0. Add 3041 units, median count 229.0, 194576 units so far.
INFO:root:Sliding offset 0, 1. Add 2850 units, median count 226.0, 197426 units so far.
INFO:root:Sliding offset 1, 0. Add 3045 units, median count 229.0, 200471 units so far.
INFO:root:Sliding offset 1, 1. Add 2839 units, median count 229.0, 203310 units so far.
INFO:root:Left over size 432153 (4339, 4363).
INFO:root:Processing 127873 pixels (1432153 4339.409, 4417.355).
INFO:root:Sliding offset 0, 0. Add 2830 units, median count 225.0, 206140 units so far.
INFO:root:Sliding offset 0, 1. Add 2849 units, median count 223.0, 208989 units so far.
INFO:root:Sliding offset 1, 0. Add 2837 units, median count 224.0, 211826 units so far.
INFO:root:Sliding offset 1, 1. Add 2847 units, median count 222.0, 214673 units so far.
INFO:root:Left over size 416633 (4393, 4417).
INFO:root:Processing 134511 pixels (1416633 4393.356, 4475.39).
INFO:root:Sliding offset 0, 0. Add 2969 units, median count 207.0, 217642 units so far.
INFO:root:Sliding offset 0, 1. Add 3184 units, median count 207.0, 220826 units so far.
INFO:root:Sliding offset 1, 0. Add 2965 units, median count 207.0, 223791 units so far.
INFO:root:Sliding offset 1, 1. Add 3184 units, median count 207.0, 226975 units so far.
INFO:root:Left over size 373025 (4451, 4475).
INFO:root:Processing 139261 pixels (1373025 4451.392, 4536.13).
INFO:root:Sliding offset 0, 0. Add 3216 units, median count 214.0, 230191 units so far.
INFO:root:Sliding offset 0, 1. Add 3193 units, median count 212.0, 233384 units so far.
INFO:root:Sliding offset 1, 0. Add 3214 units, median count 214.0, 236598 units so far.
INFO:root:Sliding offset 1, 1. Add 3195 units, median count 211.0, 239793 units so far.
INFO:root:Left over size 418614 (4512, 4536).
INFO:root:Processing 130967 pixels (1418614 4512.131, 4591.661).
INFO:root:Sliding offset 0, 0. Add 3116 units, median count 222.0, 242909 units so far.
INFO:root:Sliding offset 0, 1. Add 2876 units, median count 219.0, 245785 units so far.
INFO:root:Sliding offset 1, 0. Add 3120 units, median count 221.0, 248905 units so far.
INFO:root:Sliding offset 1, 1. Add 2879 units, median count 218.0, 251784 units so far.
INFO:root:Left over size 441728 (4568, 4592).
INFO:root:Processing 125310 pixels (1441728 4567.662, 4644.011).
INFO:root:Sliding offset 0, 0. Add 2586 units, median count 230.0, 254370 units so far.
INFO:root:Sliding offset 0, 1. Add 2836 units, median count 229.0, 257206 units so far.
INFO:root:Sliding offset 1, 0. Add 2581 units, median count 230.0, 259787 units so far.
INFO:root:Sliding offset 1, 1. Add 2840 units, median count 229.0, 262627 units so far.
INFO:root:Left over size 451608 (4620, 4644).
INFO:root:Processing 143693 pixels (1451608 4620.012, 4708.656).
INFO:root:Sliding offset 0, 0. Add 3383 units, median count 220.0, 266010 units so far.
INFO:root:Sliding offset 0, 1. Add 3313 units, median count 220.0, 269323 units so far.
INFO:root:Sliding offset 1, 0. Add 3386 units, median count 219.0, 272709 units so far.
INFO:root:Sliding offset 1, 1. Add 3319 units, median count 219.0, 276028 units so far.
INFO:root:Left over size 336001 (4685, 4709).
INFO:root:Processing 131537 pixels (1336001 4684.657, 4767.344).
INFO:root:Sliding offset 0, 0. Add 2883 units, median count 226.0, 278911 units so far.
INFO:root:Sliding offset 0, 1. Add 2722 units, median count 225.5, 281633 units so far.
INFO:root:Sliding offset 1, 0. Add 2892 units, median count 225.0, 284525 units so far.
INFO:root:Sliding offset 1, 1. Add 2719 units, median count 227.0, 287244 units so far.
INFO:root:Left over size 408034 (4743, 4767).
INFO:root:Processing 126690 pixels (1408034 4743.345, 4823.138).
INFO:root:Sliding offset 0, 0. Add 2597 units, median count 240.5, 289841 units so far.
INFO:root:Sliding offset 0, 1. Add 2816 units, median count 244.0, 292657 units so far.
INFO:root:Sliding offset 1, 0. Add 2602 units, median count 240.0, 295259 units so far.
INFO:root:Sliding offset 1, 1. Add 2813 units, median count 243.5, 298072 units so far.
INFO:root:Left over size 441148 (4799, 4823).
INFO:root:Processing 121991 pixels (1441148 4799.139, 4876.16).
INFO:root:Sliding offset 0, 0. Add 2594 units, median count 240.0, 300666 units so far.
INFO:root:Sliding offset 0, 1. Add 2483 units, median count 239.0, 303149 units so far.
INFO:root:Sliding offset 1, 0. Add 2604 units, median count 238.0, 305753 units so far.
INFO:root:Sliding offset 1, 1. Add 2491 units, median count 240.0, 308244 units so far.
INFO:root:Left over size 436691 (4852, 4876).
INFO:root:Processing 126689 pixels (1436691 4852.161, 4931.446).
INFO:root:Sliding offset 0, 0. Add 2720 units, median count 224.0, 310964 units so far.
INFO:root:Sliding offset 0, 1. Add 2842 units, median count 223.0, 313806 units so far.
INFO:root:Sliding offset 1, 0. Add 2713 units, median count 227.0, 316519 units so far.
INFO:root:Sliding offset 1, 1. Add 2836 units, median count 224.0, 319355 units so far.
INFO:root:Left over size 459226 (4907, 4931).
INFO:root:Processing 130473 pixels (1459226 4907.447, 4988.569).
INFO:root:Sliding offset 0, 0. Add 3066 units, median count 219.0, 322421 units so far.
INFO:root:Sliding offset 0, 1. Add 2775 units, median count 217.0, 325196 units so far.
INFO:root:Sliding offset 1, 0. Add 3059 units, median count 218.0, 328255 units so far.
INFO:root:Sliding offset 1, 1. Add 2780 units, median count 218.5, 331035 units so far.
INFO:root:Left over size 400715 (4965, 4989).
INFO:root:Processing 129553 pixels (1400715 4964.57, 5045.017).
INFO:root:Sliding offset 0, 0. Add 2798 units, median count 219.0, 333833 units so far.
INFO:root:Sliding offset 0, 1. Add 3084 units, median count 221.0, 336917 units so far.
INFO:root:Sliding offset 1, 0. Add 2789 units, median count 216.0, 339706 units so far.
INFO:root:Sliding offset 1, 1. Add 3086 units, median count 221.0, 342792 units so far.
INFO:root:Left over size 452664 (5021, 5045).
INFO:root:Processing 131240 pixels (1452664 5021.018, 5102.373).
INFO:root:Sliding offset 0, 0. Add 3107 units, median count 213.0, 345899 units so far.
INFO:root:Sliding offset 0, 1. Add 2805 units, median count 214.0, 348704 units so far.
INFO:root:Sliding offset 1, 0. Add 3106 units, median count 214.0, 351810 units so far.
INFO:root:Sliding offset 1, 1. Add 2798 units, median count 214.5, 354608 units so far.
INFO:root:Left over size 417247 (5078, 5102).
INFO:root:Processing 130386 pixels (1417247 5078.374, 5158.718).
INFO:root:Sliding offset 0, 0. Add 2825 units, median count 226.0, 357433 units so far.
INFO:root:Sliding offset 0, 1. Add 3090 units, median count 231.0, 360523 units so far.
INFO:root:Sliding offset 1, 0. Add 2825 units, median count 226.0, 363348 units so far.
INFO:root:Sliding offset 1, 1. Add 3091 units, median count 229.0, 366439 units so far.
INFO:root:Left over size 409087 (5135, 5159).
INFO:root:Processing 123244 pixels (1409087 5134.719, 5210.11).
INFO:root:Sliding offset 0, 0. Add 2846 units, median count 237.0, 369285 units so far.
INFO:root:Sliding offset 0, 1. Add 2579 units, median count 236.0, 371864 units so far.
INFO:root:Sliding offset 1, 0. Add 2848 units, median count 239.0, 374712 units so far.
INFO:root:Sliding offset 1, 1. Add 2577 units, median count 234.0, 377289 units so far.
INFO:root:Left over size 455084 (5186, 5210).
INFO:root:Processing 118448 pixels (1455084 5186.111, 5258.376).
INFO:root:Sliding offset 0, 0. Add 2522 units, median count 234.0, 379811 units so far.
INFO:root:Sliding offset 0, 1. Add 2519 units, median count 234.0, 382330 units so far.
INFO:root:Sliding offset 1, 0. Add 2520 units, median count 233.0, 384850 units so far.
INFO:root:Sliding offset 1, 1. Add 2522 units, median count 236.5, 387372 units so far.
INFO:root:Left over size 513678 (5234, 5258).
INFO:root:Processing 113194 pixels (1513678 5234.377, 5303.367).
INFO:root:Sliding offset 0, 0. Add 2202 units, median count 249.0, 389574 units so far.
INFO:root:Sliding offset 0, 1. Add 2516 units, median count 247.0, 392090 units so far.
INFO:root:Sliding offset 1, 0. Add 2206 units, median count 246.0, 394296 units so far.
INFO:root:Sliding offset 1, 1. Add 2516 units, median count 250.0, 396812 units so far.
INFO:root:Left over size 563364 (5279, 5303).
INFO:root:Processing 105049 pixels (1563364 5279.368, 5343.329).
INFO:root:Sliding offset 0, 0. Add 2196 units, median count 266.0, 399008 units so far.
INFO:root:Sliding offset 0, 1. Add 1940 units, median count 270.5, 400948 units so far.
INFO:root:Sliding offset 1, 0. Add 2196 units, median count 269.0, 403144 units so far.
INFO:root:Sliding offset 1, 1. Add 1938 units, median count 268.0, 405082 units so far.
INFO:root:Left over size 608567 (5319, 5343).
INFO:root:Processing 109312 pixels (1608567 5319.33, 5385.694).
INFO:root:Sliding offset 0, 0. Add 2215 units, median count 270.0, 407297 units so far.
INFO:root:Sliding offset 0, 1. Add 2269 units, median count 276.0, 409566 units so far.
INFO:root:Sliding offset 1, 0. Add 2212 units, median count 271.0, 411778 units so far.
INFO:root:Sliding offset 1, 1. Add 2265 units, median count 274.0, 414043 units so far.
INFO:root:Left over size 571964 (5362, 5386).
INFO:root:Processing 105485 pixels (1571964 5361.695, 5425.549).
INFO:root:Sliding offset 0, 0. Add 2166 units, median count 278.0, 416209 units so far.
INFO:root:Sliding offset 0, 1. Add 2117 units, median count 280.0, 418326 units so far.
INFO:root:Sliding offset 1, 0. Add 2163 units, median count 280.0, 420489 units so far.
INFO:root:Sliding offset 1, 1. Add 2116 units, median count 280.0, 422605 units so far.
INFO:root:Left over size 605220 (5402, 5426).
INFO:root:Processing 112206 pixels (1605220 5401.55, 5469.709).
INFO:root:Sliding offset 0, 0. Add 2278 units, median count 275.0, 424883 units so far.
INFO:root:Sliding offset 0, 1. Add 2324 units, median count 281.5, 427207 units so far.
INFO:root:Sliding offset 1, 0. Add 2276 units, median count 276.0, 429483 units so far.
INFO:root:Sliding offset 1, 1. Add 2323 units, median count 282.0, 431806 units so far.
INFO:root:Left over size 516066 (5446, 5470).
INFO:root:Processing 114528 pixels (1516066 5445.71, 5515.383).
INFO:root:Sliding offset 0, 0. Add 2432 units, median count 258.5, 434238 units so far.
INFO:root:Sliding offset 0, 1. Add 2415 units, median count 257.0, 436653 units so far.
INFO:root:Sliding offset 1, 0. Add 2432 units, median count 260.0, 439085 units so far.
INFO:root:Sliding offset 1, 1. Add 2409 units, median count 257.0, 441494 units so far.
INFO:root:Left over size 522013 (5491, 5515).
INFO:root:Processing 116839 pixels (1522013 5491.384, 5562.104).
INFO:root:Sliding offset 0, 0. Add 2342 units, median count 266.0, 443836 units so far.
INFO:root:Sliding offset 0, 1. Add 2547 units, median count 267.0, 446383 units so far.
INFO:root:Sliding offset 1, 0. Add 2346 units, median count 267.0, 448729 units so far.
INFO:root:Sliding offset 1, 1. Add 2550 units, median count 266.0, 451279 units so far.
INFO:root:Left over size 508497 (5538, 5562).
INFO:root:Processing 112890 pixels (1508497 5538.105, 5606.567).
INFO:root:Sliding offset 0, 0. Add 2512 units, median count 269.0, 453791 units so far.
INFO:root:Sliding offset 0, 1. Add 2221 units, median count 267.0, 456012 units so far.
INFO:root:Sliding offset 1, 0. Add 2513 units, median count 267.0, 458525 units so far.
INFO:root:Sliding offset 1, 1. Add 2219 units, median count 266.0, 460744 units so far.
INFO:root:Left over size 537111 (5583, 5607).
INFO:root:Processing 109961 pixels (1537111 5582.568, 5649.73).
INFO:root:Sliding offset 0, 0. Add 2183 units, median count 265.0, 462927 units so far.
INFO:root:Sliding offset 0, 1. Add 2297 units, median count 272.0, 465224 units so far.
INFO:root:Sliding offset 1, 0. Add 2181 units, median count 265.0, 467405 units so far.
INFO:root:Sliding offset 1, 1. Add 2299 units, median count 273.5, 469704 units so far.
INFO:root:Left over size 572040 (5626, 5650).
INFO:root:Processing 120290 pixels (1572040 5625.731, 5699.424).
INFO:root:Sliding offset 0, 0. Add 2491 units, median count 258.0, 472195 units so far.
INFO:root:Sliding offset 0, 1. Add 2682 units, median count 260.0, 474877 units so far.
INFO:root:Sliding offset 1, 0. Add 2493 units, median count 258.0, 477370 units so far.
INFO:root:Sliding offset 1, 1. Add 2682 units, median count 260.0, 480052 units so far.
INFO:root:Left over size 462700 (5675, 5699).
INFO:root:Processing 116599 pixels (1462700 5675.425, 5746.659).
INFO:root:Sliding offset 0, 0. Add 2516 units, median count 247.0, 482568 units so far.
INFO:root:Sliding offset 0, 1. Add 2469 units, median count 245.0, 485037 units so far.
INFO:root:Sliding offset 1, 0. Add 2517 units, median count 247.0, 487554 units so far.
INFO:root:Sliding offset 1, 1. Add 2463 units, median count 245.5, 490017 units so far.
INFO:root:Left over size 515644 (5723, 5747).
INFO:root:Processing 124459 pixels (1515644 5722.66, 5798.287).
INFO:root:Sliding offset 0, 0. Add 2867 units, median count 247.0, 492884 units so far.
INFO:root:Sliding offset 0, 1. Add 2606 units, median count 247.0, 495490 units so far.
INFO:root:Sliding offset 1, 0. Add 2871 units, median count 249.0, 498361 units so far.
INFO:root:Sliding offset 1, 1. Add 2616 units, median count 247.0, 500977 units so far.
INFO:root:Left over size 453061 (5774, 5798).
INFO:root:Processing 119555 pixels (1453061 5774.288, 5847.257).
INFO:root:Sliding offset 0, 0. Add 2522 units, median count 244.0, 503499 units so far.
INFO:root:Sliding offset 0, 1. Add 2559 units, median count 249.0, 506058 units so far.
INFO:root:Sliding offset 1, 0. Add 2519 units, median count 246.0, 508577 units so far.
INFO:root:Sliding offset 1, 1. Add 2554 units, median count 248.0, 511131 units so far.
INFO:root:Left over size 477981 (5823, 5847).
INFO:root:Processing 117577 pixels (1477981 5823.258, 5895.117).
INFO:root:Sliding offset 0, 0. Add 2505 units, median count 251.0, 513636 units so far.
INFO:root:Sliding offset 0, 1. Add 2491 units, median count 255.0, 516127 units so far.
INFO:root:Sliding offset 1, 0. Add 2511 units, median count 253.0, 518638 units so far.
INFO:root:Sliding offset 1, 1. Add 2487 units, median count 256.0, 521125 units so far.
INFO:root:Left over size 515931 (5871, 5895).
INFO:root:Processing 108551 pixels (1515931 5871.118, 5937.318).
INFO:root:Sliding offset 0, 0. Add 2191 units, median count 277.0, 523316 units so far.
INFO:root:Sliding offset 0, 1. Add 2227 units, median count 281.0, 525543 units so far.
INFO:root:Sliding offset 1, 0. Add 2189 units, median count 279.0, 527732 units so far.
INFO:root:Sliding offset 1, 1. Add 2226 units, median count 281.0, 529958 units so far.
INFO:root:Left over size 525677 (5913, 5937).
INFO:root:Processing 117996 pixels (1525677 5913.319, 5985.251).
INFO:root:Sliding offset 0, 0. Add 2527 units, median count 270.0, 532485 units so far.
INFO:root:Sliding offset 0, 1. Add 2512 units, median count 276.0, 534997 units so far.
INFO:root:Sliding offset 1, 0. Add 2528 units, median count 272.0, 537525 units so far.
INFO:root:Sliding offset 1, 1. Add 2509 units, median count 276.0, 540034 units so far.
INFO:root:Left over size 512103 (5961, 5985).
INFO:root:Processing 116516 pixels (1512103 5961.252, 6032.231).
INFO:root:Sliding offset 0, 0. Add 2524 units, median count 265.0, 542558 units so far.
INFO:root:Sliding offset 0, 1. Add 2475 units, median count 269.0, 545033 units so far.
INFO:root:Sliding offset 1, 0. Add 2529 units, median count 266.0, 547562 units so far.
INFO:root:Sliding offset 1, 1. Add 2483 units, median count 270.0, 550045 units so far.
INFO:root:Left over size 518846 (6008, 6032).
INFO:root:Processing 113487 pixels (1518846 6008.232, 6077.278).
INFO:root:Sliding offset 0, 0. Add 2220 units, median count 257.0, 552265 units so far.
INFO:root:Sliding offset 0, 1. Add 2526 units, median count 263.0, 554791 units so far.
INFO:root:Sliding offset 1, 0. Add 2214 units, median count 257.0, 557005 units so far.
INFO:root:Sliding offset 1, 1. Add 2524 units, median count 264.0, 559529 units so far.
INFO:root:Left over size 534224 (6053, 6077).
INFO:root:Processing 112912 pixels (1534224 6053.279, 6122.281).
INFO:root:Sliding offset 0, 0. Add 2504 units, median count 275.0, 562033 units so far.
INFO:root:Sliding offset 0, 1. Add 2199 units, median count 271.0, 564232 units so far.
INFO:root:Sliding offset 1, 0. Add 2500 units, median count 275.0, 566732 units so far.
INFO:root:Sliding offset 1, 1. Add 2200 units, median count 271.0, 568932 units so far.
INFO:root:Left over size 520455 (6098, 6122).
INFO:root:Processing 110578 pixels (1520455 6098.282, 6166.273).
INFO:root:Sliding offset 0, 0. Add 2169 units, median count 273.5, 571101 units so far.
INFO:root:Sliding offset 0, 1. Add 2363 units, median count 281.0, 573464 units so far.
INFO:root:Sliding offset 1, 0. Add 2167 units, median count 270.0, 575631 units so far.
INFO:root:Sliding offset 1, 1. Add 2363 units, median count 281.0, 577994 units so far.
INFO:root:Left over size 515122 (6142, 6166).
INFO:root:Processing 110547 pixels (1515122 6142.274, 6210.479).
INFO:root:Sliding offset 0, 0. Add 2232 units, median count 277.0, 580226 units so far.
INFO:root:Sliding offset 0, 1. Add 2257 units, median count 276.0, 582483 units so far.
INFO:root:Sliding offset 1, 0. Add 2224 units, median count 278.0, 584707 units so far.
INFO:root:Sliding offset 1, 1. Add 2262 units, median count 274.0, 586969 units so far.
INFO:root:Left over size 580375 (6186, 6210).
INFO:root:Processing 111514 pixels (1580375 6186.48, 6254.765).
INFO:root:Sliding offset 0, 0. Add 2425 units, median count 270.0, 589394 units so far.
INFO:root:Sliding offset 0, 1. Add 2201 units, median count 272.0, 591595 units so far.
INFO:root:Sliding offset 1, 0. Add 2436 units, median count 267.0, 594031 units so far.
INFO:root:Sliding offset 1, 1. Add 2197 units, median count 271.0, 596228 units so far.
INFO:root:Left over size 505354 (6231, 6255).
INFO:root:Processing 117376 pixels (1505354 6230.766, 6302.435).
INFO:root:Sliding offset 0, 0. Add 2508 units, median count 262.0, 598736 units so far.
INFO:root:Sliding offset 0, 1. Add 2514 units, median count 265.0, 601250 units so far.
INFO:root:Sliding offset 1, 0. Add 2512 units, median count 259.0, 603762 units so far.
INFO:root:Sliding offset 1, 1. Add 2513 units, median count 265.0, 606275 units so far.
INFO:root:Left over size 481675 (6278, 6302).
INFO:root:Processing 122894 pixels (1481675 6278.436, 6353.926).
INFO:root:Sliding offset 0, 0. Add 2501 units, median count 246.0, 608776 units so far.
INFO:root:Sliding offset 0, 1. Add 2808 units, median count 247.0, 611584 units so far.
INFO:root:Sliding offset 1, 0. Add 2509 units, median count 246.0, 614093 units so far.
INFO:root:Sliding offset 1, 1. Add 2813 units, median count 247.0, 616906 units so far.
INFO:root:Left over size 471847 (6330, 6354).
INFO:root:Processing 119758 pixels (1471847 6329.927, 6403.449).
INFO:root:Sliding offset 0, 0. Add 2740 units, median count 249.0, 619646 units so far.
INFO:root:Sliding offset 0, 1. Add 2507 units, median count 250.0, 622153 units so far.
INFO:root:Sliding offset 1, 0. Add 2732 units, median count 251.0, 624885 units so far.
INFO:root:Sliding offset 1, 1. Add 2511 units, median count 247.0, 627396 units so far.
INFO:root:Left over size 497449 (6379, 6403).
INFO:root:Processing 118138 pixels (1497449 6379.45, 6451.76).
INFO:root:Sliding offset 0, 0. Add 2577 units, median count 254.0, 629973 units so far.
INFO:root:Sliding offset 0, 1. Add 2523 units, median count 258.0, 632496 units so far.
INFO:root:Sliding offset 1, 0. Add 2575 units, median count 254.0, 635071 units so far.
INFO:root:Sliding offset 1, 1. Add 2519 units, median count 257.0, 637590 units so far.
INFO:root:Left over size 491544 (6428, 6452).
INFO:root:Processing 113367 pixels (1491544 6427.77, 6497.147).
INFO:root:Sliding offset 0, 0. Add 2207 units, median count 263.0, 639797 units so far.
INFO:root:Sliding offset 0, 1. Add 2479 units, median count 267.0, 642276 units so far.
INFO:root:Sliding offset 1, 0. Add 2215 units, median count 265.0, 644491 units so far.
INFO:root:Sliding offset 1, 1. Add 2480 units, median count 267.0, 646971 units so far.
INFO:root:Left over size 485088 (6473, 6497).
INFO:root:Processing 113993 pixels (1485088 6473.148, 6543.386).
INFO:root:Sliding offset 0, 0. Add 2457 units, median count 258.0, 649428 units so far.
INFO:root:Sliding offset 0, 1. Add 2225 units, median count 258.0, 651653 units so far.
INFO:root:Sliding offset 1, 0. Add 2456 units, median count 259.0, 654109 units so far.
INFO:root:Sliding offset 1, 1. Add 2232 units, median count 258.0, 656341 units so far.
INFO:root:Left over size 524649 (6519, 6543).
INFO:root:Processing 112847 pixels (1524649 6519.395, 6589.053).
INFO:root:Sliding offset 0, 0. Add 2340 units, median count 270.0, 658681 units so far.
INFO:root:Sliding offset 0, 1. Add 2411 units, median count 270.0, 661092 units so far.
INFO:root:Sliding offset 1, 0. Add 2337 units, median count 269.0, 663429 units so far.
INFO:root:Sliding offset 1, 1. Add 2413 units, median count 267.0, 665842 units so far.
INFO:root:Left over size 514931 (6565, 6589).
INFO:root:Processing 102164 pixels (1514931 6565.054, 6628.472).
INFO:root:Sliding offset 0, 0. Add 1970 units, median count 284.0, 667812 units so far.
INFO:root:Sliding offset 0, 1. Add 2060 units, median count 285.0, 669872 units so far.
INFO:root:Sliding offset 1, 0. Add 1977 units, median count 282.0, 671849 units so far.
INFO:root:Sliding offset 1, 1. Add 2052 units, median count 286.0, 673901 units so far.
INFO:root:Left over size 623694 (6604, 6628).
INFO:root:Processing 109779 pixels (1623694 6604.473, 6673.248).
INFO:root:Sliding offset 0, 0. Add 2281 units, median count 297.0, 676182 units so far.
INFO:root:Sliding offset 0, 1. Add 2172 units, median count 293.0, 678354 units so far.
INFO:root:Sliding offset 1, 0. Add 2285 units, median count 297.5, 680639 units so far.
INFO:root:Sliding offset 1, 1. Add 2180 units, median count 293.0, 682819 units so far.
INFO:root:Left over size 529652 (6649, 6673).
INFO:root:Processing 101650 pixels (1529652 6649.249, 6713.603).
INFO:root:Sliding offset 0, 0. Add 1856 units, median count 302.0, 684675 units so far.
INFO:root:Sliding offset 0, 1. Add 2021 units, median count 300.0, 686696 units so far.
INFO:root:Sliding offset 1, 0. Add 1857 units, median count 301.0, 688553 units so far.
INFO:root:Sliding offset 1, 1. Add 2028 units, median count 302.0, 690581 units so far.
INFO:root:Left over size 563991 (6690, 6714).
INFO:root:Processing 116805 pixels (1563991 6689.609, 6763.829).
INFO:root:Sliding offset 0, 0. Add 2571 units, median count 287.0, 693152 units so far.
INFO:root:Sliding offset 0, 1. Add 2326 units, median count 281.0, 695478 units so far.
INFO:root:Sliding offset 1, 0. Add 2577 units, median count 285.0, 698055 units so far.
INFO:root:Sliding offset 1, 1. Add 2322 units, median count 281.0, 700377 units so far.
INFO:root:Left over size 469186 (6740, 6764).
INFO:root:Processing 112016 pixels (1469186 6739.83, 6810.209).
INFO:root:Sliding offset 0, 0. Add 2155 units, median count 273.0, 702532 units so far.
INFO:root:Sliding offset 0, 1. Add 2392 units, median count 270.0, 704924 units so far.
INFO:root:Sliding offset 1, 0. Add 2161 units, median count 271.0, 707085 units so far.
INFO:root:Sliding offset 1, 1. Add 2394 units, median count 273.0, 709479 units so far.
INFO:root:Left over size 522901 (6786, 6810).
INFO:root:Processing 113197 pixels (1522901 6786.21, 6856.491).
INFO:root:Sliding offset 0, 0. Add 2392 units, median count 279.0, 711871 units so far.
INFO:root:Sliding offset 0, 1. Add 2348 units, median count 277.0, 714219 units so far.
INFO:root:Sliding offset 1, 0. Add 2383 units, median count 278.0, 716602 units so far.
INFO:root:Sliding offset 1, 1. Add 2342 units, median count 277.0, 718944 units so far.
INFO:root:Left over size 528909 (6832, 6856).
INFO:root:Processing 120413 pixels (1528909 6832.492, 6907.111).
INFO:root:Sliding offset 0, 0. Add 2593 units, median count 275.0, 721537 units so far.
INFO:root:Sliding offset 0, 1. Add 2506 units, median count 270.0, 724043 units so far.
INFO:root:Sliding offset 1, 0. Add 2587 units, median count 274.0, 726630 units so far.
INFO:root:Sliding offset 1, 1. Add 2508 units, median count 268.0, 729138 units so far.
INFO:root:Left over size 477035 (6883, 6907).
INFO:root:Processing 117519 pixels (1477035 6883.112, 6956.209).
INFO:root:Sliding offset 0, 0. Add 2547 units, median count 260.0, 731685 units so far.
INFO:root:Sliding offset 0, 1. Add 2429 units, median count 259.0, 734114 units so far.
INFO:root:Sliding offset 1, 0. Add 2561 units, median count 257.0, 736675 units so far.
INFO:root:Sliding offset 1, 1. Add 2438 units, median count 258.0, 739113 units so far.
INFO:root:Left over size 519677 (6932, 6956).
INFO:root:Processing 131276 pixels (1519677 6932.21, 7014.356).
INFO:root:Sliding offset 0, 0. Add 2770 units, median count 229.0, 741883 units so far.
INFO:root:Sliding offset 0, 1. Add 2988 units, median count 229.0, 744871 units so far.
INFO:root:Sliding offset 1, 0. Add 2763 units, median count 228.0, 747634 units so far.
INFO:root:Sliding offset 1, 1. Add 2992 units, median count 226.0, 750626 units so far.
INFO:root:Left over size 411009 (6990, 7014).
INFO:root:Processing 134661 pixels (1411009 6990.357, 7075.189).
INFO:root:Sliding offset 0, 0. Add 3116 units, median count 206.0, 753742 units so far.
INFO:root:Sliding offset 0, 1. Add 2992 units, median count 203.5, 756734 units so far.
INFO:root:Sliding offset 1, 0. Add 3114 units, median count 204.0, 759848 units so far.
INFO:root:Sliding offset 1, 1. Add 2991 units, median count 204.0, 762839 units so far.
INFO:root:Left over size 366481 (7051, 7075).
INFO:root:Processing 143880 pixels (1366481 7051.19, 7142.257).
INFO:root:Sliding offset 0, 0. Add 3356 units, median count 194.0, 766195 units so far.
INFO:root:Sliding offset 0, 1. Add 3234 units, median count 196.0, 769429 units so far.
INFO:root:Sliding offset 1, 0. Add 3352 units, median count 194.0, 772781 units so far.
INFO:root:Sliding offset 1, 1. Add 3239 units, median count 197.0, 776020 units so far.
INFO:root:Left over size 358856 (7118, 7142).
INFO:root:Processing 130216 pixels (1358856 7118.258, 7200.381).
INFO:root:Sliding offset 0, 0. Add 2757 units, median count 210.0, 778777 units so far.
INFO:root:Sliding offset 0, 1. Add 2992 units, median count 211.0, 781769 units so far.
INFO:root:Sliding offset 1, 0. Add 2763 units, median count 211.0, 784532 units so far.
INFO:root:Sliding offset 1, 1. Add 2974 units, median count 211.0, 787506 units so far.
INFO:root:Left over size 421995 (7176, 7200).
INFO:root:Processing 136567 pixels (1421995 7176.382, 7262.746).
INFO:root:Sliding offset 0, 0. Add 3176 units, median count 212.0, 790682 units so far.
INFO:root:Sliding offset 0, 1. Add 2937 units, median count 213.0, 793619 units so far.
INFO:root:Sliding offset 1, 0. Add 3164 units, median count 213.0, 796783 units so far.
INFO:root:Sliding offset 1, 1. Add 2953 units, median count 212.0, 799736 units so far.
INFO:root:Left over size 361666 (7239, 7263).
INFO:root:Processing 141924 pixels (1361666 7238.747, 7328.847).
INFO:root:Sliding offset 0, 0. Add 3212 units, median count 208.0, 802948 units so far.
INFO:root:Sliding offset 0, 1. Add 3216 units, median count 209.0, 806164 units so far.
INFO:root:Sliding offset 1, 0. Add 3219 units, median count 209.0, 809383 units so far.
INFO:root:Sliding offset 1, 1. Add 3208 units, median count 209.0, 812591 units so far.
INFO:root:Left over size 347672 (7305, 7329).
INFO:root:Processing 126380 pixels (1347672 7304.848, 7384.827).
INFO:root:Sliding offset 0, 0. Add 2683 units, median count 218.0, 815274 units so far.
INFO:root:Sliding offset 0, 1. Add 2930 units, median count 219.0, 818204 units so far.
INFO:root:Sliding offset 1, 0. Add 2679 units, median count 217.0, 820883 units so far.
INFO:root:Sliding offset 1, 1. Add 2921 units, median count 220.0, 823804 units so far.
INFO:root:Left over size 449537 (7361, 7385).
INFO:root:Processing 138176 pixels (1449537 7360.828, 7448.153).
INFO:root:Sliding offset 0, 0. Add 3245 units, median count 215.0, 827049 units so far.
INFO:root:Sliding offset 0, 1. Add 2990 units, median count 214.5, 830039 units so far.
INFO:root:Sliding offset 1, 0. Add 3239 units, median count 217.0, 833278 units so far.
INFO:root:Sliding offset 1, 1. Add 2995 units, median count 213.0, 836273 units so far.
INFO:root:Left over size 402415 (7424, 7448).
INFO:root:Processing 135063 pixels (1402415 7424.154, 7510.54).
INFO:root:Sliding offset 0, 0. Add 2912 units, median count 215.0, 839185 units so far.
INFO:root:Sliding offset 0, 1. Add 3104 units, median count 219.0, 842289 units so far.
INFO:root:Sliding offset 1, 0. Add 2927 units, median count 215.0, 845216 units so far.
INFO:root:Sliding offset 1, 1. Add 3097 units, median count 218.0, 848313 units so far.
INFO:root:Left over size 385691 (7487, 7511).
INFO:root:Processing 131412 pixels (1385691 7486.541, 7571.933).
INFO:root:Sliding offset 0, 0. Add 2886 units, median count 210.0, 851199 units so far.
INFO:root:Sliding offset 0, 1. Add 2952 units, median count 208.0, 854151 units so far.
INFO:root:Sliding offset 1, 0. Add 2877 units, median count 211.0, 857028 units so far.
INFO:root:Sliding offset 1, 1. Add 2949 units, median count 208.0, 859977 units so far.
INFO:root:Left over size 399920 (7548, 7572).
INFO:root:Processing 145456 pixels (1399920 7547.934, 7641.868).
INFO:root:Sliding offset 0, 0. Add 3523 units, median count 203.0, 863500 units so far.
INFO:root:Sliding offset 0, 1. Add 3362 units, median count 204.0, 866862 units so far.
INFO:root:Sliding offset 1, 0. Add 3518 units, median count 205.0, 870380 units so far.
INFO:root:Sliding offset 1, 1. Add 3366 units, median count 204.0, 873746 units so far.
INFO:root:Left over size 365820 (7618, 7642).
INFO:root:Processing 137978 pixels (1365820 7617.869, 7707.491).
INFO:root:Sliding offset 0, 0. Add 3216 units, median count 203.0, 876962 units so far.
INFO:root:Sliding offset 0, 1. Add 3164 units, median count 205.0, 880126 units so far.
INFO:root:Sliding offset 1, 0. Add 3214 units, median count 206.0, 883340 units so far.
INFO:root:Sliding offset 1, 1. Add 3168 units, median count 204.0, 886508 units so far.
INFO:root:Left over size 327893 (7683, 7707).
INFO:root:Processing 142291 pixels (1327893 7683.492, 7777.032).
INFO:root:Sliding offset 0, 0. Add 3244 units, median count 200.0, 889752 units so far.
INFO:root:Sliding offset 0, 1. Add 3313 units, median count 201.0, 893065 units so far.
INFO:root:Sliding offset 1, 0. Add 3249 units, median count 201.0, 896314 units so far.
INFO:root:Sliding offset 1, 1. Add 3300 units, median count 199.0, 899614 units so far.
INFO:root:Left over size 319709 (7753, 7777).
INFO:root:Processing 146264 pixels (1319709 7753.033, 7851.742).
INFO:root:Sliding offset 0, 0. Add 3298 units, median count 198.0, 902912 units so far.
INFO:root:Sliding offset 0, 1. Add 3274 units, median count 200.0, 906186 units so far.
INFO:root:Sliding offset 1, 0. Add 3297 units, median count 198.0, 909483 units so far.
INFO:root:Sliding offset 1, 1. Add 3281 units, median count 199.0, 912764 units so far.
INFO:root:Left over size 308068 (7828, 7852).
INFO:root:Processing 133843 pixels (1308068 7827.743, 7917.766).
INFO:root:Sliding offset 0, 0. Add 2969 units, median count 204.0, 915733 units so far.
INFO:root:Sliding offset 0, 1. Add 2965 units, median count 205.0, 918698 units so far.
INFO:root:Sliding offset 1, 0. Add 2970 units, median count 204.0, 921668 units so far.
INFO:root:Sliding offset 1, 1. Add 2981 units, median count 203.0, 924649 units so far.
INFO:root:Left over size 395088 (7894, 7918).
INFO:root:Processing 132531 pixels (1395088 7893.768, 7981.904).
INFO:root:Sliding offset 0, 0. Add 3001 units, median count 208.0, 927650 units so far.
INFO:root:Sliding offset 0, 1. Add 2919 units, median count 208.0, 930569 units so far.
INFO:root:Sliding offset 1, 0. Add 3012 units, median count 208.0, 933581 units so far.
INFO:root:Sliding offset 1, 1. Add 2914 units, median count 206.0, 936495 units so far.
INFO:root:Left over size 364988 (7958, 7982).
INFO:root:Processing 115567 pixels (1364988 7957.905, 8033.9).
INFO:root:Sliding offset 0, 0. Add 2276 units, median count 208.0, 938771 units so far.
INFO:root:Sliding offset 0, 1. Add 2529 units, median count 213.0, 941300 units so far.
INFO:root:Sliding offset 1, 0. Add 2271 units, median count 210.0, 943571 units so far.
INFO:root:Sliding offset 1, 1. Add 2533 units, median count 210.0, 946104 units so far.
INFO:root:Left over size 477228 (8010, 8034).
INFO:root:Processing 114035 pixels (1477228 8009.901, 8084.011).
INFO:root:Sliding offset 0, 0. Add 2573 units, median count 214.0, 948677 units so far.
INFO:root:Sliding offset 0, 1. Add 2318 units, median count 213.0, 950995 units so far.
INFO:root:Sliding offset 1, 0. Add 2577 units, median count 215.0, 953572 units so far.
INFO:root:Sliding offset 1, 1. Add 2316 units, median count 213.0, 955888 units so far.
INFO:root:Left over size 497279 (8060, 8084).
INFO:root:Processing 133256 pixels (1497279 8060.012, 8146.685).
INFO:root:Sliding offset 0, 0. Add 2890 units, median count 203.0, 958778 units so far.
INFO:root:Sliding offset 0, 1. Add 3126 units, median count 204.0, 961904 units so far.
INFO:root:Sliding offset 1, 0. Add 2895 units, median count 203.0, 964799 units so far.
INFO:root:Sliding offset 1, 1. Add 3124 units, median count 202.0, 967923 units so far.
INFO:root:Left over size 383183 (8123, 8147).
INFO:root:Processing 136282 pixels (1383183 8122.686, 8211.457).
INFO:root:Sliding offset 0, 0. Add 3193 units, median count 196.0, 971116 units so far.
INFO:root:Sliding offset 0, 1. Add 3034 units, median count 196.0, 974150 units so far.
INFO:root:Sliding offset 1, 0. Add 3184 units, median count 198.0, 977334 units so far.
INFO:root:Sliding offset 1, 1. Add 3027 units, median count 196.0, 980361 units so far.
INFO:root:Left over size 354269 (8187, 8211).
INFO:root:Processing 119232 pixels (1354269 8187.458, 8265.253).
INFO:root:Sliding offset 0, 0. Add 2560 units, median count 201.0, 982921 units so far.
INFO:root:Sliding offset 0, 1. Add 2538 units, median count 202.5, 985459 units so far.
INFO:root:Sliding offset 1, 0. Add 2557 units, median count 203.0, 988016 units so far.
INFO:root:Sliding offset 1, 1. Add 2537 units, median count 204.0, 990553 units so far.
INFO:root:Left over size 446278 (8241, 8265).
INFO:root:Processing 126054 pixels (1446278 8241.255, 8323.639).
INFO:root:Sliding offset 0, 0. Add 2754 units, median count 201.0, 993307 units so far.
INFO:root:Sliding offset 0, 1. Add 2778 units, median count 202.0, 996085 units so far.
INFO:root:Sliding offset 1, 0. Add 2766 units, median count 199.0, 998851 units so far.
INFO:root:Sliding offset 1, 1. Add 2763 units, median count 202.0, 1001614 units so far.
INFO:root:Left over size 442910 (8300, 8324).
INFO:root:Processing 116196 pixels (1442910 8299.64, 8376.626).
INFO:root:Sliding offset 0, 0. Add 2290 units, median count 205.0, 1003904 units so far.
INFO:root:Sliding offset 0, 1. Add 2405 units, median count 206.0, 1006309 units so far.
INFO:root:Sliding offset 1, 0. Add 2284 units, median count 204.0, 1008593 units so far.
INFO:root:Sliding offset 1, 1. Add 2422 units, median count 205.0, 1011015 units so far.
INFO:root:Left over size 491822 (8353, 8377).
INFO:root:Processing 117389 pixels (1491822 8352.627, 8431.541).
INFO:root:Sliding offset 0, 0. Add 2549 units, median count 193.0, 1013564 units so far.
INFO:root:Sliding offset 0, 1. Add 2434 units, median count 194.0, 1015998 units so far.
INFO:root:Sliding offset 1, 0. Add 2554 units, median count 193.5, 1018552 units so far.
INFO:root:Sliding offset 1, 1. Add 2432 units, median count 194.0, 1020984 units so far.
INFO:root:Left over size 417514 (8408, 8432).
INFO:root:Processing 125710 pixels (1417514 8407.542, 8493.494).
INFO:root:Sliding offset 0, 0. Add 2760 units, median count 195.0, 1023744 units so far.
INFO:root:Sliding offset 0, 1. Add 2779 units, median count 198.5, 1026523 units so far.
INFO:root:Sliding offset 1, 0. Add 2753 units, median count 199.0, 1029276 units so far.
INFO:root:Sliding offset 1, 1. Add 2777 units, median count 198.0, 1032053 units so far.
INFO:root:Left over size 347023 (8469, 8493).
INFO:root:Processing 121783 pixels (1347023 8469.495, 8552.429).
INFO:root:Sliding offset 0, 0. Add 2757 units, median count 199.0, 1034810 units so far.
INFO:root:Sliding offset 0, 1. Add 2687 units, median count 199.0, 1037497 units so far.
INFO:root:Sliding offset 1, 0. Add 2762 units, median count 201.0, 1040259 units so far.
INFO:root:Sliding offset 1, 1. Add 2688 units, median count 200.0, 1042947 units so far.
INFO:root:Left over size 454724 (8528, 8552).
INFO:root:Processing 122579 pixels (1454724 8528.43, 8609.624).
INFO:root:Sliding offset 0, 0. Add 2579 units, median count 203.0, 1045526 units so far.
INFO:root:Sliding offset 0, 1. Add 2842 units, median count 202.0, 1048368 units so far.
INFO:root:Sliding offset 1, 0. Add 2590 units, median count 200.5, 1050958 units so far.
INFO:root:Sliding offset 1, 1. Add 2837 units, median count 204.0, 1053795 units so far.
INFO:root:Left over size 424225 (8586, 8610).
INFO:root:Processing 112903 pixels (1424225 8585.625, 8660.265).
INFO:root:Sliding offset 0, 0. Add 2495 units, median count 190.0, 1056290 units so far.
INFO:root:Sliding offset 0, 1. Add 2232 units, median count 192.0, 1058522 units so far.
INFO:root:Sliding offset 1, 0. Add 2494 units, median count 195.0, 1061016 units so far.
INFO:root:Sliding offset 1, 1. Add 2233 units, median count 192.0, 1063249 units so far.
INFO:root:Left over size 429252 (8636, 8660).
INFO:root:Processing 124052 pixels (1429252 8636.266, 8719.326).
INFO:root:Sliding offset 0, 0. Add 2612 units, median count 195.0, 1065861 units so far.
INFO:root:Sliding offset 0, 1. Add 2692 units, median count 195.0, 1068553 units so far.
INFO:root:Sliding offset 1, 0. Add 2614 units, median count 196.0, 1071167 units so far.
INFO:root:Sliding offset 1, 1. Add 2703 units, median count 194.0, 1073870 units so far.
INFO:root:Left over size 377766 (8695, 8719).
INFO:root:Processing 124706 pixels (1377766 8695.327, 8779.132).
INFO:root:Sliding offset 0, 0. Add 2709 units, median count 192.0, 1076579 units so far.
INFO:root:Sliding offset 0, 1. Add 2717 units, median count 191.0, 1079296 units so far.
INFO:root:Sliding offset 1, 0. Add 2699 units, median count 190.0, 1081995 units so far.
INFO:root:Sliding offset 1, 1. Add 2726 units, median count 190.0, 1084721 units so far.
INFO:root:Left over size 419942 (8755, 8779).
INFO:root:Processing 130891 pixels (1419942 8755.133, 8842.763).
INFO:root:Sliding offset 0, 0. Add 2839 units, median count 190.0, 1087560 units so far.
INFO:root:Sliding offset 0, 1. Add 2957 units, median count 193.0, 1090517 units so far.
INFO:root:Sliding offset 1, 0. Add 2843 units, median count 190.0, 1093360 units so far.
INFO:root:Sliding offset 1, 1. Add 2956 units, median count 191.0, 1096316 units so far.
INFO:root:Left over size 381212 (8819, 8843).
INFO:root:Processing 131582 pixels (1381212 8818.764, 8908.744).
INFO:root:Sliding offset 0, 0. Add 2910 units, median count 180.0, 1099226 units so far.
INFO:root:Sliding offset 0, 1. Add 2902 units, median count 182.0, 1102128 units so far.
INFO:root:Sliding offset 1, 0. Add 2918 units, median count 181.0, 1105046 units so far.
INFO:root:Sliding offset 1, 1. Add 2896 units, median count 181.0, 1107942 units so far.
INFO:root:Left over size 363817 (8885, 8909).
INFO:root:Processing 118949 pixels (1363817 8884.747, 8968.52).
INFO:root:Sliding offset 0, 0. Add 2563 units, median count 188.0, 1110505 units so far.
INFO:root:Sliding offset 0, 1. Add 2541 units, median count 191.0, 1113046 units so far.
INFO:root:Sliding offset 1, 0. Add 2561 units, median count 188.0, 1115607 units so far.
INFO:root:Sliding offset 1, 1. Add 2538 units, median count 190.0, 1118145 units so far.
INFO:root:Left over size 342565 (8945, 8969).
INFO:root:Processing 130493 pixels (1342565 8944.523, 9035.141).
INFO:root:Sliding offset 0, 0. Add 2845 units, median count 192.0, 1120990 units so far.
INFO:root:Sliding offset 0, 1. Add 2874 units, median count 192.0, 1123864 units so far.
INFO:root:Sliding offset 1, 0. Add 2848 units, median count 191.0, 1126712 units so far.
INFO:root:Sliding offset 1, 1. Add 2871 units, median count 194.0, 1129583 units so far.
INFO:root:Left over size 369160 (9011, 9035).
INFO:root:Processing 130154 pixels (1369160 9011.142, 9099.537).
INFO:root:Sliding offset 0, 0. Add 2992 units, median count 180.0, 1132575 units so far.
INFO:root:Sliding offset 0, 1. Add 2846 units, median count 179.0, 1135421 units so far.
INFO:root:Sliding offset 1, 0. Add 3009 units, median count 178.0, 1138430 units so far.
INFO:root:Sliding offset 1, 1. Add 2845 units, median count 180.0, 1141275 units so far.
INFO:root:Left over size 378918 (9076, 9100).
INFO:root:Processing 118514 pixels (1378918 9075.538, 9155.229).
INFO:root:Sliding offset 0, 0. Add 2484 units, median count 189.0, 1143759 units so far.
INFO:root:Sliding offset 0, 1. Add 2663 units, median count 187.0, 1146422 units so far.
INFO:root:Sliding offset 1, 0. Add 2497 units, median count 183.0, 1148919 units so far.
INFO:root:Sliding offset 1, 1. Add 2669 units, median count 186.0, 1151588 units so far.
INFO:root:Left over size 432499 (9131, 9155).
INFO:root:Processing 123037 pixels (1432499 9131.23, 9213.133).
INFO:root:Sliding offset 0, 0. Add 2834 units, median count 182.0, 1154422 units so far.
INFO:root:Sliding offset 0, 1. Add 2588 units, median count 183.0, 1157010 units so far.
INFO:root:Sliding offset 1, 0. Add 2829 units, median count 181.0, 1159839 units so far.
INFO:root:Sliding offset 1, 1. Add 2588 units, median count 181.0, 1162427 units so far.
INFO:root:Left over size 428819 (9189, 9213).
INFO:root:Processing 128855 pixels (1428819 9189.134, 9275.181).
INFO:root:Sliding offset 0, 0. Add 2829 units, median count 183.0, 1165256 units so far.
INFO:root:Sliding offset 0, 1. Add 3065 units, median count 183.0, 1168321 units so far.
INFO:root:Sliding offset 1, 0. Add 2830 units, median count 180.0, 1171151 units so far.
INFO:root:Sliding offset 1, 1. Add 3069 units, median count 182.0, 1174220 units so far.
INFO:root:Left over size 381612 (9251, 9275).
INFO:root:Processing 136151 pixels (1381612 9251.182, 9342.189).
INFO:root:Sliding offset 0, 0. Add 3177 units, median count 165.0, 1177397 units so far.
INFO:root:Sliding offset 0, 1. Add 3144 units, median count 164.0, 1180541 units so far.
INFO:root:Sliding offset 1, 0. Add 3173 units, median count 165.0, 1183714 units so far.
INFO:root:Sliding offset 1, 1. Add 3141 units, median count 165.0, 1186855 units so far.
INFO:root:Left over size 404277 (9318, 9342).
INFO:root:Processing 154560 pixels (1404277 9318.19, 9422.924).
INFO:root:Sliding offset 0, 0. Add 3840 units, median count 151.0, 1190695 units so far.
INFO:root:Sliding offset 0, 1. Add 3617 units, median count 150.0, 1194312 units so far.
INFO:root:Sliding offset 1, 0. Add 3838 units, median count 149.0, 1198150 units so far.
INFO:root:Sliding offset 1, 1. Add 3609 units, median count 150.0, 1201759 units so far.
INFO:root:Left over size 269995 (9399, 9423).
INFO:root:Processing 167222 pixels (1269995 9398.925, 9514.058).
INFO:root:Sliding offset 0, 0. Add 4173 units, median count 134.0, 1205932 units so far.
INFO:root:Sliding offset 0, 1. Add 4274 units, median count 134.0, 1210206 units so far.
INFO:root:Sliding offset 1, 0. Add 4163 units, median count 134.0, 1214369 units so far.
INFO:root:Sliding offset 1, 1. Add 4287 units, median count 135.0, 1218656 units so far.
INFO:root:Left over size 316259 (9490, 9514).
INFO:root:Processing 157846 pixels (1316259 9490.059, 9600.939).
INFO:root:Sliding offset 0, 0. Add 3757 units, median count 136.0, 1222413 units so far.
INFO:root:Sliding offset 0, 1. Add 3769 units, median count 136.0, 1226182 units so far.
INFO:root:Sliding offset 1, 0. Add 3765 units, median count 137.0, 1229947 units so far.
INFO:root:Sliding offset 1, 1. Add 3758 units, median count 138.0, 1233705 units so far.
INFO:root:Left over size 246100 (9577, 9601).
INFO:root:Processing 180376 pixels (1246100 9576.94, 9709.378).
INFO:root:Sliding offset 0, 0. Add 4237 units, median count 132.0, 1237942 units so far.
INFO:root:Sliding offset 0, 1. Add 4201 units, median count 132.0, 1242143 units so far.
INFO:root:Sliding offset 1, 0. Add 4240 units, median count 131.0, 1246383 units so far.
INFO:root:Sliding offset 1, 1. Add 4186 units, median count 132.0, 1250569 units so far.
INFO:root:Left over size 191367 (9685, 9709).
INFO:root:Processing 141798 pixels (1191367 9685.379, 9791.845).
INFO:root:Sliding offset 0, 0. Add 2897 units, median count 145.0, 1253466 units so far.
INFO:root:Sliding offset 0, 1. Add 3014 units, median count 146.0, 1256480 units so far.
INFO:root:Sliding offset 1, 0. Add 2898 units, median count 145.0, 1259378 units so far.
INFO:root:Sliding offset 1, 1. Add 3018 units, median count 145.0, 1262396 units so far.
INFO:root:Left over size 282274 (9768, 9792).
INFO:root:Processing 182781 pixels (1282274 9767.846, 9909.46).
INFO:root:Sliding offset 0, 0. Add 4236 units, median count 131.0, 1266632 units so far.
INFO:root:Sliding offset 0, 1. Add 4120 units, median count 129.0, 1270752 units so far.
INFO:root:Sliding offset 1, 0. Add 4227 units, median count 131.0, 1274979 units so far.
INFO:root:Sliding offset 1, 1. Add 4112 units, median count 130.0, 1279091 units so far.
INFO:root:Left over size 165171 (9885, 9909).
INFO:root:Processing 207598 pixels (1165171 9885.461, 10055.175).
INFO:root:Sliding offset 0, 0. Add 4603 units, median count 108.0, 1283694 units so far.
INFO:root:Sliding offset 0, 1. Add 4711 units, median count 105.0, 1288405 units so far.
INFO:root:Sliding offset 1, 0. Add 4621 units, median count 106.0, 1293026 units so far.
INFO:root:Sliding offset 1, 1. Add 4737 units, median count 106.0, 1297763 units so far.
INFO:root:Left over size 129926 (10031, 10055).
INFO:root:Processing 46356 pixels (211572 10031.179, 10087.483).
INFO:root:Sliding offset 0, 0. Add 507 units, median count 87.0, 1298270 units so far.
INFO:root:Sliding offset 0, 1. Add 461 units, median count 88.0, 1298731 units so far.
INFO:root:Sliding offset 1, 0. Add 493 units, median count 90.0, 1299224 units so far.
INFO:root:Sliding offset 1, 1. Add 473 units, median count 86.0, 1299697 units so far.
INFO:root:Left over size 45178 (10063, 10087).
['X', 'Y', 'gene', 'Count']
sort -k 1,1n /dcs05/lieber/marmaypag/xenium_NAC_LIBD4125/xenium_NAC/processed-data/HD_Full_Analysis/FICTURE/outputs/H1-XKYDCP3_A1/nF_8/hexagon.d_12.tsv | gzip -c > /dcs05/lieber/marmaypag/xenium_NAC_LIBD4125/xenium_NAC/processed-data/HD_Full_Analysis/FICTURE/outputs/H1-XKYDCP3_A1/nF_8/hexagon.d_12.tsv.gz
rm /dcs05/lieber/marmaypag/xenium_NAC_LIBD4125/xenium_NAC/processed-data/HD_Full_Analysis/FICTURE/outputs/H1-XKYDCP3_A1/nF_8/hexagon.d_12.tsv
--------------------------------------------------------------
Creating LDA for 12um and 8 factors...
--------------------------------------------------------------
mkdir -p /dcs05/lieber/marmaypag/xenium_NAC_LIBD4125/xenium_NAC/processed-data/HD_Full_Analysis/FICTURE/outputs/H1-XKYDCP3_A1/nF_8/analysis/nF8.d_12/figure
ficture fit_model --input /dcs05/lieber/marmaypag/xenium_NAC_LIBD4125/xenium_NAC/processed-data/HD_Full_Analysis/FICTURE/outputs/H1-XKYDCP3_A1/nF_8/hexagon.d_12.tsv.gz --output /dcs05/lieber/marmaypag/xenium_NAC_LIBD4125/xenium_NAC/processed-data/HD_Full_Analysis/FICTURE/outputs/H1-XKYDCP3_A1/nF_8/analysis/nF8.d_12/nF8.d_12  --nFactor 8 --epoch 3 --epoch_id_length 2 --unit_attr X Y --key Count --min_ct_per_feature 20 --test_split 0.5 --R 10 --fractional-count 0 --thread 1
INFO:root:Read data with 322361 units, 15906 features
INFO:root:0: -2888.56, -2888.47
INFO:root:Counter({3: 53159, 5: 21740, 4: 19794, 2: 19126, 6: 18247, 1: 10929, 7: 9448, 0: 8738})
INFO:root:Computing naive DE for 13911 genes
INFO:root:R=0, 10.97, 8.93, 309.02s
INFO:root:1: -2889.94, -2889.99
INFO:root:Counter({3: 45044, 7: 23399, 0: 23115, 2: 21108, 4: 20323, 1: 17275, 5: 8447, 6: 2470})
INFO:root:Computing naive DE for 13912 genes
INFO:root:R=1, 11.89, 8.34, 310.39s
INFO:root:2: -2887.61, -2887.66
INFO:root:Counter({1: 60244, 0: 23141, 2: 21949, 5: 19778, 6: 16863, 3: 8657, 4: 8271, 7: 2278})
INFO:root:Computing naive DE for 13911 genes
INFO:root:R=2, 9.36, 7.91, 305.60s
INFO:root:3: -2887.70, -2887.74
INFO:root:Counter({3: 33540, 1: 33083, 4: 25781, 0: 25481, 2: 16485, 6: 15611, 5: 8893, 7: 2307})
INFO:root:Computing naive DE for 13912 genes
INFO:root:R=3, 12.13, 9.15, 311.88s
INFO:root:4: -2889.82, -2889.87
INFO:root:Counter({3: 57033, 2: 32939, 6: 21537, 1: 14881, 4: 12406, 0: 10097, 5: 9655, 7: 2633})
INFO:root:Computing naive DE for 13913 genes
INFO:root:R=4, 10.52, 7.85, 310.61s
INFO:root:5: -2888.83, -2888.73
INFO:root:Counter({3: 59308, 4: 22704, 2: 20915, 6: 17227, 1: 15464, 0: 11266, 7: 9294, 5: 5003})
INFO:root:Computing naive DE for 13913 genes
INFO:root:R=5, 9.20, 7.85, 301.72s
INFO:root:6: -2888.03, -2888.08
INFO:root:Counter({3: 56115, 4: 25839, 2: 25835, 6: 19521, 1: 13088, 0: 9531, 5: 8704, 7: 2548})
INFO:root:Computing naive DE for 13913 genes
INFO:root:R=6, 9.40, 7.91, 288.68s
INFO:root:7: -2888.40, -2888.38
INFO:root:Counter({1: 57887, 2: 25630, 5: 23577, 0: 18339, 6: 17090, 3: 8809, 4: 7526, 7: 2323})
INFO:root:Computing naive DE for 13912 genes
INFO:root:R=7, 9.39, 7.68, 311.34s
INFO:root:8: -2887.22, -2887.28
INFO:root:Counter({3: 60033, 4: 22570, 1: 21889, 2: 20523, 6: 16555, 0: 8842, 5: 8499, 7: 2270})
INFO:root:Computing naive DE for 13910 genes
INFO:root:R=8, 9.56, 7.58, 275.57s
INFO:root:9: -2887.95, -2888.01
INFO:root:Counter({3: 56152, 4: 24260, 0: 21567, 2: 21285, 6: 14869, 1: 12202, 5: 8543, 7: 2303})
INFO:root:Computing naive DE for 13910 genes
INFO:root:R=9, 8.93, 7.37, 332.98s
INFO:root:Result file /dcs05/lieber/marmaypag/xenium_NAC_LIBD4125/xenium_NAC/processed-data/HD_Full_Analysis/FICTURE/outputs/H1-XKYDCP3_A1/nF_8/analysis/nF8.d_12/nF8.d_12.fit_result.tsv.gz
R
3    12.130771
1    11.894372
0    10.973811
4    10.519964
8     9.560933
6     9.398689
7     9.387946
2     9.364479
5     9.198092
9     8.930260
Name: Score, dtype: float64
ficture choose_color --input /dcs05/lieber/marmaypag/xenium_NAC_LIBD4125/xenium_NAC/processed-data/HD_Full_Analysis/FICTURE/outputs/H1-XKYDCP3_A1/nF_8/analysis/nF8.d_12/nF8.d_12.fit_result.tsv.gz --output /dcs05/lieber/marmaypag/xenium_NAC_LIBD4125/xenium_NAC/processed-data/HD_Full_Analysis/FICTURE/outputs/H1-XKYDCP3_A1/nF_8/analysis/nF8.d_12/figure/nF8.d_12 --cmap_name turbo
ficture plot_base --input /dcs05/lieber/marmaypag/xenium_NAC_LIBD4125/xenium_NAC/processed-data/HD_Full_Analysis/FICTURE/outputs/H1-XKYDCP3_A1/nF_8/analysis/nF8.d_12/nF8.d_12.fit_result.tsv.gz --output /dcs05/lieber/marmaypag/xenium_NAC_LIBD4125/xenium_NAC/processed-data/HD_Full_Analysis/FICTURE/outputs/H1-XKYDCP3_A1/nF_8/analysis/nF8.d_12/figure/nF8.d_12.coarse --fill_range 7.0 --color_table /dcs05/lieber/marmaypag/xenium_NAC_LIBD4125/xenium_NAC/processed-data/HD_Full_Analysis/FICTURE/outputs/H1-XKYDCP3_A1/nF_8/analysis/nF8.d_12/figure/nF8.d_12.rgb.tsv --plot_um_per_pixel 1 --plot_discretized
/jhpce/shared/libd/core/visium_hd/1.0/hd_env/lib/python3.9/site-packages/ficture/scripts/plot_base.py:131: FutureWarning: The provided callable <function mean at 0x7f13b01fae50> is currently using SeriesGroupBy.mean. In a future version of pandas, the provided callable will be used directly. To keep current behavior pass the string "mean" instead.
  chunk = chunk.groupby(by = ['x_indx', 'y_indx']).agg({ x:np.mean for x in factor_header }).reset_index()
/jhpce/shared/libd/core/visium_hd/1.0/hd_env/lib/python3.9/site-packages/ficture/scripts/plot_base.py:134: FutureWarning: The provided callable <function mean at 0x7f13b01fae50> is currently using SeriesGroupBy.mean. In a future version of pandas, the provided callable will be used directly. To keep current behavior pass the string "mean" instead.
  df = df.groupby(by = ['x_indx', 'y_indx']).agg({ x:np.mean for x in factor_header }).reset_index()
INFO:root:Read region 322361 pixels in region 6727.0 x 6725.0
INFO:root:Filling pixels 0 - 500 / 6724
INFO:root:Filling pixels 500 - 1000 / 6724
INFO:root:Filling pixels 1000 - 1500 / 6724
INFO:root:Filling pixels 1500 - 2000 / 6724
INFO:root:Filling pixels 2000 - 2500 / 6724
INFO:root:Filling pixels 2500 - 3000 / 6724
INFO:root:Filling pixels 3000 - 3500 / 6724
INFO:root:Filling pixels 3500 - 4000 / 6724
INFO:root:Filling pixels 4000 - 4500 / 6724
INFO:root:Filling pixels 4500 - 5000 / 6724
INFO:root:Filling pixels 5000 - 5500 / 6724
INFO:root:Filling pixels 5500 - 6000 / 6724
INFO:root:Filling pixels 6000 - 6500 / 6724
INFO:root:Filling pixels 6500 - 6724 / 6724
INFO:root:Start constructing RGB image
INFO:root:Made fractional image
/dcs05/lieber/marmaypag/xenium_NAC_LIBD4125/xenium_NAC/processed-data/HD_Full_Analysis/FICTURE/outputs/H1-XKYDCP3_A1/nF_8/analysis/nF8.d_12/figure/nF8.d_12.coarse.png
INFO:root:Made hard threshold image
/dcs05/lieber/marmaypag/xenium_NAC_LIBD4125/xenium_NAC/processed-data/HD_Full_Analysis/FICTURE/outputs/H1-XKYDCP3_A1/nF_8/analysis/nF8.d_12/figure/nF8.d_12.coarse.top.png
6725 500
touch /dcs05/lieber/marmaypag/xenium_NAC_LIBD4125/xenium_NAC/processed-data/HD_Full_Analysis/FICTURE/outputs/H1-XKYDCP3_A1/nF_8/analysis/nF8.d_12/nF8.d_12.done
--------------------------------------------------------------
Creating projection for 12um and 8 factors, at 12um
--------------------------------------------------------------
--------------------------------------------------------------
Performing pixel-level decoding..
--------------------------------------------------------------
--------------------------------------------------------------
Sorting and reformatting the pixel-level output..
--------------------------------------------------------------
--------------------------------------------------------------
Performing pseudo-bulk differential expression analysis..
--------------------------------------------------------------
--------------------------------------------------------------
Drawing pixel-level output image...
--------------------------------------------------------------
ficture transform --input /dcs05/lieber/marmaypag/xenium_NAC_LIBD4125/xenium_NAC/processed-data/HD_Full_Analysis/FICTURE/inputs/H1-XKYDCP3_A1/transcripts.sorted.tsv.gz --output_pref /dcs05/lieber/marmaypag/xenium_NAC_LIBD4125/xenium_NAC/processed-data/HD_Full_Analysis/FICTURE/outputs/H1-XKYDCP3_A1/nF_8/analysis/nF8.d_12/nF8.d_12.prj_12.r_4 --model /dcs05/lieber/marmaypag/xenium_NAC_LIBD4125/xenium_NAC/processed-data/HD_Full_Analysis/FICTURE/outputs/H1-XKYDCP3_A1/nF_8/analysis/nF8.d_12/nF8.d_12.model.p --key Count --major_axis X --hex_width 12 --n_move 3 --min_ct_per_unit 20 --mu_scale 1.0 --thread 1 --precision 2
INFO:root:Model loaded with 15906 features and 8 factors
INFO:root:Transformed 1 batches with total 58582 units, 0.634032min
INFO:root:Transformed 2 batches with total 122951 units, 1.426148min
INFO:root:Transformed 3 batches with total 190130 units, 2.206045min
INFO:root:Transformed 4 batches with total 255812 units, 2.953810min
INFO:root:Transformed 5 batches with total 340636 units, 3.992830min
INFO:root:Transformed 6 batches with total 422892 units, 5.059308min
INFO:root:Transformed 7 batches with total 504815 units, 6.168894min
INFO:root:Transformed 8 batches with total 589976 units, 7.277385min
INFO:root:Transformed 9 batches with total 675897 units, 8.448965min
INFO:root:Transformed 10 batches with total 755898 units, 9.647816min
INFO:root:Transformed 11 batches with total 839058 units, 10.815124min
INFO:root:Transformed 12 batches with total 914627 units, 11.991557min
INFO:root:Transformed 13 batches with total 976158 units, 13.022504min
INFO:root:Transformed 14 batches with total 1039864 units, 14.113256min
INFO:root:Transformed 15 batches with total 1105279 units, 15.228870min
INFO:root:Transformed 16 batches with total 1178396 units, 16.374646min
INFO:root:Transformed 17 batches with total 1246041 units, 17.502584min
INFO:root:Transformed 18 batches with total 1314566 units, 18.623076min
INFO:root:Transformed 19 batches with total 1379698 units, 19.718526min
INFO:root:Transformed 20 batches with total 1449214 units, 20.842269min
INFO:root:Transformed 21 batches with total 1518773 units, 21.969513min
INFO:root:Transformed 22 batches with total 1582479 units, 23.105494min
INFO:root:Transformed 23 batches with total 1646200 units, 24.253762min
INFO:root:Transformed 24 batches with total 1716383 units, 25.330587min
INFO:root:Transformed 25 batches with total 1797774 units, 26.437058min
INFO:root:Transformed 26 batches with total 1859448 units, 27.229144min
INFO:root:Transformed 27 batches with total 1921444 units, 28.020728min
INFO:root:Transformed 28 batches with total 2009166 units, 29.125137min
INFO:root:Transformed 29 batches with total 2069922 units, 29.924369min
INFO:root:Transformed 30 batches with total 2131829 units, 30.693447min
INFO:root:Transformed 31 batches with total 2194714 units, 31.445844min
INFO:root:Transformed 32 batches with total 2272155 units, 32.495796min
INFO:root:Transformed 33 batches with total 2330486 units, 33.265571min
INFO:root:Transformed 34 batches with total 2407064 units, 34.285308min
INFO:root:Transformed 35 batches with total 2484805 units, 35.339640min
INFO:root:Transformed 36 batches with total 2560805 units, 36.394862min
INFO:root:Transformed 37 batches with total 2646445 units, 37.492415min
INFO:root:Transformed 38 batches with total 2700900 units, 38.249024min
INFO:root:Transformed 39 batches with total 2781584 units, 39.303329min
INFO:root:Transformed 40 batches with total 2841100 units, 40.076104min
INFO:root:Transformed 41 batches with total 2918930 units, 40.869875min
INFO:root:Transformed 42 batches with total 3004457 units, 41.696804min
INFO:root:Transformed 43 batches with total 3089614 units, 42.524569min
INFO:root:Transformed 44 batches with total 3149595 units, 43.021214min
INFO:root:Transformed 45 batches with total 3159301 units, 43.133590min
ficture slda_decode --input /dcs05/lieber/marmaypag/xenium_NAC_LIBD4125/xenium_NAC/processed-data/HD_Full_Analysis/FICTURE/outputs/H1-XKYDCP3_A1/nF_8/batched.matrix.tsv.gz --output /dcs05/lieber/marmaypag/xenium_NAC_LIBD4125/xenium_NAC/processed-data/HD_Full_Analysis/FICTURE/outputs/H1-XKYDCP3_A1/nF_8/analysis/nF8.d_12/nF8.d_12.decode.prj_12.r_4_5 --model /dcs05/lieber/marmaypag/xenium_NAC_LIBD4125/xenium_NAC/processed-data/HD_Full_Analysis/FICTURE/outputs/H1-XKYDCP3_A1/nF_8/analysis/nF8.d_12/nF8.d_12.model.p --anchor /dcs05/lieber/marmaypag/xenium_NAC_LIBD4125/xenium_NAC/processed-data/HD_Full_Analysis/FICTURE/outputs/H1-XKYDCP3_A1/nF_8/analysis/nF8.d_12/nF8.d_12.prj_12.r_4.fit_result.tsv.gz --anchor_in_um --neighbor_radius 5 --mu_scale 1.0 --key Count --precision 0.1 --lite_topk_output_pixel 3 --lite_topk_output_anchor 3 --thread 1
INFO:root:15906 genes and 8 factors are read from input model
INFO:root:Read 3120289 grid points
INFO:root:Read 23122 pixels, forming 1 batches.
INFO:root:Read 1 batches ((23122, 15906))
INFO:root:Output 23071 pixels and 6793 anchors
INFO:root:Read 100132 pixels, forming 2 batches.
INFO:root:Read 2 batches ((100132, 15906))
INFO:root:Output 105051 pixels and 29429 anchors
INFO:root:Read 13640 pixels, forming 1 batches.
INFO:root:Read 1 batches ((13640, 15906))
INFO:root:Output 13587 pixels and 4004 anchors
INFO:root:Read 116633 pixels, forming 2 batches.
INFO:root:Read 2 batches ((116633, 15906))
INFO:root:Output 122188 pixels and 33747 anchors
INFO:root:Read 65848 pixels, forming 1 batches.
INFO:root:Read 1 batches ((65848, 15906))
INFO:root:Output 65609 pixels and 18948 anchors
INFO:root:Read 65476 pixels, forming 1 batches.
INFO:root:Read 1 batches ((65476, 15906))
INFO:root:Output 65279 pixels and 19091 anchors
INFO:root:Read 16798 pixels, forming 1 batches.
INFO:root:Read 1 batches ((16798, 15906))
INFO:root:Output 16720 pixels and 4933 anchors
INFO:root:Read 115289 pixels, forming 2 batches.
INFO:root:Read 2 batches ((115289, 15906))
INFO:root:Output 120944 pixels and 33531 anchors
INFO:root:Read 62042 pixels, forming 1 batches.
INFO:root:Read 1 batches ((62042, 15906))
INFO:root:Output 61766 pixels and 18375 anchors
INFO:root:Read 70107 pixels, forming 3 batches.
INFO:root:Read 3 batches ((70107, 15906))
INFO:root:Output 69768 pixels and 20370 anchors
INFO:root:Read 129640 pixels, forming 2 batches.
INFO:root:Read 2 batches ((129640, 15906))
INFO:root:Output 136295 pixels and 38749 anchors
INFO:root:Read 118794 pixels, forming 2 batches.
INFO:root:Read 2 batches ((118794, 15906))
INFO:root:Output 124066 pixels and 39135 anchors
INFO:root:Read 5279 pixels, forming 1 batches.
INFO:root:Read 1 batches ((5279, 15906))
INFO:root:Output 5235 pixels and 1573 anchors
INFO:root:Read 129244 pixels, forming 2 batches.
INFO:root:Read 2 batches ((129244, 15906))
INFO:root:Output 136059 pixels and 37395 anchors
INFO:root:Read 16168 pixels, forming 1 batches.
INFO:root:Read 1 batches ((16168, 15906))
INFO:root:Output 16119 pixels and 4719 anchors
INFO:root:Read 99054 pixels, forming 2 batches.
INFO:root:Read 2 batches ((99054, 15906))
INFO:root:Output 98760 pixels and 28672 anchors
INFO:root:Read 95925 pixels, forming 2 batches.
INFO:root:Read 2 batches ((95925, 15906))
INFO:root:Output 95592 pixels and 27885 anchors
INFO:root:Read 57717 pixels, forming 2 batches.
INFO:root:Read 2 batches ((57717, 15906))
INFO:root:Output 60032 pixels and 16731 anchors
INFO:root:Read 31003 pixels, forming 1 batches.
INFO:root:Read 1 batches ((31003, 15906))
INFO:root:Output 30955 pixels and 9009 anchors
INFO:root:Read 103534 pixels, forming 2 batches.
INFO:root:Read 2 batches ((103534, 15906))
INFO:root:Output 107327 pixels and 29959 anchors
INFO:root:Read 67026 pixels, forming 1 batches.
INFO:root:Read 1 batches ((67026, 15906))
INFO:root:Output 66805 pixels and 19448 anchors
INFO:root:Read 66027 pixels, forming 1 batches.
INFO:root:Read 1 batches ((66027, 15906))
INFO:root:Output 66027 pixels and 19584 anchors
INFO:root:Read 21192 pixels, forming 1 batches.
INFO:root:Read 1 batches ((21192, 15906))
INFO:root:Output 21104 pixels and 6503 anchors
INFO:root:Read 110271 pixels, forming 2 batches.
INFO:root:Read 2 batches ((110271, 15906))
INFO:root:Output 115145 pixels and 32461 anchors
INFO:root:Read 61056 pixels, forming 2 batches.
INFO:root:Read 2 batches ((61056, 15906))
INFO:root:Output 61024 pixels and 19768 anchors
INFO:root:Read 129233 pixels, forming 2 batches.
INFO:root:Read 2 batches ((129233, 15906))
INFO:root:Output 128896 pixels and 41578 anchors
INFO:root:Read 21018 pixels, forming 1 batches.
INFO:root:Read 1 batches ((21018, 15906))
INFO:root:Output 20910 pixels and 6077 anchors
INFO:root:Read 98407 pixels, forming 2 batches.
INFO:root:Read 2 batches ((98407, 15906))
INFO:root:Output 98084 pixels and 29590 anchors
INFO:root:Read 79339 pixels, forming 2 batches.
INFO:root:Read 2 batches ((79339, 15906))
INFO:root:Output 83262 pixels and 23046 anchors
INFO:root:Read 67868 pixels, forming 1 batches.
INFO:root:Read 1 batches ((67868, 15906))
INFO:root:Output 67615 pixels and 19519 anchors
INFO:root:Read 67748 pixels, forming 1 batches.
INFO:root:Read 1 batches ((67748, 15906))
INFO:root:Output 67724 pixels and 19656 anchors
INFO:root:Read 35486 pixels, forming 1 batches.
INFO:root:Read 1 batches ((35486, 15906))
INFO:root:Output 35350 pixels and 10225 anchors
INFO:root:Read 70845 pixels, forming 2 batches.
INFO:root:Read 2 batches ((70845, 15906))
INFO:root:Output 70633 pixels and 20521 anchors
INFO:root:Read 95725 pixels, forming 2 batches.
INFO:root:Read 2 batches ((95725, 15906))
INFO:root:Output 99517 pixels and 28087 anchors
INFO:root:Read 69311 pixels, forming 2 batches.
INFO:root:Read 2 batches ((69311, 15906))
INFO:root:Output 69094 pixels and 20520 anchors
INFO:root:Read 98001 pixels, forming 2 batches.
INFO:root:Read 2 batches ((98001, 15906))
INFO:root:Output 97689 pixels and 28814 anchors
INFO:root:Read 98808 pixels, forming 2 batches.
INFO:root:Read 2 batches ((98808, 15906))
INFO:root:Output 103084 pixels and 28987 anchors
INFO:root:Read 39631 pixels, forming 1 batches.
INFO:root:Read 1 batches ((39631, 15906))
INFO:root:Output 39513 pixels and 11798 anchors
INFO:root:Read 93023 pixels, forming 2 batches.
INFO:root:Read 2 batches ((93023, 15906))
INFO:root:Output 92711 pixels and 29668 anchors
INFO:root:Read 2316 pixels, forming 1 batches.
INFO:root:Read 1 batches ((2316, 15906))
INFO:root:Output 2302 pixels and 715 anchors
INFO:root:Read 125389 pixels, forming 2 batches.
INFO:root:Read 2 batches ((125389, 15906))
INFO:root:Output 132970 pixels and 37070 anchors
INFO:root:Read 276 pixels, forming 1 batches.
INFO:root:Read 1 batches ((276, 15906))
INFO:root:Output 245 pixels and 143 anchors
INFO:root:Read 81291 pixels, forming 2 batches.
INFO:root:Read 2 batches ((81291, 15906))
INFO:root:Output 81055 pixels and 23523 anchors
INFO:root:Read 114261 pixels, forming 2 batches.
INFO:root:Read 2 batches ((114261, 15906))
INFO:root:Output 120089 pixels and 33021 anchors
INFO:root:Read 9111 pixels, forming 1 batches.
INFO:root:Read 1 batches ((9111, 15906))
INFO:root:Output 9024 pixels and 2627 anchors
INFO:root:Read 121234 pixels, forming 2 batches.
INFO:root:Read 2 batches ((121234, 15906))
INFO:root:Output 127914 pixels and 35149 anchors
INFO:root:Read 65091 pixels, forming 1 batches.
INFO:root:Read 1 batches ((65091, 15906))
INFO:root:Output 64865 pixels and 18804 anchors
INFO:root:Read 64140 pixels, forming 1 batches.
INFO:root:Read 1 batches ((64140, 15906))
INFO:root:Output 63941 pixels and 18804 anchors
INFO:root:Read 35355 pixels, forming 1 batches.
INFO:root:Read 1 batches ((35355, 15906))
INFO:root:Output 35212 pixels and 10296 anchors
INFO:root:Read 93900 pixels, forming 2 batches.
INFO:root:Read 2 batches ((93900, 15906))
INFO:root:Output 97204 pixels and 27384 anchors
INFO:root:Read 62889 pixels, forming 1 batches.
INFO:root:Read 1 batches ((62889, 15906))
INFO:root:Output 62706 pixels and 18726 anchors
INFO:root:Read 62987 pixels, forming 1 batches.
INFO:root:Read 1 batches ((62987, 15906))
INFO:root:Output 62748 pixels and 19849 anchors
INFO:root:Read 25870 pixels, forming 1 batches.
INFO:root:Read 1 batches ((25870, 15906))
INFO:root:Output 25796 pixels and 7507 anchors
INFO:root:Read 108429 pixels, forming 2 batches.
INFO:root:Read 2 batches ((108429, 15906))
INFO:root:Output 113224 pixels and 31532 anchors
INFO:root:Read 67464 pixels, forming 1 batches.
INFO:root:Read 1 batches ((67464, 15906))
INFO:root:Output 67262 pixels and 19448 anchors
INFO:root:Read 67560 pixels, forming 1 batches.
INFO:root:Read 1 batches ((67560, 15906))
INFO:root:Output 67296 pixels and 19448 anchors
INFO:root:Read 67576 pixels, forming 1 batches.
INFO:root:Read 1 batches ((67576, 15906))
INFO:root:Output 67344 pixels and 19448 anchors
INFO:root:Read 2869 pixels, forming 1 batches.
INFO:root:Read 1 batches ((2869, 15906))
INFO:root:Output 2812 pixels and 852 anchors
INFO:root:Read 83694 pixels, forming 2 batches.
INFO:root:Read 2 batches ((83694, 15906))
INFO:root:Output 83428 pixels and 24167 anchors
INFO:root:Read 115305 pixels, forming 2 batches.
INFO:root:Read 2 batches ((115305, 15906))
INFO:root:Output 121141 pixels and 33462 anchors
INFO:root:Read 67429 pixels, forming 1 batches.
INFO:root:Read 1 batches ((67429, 15906))
INFO:root:Output 67270 pixels and 19448 anchors
INFO:root:Read 67509 pixels, forming 1 batches.
INFO:root:Read 1 batches ((67509, 15906))
INFO:root:Output 67266 pixels and 19448 anchors
INFO:root:Read 2279 pixels, forming 1 batches.
INFO:root:Read 1 batches ((2279, 15906))
INFO:root:Output 2265 pixels and 715 anchors
INFO:root:Read 77916 pixels, forming 2 batches.
INFO:root:Read 2 batches ((77916, 15906))
INFO:root:Output 77822 pixels and 22637 anchors
INFO:root:Read 131768 pixels, forming 3 batches.
INFO:root:Read 3 batches ((131768, 15906))
INFO:root:Output 137972 pixels and 38467 anchors
INFO:root:Read 123051 pixels, forming 2 batches.
INFO:root:Read 2 batches ((123051, 15906))
INFO:root:Output 122829 pixels and 38409 anchors
INFO:root:Read 67906 pixels, forming 1 batches.
INFO:root:Read 1 batches ((67906, 15906))
INFO:root:Output 67728 pixels and 19520 anchors
INFO:root:Read 67905 pixels, forming 1 batches.
INFO:root:Read 1 batches ((67905, 15906))
INFO:root:Output 67651 pixels and 19520 anchors
INFO:root:Read 21666 pixels, forming 1 batches.
INFO:root:Read 1 batches ((21666, 15906))
INFO:root:Output 21563 pixels and 6220 anchors
INFO:root:Read 106075 pixels, forming 2 batches.
INFO:root:Read 2 batches ((106075, 15906))
INFO:root:Output 105864 pixels and 30667 anchors
INFO:root:Read 60659 pixels, forming 2 batches.
INFO:root:Read 2 batches ((60659, 15906))
INFO:root:Output 60459 pixels and 17589 anchors
INFO:root:Read 82789 pixels, forming 2 batches.
INFO:root:Read 2 batches ((82789, 15906))
INFO:root:Output 86313 pixels and 24060 anchors
INFO:root:Read 44553 pixels, forming 1 batches.
INFO:root:Read 1 batches ((44553, 15906))
INFO:root:Output 44363 pixels and 12870 anchors
INFO:root:Read 90953 pixels, forming 2 batches.
INFO:root:Read 2 batches ((90953, 15906))
INFO:root:Output 93393 pixels and 26241 anchors
INFO:root:Read 11176 pixels, forming 1 batches.
INFO:root:Read 1 batches ((11176, 15906))
INFO:root:Output 11150 pixels and 3289 anchors
INFO:root:Read 124462 pixels, forming 2 batches.
INFO:root:Read 2 batches ((124462, 15906))
INFO:root:Output 131176 pixels and 35958 anchors
INFO:root:Read 82225 pixels, forming 2 batches.
INFO:root:Read 2 batches ((82225, 15906))
INFO:root:Output 81958 pixels and 24577 anchors
INFO:root:Read 113636 pixels, forming 2 batches.
INFO:root:Read 2 batches ((113636, 15906))
INFO:root:Output 119349 pixels and 36720 anchors
INFO:root:Read 28540 pixels, forming 1 batches.
INFO:root:Read 1 batches ((28540, 15906))
INFO:root:Output 28377 pixels and 8223 anchors
INFO:root:Read 104615 pixels, forming 2 batches.
INFO:root:Read 2 batches ((104615, 15906))
INFO:root:Output 108825 pixels and 30173 anchors
INFO:root:Read 7512 pixels, forming 1 batches.
INFO:root:Read 1 batches ((7512, 15906))
INFO:root:Output 7512 pixels and 2216 anchors
INFO:root:Read 89933 pixels, forming 2 batches.
INFO:root:Read 2 batches ((89933, 15906))
INFO:root:Output 89841 pixels and 26088 anchors
INFO:root:Read 102289 pixels, forming 2 batches.
INFO:root:Read 2 batches ((102289, 15906))
INFO:root:Output 107032 pixels and 29458 anchors
INFO:root:Read 24494 pixels, forming 1 batches.
INFO:root:Read 1 batches ((24494, 15906))
INFO:root:Output 24447 pixels and 7079 anchors
INFO:root:Read 108721 pixels, forming 2 batches.
INFO:root:Read 2 batches ((108721, 15906))
INFO:root:Output 113774 pixels and 31451 anchors
INFO:root:Read 66682 pixels, forming 1 batches.
INFO:root:Read 1 batches ((66682, 15906))
INFO:root:Output 66482 pixels and 19162 anchors
INFO:root:Read 17509 pixels, forming 1 batches.
INFO:root:Read 1 batches ((17509, 15906))
INFO:root:Output 17476 pixels and 5076 anchors
INFO:root:Read 115871 pixels, forming 2 batches.
INFO:root:Read 2 batches ((115871, 15906))
INFO:root:Output 121736 pixels and 33453 anchors
INFO:root:Read 66194 pixels, forming 1 batches.
INFO:root:Read 1 batches ((66194, 15906))
INFO:root:Output 65993 pixels and 19162 anchors
INFO:root:Read 110861 pixels, forming 2 batches.
INFO:root:Read 2 batches ((110861, 15906))
INFO:root:Output 118309 pixels and 35682 anchors
INFO:root:Read 34583 pixels, forming 1 batches.
INFO:root:Read 1 batches ((34583, 15906))
INFO:root:Output 34495 pixels and 10010 anchors
INFO:root:Read 77227 pixels, forming 2 batches.
INFO:root:Read 2 batches ((77227, 15906))
INFO:root:Output 76952 pixels and 25139 anchors
INFO:root:Read 81732 pixels, forming 2 batches.
INFO:root:Read 2 batches ((81732, 15906))
INFO:root:Output 85375 pixels and 23771 anchors
INFO:root:Read 29338 pixels, forming 1 batches.
INFO:root:Read 1 batches ((29338, 15906))
INFO:root:Output 29267 pixels and 8580 anchors
INFO:root:Read 98457 pixels, forming 2 batches.
INFO:root:Read 2 batches ((98457, 15906))
INFO:root:Output 102290 pixels and 28957 anchors
INFO:root:Read 12866 pixels, forming 1 batches.
INFO:root:Read 1 batches ((12866, 15906))
INFO:root:Output 12833 pixels and 3789 anchors
INFO:root:Read 80077 pixels, forming 2 batches.
INFO:root:Read 2 batches ((80077, 15906))
INFO:root:Output 79774 pixels and 23237 anchors
INFO:root:Read 101380 pixels, forming 2 batches.
INFO:root:Read 2 batches ((101380, 15906))
INFO:root:Output 106793 pixels and 29315 anchors
INFO:root:Read 64602 pixels, forming 1 batches.
INFO:root:Read 1 batches ((64602, 15906))
INFO:root:Output 64368 pixels and 18733 anchors
INFO:root:Read 27867 pixels, forming 1 batches.
INFO:root:Read 1 batches ((27867, 15906))
INFO:root:Output 27825 pixels and 8151 anchors
INFO:root:Read 101393 pixels, forming 2 batches.
INFO:root:Read 2 batches ((101393, 15906))
INFO:root:Output 105199 pixels and 29386 anchors
INFO:root:Read 111513 pixels, forming 2 batches.
INFO:root:Read 2 batches ((111513, 15906))
INFO:root:Output 111140 pixels and 36108 anchors
INFO:root:Read 86803 pixels, forming 3 batches.
INFO:root:Read 3 batches ((86803, 15906))
INFO:root:Output 86782 pixels and 27201 anchors
INFO:root:Read 60245 pixels, forming 2 batches.
INFO:root:Read 2 batches ((60245, 15906))
INFO:root:Output 59961 pixels and 21081 anchors
INFO:root:Read 70182 pixels, forming 2 batches.
INFO:root:Read 2 batches ((70182, 15906))
INFO:root:Output 70052 pixels and 20449 anchors
INFO:root:Read 110163 pixels, forming 2 batches.
INFO:root:Read 2 batches ((110163, 15906))
INFO:root:Output 114845 pixels and 31960 anchors
INFO:root:Read 41889 pixels, forming 1 batches.
INFO:root:Read 1 batches ((41889, 15906))
INFO:root:Output 41723 pixels and 12155 anchors
INFO:root:Read 74156 pixels, forming 2 batches.
INFO:root:Read 2 batches ((74156, 15906))
INFO:root:Output 73807 pixels and 21521 anchors
INFO:root:Read 94064 pixels, forming 2 batches.
INFO:root:Read 2 batches ((94064, 15906))
INFO:root:Output 96963 pixels and 27170 anchors
INFO:root:Read 9149 pixels, forming 1 batches.
INFO:root:Read 1 batches ((9149, 15906))
INFO:root:Output 9115 pixels and 2717 anchors
INFO:root:Read 130807 pixels, forming 2 batches.
INFO:root:Read 2 batches ((130807, 15906))
INFO:root:Output 137963 pixels and 37947 anchors
INFO:root:Read 69937 pixels, forming 1 batches.
INFO:root:Read 1 batches ((69937, 15906))
INFO:root:Output 69789 pixels and 20234 anchors
INFO:root:Read 69700 pixels, forming 1 batches.
INFO:root:Read 1 batches ((69700, 15906))
INFO:root:Output 69475 pixels and 20234 anchors
INFO:root:Read 79741 pixels, forming 2 batches.
INFO:root:Read 2 batches ((79741, 15906))
INFO:root:Output 82622 pixels and 27807 anchors
INFO:root:Read 122271 pixels, forming 3 batches.
INFO:root:Read 3 batches ((122271, 15906))
INFO:root:Output 123814 pixels and 40670 anchors
INFO:root:Read 36067 pixels, forming 1 batches.
INFO:root:Read 1 batches ((36067, 15906))
INFO:root:Output 35996 pixels and 10510 anchors
INFO:root:Read 97720 pixels, forming 2 batches.
INFO:root:Read 2 batches ((97720, 15906))
INFO:root:Output 101433 pixels and 28593 anchors
INFO:root:Read 67435 pixels, forming 1 batches.
INFO:root:Read 1 batches ((67435, 15906))
INFO:root:Output 67236 pixels and 19448 anchors
INFO:root:Read 67418 pixels, forming 1 batches.
INFO:root:Read 1 batches ((67418, 15906))
INFO:root:Output 67418 pixels and 19584 anchors
INFO:root:Read 67328 pixels, forming 1 batches.
INFO:root:Read 1 batches ((67328, 15906))
INFO:root:Output 67206 pixels and 19448 anchors
INFO:root:Read 6216 pixels, forming 1 batches.
INFO:root:Read 1 batches ((6216, 15906))
INFO:root:Output 6191 pixels and 1859 anchors
INFO:root:Read 127786 pixels, forming 2 batches.
INFO:root:Read 2 batches ((127786, 15906))
INFO:root:Output 135040 pixels and 37232 anchors
INFO:root:Read 43981 pixels, forming 1 batches.
INFO:root:Read 1 batches ((43981, 15906))
INFO:root:Output 43879 pixels and 12941 anchors
INFO:root:Read 96936 pixels, forming 2 batches.
INFO:root:Read 2 batches ((96936, 15906))
INFO:root:Output 96657 pixels and 28171 anchors
INFO:root:Read 46012 pixels, forming 2 batches.
INFO:root:Read 2 batches ((46012, 15906))
INFO:root:Output 45860 pixels and 13943 anchors
INFO:root:Read 82115 pixels, forming 3 batches.
INFO:root:Read 3 batches ((82115, 15906))
INFO:root:Output 86431 pixels and 25335 anchors
INFO:root:Read 115029 pixels, forming 3 batches.
INFO:root:Read 3 batches ((115029, 15906))
INFO:root:Output 119231 pixels and 39209 anchors
INFO:root:Read 66809 pixels, forming 2 batches.
INFO:root:Read 2 batches ((66809, 15906))
INFO:root:Output 66699 pixels and 21195 anchors
INFO:root:Read 14740 pixels, forming 1 batches.
INFO:root:Read 1 batches ((14740, 15906))
INFO:root:Output 14671 pixels and 4290 anchors
INFO:root:Read 74035 pixels, forming 2 batches.
INFO:root:Read 2 batches ((74035, 15906))
INFO:root:Output 73814 pixels and 21450 anchors
INFO:root:Read 99410 pixels, forming 2 batches.
INFO:root:Read 2 batches ((99410, 15906))
INFO:root:Output 105135 pixels and 28768 anchors
INFO:root:Read 61566 pixels, forming 1 batches.
INFO:root:Read 1 batches ((61566, 15906))
INFO:root:Output 61368 pixels and 18071 anchors
INFO:root:Read 46225 pixels, forming 1 batches.
INFO:root:Read 1 batches ((46225, 15906))
INFO:root:Output 46061 pixels and 13514 anchors
INFO:root:Read 77273 pixels, forming 2 batches.
INFO:root:Read 2 batches ((77273, 15906))
INFO:root:Output 78919 pixels and 22716 anchors
INFO:root:Read 23682 pixels, forming 1 batches.
INFO:root:Read 1 batches ((23682, 15906))
INFO:root:Output 23569 pixels and 7007 anchors
INFO:root:Read 100023 pixels, forming 2 batches.
INFO:root:Read 2 batches ((100023, 15906))
INFO:root:Output 104033 pixels and 29244 anchors
INFO:root:Read 89782 pixels, forming 3 batches.
INFO:root:Read 3 batches ((89782, 15906))
INFO:root:Output 94531 pixels and 31198 anchors
INFO:root:Read 98393 pixels, forming 2 batches.
INFO:root:Read 2 batches ((98393, 15906))
INFO:root:Output 97957 pixels and 30677 anchors
INFO:root:Read 28626 pixels, forming 1 batches.
INFO:root:Read 1 batches ((28626, 15906))
INFO:root:Output 28554 pixels and 8580 anchors
INFO:root:Read 38617 pixels, forming 2 batches.
INFO:root:Read 2 batches ((38617, 15906))
INFO:root:Output 38416 pixels and 11758 anchors
INFO:root:Read 64404 pixels, forming 2 batches.
INFO:root:Read 2 batches ((64404, 15906))
INFO:root:Output 64295 pixels and 19091 anchors
INFO:root:Read 113665 pixels, forming 2 batches.
INFO:root:Read 2 batches ((113665, 15906))
INFO:root:Output 118909 pixels and 33462 anchors
INFO:root:Read 70565 pixels, forming 1 batches.
INFO:root:Read 1 batches ((70565, 15906))
INFO:root:Output 70395 pixels and 20663 anchors
INFO:root:Read 7712 pixels, forming 1 batches.
INFO:root:Read 1 batches ((7712, 15906))
INFO:root:Output 7681 pixels and 2288 anchors
INFO:root:Read 89176 pixels, forming 2 batches.
INFO:root:Read 2 batches ((89176, 15906))
INFO:root:Output 88867 pixels and 26169 anchors
INFO:root:Read 114423 pixels, forming 2 batches.
INFO:root:Read 2 batches ((114423, 15906))
INFO:root:Output 119985 pixels and 33677 anchors
INFO:root:Read 69649 pixels, forming 1 batches.
INFO:root:Read 1 batches ((69649, 15906))
INFO:root:Output 69401 pixels and 20664 anchors
INFO:root:Read 178271 pixels, forming 3 batches.
INFO:root:Read 3 batches ((178271, 15906))
INFO:root:Output 191519 pixels and 59453 anchors
INFO:root:Read 14787 pixels, forming 1 batches.
INFO:root:Read 1 batches ((14787, 15906))
INFO:root:Output 14771 pixels and 4525 anchors
INFO:root:Read 68652 pixels, forming 2 batches.
INFO:root:Read 2 batches ((68652, 15906))
INFO:root:Output 68236 pixels and 21525 anchors
INFO:root:Read 67342 pixels, forming 2 batches.
INFO:root:Read 2 batches ((67342, 15906))
INFO:root:Output 72503 pixels and 20031 anchors
INFO:root:Read 29333 pixels, forming 1 batches.
INFO:root:Read 1 batches ((29333, 15906))
INFO:root:Output 29214 pixels and 8926 anchors
INFO:root:Read 104204 pixels, forming 2 batches.
INFO:root:Read 2 batches ((104204, 15906))
INFO:root:Output 108677 pixels and 32257 anchors
INFO:root:Read 68517 pixels, forming 1 batches.
INFO:root:Read 1 batches ((68517, 15906))
INFO:root:Output 68368 pixels and 20519 anchors
INFO:root:Read 11078 pixels, forming 1 batches.
INFO:root:Read 1 batches ((11078, 15906))
INFO:root:Output 11013 pixels and 3361 anchors
INFO:root:Read 120706 pixels, forming 2 batches.
INFO:root:Read 2 batches ((120706, 15906))
INFO:root:Output 126203 pixels and 36747 anchors
INFO:root:Read 58447 pixels, forming 1 batches.
INFO:root:Read 1 batches ((58447, 15906))
INFO:root:Output 58244 pixels and 18137 anchors
INFO:root:Read 139230 pixels, forming 4 batches.
INFO:root:Read 4 batches ((139230, 15906))
INFO:root:Output 140868 pixels and 45956 anchors
INFO:root:Read 188000 pixels, forming 4 batches.
INFO:root:Read 4 batches ((188000, 15906))
INFO:root:Output 199059 pixels and 68552 anchors
INFO:root:Read 77938 pixels, forming 4 batches.
INFO:root:Read 4 batches ((77938, 15906))
INFO:root:Output 83808 pixels and 25343 anchors
INFO:root:Read 39603 pixels, forming 11 batches.
INFO:root:Read 11 batches ((39603, 15906))
INFO:root:Output 41636 pixels and 13923 anchors
INFO:root:Read 1950 pixels, forming 1 batches.
INFO:root:Read 1 batches ((1950, 15906))
INFO:root:Output 1950 pixels and 784 anchors
bash /dcs05/lieber/marmaypag/xenium_NAC_LIBD4125/xenium_NAC/processed-data/HD_Full_Analysis/FICTURE/outputs/H1-XKYDCP3_A1/nF_8/sort_decode.sh /dcs05/lieber/marmaypag/xenium_NAC_LIBD4125/xenium_NAC/processed-data/HD_Full_Analysis/FICTURE/outputs/H1-XKYDCP3_A1/nF_8/analysis/nF8.d_12/nF8.d_12.decode.prj_12.r_4_5.pixel.tsv.gz /dcs05/lieber/marmaypag/xenium_NAC_LIBD4125/xenium_NAC/processed-data/HD_Full_Analysis/FICTURE/outputs/H1-XKYDCP3_A1/nF_8/analysis/nF8.d_12/nF8.d_12.decode.prj_12.r_4_5.pixel.sorted.tsv.gz /dcs05/lieber/marmaypag/xenium_NAC_LIBD4125/xenium_NAC/processed-data/HD_Full_Analysis/FICTURE/inputs/H1-XKYDCP3_A1/minmax.tsv nF8.d_12 100 100 3 gzip
3354.848, 10087.483; 1404.447, 8137.415
ficture de_bulk --input /dcs05/lieber/marmaypag/xenium_NAC_LIBD4125/xenium_NAC/processed-data/HD_Full_Analysis/FICTURE/outputs/H1-XKYDCP3_A1/nF_8/analysis/nF8.d_12/nF8.d_12.decode.prj_12.r_4_5.posterior.count.tsv.gz --output /dcs05/lieber/marmaypag/xenium_NAC_LIBD4125/xenium_NAC/processed-data/HD_Full_Analysis/FICTURE/outputs/H1-XKYDCP3_A1/nF_8/analysis/nF8.d_12/nF8.d_12.decode.prj_12.r_4_5.bulk_chisq.tsv --min_ct_per_feature 20 --max_pval_output 0.001 --min_fold_output 1.5
/jhpce/shared/libd/core/visium_hd/1.0/hd_env/lib/python3.9/site-packages/ficture/scripts/de_bulk.py:117: RuntimeWarning: divide by zero encountered in scalar divide
  fd=tab[0,0]/total_k[k]/tab[0,1]*(total_umi-total_k[k])
Read posterior count over 15906 genes and 8 factors
Testing 15906 genes over 8 factors
ficture factor_report --path /dcs05/lieber/marmaypag/xenium_NAC_LIBD4125/xenium_NAC/processed-data/HD_Full_Analysis/FICTURE/outputs/H1-XKYDCP3_A1/nF_8/analysis/nF8.d_12 --pref nF8.d_12.decode.prj_12.r_4_5 --color_table /dcs05/lieber/marmaypag/xenium_NAC_LIBD4125/xenium_NAC/processed-data/HD_Full_Analysis/FICTURE/outputs/H1-XKYDCP3_A1/nF_8/analysis/nF8.d_12/figure/nF8.d_12.rgb.tsv
['0' '1' '2' '3' '4' '5' '6' '7']
/dcs05/lieber/marmaypag/xenium_NAC_LIBD4125/xenium_NAC/processed-data/HD_Full_Analysis/FICTURE/outputs/H1-XKYDCP3_A1/nF_8/analysis/nF8.d_12/nF8.d_12.decode.prj_12.r_4_5.factor.info.html
ficture plot_pixel_full --input /dcs05/lieber/marmaypag/xenium_NAC_LIBD4125/xenium_NAC/processed-data/HD_Full_Analysis/FICTURE/outputs/H1-XKYDCP3_A1/nF_8/analysis/nF8.d_12/nF8.d_12.decode.prj_12.r_4_5.pixel.sorted.tsv.gz --color_table /dcs05/lieber/marmaypag/xenium_NAC_LIBD4125/xenium_NAC/processed-data/HD_Full_Analysis/FICTURE/outputs/H1-XKYDCP3_A1/nF_8/analysis/nF8.d_12/figure/nF8.d_12.rgb.tsv --output /dcs05/lieber/marmaypag/xenium_NAC_LIBD4125/xenium_NAC/processed-data/HD_Full_Analysis/FICTURE/outputs/H1-XKYDCP3_A1/nF_8/analysis/nF8.d_12/figure/nF8.d_12.decode.prj_12.r_4_5.pixel.png --plot_um_per_pixel 0.5 --full
07:22:41 PM Background color 000000
07:22:41 PM Read color table (8)
07:22:41 PM Read header {'K': 8, 'TOPK': 3, 'BLOCK_SIZE': 2000, 'BLOCK_AXIS': 'X', 'INDEX_AXIS': 'Y', 'OFFSET_X': 3354.848, 'OFFSET_Y': 1404.447, 'SIZE_X': 6734, 'SIZE_Y': 6734, 'SCALE': 100}
07:22:41 PM Image size 13470 x 13470
07:22:43 PM Reading pixels... 3999, 3500, 887151
07:22:45 PM Reading pixels... 3999, 7276, 877638
07:22:46 PM Reading pixels... 3999, 10452, 882308
07:22:48 PM Reading pixels... 7999, 1197, 888223
07:22:49 PM Reading pixels... 7999, 4929, 876737
07:22:51 PM Reading pixels... 7999, 8141, 878773
07:22:52 PM Reading pixels... 7999, 12001, 856752
07:22:54 PM Reading pixels... 11999, 2006, 883064
07:22:56 PM Reading pixels... 11999, 5858, 863600
07:22:57 PM Reading pixels... 11999, 9550, 861911
07:22:59 PM Reading pixels... 13443, 2021, 875672
07:23:00 PM Reading pixels... 13443, 4333, 713578
07:23:02 PM Finished
/dcs05/lieber/marmaypag/xenium_NAC_LIBD4125/xenium_NAC/processed-data/HD_Full_Analysis/FICTURE/outputs/H1-XKYDCP3_A1/nF_8/analysis/nF8.d_12/figure/nF8.d_12.decode.prj_12.r_4_5.pixel.png
Index(['0', '1', '2', '3', '4', '5', '6', '7'], dtype='object', name='Name')
['BLOCK', 'X', 'Y', 'K1', 'K2', 'K3', 'P1', 'P2', 'P3']
touch /dcs05/lieber/marmaypag/xenium_NAC_LIBD4125/xenium_NAC/processed-data/HD_Full_Analysis/FICTURE/outputs/H1-XKYDCP3_A1/nF_8/analysis/nF8.d_12/nF8.d_12.decode.prj_12.r_4_5.done
Finished nFactor=8 for H1-XKYDCP3_A1
Fri Mar  6 07:23:03 PM EST 2026
--------------------------------------------------------------
Running FICTURE with nFactor=12 for H1-XKYDCP3_A1
--------------------------------------------------------------
Fri Mar  6 07:23:03 PM EST 2026
--------------------------------------------------------------
Creating minibatch from /dcs05/lieber/marmaypag/xenium_NAC_LIBD4125/xenium_NAC/processed-data/HD_Full_Analysis/FICTURE/inputs/H1-XKYDCP3_A1/transcripts.sorted.tsv.gz...
--------------------------------------------------------------
ficture make_spatial_minibatch --input /dcs05/lieber/marmaypag/xenium_NAC_LIBD4125/xenium_NAC/processed-data/HD_Full_Analysis/FICTURE/inputs/H1-XKYDCP3_A1/transcripts.sorted.tsv.gz --output /dcs05/lieber/marmaypag/xenium_NAC_LIBD4125/xenium_NAC/processed-data/HD_Full_Analysis/FICTURE/outputs/H1-XKYDCP3_A1/nF_12/batched.matrix.tsv --mu_scale 1.0 --batch_size 500 --batch_buff 30 --major_axis X
INFO:root:Random seed 1772842983.6681921
INFO:root:Read blocks of pixels: 87.25 x 6698.29
INFO:root:Read blocks of pixels: 144.78 x 6698.60
INFO:root:Read blocks of pixels: 211.75 x 6698.94
INFO:root:Read blocks of pixels: 277.69 x 6699.29
INFO:root:Read blocks of pixels: 343.16 x 6699.64
INFO:root:Read blocks of pixels: 417.34 x 6700.03
INFO:root:Read blocks of pixels: 482.22 x 6700.38
INFO:root:Read blocks of pixels: 551.36 x 6700.73
INFO:root:Output region (552.36, 501.00) (3353.8, 3906.2) x (1403.4, 1904.4)
INFO:root:Output region (552.36, 500.00) (3353.8, 3906.2) x (1874.4, 2374.4)
INFO:root:Output region (552.36, 500.00) (3353.8, 3906.2) x (2344.4, 2844.4)
INFO:root:Output region (552.36, 500.00) (3353.8, 3906.2) x (2814.4, 3314.4)
INFO:root:Output region (552.36, 500.00) (3353.8, 3906.2) x (3284.4, 3784.4)
INFO:root:Output region (552.36, 500.00) (3353.8, 3906.2) x (3754.4, 4254.4)
INFO:root:Output region (552.36, 500.00) (3353.8, 3906.2) x (4224.4, 4724.4)
INFO:root:Output region (552.36, 500.00) (3353.8, 3906.2) x (4694.4, 5194.4)
INFO:root:Output region (552.36, 500.00) (3353.8, 3906.2) x (5164.4, 5664.4)
INFO:root:Output region (552.36, 500.00) (3353.8, 3906.2) x (5634.4, 6134.4)
INFO:root:Output region (552.36, 500.00) (3353.8, 3906.2) x (6104.4, 6604.4)
INFO:root:Output region (552.36, 500.00) (3353.8, 3906.2) x (6574.4, 7074.4)
INFO:root:Output region (552.36, 500.00) (3353.8, 3906.2) x (7044.4, 7544.4)
INFO:root:Output region (552.36, 590.73) (3353.8, 3906.2) x (7514.4, 8105.2)
INFO:root:Left over size 427691 (427691, 30.00)
INFO:root:Read blocks of pixels: 96.47 x 6698.53
INFO:root:Read blocks of pixels: 153.56 x 6698.84
INFO:root:Read blocks of pixels: 205.14 x 6699.11
INFO:root:Read blocks of pixels: 258.53 x 6699.39
INFO:root:Read blocks of pixels: 318.10 x 6699.70
INFO:root:Read blocks of pixels: 373.47 x 6700.00
INFO:root:Read blocks of pixels: 431.93 x 6700.30
INFO:root:Read blocks of pixels: 487.20 x 6700.60
INFO:root:Read blocks of pixels: 541.15 x 6700.88
INFO:root:Output region (542.15, 501.00) (3875.2, 4417.4) x (1406.0, 1907.0)
INFO:root:Output region (542.15, 500.00) (3875.2, 4417.4) x (1877.0, 2377.0)
INFO:root:Output region (542.15, 500.00) (3875.2, 4417.4) x (2347.0, 2847.0)
INFO:root:Output region (542.15, 500.00) (3875.2, 4417.4) x (2817.0, 3317.0)
INFO:root:Output region (542.15, 500.00) (3875.2, 4417.4) x (3287.0, 3787.0)
INFO:root:Output region (542.15, 500.00) (3875.2, 4417.4) x (3757.0, 4257.0)
INFO:root:Output region (542.15, 500.00) (3875.2, 4417.4) x (4227.0, 4727.0)
INFO:root:Output region (542.15, 500.00) (3875.2, 4417.4) x (4697.0, 5197.0)
INFO:root:Output region (542.15, 500.00) (3875.2, 4417.4) x (5167.0, 5667.0)
INFO:root:Output region (542.15, 500.00) (3875.2, 4417.4) x (5637.0, 6137.0)
INFO:root:Output region (542.15, 500.00) (3875.2, 4417.4) x (6107.0, 6607.0)
INFO:root:Output region (542.15, 500.00) (3875.2, 4417.4) x (6577.0, 7077.0)
INFO:root:Output region (542.15, 500.00) (3875.2, 4417.4) x (7047.0, 7547.0)
INFO:root:Output region (542.15, 590.88) (3875.2, 4417.4) x (7517.0, 8107.9)
INFO:root:Left over size 527003 (527003, 30.00)
INFO:root:Read blocks of pixels: 88.03 x 6698.53
INFO:root:Read blocks of pixels: 148.77 x 6698.84
INFO:root:Read blocks of pixels: 204.31 x 6699.13
INFO:root:Read blocks of pixels: 256.66 x 6699.41
INFO:root:Read blocks of pixels: 321.30 x 6699.74
INFO:root:Read blocks of pixels: 379.99 x 6700.06
INFO:root:Read blocks of pixels: 435.78 x 6700.34
INFO:root:Read blocks of pixels: 488.80 x 6700.63
INFO:root:Read blocks of pixels: 544.09 x 6700.92
INFO:root:Output region (545.09, 501.00) (4386.4, 4931.4) x (1408.7, 1909.7)
INFO:root:Output region (545.09, 500.00) (4386.4, 4931.4) x (1879.7, 2379.7)
INFO:root:Output region (545.09, 500.00) (4386.4, 4931.4) x (2349.7, 2849.7)
INFO:root:Output region (545.09, 500.00) (4386.4, 4931.4) x (2819.7, 3319.7)
INFO:root:Output region (545.09, 500.00) (4386.4, 4931.4) x (3289.7, 3789.7)
INFO:root:Output region (545.09, 500.00) (4386.4, 4931.4) x (3759.7, 4259.7)
INFO:root:Output region (545.09, 500.00) (4386.4, 4931.4) x (4229.7, 4729.7)
INFO:root:Output region (545.09, 500.00) (4386.4, 4931.4) x (4699.7, 5199.7)
INFO:root:Output region (545.09, 500.00) (4386.4, 4931.4) x (5169.7, 5669.7)
INFO:root:Output region (545.09, 500.00) (4386.4, 4931.4) x (5639.7, 6139.7)
INFO:root:Output region (545.09, 500.00) (4386.4, 4931.4) x (6109.7, 6609.7)
INFO:root:Output region (545.09, 500.00) (4386.4, 4931.4) x (6579.7, 7079.7)
INFO:root:Output region (545.09, 500.00) (4386.4, 4931.4) x (7049.7, 7549.7)
INFO:root:Output region (545.09, 590.92) (4386.4, 4931.4) x (7519.7, 8110.6)
INFO:root:Left over size 566787 (566787, 30.00)
INFO:root:Read blocks of pixels: 87.12 x 6698.52
INFO:root:Read blocks of pixels: 143.57 x 6698.82
INFO:root:Read blocks of pixels: 200.93 x 6699.11
INFO:root:Read blocks of pixels: 257.27 x 6699.41
INFO:root:Read blocks of pixels: 308.66 x 6699.68
INFO:root:Read blocks of pixels: 356.93 x 6699.94
INFO:root:Read blocks of pixels: 401.92 x 6700.17
INFO:root:Read blocks of pixels: 441.88 x 6700.39
INFO:root:Read blocks of pixels: 484.25 x 6700.61
INFO:root:Read blocks of pixels: 524.10 x 6700.82
INFO:root:Output region (525.10, 501.00) (4900.4, 5425.5) x (1411.4, 1912.4)
INFO:root:Output region (525.10, 500.00) (4900.4, 5425.5) x (1882.4, 2382.4)
INFO:root:Output region (525.10, 500.00) (4900.4, 5425.5) x (2352.4, 2852.4)
INFO:root:Output region (525.10, 500.00) (4900.4, 5425.5) x (2822.4, 3322.4)
INFO:root:Output region (525.10, 500.00) (4900.4, 5425.5) x (3292.4, 3792.4)
INFO:root:Output region (525.10, 500.00) (4900.4, 5425.5) x (3762.4, 4262.4)
INFO:root:Output region (525.10, 500.00) (4900.4, 5425.5) x (4232.4, 4732.4)
INFO:root:Output region (525.10, 500.00) (4900.4, 5425.5) x (4702.4, 5202.4)
INFO:root:Output region (525.10, 500.00) (4900.4, 5425.5) x (5172.4, 5672.4)
INFO:root:Output region (525.10, 500.00) (4900.4, 5425.5) x (5642.4, 6142.4)
INFO:root:Output region (525.10, 500.00) (4900.4, 5425.5) x (6112.4, 6612.4)
INFO:root:Output region (525.10, 500.00) (4900.4, 5425.5) x (6582.4, 7082.4)
INFO:root:Output region (525.10, 500.00) (4900.4, 5425.5) x (7052.4, 7552.4)
INFO:root:Output region (525.10, 590.82) (4900.4, 5425.5) x (7522.4, 8113.2)
INFO:root:Left over size 752607 (752607, 30.00)
INFO:root:Read blocks of pixels: 74.16 x 6698.47
INFO:root:Read blocks of pixels: 119.83 x 6698.73
INFO:root:Read blocks of pixels: 166.55 x 6698.97
INFO:root:Read blocks of pixels: 211.02 x 6699.20
INFO:root:Read blocks of pixels: 254.18 x 6699.43
INFO:root:Read blocks of pixels: 303.87 x 6699.68
INFO:root:Read blocks of pixels: 351.11 x 6699.93
INFO:root:Read blocks of pixels: 402.74 x 6700.21
INFO:root:Read blocks of pixels: 451.71 x 6700.47
INFO:root:Read blocks of pixels: 499.57 x 6700.72
INFO:root:Read blocks of pixels: 541.77 x 6700.94
INFO:root:Output region (542.77, 501.00) (5394.6, 5937.3) x (1413.9, 1914.9)
INFO:root:Output region (542.77, 500.00) (5394.6, 5937.3) x (1884.9, 2384.9)
INFO:root:Output region (542.77, 500.00) (5394.6, 5937.3) x (2354.9, 2854.9)
INFO:root:Output region (542.77, 500.00) (5394.6, 5937.3) x (2824.9, 3324.9)
INFO:root:Output region (542.77, 500.00) (5394.6, 5937.3) x (3294.9, 3794.9)
INFO:root:Output region (542.77, 500.00) (5394.6, 5937.3) x (3764.9, 4264.9)
INFO:root:Output region (542.77, 500.00) (5394.6, 5937.3) x (4234.9, 4734.9)
INFO:root:Output region (542.77, 500.00) (5394.6, 5937.3) x (4704.9, 5204.9)
INFO:root:Output region (542.77, 500.00) (5394.6, 5937.3) x (5174.9, 5674.9)
INFO:root:Output region (542.77, 500.00) (5394.6, 5937.3) x (5644.9, 6144.9)
INFO:root:Output region (542.77, 500.00) (5394.6, 5937.3) x (6114.9, 6614.9)
INFO:root:Output region (542.77, 500.00) (5394.6, 5937.3) x (6584.9, 7084.9)
INFO:root:Output region (542.77, 500.00) (5394.6, 5937.3) x (7054.9, 7554.9)
INFO:root:Output region (542.77, 590.94) (5394.6, 5937.3) x (7524.9, 8115.9)
INFO:root:Left over size 681416 (681416, 30.00)
INFO:root:Read blocks of pixels: 77.93 x 6698.54
INFO:root:Read blocks of pixels: 124.91 x 6698.78
INFO:root:Read blocks of pixels: 169.96 x 6699.02
INFO:root:Read blocks of pixels: 214.96 x 6699.25
INFO:root:Read blocks of pixels: 258.95 x 6699.48
INFO:root:Read blocks of pixels: 303.16 x 6699.71
INFO:root:Read blocks of pixels: 347.45 x 6699.96
INFO:root:Read blocks of pixels: 395.12 x 6700.14
INFO:root:Read blocks of pixels: 446.61 x 6700.47
INFO:root:Read blocks of pixels: 496.13 x 6700.73
INFO:root:Read blocks of pixels: 544.44 x 6700.99
INFO:root:Output region (545.44, 501.00) (5906.3, 6451.8) x (1416.6, 1917.6)
INFO:root:Output region (545.44, 500.00) (5906.3, 6451.8) x (1887.6, 2387.6)
INFO:root:Output region (545.44, 500.00) (5906.3, 6451.8) x (2357.6, 2857.6)
INFO:root:Output region (545.44, 500.00) (5906.3, 6451.8) x (2827.6, 3327.6)
INFO:root:Output region (545.44, 500.00) (5906.3, 6451.8) x (3297.6, 3797.6)
INFO:root:Output region (545.44, 500.00) (5906.3, 6451.8) x (3767.6, 4267.6)
INFO:root:Output region (545.44, 500.00) (5906.3, 6451.8) x (4237.6, 4737.6)
INFO:root:Output region (545.44, 500.00) (5906.3, 6451.8) x (4707.6, 5207.6)
INFO:root:Output region (545.44, 500.00) (5906.3, 6451.8) x (5177.6, 5677.6)
INFO:root:Output region (545.44, 500.00) (5906.3, 6451.8) x (5647.6, 6147.6)
INFO:root:Output region (545.44, 500.00) (5906.3, 6451.8) x (6117.6, 6617.6)
INFO:root:Output region (545.44, 500.00) (5906.3, 6451.8) x (6587.6, 7087.6)
INFO:root:Output region (545.44, 500.00) (5906.3, 6451.8) x (7057.6, 7557.6)
INFO:root:Output region (545.44, 590.99) (5906.3, 6451.8) x (7527.6, 8118.6)
INFO:root:Left over size 614954 (614954, 30.00)
INFO:root:Read blocks of pixels: 75.39 x 6698.54
INFO:root:Read blocks of pixels: 121.62 x 6698.78
INFO:root:Read blocks of pixels: 167.29 x 6699.02
INFO:root:Read blocks of pixels: 206.71 x 6699.22
INFO:root:Read blocks of pixels: 251.49 x 6699.46
INFO:root:Read blocks of pixels: 291.84 x 6699.67
INFO:root:Read blocks of pixels: 342.07 x 6699.94
INFO:root:Read blocks of pixels: 388.45 x 6700.18
INFO:root:Read blocks of pixels: 434.73 x 6700.42
INFO:root:Read blocks of pixels: 485.35 x 6700.69
INFO:root:Read blocks of pixels: 534.45 x 6700.94
INFO:root:Output region (535.45, 501.00) (6420.8, 6956.2) x (1419.3, 1920.3)
INFO:root:Output region (535.45, 500.00) (6420.8, 6956.2) x (1890.3, 2390.3)
INFO:root:Output region (535.45, 500.00) (6420.8, 6956.2) x (2360.3, 2860.3)
INFO:root:Output region (535.45, 500.00) (6420.8, 6956.2) x (2830.3, 3330.3)
INFO:root:Output region (535.45, 500.00) (6420.8, 6956.2) x (3300.3, 3800.3)
INFO:root:Output region (535.45, 500.00) (6420.8, 6956.2) x (3770.3, 4270.3)
INFO:root:Output region (535.45, 500.00) (6420.8, 6956.2) x (4240.3, 4740.3)
INFO:root:Output region (535.45, 500.00) (6420.8, 6956.2) x (4710.3, 5210.3)
INFO:root:Output region (535.45, 500.00) (6420.8, 6956.2) x (5180.3, 5680.3)
INFO:root:Output region (535.45, 500.00) (6420.8, 6956.2) x (5650.3, 6150.3)
INFO:root:Output region (535.45, 500.00) (6420.8, 6956.2) x (6120.3, 6620.3)
INFO:root:Output region (535.45, 500.00) (6420.8, 6956.2) x (6590.3, 7090.3)
INFO:root:Output region (535.45, 500.00) (6420.8, 6956.2) x (7060.3, 7560.3)
INFO:root:Output region (535.45, 590.94) (6420.8, 6956.2) x (7530.3, 8121.2)
INFO:root:Left over size 646512 (646512, 30.00)
INFO:root:Read blocks of pixels: 88.15 x 6698.62
INFO:root:Read blocks of pixels: 148.98 x 6698.94
INFO:root:Read blocks of pixels: 216.05 x 6699.30
INFO:root:Read blocks of pixels: 274.17 x 6699.59
INFO:root:Read blocks of pixels: 336.54 x 6699.94
INFO:root:Read blocks of pixels: 402.64 x 6700.28
INFO:root:Read blocks of pixels: 458.62 x 6700.58
INFO:root:Read blocks of pixels: 521.94 x 6700.74
INFO:root:Output region (522.94, 501.00) (6925.2, 7448.2) x (1421.9, 1922.9)
INFO:root:Output region (522.94, 500.00) (6925.2, 7448.2) x (1892.9, 2392.9)
INFO:root:Output region (522.94, 500.00) (6925.2, 7448.2) x (2362.9, 2862.9)
INFO:root:Output region (522.94, 500.00) (6925.2, 7448.2) x (2832.9, 3332.9)
INFO:root:Output region (522.94, 500.00) (6925.2, 7448.2) x (3302.9, 3802.9)
INFO:root:Output region (522.94, 500.00) (6925.2, 7448.2) x (3772.9, 4272.9)
INFO:root:Output region (522.94, 500.00) (6925.2, 7448.2) x (4242.9, 4742.9)
INFO:root:Output region (522.94, 500.00) (6925.2, 7448.2) x (4712.9, 5212.9)
INFO:root:Output region (522.94, 500.00) (6925.2, 7448.2) x (5182.9, 5682.9)
INFO:root:Output region (522.94, 500.00) (6925.2, 7448.2) x (5652.9, 6152.9)
INFO:root:Output region (522.94, 500.00) (6925.2, 7448.2) x (6122.9, 6622.9)
INFO:root:Output region (522.94, 500.00) (6925.2, 7448.2) x (6592.9, 7092.9)
INFO:root:Output region (522.94, 500.00) (6925.2, 7448.2) x (7062.9, 7562.9)
INFO:root:Output region (522.94, 590.74) (6925.2, 7448.2) x (7532.9, 8123.6)
INFO:root:Left over size 489597 (489597, 30.00)
INFO:root:Read blocks of pixels: 92.39 x 6698.64
INFO:root:Read blocks of pixels: 153.78 x 6698.82
INFO:root:Read blocks of pixels: 223.71 x 6699.35
INFO:root:Read blocks of pixels: 289.34 x 6699.69
INFO:root:Read blocks of pixels: 358.88 x 6699.94
INFO:root:Read blocks of pixels: 433.59 x 6700.45
INFO:root:Read blocks of pixels: 499.61 x 6700.54
INFO:root:Read blocks of pixels: 563.75 x 6701.07
INFO:root:Output region (564.75, 501.00) (7417.2, 7981.9) x (1424.5, 1925.5)
INFO:root:Output region (564.75, 500.00) (7417.2, 7981.9) x (1895.5, 2395.5)
INFO:root:Output region (564.75, 500.00) (7417.2, 7981.9) x (2365.5, 2865.5)
INFO:root:Output region (564.75, 500.00) (7417.2, 7981.9) x (2835.5, 3335.5)
INFO:root:Output region (564.75, 500.00) (7417.2, 7981.9) x (3305.5, 3805.5)
INFO:root:Output region (564.75, 500.00) (7417.2, 7981.9) x (3775.5, 4275.5)
INFO:root:Output region (564.75, 500.00) (7417.2, 7981.9) x (4245.5, 4745.5)
INFO:root:Output region (564.75, 500.00) (7417.2, 7981.9) x (4715.5, 5215.5)
INFO:root:Output region (564.75, 500.00) (7417.2, 7981.9) x (5185.5, 5685.5)
INFO:root:Output region (564.75, 500.00) (7417.2, 7981.9) x (5655.5, 6155.5)
INFO:root:Output region (564.75, 500.00) (7417.2, 7981.9) x (6125.5, 6625.5)
INFO:root:Output region (564.75, 500.00) (7417.2, 7981.9) x (6595.5, 7095.5)
INFO:root:Output region (564.75, 500.00) (7417.2, 7981.9) x (7065.5, 7565.5)
INFO:root:Output region (564.75, 591.07) (7417.2, 7981.9) x (7535.5, 8126.5)
INFO:root:Left over size 466956 (466956, 30.00)
INFO:root:Read blocks of pixels: 81.99 x 6698.50
INFO:root:Read blocks of pixels: 132.11 x 6698.89
INFO:root:Read blocks of pixels: 194.78 x 6699.22
INFO:root:Read blocks of pixels: 259.55 x 6699.56
INFO:root:Read blocks of pixels: 313.35 x 6699.79
INFO:root:Read blocks of pixels: 371.73 x 6700.15
INFO:root:Read blocks of pixels: 424.72 x 6700.36
INFO:root:Read blocks of pixels: 479.64 x 6700.67
INFO:root:Read blocks of pixels: 541.59 x 6700.81
INFO:root:Output region (542.59, 501.00) (7950.9, 8493.5) x (1427.2, 1928.2)
INFO:root:Output region (542.59, 500.00) (7950.9, 8493.5) x (1898.2, 2398.2)
INFO:root:Output region (542.59, 500.00) (7950.9, 8493.5) x (2368.2, 2868.2)
INFO:root:Output region (542.59, 500.00) (7950.9, 8493.5) x (2838.2, 3338.2)
INFO:root:Output region (542.59, 500.00) (7950.9, 8493.5) x (3308.2, 3808.2)
INFO:root:Output region (542.59, 500.00) (7950.9, 8493.5) x (3778.2, 4278.2)
INFO:root:Output region (542.59, 500.00) (7950.9, 8493.5) x (4248.2, 4748.2)
INFO:root:Output region (542.59, 500.00) (7950.9, 8493.5) x (4718.2, 5218.2)
INFO:root:Output region (542.59, 500.00) (7950.9, 8493.5) x (5188.2, 5688.2)
INFO:root:Output region (542.59, 500.00) (7950.9, 8493.5) x (5658.2, 6158.2)
INFO:root:Output region (542.59, 500.00) (7950.9, 8493.5) x (6128.2, 6628.2)
INFO:root:Output region (542.59, 500.00) (7950.9, 8493.5) x (6598.2, 7098.2)
INFO:root:Output region (542.59, 500.00) (7950.9, 8493.5) x (7068.2, 7568.2)
INFO:root:Output region (542.59, 590.81) (7950.9, 8493.5) x (7538.2, 8129.1)
INFO:root:Left over size 434170 (434170, 30.00)
INFO:root:Read blocks of pixels: 88.93 x 6698.68
INFO:root:Read blocks of pixels: 146.13 x 6698.95
INFO:root:Read blocks of pixels: 196.77 x 6699.17
INFO:root:Read blocks of pixels: 255.83 x 6699.28
INFO:root:Read blocks of pixels: 315.64 x 6699.86
INFO:root:Read blocks of pixels: 379.27 x 6700.12
INFO:root:Read blocks of pixels: 445.25 x 6700.56
INFO:root:Read blocks of pixels: 505.02 x 6700.86
INFO:root:Output region (506.02, 501.00) (8462.5, 8968.5) x (1429.9, 1930.9)
INFO:root:Output region (506.02, 500.00) (8462.5, 8968.5) x (1900.9, 2400.9)
INFO:root:Output region (506.02, 500.00) (8462.5, 8968.5) x (2370.9, 2870.9)
INFO:root:Output region (506.02, 500.00) (8462.5, 8968.5) x (2840.9, 3340.9)
INFO:root:Output region (506.02, 500.00) (8462.5, 8968.5) x (3310.9, 3810.9)
INFO:root:Output region (506.02, 500.00) (8462.5, 8968.5) x (3780.9, 4280.9)
INFO:root:Output region (506.02, 500.00) (8462.5, 8968.5) x (4250.9, 4750.9)
INFO:root:Output region (506.02, 500.00) (8462.5, 8968.5) x (4720.9, 5220.9)
INFO:root:Output region (506.02, 500.00) (8462.5, 8968.5) x (5190.9, 5690.9)
INFO:root:Output region (506.02, 500.00) (8462.5, 8968.5) x (5660.9, 6160.9)
INFO:root:Output region (506.02, 500.00) (8462.5, 8968.5) x (6130.9, 6630.9)
INFO:root:Output region (506.02, 500.00) (8462.5, 8968.5) x (6600.9, 7100.9)
INFO:root:Output region (506.02, 500.00) (8462.5, 8968.5) x (7070.9, 7570.9)
INFO:root:Output region (506.02, 590.86) (8462.5, 8968.5) x (7540.9, 8131.8)
INFO:root:Left over size 428396 (428396, 30.00)
INFO:root:Read blocks of pixels: 96.62 x 6698.72
INFO:root:Read blocks of pixels: 161.01 x 6699.03
INFO:root:Read blocks of pixels: 216.71 x 6699.36
INFO:root:Read blocks of pixels: 274.61 x 6699.62
INFO:root:Read blocks of pixels: 336.66 x 6699.96
INFO:root:Read blocks of pixels: 403.67 x 6699.96
INFO:root:Read blocks of pixels: 484.40 x 6700.68
INFO:root:Read blocks of pixels: 575.54 x 6701.04
INFO:root:Output region (576.54, 501.00) (8937.5, 9514.1) x (1432.4, 1933.4)
INFO:root:Output region (576.54, 500.00) (8937.5, 9514.1) x (1903.4, 2403.4)
INFO:root:Output region (576.54, 500.00) (8937.5, 9514.1) x (2373.4, 2873.4)
INFO:root:Output region (576.54, 500.00) (8937.5, 9514.1) x (2843.4, 3343.4)
INFO:root:Output region (576.54, 500.00) (8937.5, 9514.1) x (3313.4, 3813.4)
INFO:root:Output region (576.54, 500.00) (8937.5, 9514.1) x (3783.4, 4283.4)
INFO:root:Output region (576.54, 500.00) (8937.5, 9514.1) x (4253.4, 4753.4)
INFO:root:Output region (576.54, 500.00) (8937.5, 9514.1) x (4723.4, 5223.4)
INFO:root:Output region (576.54, 500.00) (8937.5, 9514.1) x (5193.4, 5693.4)
INFO:root:Output region (576.54, 500.00) (8937.5, 9514.1) x (5663.4, 6163.4)
INFO:root:Output region (576.54, 500.00) (8937.5, 9514.1) x (6133.4, 6633.4)
INFO:root:Output region (576.54, 500.00) (8937.5, 9514.1) x (6603.4, 7103.4)
INFO:root:Output region (576.54, 500.00) (8937.5, 9514.1) x (7073.4, 7573.4)
INFO:root:Output region (576.54, 591.04) (8937.5, 9514.1) x (7543.4, 8134.4)
INFO:root:Left over size 386947 (386947, 30.00)
INFO:root:Read blocks of pixels: 116.88 x 6698.62
INFO:root:Read blocks of pixels: 225.32 x 6699.41
INFO:root:Read blocks of pixels: 307.79 x 6699.87
INFO:root:Read blocks of pixels: 425.40 x 6699.87
INFO:root:Read blocks of pixels: 571.12 x 6701.18
INFO:root:Output region (572.12, 501.00) (9483.1, 10055.2) x (1435.2, 1936.2)
INFO:root:Output region (572.12, 500.00) (9483.1, 10055.2) x (1906.2, 2406.2)
INFO:root:Output region (572.12, 500.00) (9483.1, 10055.2) x (2376.2, 2876.2)
INFO:root:Output region (572.12, 500.00) (9483.1, 10055.2) x (2846.2, 3346.2)
INFO:root:Output region (572.12, 500.00) (9483.1, 10055.2) x (3316.2, 3816.2)
INFO:root:Output region (572.12, 500.00) (9483.1, 10055.2) x (3786.2, 4286.2)
INFO:root:Output region (572.12, 500.00) (9483.1, 10055.2) x (4256.2, 4756.2)
INFO:root:Output region (572.12, 500.00) (9483.1, 10055.2) x (4726.2, 5226.2)
INFO:root:Output region (572.12, 500.00) (9483.1, 10055.2) x (5196.2, 5696.2)
INFO:root:Output region (572.12, 500.00) (9483.1, 10055.2) x (5666.2, 6166.2)
INFO:root:Output region (572.12, 500.00) (9483.1, 10055.2) x (6136.2, 6636.2)
INFO:root:Output region (572.12, 500.00) (9483.1, 10055.2) x (6606.2, 7106.2)
INFO:root:Output region (572.12, 500.00) (9483.1, 10055.2) x (7076.2, 7576.2)
INFO:root:Output region (572.12, 591.18) (9483.1, 10055.2) x (7546.2, 8137.4)
INFO:root:Left over size 165458 (165458, 30.00)
INFO:root:Read blocks of pixels: 62.30 x 6698.36
INFO:root:Read blocks of pixels: 62.30 x 6698.36
INFO:root:Output region (63.30, 501.00) (10024.2, 10087.5) x (1438.1, 1939.1)
INFO:root:Output region (63.30, 500.00) (10024.2, 10087.5) x (1909.1, 2409.1)
INFO:root:Output region (63.30, 500.00) (10024.2, 10087.5) x (2379.1, 2879.1)
INFO:root:Output region (63.30, 500.00) (10024.2, 10087.5) x (2849.1, 3349.1)
INFO:root:Output region (63.30, 500.00) (10024.2, 10087.5) x (3319.1, 3819.1)
INFO:root:Output region (63.30, 500.00) (10024.2, 10087.5) x (3789.1, 4289.1)
INFO:root:Output region (63.30, 500.00) (10024.2, 10087.5) x (4259.1, 4759.1)
INFO:root:Output region (63.30, 500.00) (10024.2, 10087.5) x (4729.1, 5229.1)
INFO:root:Output region (63.30, 500.00) (10024.2, 10087.5) x (5199.1, 5699.1)
INFO:root:Output region (63.30, 500.00) (10024.2, 10087.5) x (5669.1, 6169.1)
INFO:root:Output region (63.30, 500.00) (10024.2, 10087.5) x (6139.1, 6639.1)
INFO:root:Output region (63.30, 500.00) (10024.2, 10087.5) x (6609.1, 7109.1)
INFO:root:Output region (63.30, 500.00) (10024.2, 10087.5) x (7079.1, 7579.1)
INFO:root:Output region (63.30, 588.36) (10024.2, 10087.5) x (7549.1, 8137.4)
['X', 'random_index', 'Y', 'gene', 'Count']
gzip -f /dcs05/lieber/marmaypag/xenium_NAC_LIBD4125/xenium_NAC/processed-data/HD_Full_Analysis/FICTURE/outputs/H1-XKYDCP3_A1/nF_12/batched.matrix.tsv
--------------------------------------------------------------
Creating DGE for 12um...
--------------------------------------------------------------
ficture make_dge --key Count --input /dcs05/lieber/marmaypag/xenium_NAC_LIBD4125/xenium_NAC/processed-data/HD_Full_Analysis/FICTURE/inputs/H1-XKYDCP3_A1/transcripts.sorted.tsv.gz --output /dcs05/lieber/marmaypag/xenium_NAC_LIBD4125/xenium_NAC/processed-data/HD_Full_Analysis/FICTURE/outputs/H1-XKYDCP3_A1/nF_12/hexagon.d_12.tsv --hex_width 12 --n_move 2 --min_ct_per_unit 50 --mu_scale 1.0 --precision 2 --major_axis X --fractional-count 0
INFO:root:Random seed 1772843614.9420764
WARNING:root:The designated major key is not one of the specified count columns, --count_header is ignored
INFO:root:Processing 110813 pixels (1000000 3354.848, 3442.102).
INFO:root:Sliding offset 0, 0. Add 3475 units, median count 165.0, 3475 units so far.
INFO:root:Sliding offset 0, 1. Add 3476 units, median count 166.0, 6951 units so far.
INFO:root:Sliding offset 1, 0. Add 3484 units, median count 165.0, 10435 units so far.
INFO:root:Sliding offset 1, 1. Add 3486 units, median count 166.0, 13921 units so far.
INFO:root:Left over size 371158 (3418, 3442).
INFO:root:Processing 129269 pixels (1371158 3418.104, 3499.627).
INFO:root:Sliding offset 0, 0. Add 2952 units, median count 199.0, 16873 units so far.
INFO:root:Sliding offset 0, 1. Add 2847 units, median count 197.0, 19720 units so far.
INFO:root:Sliding offset 1, 0. Add 2947 units, median count 198.0, 22667 units so far.
INFO:root:Sliding offset 1, 1. Add 2849 units, median count 196.0, 25516 units so far.
INFO:root:Left over size 439826 (3476, 3500).
INFO:root:Processing 143851 pixels (1439826 3475.628, 3566.595).
INFO:root:Sliding offset 0, 0. Add 3329 units, median count 200.0, 28845 units so far.
INFO:root:Sliding offset 0, 1. Add 3280 units, median count 199.0, 32125 units so far.
INFO:root:Sliding offset 1, 0. Add 3330 units, median count 198.0, 35455 units so far.
INFO:root:Sliding offset 1, 1. Add 3271 units, median count 202.0, 38726 units so far.
INFO:root:Left over size 329912 (3543, 3567).
INFO:root:Processing 142120 pixels (1329912 3542.596, 3632.54).
INFO:root:Sliding offset 0, 0. Add 3332 units, median count 190.0, 42058 units so far.
INFO:root:Sliding offset 0, 1. Add 3311 units, median count 190.0, 45369 units so far.
INFO:root:Sliding offset 1, 0. Add 3315 units, median count 190.0, 48684 units so far.
INFO:root:Sliding offset 1, 1. Add 3314 units, median count 191.0, 51998 units so far.
INFO:root:Left over size 372705 (3609, 3633).
INFO:root:Processing 142298 pixels (1372705 3608.542, 3698.01).
INFO:root:Sliding offset 0, 0. Add 3339 units, median count 198.0, 55337 units so far.
INFO:root:Sliding offset 0, 1. Add 3335 units, median count 198.0, 58672 units so far.
INFO:root:Sliding offset 1, 0. Add 3344 units, median count 199.0, 62016 units so far.
INFO:root:Sliding offset 1, 1. Add 3343 units, median count 197.0, 65359 units so far.
INFO:root:Left over size 370389 (3674, 3698).
INFO:root:Processing 155456 pixels (1370389 3674.011, 3772.183).
INFO:root:Sliding offset 0, 0. Add 3622 units, median count 182.0, 68981 units so far.
INFO:root:Sliding offset 0, 1. Add 3783 units, median count 184.0, 72764 units so far.
INFO:root:Sliding offset 1, 0. Add 3628 units, median count 182.0, 76392 units so far.
INFO:root:Sliding offset 1, 1. Add 3778 units, median count 185.0, 80170 units so far.
INFO:root:Left over size 323094 (3748, 3772).
INFO:root:Processing 142636 pixels (1323094 3748.184, 3837.072).
INFO:root:Sliding offset 0, 0. Add 3393 units, median count 191.0, 83563 units so far.
INFO:root:Sliding offset 0, 1. Add 3239 units, median count 190.0, 86802 units so far.
INFO:root:Sliding offset 1, 0. Add 3397 units, median count 191.0, 90199 units so far.
INFO:root:Sliding offset 1, 1. Add 3241 units, median count 190.0, 93440 units so far.
INFO:root:Left over size 378270 (3813, 3837).
INFO:root:Processing 150422 pixels (1378270 3813.074, 3906.207).
INFO:root:Sliding offset 0, 0. Add 3455 units, median count 194.0, 96895 units so far.
INFO:root:Sliding offset 0, 1. Add 3683 units, median count 194.0, 100578 units so far.
INFO:root:Sliding offset 1, 0. Add 3450 units, median count 193.0, 104028 units so far.
INFO:root:Sliding offset 1, 1. Add 3682 units, median count 194.0, 107710 units so far.
INFO:root:Left over size 345465 (3882, 3906).
INFO:root:Processing 145921 pixels (1345465 3882.208, 3972.679).
INFO:root:Sliding offset 0, 0. Add 3445 units, median count 202.0, 111155 units so far.
INFO:root:Sliding offset 0, 1. Add 3380 units, median count 201.0, 114535 units so far.
INFO:root:Sliding offset 1, 0. Add 3445 units, median count 201.0, 117980 units so far.
INFO:root:Sliding offset 1, 1. Add 3374 units, median count 201.0, 121354 units so far.
INFO:root:Left over size 345419 (3949, 3973).
INFO:root:Processing 131256 pixels (1345419 3948.68, 4029.77).
INFO:root:Sliding offset 0, 0. Add 2967 units, median count 217.5, 124321 units so far.
INFO:root:Sliding offset 0, 1. Add 2895 units, median count 222.0, 127216 units so far.
INFO:root:Sliding offset 1, 0. Add 2983 units, median count 217.0, 130199 units so far.
INFO:root:Sliding offset 1, 1. Add 2896 units, median count 220.0, 133095 units so far.
INFO:root:Left over size 445066 (4006, 4030).
INFO:root:Processing 123020 pixels (1445066 4005.771, 4081.348).
INFO:root:Sliding offset 0, 0. Add 2695 units, median count 236.0, 135790 units so far.
INFO:root:Sliding offset 0, 1. Add 2672 units, median count 234.0, 138462 units so far.
INFO:root:Sliding offset 1, 0. Add 2696 units, median count 239.0, 141158 units so far.
INFO:root:Sliding offset 1, 1. Add 2665 units, median count 234.5, 143823 units so far.
INFO:root:Left over size 456513 (4057, 4081).
INFO:root:Processing 126772 pixels (1456513 4057.349, 4134.735).
INFO:root:Sliding offset 0, 0. Add 2774 units, median count 216.0, 146597 units so far.
INFO:root:Sliding offset 0, 1. Add 2864 units, median count 216.0, 149461 units so far.
INFO:root:Sliding offset 1, 0. Add 2765 units, median count 215.0, 152226 units so far.
INFO:root:Sliding offset 1, 1. Add 2874 units, median count 215.0, 155100 units so far.
INFO:root:Left over size 412402 (4111, 4135).
INFO:root:Processing 136310 pixels (1412402 4110.736, 4194.312).
INFO:root:Sliding offset 0, 0. Add 3102 units, median count 200.0, 158202 units so far.
INFO:root:Sliding offset 0, 1. Add 3171 units, median count 200.0, 161373 units so far.
INFO:root:Sliding offset 1, 0. Add 3104 units, median count 200.0, 164477 units so far.
INFO:root:Sliding offset 1, 1. Add 3167 units, median count 199.0, 167644 units so far.
INFO:root:Left over size 399498 (4170, 4194).
INFO:root:Processing 129524 pixels (1399498 4170.313, 4249.679).
INFO:root:Sliding offset 0, 0. Add 3056 units, median count 217.5, 170700 units so far.
INFO:root:Sliding offset 0, 1. Add 2848 units, median count 216.0, 173548 units so far.
INFO:root:Sliding offset 1, 0. Add 3055 units, median count 217.0, 176603 units so far.
INFO:root:Sliding offset 1, 1. Add 2847 units, median count 218.0, 179450 units so far.
INFO:root:Left over size 441572 (4226, 4250).
INFO:root:Processing 134328 pixels (1441572 4225.68, 4308.135).
INFO:root:Sliding offset 0, 0. Add 2904 units, median count 219.0, 182354 units so far.
INFO:root:Sliding offset 0, 1. Add 3138 units, median count 219.0, 185492 units so far.
INFO:root:Sliding offset 1, 0. Add 2904 units, median count 217.0, 188396 units so far.
INFO:root:Sliding offset 1, 1. Add 3139 units, median count 218.0, 191535 units so far.
INFO:root:Left over size 433330 (4284, 4308).
INFO:root:Processing 129532 pixels (1433330 4284.136, 4363.408).
INFO:root:Sliding offset 0, 0. Add 3041 units, median count 229.0, 194576 units so far.
INFO:root:Sliding offset 0, 1. Add 2850 units, median count 226.0, 197426 units so far.
INFO:root:Sliding offset 1, 0. Add 3045 units, median count 229.0, 200471 units so far.
INFO:root:Sliding offset 1, 1. Add 2839 units, median count 229.0, 203310 units so far.
INFO:root:Left over size 432153 (4339, 4363).
INFO:root:Processing 127873 pixels (1432153 4339.409, 4417.355).
INFO:root:Sliding offset 0, 0. Add 2830 units, median count 225.0, 206140 units so far.
INFO:root:Sliding offset 0, 1. Add 2849 units, median count 223.0, 208989 units so far.
INFO:root:Sliding offset 1, 0. Add 2837 units, median count 224.0, 211826 units so far.
INFO:root:Sliding offset 1, 1. Add 2847 units, median count 222.0, 214673 units so far.
INFO:root:Left over size 416633 (4393, 4417).
INFO:root:Processing 134511 pixels (1416633 4393.356, 4475.39).
INFO:root:Sliding offset 0, 0. Add 2969 units, median count 207.0, 217642 units so far.
INFO:root:Sliding offset 0, 1. Add 3184 units, median count 207.0, 220826 units so far.
INFO:root:Sliding offset 1, 0. Add 2965 units, median count 207.0, 223791 units so far.
INFO:root:Sliding offset 1, 1. Add 3184 units, median count 207.0, 226975 units so far.
INFO:root:Left over size 373025 (4451, 4475).
INFO:root:Processing 139261 pixels (1373025 4451.392, 4536.13).
INFO:root:Sliding offset 0, 0. Add 3216 units, median count 214.0, 230191 units so far.
INFO:root:Sliding offset 0, 1. Add 3193 units, median count 212.0, 233384 units so far.
INFO:root:Sliding offset 1, 0. Add 3214 units, median count 214.0, 236598 units so far.
INFO:root:Sliding offset 1, 1. Add 3195 units, median count 211.0, 239793 units so far.
INFO:root:Left over size 418614 (4512, 4536).
INFO:root:Processing 130967 pixels (1418614 4512.131, 4591.661).
INFO:root:Sliding offset 0, 0. Add 3116 units, median count 222.0, 242909 units so far.
INFO:root:Sliding offset 0, 1. Add 2876 units, median count 219.0, 245785 units so far.
INFO:root:Sliding offset 1, 0. Add 3120 units, median count 221.0, 248905 units so far.
INFO:root:Sliding offset 1, 1. Add 2879 units, median count 218.0, 251784 units so far.
INFO:root:Left over size 441728 (4568, 4592).
INFO:root:Processing 125310 pixels (1441728 4567.662, 4644.011).
INFO:root:Sliding offset 0, 0. Add 2586 units, median count 230.0, 254370 units so far.
INFO:root:Sliding offset 0, 1. Add 2836 units, median count 229.0, 257206 units so far.
INFO:root:Sliding offset 1, 0. Add 2581 units, median count 230.0, 259787 units so far.
INFO:root:Sliding offset 1, 1. Add 2840 units, median count 229.0, 262627 units so far.
INFO:root:Left over size 451608 (4620, 4644).
INFO:root:Processing 143693 pixels (1451608 4620.012, 4708.656).
INFO:root:Sliding offset 0, 0. Add 3383 units, median count 220.0, 266010 units so far.
INFO:root:Sliding offset 0, 1. Add 3313 units, median count 220.0, 269323 units so far.
INFO:root:Sliding offset 1, 0. Add 3386 units, median count 219.0, 272709 units so far.
INFO:root:Sliding offset 1, 1. Add 3319 units, median count 219.0, 276028 units so far.
INFO:root:Left over size 336001 (4685, 4709).
INFO:root:Processing 131537 pixels (1336001 4684.657, 4767.344).
INFO:root:Sliding offset 0, 0. Add 2883 units, median count 226.0, 278911 units so far.
INFO:root:Sliding offset 0, 1. Add 2722 units, median count 225.5, 281633 units so far.
INFO:root:Sliding offset 1, 0. Add 2892 units, median count 225.0, 284525 units so far.
INFO:root:Sliding offset 1, 1. Add 2719 units, median count 227.0, 287244 units so far.
INFO:root:Left over size 408034 (4743, 4767).
INFO:root:Processing 126690 pixels (1408034 4743.345, 4823.138).
INFO:root:Sliding offset 0, 0. Add 2597 units, median count 240.5, 289841 units so far.
INFO:root:Sliding offset 0, 1. Add 2816 units, median count 244.0, 292657 units so far.
INFO:root:Sliding offset 1, 0. Add 2602 units, median count 240.0, 295259 units so far.
INFO:root:Sliding offset 1, 1. Add 2813 units, median count 243.5, 298072 units so far.
INFO:root:Left over size 441148 (4799, 4823).
INFO:root:Processing 121991 pixels (1441148 4799.139, 4876.16).
INFO:root:Sliding offset 0, 0. Add 2594 units, median count 240.0, 300666 units so far.
INFO:root:Sliding offset 0, 1. Add 2483 units, median count 239.0, 303149 units so far.
INFO:root:Sliding offset 1, 0. Add 2604 units, median count 238.0, 305753 units so far.
INFO:root:Sliding offset 1, 1. Add 2491 units, median count 240.0, 308244 units so far.
INFO:root:Left over size 436691 (4852, 4876).
INFO:root:Processing 126689 pixels (1436691 4852.161, 4931.446).
INFO:root:Sliding offset 0, 0. Add 2720 units, median count 224.0, 310964 units so far.
INFO:root:Sliding offset 0, 1. Add 2842 units, median count 223.0, 313806 units so far.
INFO:root:Sliding offset 1, 0. Add 2713 units, median count 227.0, 316519 units so far.
INFO:root:Sliding offset 1, 1. Add 2836 units, median count 224.0, 319355 units so far.
INFO:root:Left over size 459226 (4907, 4931).
INFO:root:Processing 130473 pixels (1459226 4907.447, 4988.569).
INFO:root:Sliding offset 0, 0. Add 3066 units, median count 219.0, 322421 units so far.
INFO:root:Sliding offset 0, 1. Add 2775 units, median count 217.0, 325196 units so far.
INFO:root:Sliding offset 1, 0. Add 3059 units, median count 218.0, 328255 units so far.
INFO:root:Sliding offset 1, 1. Add 2780 units, median count 218.5, 331035 units so far.
INFO:root:Left over size 400715 (4965, 4989).
INFO:root:Processing 129553 pixels (1400715 4964.57, 5045.017).
INFO:root:Sliding offset 0, 0. Add 2798 units, median count 219.0, 333833 units so far.
INFO:root:Sliding offset 0, 1. Add 3084 units, median count 221.0, 336917 units so far.
INFO:root:Sliding offset 1, 0. Add 2789 units, median count 216.0, 339706 units so far.
INFO:root:Sliding offset 1, 1. Add 3086 units, median count 221.0, 342792 units so far.
INFO:root:Left over size 452664 (5021, 5045).
INFO:root:Processing 131240 pixels (1452664 5021.018, 5102.373).
INFO:root:Sliding offset 0, 0. Add 3107 units, median count 213.0, 345899 units so far.
INFO:root:Sliding offset 0, 1. Add 2805 units, median count 214.0, 348704 units so far.
INFO:root:Sliding offset 1, 0. Add 3106 units, median count 214.0, 351810 units so far.
INFO:root:Sliding offset 1, 1. Add 2798 units, median count 214.5, 354608 units so far.
INFO:root:Left over size 417247 (5078, 5102).
INFO:root:Processing 130386 pixels (1417247 5078.374, 5158.718).
INFO:root:Sliding offset 0, 0. Add 2825 units, median count 226.0, 357433 units so far.
INFO:root:Sliding offset 0, 1. Add 3090 units, median count 231.0, 360523 units so far.
INFO:root:Sliding offset 1, 0. Add 2825 units, median count 226.0, 363348 units so far.
INFO:root:Sliding offset 1, 1. Add 3091 units, median count 229.0, 366439 units so far.
INFO:root:Left over size 409087 (5135, 5159).
INFO:root:Processing 123244 pixels (1409087 5134.719, 5210.11).
INFO:root:Sliding offset 0, 0. Add 2846 units, median count 237.0, 369285 units so far.
INFO:root:Sliding offset 0, 1. Add 2579 units, median count 236.0, 371864 units so far.
INFO:root:Sliding offset 1, 0. Add 2848 units, median count 239.0, 374712 units so far.
INFO:root:Sliding offset 1, 1. Add 2577 units, median count 234.0, 377289 units so far.
INFO:root:Left over size 455084 (5186, 5210).
INFO:root:Processing 118448 pixels (1455084 5186.111, 5258.376).
INFO:root:Sliding offset 0, 0. Add 2522 units, median count 234.0, 379811 units so far.
INFO:root:Sliding offset 0, 1. Add 2519 units, median count 234.0, 382330 units so far.
INFO:root:Sliding offset 1, 0. Add 2520 units, median count 233.0, 384850 units so far.
INFO:root:Sliding offset 1, 1. Add 2522 units, median count 236.5, 387372 units so far.
INFO:root:Left over size 513678 (5234, 5258).
INFO:root:Processing 113194 pixels (1513678 5234.377, 5303.367).
INFO:root:Sliding offset 0, 0. Add 2202 units, median count 249.0, 389574 units so far.
INFO:root:Sliding offset 0, 1. Add 2516 units, median count 247.0, 392090 units so far.
INFO:root:Sliding offset 1, 0. Add 2206 units, median count 246.0, 394296 units so far.
INFO:root:Sliding offset 1, 1. Add 2516 units, median count 250.0, 396812 units so far.
INFO:root:Left over size 563364 (5279, 5303).
INFO:root:Processing 105049 pixels (1563364 5279.368, 5343.329).
INFO:root:Sliding offset 0, 0. Add 2196 units, median count 266.0, 399008 units so far.
INFO:root:Sliding offset 0, 1. Add 1940 units, median count 270.5, 400948 units so far.
INFO:root:Sliding offset 1, 0. Add 2196 units, median count 269.0, 403144 units so far.
INFO:root:Sliding offset 1, 1. Add 1938 units, median count 268.0, 405082 units so far.
INFO:root:Left over size 608567 (5319, 5343).
INFO:root:Processing 109312 pixels (1608567 5319.33, 5385.694).
INFO:root:Sliding offset 0, 0. Add 2215 units, median count 270.0, 407297 units so far.
INFO:root:Sliding offset 0, 1. Add 2269 units, median count 276.0, 409566 units so far.
INFO:root:Sliding offset 1, 0. Add 2212 units, median count 271.0, 411778 units so far.
INFO:root:Sliding offset 1, 1. Add 2265 units, median count 274.0, 414043 units so far.
INFO:root:Left over size 571964 (5362, 5386).
INFO:root:Processing 105485 pixels (1571964 5361.695, 5425.549).
INFO:root:Sliding offset 0, 0. Add 2166 units, median count 278.0, 416209 units so far.
INFO:root:Sliding offset 0, 1. Add 2117 units, median count 280.0, 418326 units so far.
INFO:root:Sliding offset 1, 0. Add 2163 units, median count 280.0, 420489 units so far.
INFO:root:Sliding offset 1, 1. Add 2116 units, median count 280.0, 422605 units so far.
INFO:root:Left over size 605220 (5402, 5426).
INFO:root:Processing 112206 pixels (1605220 5401.55, 5469.709).
INFO:root:Sliding offset 0, 0. Add 2278 units, median count 275.0, 424883 units so far.
INFO:root:Sliding offset 0, 1. Add 2324 units, median count 281.5, 427207 units so far.
INFO:root:Sliding offset 1, 0. Add 2276 units, median count 276.0, 429483 units so far.
INFO:root:Sliding offset 1, 1. Add 2323 units, median count 282.0, 431806 units so far.
INFO:root:Left over size 516066 (5446, 5470).
INFO:root:Processing 114528 pixels (1516066 5445.71, 5515.383).
INFO:root:Sliding offset 0, 0. Add 2432 units, median count 258.5, 434238 units so far.
INFO:root:Sliding offset 0, 1. Add 2415 units, median count 257.0, 436653 units so far.
INFO:root:Sliding offset 1, 0. Add 2432 units, median count 260.0, 439085 units so far.
INFO:root:Sliding offset 1, 1. Add 2409 units, median count 257.0, 441494 units so far.
INFO:root:Left over size 522013 (5491, 5515).
INFO:root:Processing 116839 pixels (1522013 5491.384, 5562.104).
INFO:root:Sliding offset 0, 0. Add 2342 units, median count 266.0, 443836 units so far.
INFO:root:Sliding offset 0, 1. Add 2547 units, median count 267.0, 446383 units so far.
INFO:root:Sliding offset 1, 0. Add 2346 units, median count 267.0, 448729 units so far.
INFO:root:Sliding offset 1, 1. Add 2550 units, median count 266.0, 451279 units so far.
INFO:root:Left over size 508497 (5538, 5562).
INFO:root:Processing 112890 pixels (1508497 5538.105, 5606.567).
INFO:root:Sliding offset 0, 0. Add 2512 units, median count 269.0, 453791 units so far.
INFO:root:Sliding offset 0, 1. Add 2221 units, median count 267.0, 456012 units so far.
INFO:root:Sliding offset 1, 0. Add 2513 units, median count 267.0, 458525 units so far.
INFO:root:Sliding offset 1, 1. Add 2219 units, median count 266.0, 460744 units so far.
INFO:root:Left over size 537111 (5583, 5607).
INFO:root:Processing 109961 pixels (1537111 5582.568, 5649.73).
INFO:root:Sliding offset 0, 0. Add 2183 units, median count 265.0, 462927 units so far.
INFO:root:Sliding offset 0, 1. Add 2297 units, median count 272.0, 465224 units so far.
INFO:root:Sliding offset 1, 0. Add 2181 units, median count 265.0, 467405 units so far.
INFO:root:Sliding offset 1, 1. Add 2299 units, median count 273.5, 469704 units so far.
INFO:root:Left over size 572040 (5626, 5650).
INFO:root:Processing 120290 pixels (1572040 5625.731, 5699.424).
INFO:root:Sliding offset 0, 0. Add 2491 units, median count 258.0, 472195 units so far.
INFO:root:Sliding offset 0, 1. Add 2682 units, median count 260.0, 474877 units so far.
INFO:root:Sliding offset 1, 0. Add 2493 units, median count 258.0, 477370 units so far.
INFO:root:Sliding offset 1, 1. Add 2682 units, median count 260.0, 480052 units so far.
INFO:root:Left over size 462700 (5675, 5699).
INFO:root:Processing 116599 pixels (1462700 5675.425, 5746.659).
INFO:root:Sliding offset 0, 0. Add 2516 units, median count 247.0, 482568 units so far.
INFO:root:Sliding offset 0, 1. Add 2469 units, median count 245.0, 485037 units so far.
INFO:root:Sliding offset 1, 0. Add 2517 units, median count 247.0, 487554 units so far.
INFO:root:Sliding offset 1, 1. Add 2463 units, median count 245.5, 490017 units so far.
INFO:root:Left over size 515644 (5723, 5747).
INFO:root:Processing 124459 pixels (1515644 5722.66, 5798.287).
INFO:root:Sliding offset 0, 0. Add 2867 units, median count 247.0, 492884 units so far.
INFO:root:Sliding offset 0, 1. Add 2606 units, median count 247.0, 495490 units so far.
INFO:root:Sliding offset 1, 0. Add 2871 units, median count 249.0, 498361 units so far.
INFO:root:Sliding offset 1, 1. Add 2616 units, median count 247.0, 500977 units so far.
INFO:root:Left over size 453061 (5774, 5798).
INFO:root:Processing 119555 pixels (1453061 5774.288, 5847.257).
INFO:root:Sliding offset 0, 0. Add 2522 units, median count 244.0, 503499 units so far.
INFO:root:Sliding offset 0, 1. Add 2559 units, median count 249.0, 506058 units so far.
INFO:root:Sliding offset 1, 0. Add 2519 units, median count 246.0, 508577 units so far.
INFO:root:Sliding offset 1, 1. Add 2554 units, median count 248.0, 511131 units so far.
INFO:root:Left over size 477981 (5823, 5847).
INFO:root:Processing 117577 pixels (1477981 5823.258, 5895.117).
INFO:root:Sliding offset 0, 0. Add 2505 units, median count 251.0, 513636 units so far.
INFO:root:Sliding offset 0, 1. Add 2491 units, median count 255.0, 516127 units so far.
INFO:root:Sliding offset 1, 0. Add 2511 units, median count 253.0, 518638 units so far.
INFO:root:Sliding offset 1, 1. Add 2487 units, median count 256.0, 521125 units so far.
INFO:root:Left over size 515931 (5871, 5895).
INFO:root:Processing 108551 pixels (1515931 5871.118, 5937.318).
INFO:root:Sliding offset 0, 0. Add 2191 units, median count 277.0, 523316 units so far.
INFO:root:Sliding offset 0, 1. Add 2227 units, median count 281.0, 525543 units so far.
INFO:root:Sliding offset 1, 0. Add 2189 units, median count 279.0, 527732 units so far.
INFO:root:Sliding offset 1, 1. Add 2226 units, median count 281.0, 529958 units so far.
INFO:root:Left over size 525677 (5913, 5937).
INFO:root:Processing 117996 pixels (1525677 5913.319, 5985.251).
INFO:root:Sliding offset 0, 0. Add 2527 units, median count 270.0, 532485 units so far.
INFO:root:Sliding offset 0, 1. Add 2512 units, median count 276.0, 534997 units so far.
INFO:root:Sliding offset 1, 0. Add 2528 units, median count 272.0, 537525 units so far.
INFO:root:Sliding offset 1, 1. Add 2509 units, median count 276.0, 540034 units so far.
INFO:root:Left over size 512103 (5961, 5985).
INFO:root:Processing 116516 pixels (1512103 5961.252, 6032.231).
INFO:root:Sliding offset 0, 0. Add 2524 units, median count 265.0, 542558 units so far.
INFO:root:Sliding offset 0, 1. Add 2475 units, median count 269.0, 545033 units so far.
INFO:root:Sliding offset 1, 0. Add 2529 units, median count 266.0, 547562 units so far.
INFO:root:Sliding offset 1, 1. Add 2483 units, median count 270.0, 550045 units so far.
INFO:root:Left over size 518846 (6008, 6032).
INFO:root:Processing 113487 pixels (1518846 6008.232, 6077.278).
INFO:root:Sliding offset 0, 0. Add 2220 units, median count 257.0, 552265 units so far.
INFO:root:Sliding offset 0, 1. Add 2526 units, median count 263.0, 554791 units so far.
INFO:root:Sliding offset 1, 0. Add 2214 units, median count 257.0, 557005 units so far.
INFO:root:Sliding offset 1, 1. Add 2524 units, median count 264.0, 559529 units so far.
INFO:root:Left over size 534224 (6053, 6077).
INFO:root:Processing 112912 pixels (1534224 6053.279, 6122.281).
INFO:root:Sliding offset 0, 0. Add 2504 units, median count 275.0, 562033 units so far.
INFO:root:Sliding offset 0, 1. Add 2199 units, median count 271.0, 564232 units so far.
INFO:root:Sliding offset 1, 0. Add 2500 units, median count 275.0, 566732 units so far.
INFO:root:Sliding offset 1, 1. Add 2200 units, median count 271.0, 568932 units so far.
INFO:root:Left over size 520455 (6098, 6122).
INFO:root:Processing 110578 pixels (1520455 6098.282, 6166.273).
INFO:root:Sliding offset 0, 0. Add 2169 units, median count 273.5, 571101 units so far.
INFO:root:Sliding offset 0, 1. Add 2363 units, median count 281.0, 573464 units so far.
INFO:root:Sliding offset 1, 0. Add 2167 units, median count 270.0, 575631 units so far.
INFO:root:Sliding offset 1, 1. Add 2363 units, median count 281.0, 577994 units so far.
INFO:root:Left over size 515122 (6142, 6166).
INFO:root:Processing 110547 pixels (1515122 6142.274, 6210.479).
INFO:root:Sliding offset 0, 0. Add 2232 units, median count 277.0, 580226 units so far.
INFO:root:Sliding offset 0, 1. Add 2257 units, median count 276.0, 582483 units so far.
INFO:root:Sliding offset 1, 0. Add 2224 units, median count 278.0, 584707 units so far.
INFO:root:Sliding offset 1, 1. Add 2262 units, median count 274.0, 586969 units so far.
INFO:root:Left over size 580375 (6186, 6210).
INFO:root:Processing 111514 pixels (1580375 6186.48, 6254.765).
INFO:root:Sliding offset 0, 0. Add 2425 units, median count 270.0, 589394 units so far.
INFO:root:Sliding offset 0, 1. Add 2201 units, median count 272.0, 591595 units so far.
INFO:root:Sliding offset 1, 0. Add 2436 units, median count 267.0, 594031 units so far.
INFO:root:Sliding offset 1, 1. Add 2197 units, median count 271.0, 596228 units so far.
INFO:root:Left over size 505354 (6231, 6255).
INFO:root:Processing 117376 pixels (1505354 6230.766, 6302.435).
INFO:root:Sliding offset 0, 0. Add 2508 units, median count 262.0, 598736 units so far.
INFO:root:Sliding offset 0, 1. Add 2514 units, median count 265.0, 601250 units so far.
INFO:root:Sliding offset 1, 0. Add 2512 units, median count 259.0, 603762 units so far.
INFO:root:Sliding offset 1, 1. Add 2513 units, median count 265.0, 606275 units so far.
INFO:root:Left over size 481675 (6278, 6302).
INFO:root:Processing 122894 pixels (1481675 6278.436, 6353.926).
INFO:root:Sliding offset 0, 0. Add 2501 units, median count 246.0, 608776 units so far.
INFO:root:Sliding offset 0, 1. Add 2808 units, median count 247.0, 611584 units so far.
INFO:root:Sliding offset 1, 0. Add 2509 units, median count 246.0, 614093 units so far.
INFO:root:Sliding offset 1, 1. Add 2813 units, median count 247.0, 616906 units so far.
INFO:root:Left over size 471847 (6330, 6354).
INFO:root:Processing 119758 pixels (1471847 6329.927, 6403.449).
INFO:root:Sliding offset 0, 0. Add 2740 units, median count 249.0, 619646 units so far.
INFO:root:Sliding offset 0, 1. Add 2507 units, median count 250.0, 622153 units so far.
INFO:root:Sliding offset 1, 0. Add 2732 units, median count 251.0, 624885 units so far.
INFO:root:Sliding offset 1, 1. Add 2511 units, median count 247.0, 627396 units so far.
INFO:root:Left over size 497449 (6379, 6403).
INFO:root:Processing 118138 pixels (1497449 6379.45, 6451.76).
INFO:root:Sliding offset 0, 0. Add 2577 units, median count 254.0, 629973 units so far.
INFO:root:Sliding offset 0, 1. Add 2523 units, median count 258.0, 632496 units so far.
INFO:root:Sliding offset 1, 0. Add 2575 units, median count 254.0, 635071 units so far.
INFO:root:Sliding offset 1, 1. Add 2519 units, median count 257.0, 637590 units so far.
INFO:root:Left over size 491544 (6428, 6452).
INFO:root:Processing 113367 pixels (1491544 6427.77, 6497.147).
INFO:root:Sliding offset 0, 0. Add 2207 units, median count 263.0, 639797 units so far.
INFO:root:Sliding offset 0, 1. Add 2479 units, median count 267.0, 642276 units so far.
INFO:root:Sliding offset 1, 0. Add 2215 units, median count 265.0, 644491 units so far.
INFO:root:Sliding offset 1, 1. Add 2480 units, median count 267.0, 646971 units so far.
INFO:root:Left over size 485088 (6473, 6497).
INFO:root:Processing 113993 pixels (1485088 6473.148, 6543.386).
INFO:root:Sliding offset 0, 0. Add 2457 units, median count 258.0, 649428 units so far.
INFO:root:Sliding offset 0, 1. Add 2225 units, median count 258.0, 651653 units so far.
INFO:root:Sliding offset 1, 0. Add 2456 units, median count 259.0, 654109 units so far.
INFO:root:Sliding offset 1, 1. Add 2232 units, median count 258.0, 656341 units so far.
INFO:root:Left over size 524649 (6519, 6543).
INFO:root:Processing 112847 pixels (1524649 6519.395, 6589.053).
INFO:root:Sliding offset 0, 0. Add 2340 units, median count 270.0, 658681 units so far.
INFO:root:Sliding offset 0, 1. Add 2411 units, median count 270.0, 661092 units so far.
INFO:root:Sliding offset 1, 0. Add 2337 units, median count 269.0, 663429 units so far.
INFO:root:Sliding offset 1, 1. Add 2413 units, median count 267.0, 665842 units so far.
INFO:root:Left over size 514931 (6565, 6589).
INFO:root:Processing 102164 pixels (1514931 6565.054, 6628.472).
INFO:root:Sliding offset 0, 0. Add 1970 units, median count 284.0, 667812 units so far.
INFO:root:Sliding offset 0, 1. Add 2060 units, median count 285.0, 669872 units so far.
INFO:root:Sliding offset 1, 0. Add 1977 units, median count 282.0, 671849 units so far.
INFO:root:Sliding offset 1, 1. Add 2052 units, median count 286.0, 673901 units so far.
INFO:root:Left over size 623694 (6604, 6628).
INFO:root:Processing 109779 pixels (1623694 6604.473, 6673.248).
INFO:root:Sliding offset 0, 0. Add 2281 units, median count 297.0, 676182 units so far.
INFO:root:Sliding offset 0, 1. Add 2172 units, median count 293.0, 678354 units so far.
INFO:root:Sliding offset 1, 0. Add 2285 units, median count 297.5, 680639 units so far.
INFO:root:Sliding offset 1, 1. Add 2180 units, median count 293.0, 682819 units so far.
INFO:root:Left over size 529652 (6649, 6673).
INFO:root:Processing 101650 pixels (1529652 6649.249, 6713.603).
INFO:root:Sliding offset 0, 0. Add 1856 units, median count 302.0, 684675 units so far.
INFO:root:Sliding offset 0, 1. Add 2021 units, median count 300.0, 686696 units so far.
INFO:root:Sliding offset 1, 0. Add 1857 units, median count 301.0, 688553 units so far.
INFO:root:Sliding offset 1, 1. Add 2028 units, median count 302.0, 690581 units so far.
INFO:root:Left over size 563991 (6690, 6714).
INFO:root:Processing 116805 pixels (1563991 6689.609, 6763.829).
INFO:root:Sliding offset 0, 0. Add 2571 units, median count 287.0, 693152 units so far.
INFO:root:Sliding offset 0, 1. Add 2326 units, median count 281.0, 695478 units so far.
INFO:root:Sliding offset 1, 0. Add 2577 units, median count 285.0, 698055 units so far.
INFO:root:Sliding offset 1, 1. Add 2322 units, median count 281.0, 700377 units so far.
INFO:root:Left over size 469186 (6740, 6764).
INFO:root:Processing 112016 pixels (1469186 6739.83, 6810.209).
INFO:root:Sliding offset 0, 0. Add 2155 units, median count 273.0, 702532 units so far.
INFO:root:Sliding offset 0, 1. Add 2392 units, median count 270.0, 704924 units so far.
INFO:root:Sliding offset 1, 0. Add 2161 units, median count 271.0, 707085 units so far.
INFO:root:Sliding offset 1, 1. Add 2394 units, median count 273.0, 709479 units so far.
INFO:root:Left over size 522901 (6786, 6810).
INFO:root:Processing 113197 pixels (1522901 6786.21, 6856.491).
INFO:root:Sliding offset 0, 0. Add 2392 units, median count 279.0, 711871 units so far.
INFO:root:Sliding offset 0, 1. Add 2348 units, median count 277.0, 714219 units so far.
INFO:root:Sliding offset 1, 0. Add 2383 units, median count 278.0, 716602 units so far.
INFO:root:Sliding offset 1, 1. Add 2342 units, median count 277.0, 718944 units so far.
INFO:root:Left over size 528909 (6832, 6856).
INFO:root:Processing 120413 pixels (1528909 6832.492, 6907.111).
INFO:root:Sliding offset 0, 0. Add 2593 units, median count 275.0, 721537 units so far.
INFO:root:Sliding offset 0, 1. Add 2506 units, median count 270.0, 724043 units so far.
INFO:root:Sliding offset 1, 0. Add 2587 units, median count 274.0, 726630 units so far.
INFO:root:Sliding offset 1, 1. Add 2508 units, median count 268.0, 729138 units so far.
INFO:root:Left over size 477035 (6883, 6907).
INFO:root:Processing 117519 pixels (1477035 6883.112, 6956.209).
INFO:root:Sliding offset 0, 0. Add 2547 units, median count 260.0, 731685 units so far.
INFO:root:Sliding offset 0, 1. Add 2429 units, median count 259.0, 734114 units so far.
INFO:root:Sliding offset 1, 0. Add 2561 units, median count 257.0, 736675 units so far.
INFO:root:Sliding offset 1, 1. Add 2438 units, median count 258.0, 739113 units so far.
INFO:root:Left over size 519677 (6932, 6956).
INFO:root:Processing 131276 pixels (1519677 6932.21, 7014.356).
INFO:root:Sliding offset 0, 0. Add 2770 units, median count 229.0, 741883 units so far.
INFO:root:Sliding offset 0, 1. Add 2988 units, median count 229.0, 744871 units so far.
INFO:root:Sliding offset 1, 0. Add 2763 units, median count 228.0, 747634 units so far.
INFO:root:Sliding offset 1, 1. Add 2992 units, median count 226.0, 750626 units so far.
INFO:root:Left over size 411009 (6990, 7014).
INFO:root:Processing 134661 pixels (1411009 6990.357, 7075.189).
INFO:root:Sliding offset 0, 0. Add 3116 units, median count 206.0, 753742 units so far.
INFO:root:Sliding offset 0, 1. Add 2992 units, median count 203.5, 756734 units so far.
INFO:root:Sliding offset 1, 0. Add 3114 units, median count 204.0, 759848 units so far.
INFO:root:Sliding offset 1, 1. Add 2991 units, median count 204.0, 762839 units so far.
INFO:root:Left over size 366481 (7051, 7075).
INFO:root:Processing 143880 pixels (1366481 7051.19, 7142.257).
INFO:root:Sliding offset 0, 0. Add 3356 units, median count 194.0, 766195 units so far.
INFO:root:Sliding offset 0, 1. Add 3234 units, median count 196.0, 769429 units so far.
INFO:root:Sliding offset 1, 0. Add 3352 units, median count 194.0, 772781 units so far.
INFO:root:Sliding offset 1, 1. Add 3239 units, median count 197.0, 776020 units so far.
INFO:root:Left over size 358856 (7118, 7142).
INFO:root:Processing 130216 pixels (1358856 7118.258, 7200.381).
INFO:root:Sliding offset 0, 0. Add 2757 units, median count 210.0, 778777 units so far.
INFO:root:Sliding offset 0, 1. Add 2992 units, median count 211.0, 781769 units so far.
INFO:root:Sliding offset 1, 0. Add 2763 units, median count 211.0, 784532 units so far.
INFO:root:Sliding offset 1, 1. Add 2974 units, median count 211.0, 787506 units so far.
INFO:root:Left over size 421995 (7176, 7200).
INFO:root:Processing 136567 pixels (1421995 7176.382, 7262.746).
INFO:root:Sliding offset 0, 0. Add 3176 units, median count 212.0, 790682 units so far.
INFO:root:Sliding offset 0, 1. Add 2937 units, median count 213.0, 793619 units so far.
INFO:root:Sliding offset 1, 0. Add 3164 units, median count 213.0, 796783 units so far.
INFO:root:Sliding offset 1, 1. Add 2953 units, median count 212.0, 799736 units so far.
INFO:root:Left over size 361666 (7239, 7263).
INFO:root:Processing 141924 pixels (1361666 7238.747, 7328.847).
INFO:root:Sliding offset 0, 0. Add 3212 units, median count 208.0, 802948 units so far.
INFO:root:Sliding offset 0, 1. Add 3216 units, median count 209.0, 806164 units so far.
INFO:root:Sliding offset 1, 0. Add 3219 units, median count 209.0, 809383 units so far.
INFO:root:Sliding offset 1, 1. Add 3208 units, median count 209.0, 812591 units so far.
INFO:root:Left over size 347672 (7305, 7329).
INFO:root:Processing 126380 pixels (1347672 7304.848, 7384.827).
INFO:root:Sliding offset 0, 0. Add 2683 units, median count 218.0, 815274 units so far.
INFO:root:Sliding offset 0, 1. Add 2930 units, median count 219.0, 818204 units so far.
INFO:root:Sliding offset 1, 0. Add 2679 units, median count 217.0, 820883 units so far.
INFO:root:Sliding offset 1, 1. Add 2921 units, median count 220.0, 823804 units so far.
INFO:root:Left over size 449537 (7361, 7385).
INFO:root:Processing 138176 pixels (1449537 7360.828, 7448.153).
INFO:root:Sliding offset 0, 0. Add 3245 units, median count 215.0, 827049 units so far.
INFO:root:Sliding offset 0, 1. Add 2990 units, median count 214.5, 830039 units so far.
INFO:root:Sliding offset 1, 0. Add 3239 units, median count 217.0, 833278 units so far.
INFO:root:Sliding offset 1, 1. Add 2995 units, median count 213.0, 836273 units so far.
INFO:root:Left over size 402415 (7424, 7448).
INFO:root:Processing 135063 pixels (1402415 7424.154, 7510.54).
INFO:root:Sliding offset 0, 0. Add 2912 units, median count 215.0, 839185 units so far.
INFO:root:Sliding offset 0, 1. Add 3104 units, median count 219.0, 842289 units so far.
INFO:root:Sliding offset 1, 0. Add 2927 units, median count 215.0, 845216 units so far.
INFO:root:Sliding offset 1, 1. Add 3097 units, median count 218.0, 848313 units so far.
INFO:root:Left over size 385691 (7487, 7511).
INFO:root:Processing 131412 pixels (1385691 7486.541, 7571.933).
INFO:root:Sliding offset 0, 0. Add 2886 units, median count 210.0, 851199 units so far.
INFO:root:Sliding offset 0, 1. Add 2952 units, median count 208.0, 854151 units so far.
INFO:root:Sliding offset 1, 0. Add 2877 units, median count 211.0, 857028 units so far.
INFO:root:Sliding offset 1, 1. Add 2949 units, median count 208.0, 859977 units so far.
INFO:root:Left over size 399920 (7548, 7572).
INFO:root:Processing 145456 pixels (1399920 7547.934, 7641.868).
INFO:root:Sliding offset 0, 0. Add 3523 units, median count 203.0, 863500 units so far.
INFO:root:Sliding offset 0, 1. Add 3362 units, median count 204.0, 866862 units so far.
INFO:root:Sliding offset 1, 0. Add 3518 units, median count 205.0, 870380 units so far.
INFO:root:Sliding offset 1, 1. Add 3366 units, median count 204.0, 873746 units so far.
INFO:root:Left over size 365820 (7618, 7642).
INFO:root:Processing 137978 pixels (1365820 7617.869, 7707.491).
INFO:root:Sliding offset 0, 0. Add 3216 units, median count 203.0, 876962 units so far.
INFO:root:Sliding offset 0, 1. Add 3164 units, median count 205.0, 880126 units so far.
INFO:root:Sliding offset 1, 0. Add 3214 units, median count 206.0, 883340 units so far.
INFO:root:Sliding offset 1, 1. Add 3168 units, median count 204.0, 886508 units so far.
INFO:root:Left over size 327893 (7683, 7707).
INFO:root:Processing 142291 pixels (1327893 7683.492, 7777.032).
INFO:root:Sliding offset 0, 0. Add 3244 units, median count 200.0, 889752 units so far.
INFO:root:Sliding offset 0, 1. Add 3313 units, median count 201.0, 893065 units so far.
INFO:root:Sliding offset 1, 0. Add 3249 units, median count 201.0, 896314 units so far.
INFO:root:Sliding offset 1, 1. Add 3300 units, median count 199.0, 899614 units so far.
INFO:root:Left over size 319709 (7753, 7777).
INFO:root:Processing 146264 pixels (1319709 7753.033, 7851.742).
INFO:root:Sliding offset 0, 0. Add 3298 units, median count 198.0, 902912 units so far.
INFO:root:Sliding offset 0, 1. Add 3274 units, median count 200.0, 906186 units so far.
INFO:root:Sliding offset 1, 0. Add 3297 units, median count 198.0, 909483 units so far.
INFO:root:Sliding offset 1, 1. Add 3281 units, median count 199.0, 912764 units so far.
INFO:root:Left over size 308068 (7828, 7852).
INFO:root:Processing 133843 pixels (1308068 7827.743, 7917.766).
INFO:root:Sliding offset 0, 0. Add 2969 units, median count 204.0, 915733 units so far.
INFO:root:Sliding offset 0, 1. Add 2965 units, median count 205.0, 918698 units so far.
INFO:root:Sliding offset 1, 0. Add 2970 units, median count 204.0, 921668 units so far.
INFO:root:Sliding offset 1, 1. Add 2981 units, median count 203.0, 924649 units so far.
INFO:root:Left over size 395088 (7894, 7918).
INFO:root:Processing 132531 pixels (1395088 7893.768, 7981.904).
INFO:root:Sliding offset 0, 0. Add 3001 units, median count 208.0, 927650 units so far.
INFO:root:Sliding offset 0, 1. Add 2919 units, median count 208.0, 930569 units so far.
INFO:root:Sliding offset 1, 0. Add 3012 units, median count 208.0, 933581 units so far.
INFO:root:Sliding offset 1, 1. Add 2914 units, median count 206.0, 936495 units so far.
INFO:root:Left over size 364988 (7958, 7982).
INFO:root:Processing 115567 pixels (1364988 7957.905, 8033.9).
INFO:root:Sliding offset 0, 0. Add 2276 units, median count 208.0, 938771 units so far.
INFO:root:Sliding offset 0, 1. Add 2529 units, median count 213.0, 941300 units so far.
INFO:root:Sliding offset 1, 0. Add 2271 units, median count 210.0, 943571 units so far.
INFO:root:Sliding offset 1, 1. Add 2533 units, median count 210.0, 946104 units so far.
INFO:root:Left over size 477228 (8010, 8034).
INFO:root:Processing 114035 pixels (1477228 8009.901, 8084.011).
INFO:root:Sliding offset 0, 0. Add 2573 units, median count 214.0, 948677 units so far.
INFO:root:Sliding offset 0, 1. Add 2318 units, median count 213.0, 950995 units so far.
INFO:root:Sliding offset 1, 0. Add 2577 units, median count 215.0, 953572 units so far.
INFO:root:Sliding offset 1, 1. Add 2316 units, median count 213.0, 955888 units so far.
INFO:root:Left over size 497279 (8060, 8084).
INFO:root:Processing 133256 pixels (1497279 8060.012, 8146.685).
INFO:root:Sliding offset 0, 0. Add 2890 units, median count 203.0, 958778 units so far.
INFO:root:Sliding offset 0, 1. Add 3126 units, median count 204.0, 961904 units so far.
INFO:root:Sliding offset 1, 0. Add 2895 units, median count 203.0, 964799 units so far.
INFO:root:Sliding offset 1, 1. Add 3124 units, median count 202.0, 967923 units so far.
INFO:root:Left over size 383183 (8123, 8147).
INFO:root:Processing 136282 pixels (1383183 8122.686, 8211.457).
INFO:root:Sliding offset 0, 0. Add 3193 units, median count 196.0, 971116 units so far.
INFO:root:Sliding offset 0, 1. Add 3034 units, median count 196.0, 974150 units so far.
INFO:root:Sliding offset 1, 0. Add 3184 units, median count 198.0, 977334 units so far.
INFO:root:Sliding offset 1, 1. Add 3027 units, median count 196.0, 980361 units so far.
INFO:root:Left over size 354269 (8187, 8211).
INFO:root:Processing 119232 pixels (1354269 8187.458, 8265.253).
INFO:root:Sliding offset 0, 0. Add 2560 units, median count 201.0, 982921 units so far.
INFO:root:Sliding offset 0, 1. Add 2538 units, median count 202.5, 985459 units so far.
INFO:root:Sliding offset 1, 0. Add 2557 units, median count 203.0, 988016 units so far.
INFO:root:Sliding offset 1, 1. Add 2537 units, median count 204.0, 990553 units so far.
INFO:root:Left over size 446278 (8241, 8265).
INFO:root:Processing 126054 pixels (1446278 8241.255, 8323.639).
INFO:root:Sliding offset 0, 0. Add 2754 units, median count 201.0, 993307 units so far.
INFO:root:Sliding offset 0, 1. Add 2778 units, median count 202.0, 996085 units so far.
INFO:root:Sliding offset 1, 0. Add 2766 units, median count 199.0, 998851 units so far.
INFO:root:Sliding offset 1, 1. Add 2763 units, median count 202.0, 1001614 units so far.
INFO:root:Left over size 442910 (8300, 8324).
INFO:root:Processing 116196 pixels (1442910 8299.64, 8376.626).
INFO:root:Sliding offset 0, 0. Add 2290 units, median count 205.0, 1003904 units so far.
INFO:root:Sliding offset 0, 1. Add 2405 units, median count 206.0, 1006309 units so far.
INFO:root:Sliding offset 1, 0. Add 2284 units, median count 204.0, 1008593 units so far.
INFO:root:Sliding offset 1, 1. Add 2422 units, median count 205.0, 1011015 units so far.
INFO:root:Left over size 491822 (8353, 8377).
INFO:root:Processing 117389 pixels (1491822 8352.627, 8431.541).
INFO:root:Sliding offset 0, 0. Add 2549 units, median count 193.0, 1013564 units so far.
INFO:root:Sliding offset 0, 1. Add 2434 units, median count 194.0, 1015998 units so far.
INFO:root:Sliding offset 1, 0. Add 2554 units, median count 193.5, 1018552 units so far.
INFO:root:Sliding offset 1, 1. Add 2432 units, median count 194.0, 1020984 units so far.
INFO:root:Left over size 417514 (8408, 8432).
INFO:root:Processing 125710 pixels (1417514 8407.542, 8493.494).
INFO:root:Sliding offset 0, 0. Add 2760 units, median count 195.0, 1023744 units so far.
INFO:root:Sliding offset 0, 1. Add 2779 units, median count 198.5, 1026523 units so far.
INFO:root:Sliding offset 1, 0. Add 2753 units, median count 199.0, 1029276 units so far.
INFO:root:Sliding offset 1, 1. Add 2777 units, median count 198.0, 1032053 units so far.
INFO:root:Left over size 347023 (8469, 8493).
INFO:root:Processing 121783 pixels (1347023 8469.495, 8552.429).
INFO:root:Sliding offset 0, 0. Add 2757 units, median count 199.0, 1034810 units so far.
INFO:root:Sliding offset 0, 1. Add 2687 units, median count 199.0, 1037497 units so far.
INFO:root:Sliding offset 1, 0. Add 2762 units, median count 201.0, 1040259 units so far.
INFO:root:Sliding offset 1, 1. Add 2688 units, median count 200.0, 1042947 units so far.
INFO:root:Left over size 454724 (8528, 8552).
INFO:root:Processing 122579 pixels (1454724 8528.43, 8609.624).
INFO:root:Sliding offset 0, 0. Add 2579 units, median count 203.0, 1045526 units so far.
INFO:root:Sliding offset 0, 1. Add 2842 units, median count 202.0, 1048368 units so far.
INFO:root:Sliding offset 1, 0. Add 2590 units, median count 200.5, 1050958 units so far.
INFO:root:Sliding offset 1, 1. Add 2837 units, median count 204.0, 1053795 units so far.
INFO:root:Left over size 424225 (8586, 8610).
INFO:root:Processing 112903 pixels (1424225 8585.625, 8660.265).
INFO:root:Sliding offset 0, 0. Add 2495 units, median count 190.0, 1056290 units so far.
INFO:root:Sliding offset 0, 1. Add 2232 units, median count 192.0, 1058522 units so far.
INFO:root:Sliding offset 1, 0. Add 2494 units, median count 195.0, 1061016 units so far.
INFO:root:Sliding offset 1, 1. Add 2233 units, median count 192.0, 1063249 units so far.
INFO:root:Left over size 429252 (8636, 8660).
INFO:root:Processing 124052 pixels (1429252 8636.266, 8719.326).
INFO:root:Sliding offset 0, 0. Add 2612 units, median count 195.0, 1065861 units so far.
INFO:root:Sliding offset 0, 1. Add 2692 units, median count 195.0, 1068553 units so far.
INFO:root:Sliding offset 1, 0. Add 2614 units, median count 196.0, 1071167 units so far.
INFO:root:Sliding offset 1, 1. Add 2703 units, median count 194.0, 1073870 units so far.
INFO:root:Left over size 377766 (8695, 8719).
INFO:root:Processing 124706 pixels (1377766 8695.327, 8779.132).
INFO:root:Sliding offset 0, 0. Add 2709 units, median count 192.0, 1076579 units so far.
INFO:root:Sliding offset 0, 1. Add 2717 units, median count 191.0, 1079296 units so far.
INFO:root:Sliding offset 1, 0. Add 2699 units, median count 190.0, 1081995 units so far.
INFO:root:Sliding offset 1, 1. Add 2726 units, median count 190.0, 1084721 units so far.
INFO:root:Left over size 419942 (8755, 8779).
INFO:root:Processing 130891 pixels (1419942 8755.133, 8842.763).
INFO:root:Sliding offset 0, 0. Add 2839 units, median count 190.0, 1087560 units so far.
INFO:root:Sliding offset 0, 1. Add 2957 units, median count 193.0, 1090517 units so far.
INFO:root:Sliding offset 1, 0. Add 2843 units, median count 190.0, 1093360 units so far.
INFO:root:Sliding offset 1, 1. Add 2956 units, median count 191.0, 1096316 units so far.
INFO:root:Left over size 381212 (8819, 8843).
INFO:root:Processing 131582 pixels (1381212 8818.764, 8908.744).
INFO:root:Sliding offset 0, 0. Add 2910 units, median count 180.0, 1099226 units so far.
INFO:root:Sliding offset 0, 1. Add 2902 units, median count 182.0, 1102128 units so far.
INFO:root:Sliding offset 1, 0. Add 2918 units, median count 181.0, 1105046 units so far.
INFO:root:Sliding offset 1, 1. Add 2896 units, median count 181.0, 1107942 units so far.
INFO:root:Left over size 363817 (8885, 8909).
INFO:root:Processing 118949 pixels (1363817 8884.747, 8968.52).
INFO:root:Sliding offset 0, 0. Add 2563 units, median count 188.0, 1110505 units so far.
INFO:root:Sliding offset 0, 1. Add 2541 units, median count 191.0, 1113046 units so far.
INFO:root:Sliding offset 1, 0. Add 2561 units, median count 188.0, 1115607 units so far.
INFO:root:Sliding offset 1, 1. Add 2538 units, median count 190.0, 1118145 units so far.
INFO:root:Left over size 342565 (8945, 8969).
INFO:root:Processing 130493 pixels (1342565 8944.523, 9035.141).
INFO:root:Sliding offset 0, 0. Add 2845 units, median count 192.0, 1120990 units so far.
INFO:root:Sliding offset 0, 1. Add 2874 units, median count 192.0, 1123864 units so far.
INFO:root:Sliding offset 1, 0. Add 2848 units, median count 191.0, 1126712 units so far.
INFO:root:Sliding offset 1, 1. Add 2871 units, median count 194.0, 1129583 units so far.
INFO:root:Left over size 369160 (9011, 9035).
INFO:root:Processing 130154 pixels (1369160 9011.142, 9099.537).
INFO:root:Sliding offset 0, 0. Add 2992 units, median count 180.0, 1132575 units so far.
INFO:root:Sliding offset 0, 1. Add 2846 units, median count 179.0, 1135421 units so far.
INFO:root:Sliding offset 1, 0. Add 3009 units, median count 178.0, 1138430 units so far.
INFO:root:Sliding offset 1, 1. Add 2845 units, median count 180.0, 1141275 units so far.
INFO:root:Left over size 378918 (9076, 9100).
INFO:root:Processing 118514 pixels (1378918 9075.538, 9155.229).
INFO:root:Sliding offset 0, 0. Add 2484 units, median count 189.0, 1143759 units so far.
INFO:root:Sliding offset 0, 1. Add 2663 units, median count 187.0, 1146422 units so far.
INFO:root:Sliding offset 1, 0. Add 2497 units, median count 183.0, 1148919 units so far.
INFO:root:Sliding offset 1, 1. Add 2669 units, median count 186.0, 1151588 units so far.
INFO:root:Left over size 432499 (9131, 9155).
INFO:root:Processing 123037 pixels (1432499 9131.23, 9213.133).
INFO:root:Sliding offset 0, 0. Add 2834 units, median count 182.0, 1154422 units so far.
INFO:root:Sliding offset 0, 1. Add 2588 units, median count 183.0, 1157010 units so far.
INFO:root:Sliding offset 1, 0. Add 2829 units, median count 181.0, 1159839 units so far.
INFO:root:Sliding offset 1, 1. Add 2588 units, median count 181.0, 1162427 units so far.
INFO:root:Left over size 428819 (9189, 9213).
INFO:root:Processing 128855 pixels (1428819 9189.134, 9275.181).
INFO:root:Sliding offset 0, 0. Add 2829 units, median count 183.0, 1165256 units so far.
INFO:root:Sliding offset 0, 1. Add 3065 units, median count 183.0, 1168321 units so far.
INFO:root:Sliding offset 1, 0. Add 2830 units, median count 180.0, 1171151 units so far.
INFO:root:Sliding offset 1, 1. Add 3069 units, median count 182.0, 1174220 units so far.
INFO:root:Left over size 381612 (9251, 9275).
INFO:root:Processing 136151 pixels (1381612 9251.182, 9342.189).
INFO:root:Sliding offset 0, 0. Add 3177 units, median count 165.0, 1177397 units so far.
INFO:root:Sliding offset 0, 1. Add 3144 units, median count 164.0, 1180541 units so far.
INFO:root:Sliding offset 1, 0. Add 3173 units, median count 165.0, 1183714 units so far.
INFO:root:Sliding offset 1, 1. Add 3141 units, median count 165.0, 1186855 units so far.
INFO:root:Left over size 404277 (9318, 9342).
INFO:root:Processing 154560 pixels (1404277 9318.19, 9422.924).
INFO:root:Sliding offset 0, 0. Add 3840 units, median count 151.0, 1190695 units so far.
INFO:root:Sliding offset 0, 1. Add 3617 units, median count 150.0, 1194312 units so far.
INFO:root:Sliding offset 1, 0. Add 3838 units, median count 149.0, 1198150 units so far.
INFO:root:Sliding offset 1, 1. Add 3609 units, median count 150.0, 1201759 units so far.
INFO:root:Left over size 269995 (9399, 9423).
INFO:root:Processing 167222 pixels (1269995 9398.925, 9514.058).
INFO:root:Sliding offset 0, 0. Add 4173 units, median count 134.0, 1205932 units so far.
INFO:root:Sliding offset 0, 1. Add 4274 units, median count 134.0, 1210206 units so far.
INFO:root:Sliding offset 1, 0. Add 4163 units, median count 134.0, 1214369 units so far.
INFO:root:Sliding offset 1, 1. Add 4287 units, median count 135.0, 1218656 units so far.
INFO:root:Left over size 316259 (9490, 9514).
INFO:root:Processing 157846 pixels (1316259 9490.059, 9600.939).
INFO:root:Sliding offset 0, 0. Add 3757 units, median count 136.0, 1222413 units so far.
INFO:root:Sliding offset 0, 1. Add 3769 units, median count 136.0, 1226182 units so far.
INFO:root:Sliding offset 1, 0. Add 3765 units, median count 137.0, 1229947 units so far.
INFO:root:Sliding offset 1, 1. Add 3758 units, median count 138.0, 1233705 units so far.
INFO:root:Left over size 246100 (9577, 9601).
INFO:root:Processing 180376 pixels (1246100 9576.94, 9709.378).
INFO:root:Sliding offset 0, 0. Add 4237 units, median count 132.0, 1237942 units so far.
INFO:root:Sliding offset 0, 1. Add 4201 units, median count 132.0, 1242143 units so far.
INFO:root:Sliding offset 1, 0. Add 4240 units, median count 131.0, 1246383 units so far.
INFO:root:Sliding offset 1, 1. Add 4186 units, median count 132.0, 1250569 units so far.
INFO:root:Left over size 191367 (9685, 9709).
INFO:root:Processing 141798 pixels (1191367 9685.379, 9791.845).
INFO:root:Sliding offset 0, 0. Add 2897 units, median count 145.0, 1253466 units so far.
INFO:root:Sliding offset 0, 1. Add 3014 units, median count 146.0, 1256480 units so far.
INFO:root:Sliding offset 1, 0. Add 2898 units, median count 145.0, 1259378 units so far.
INFO:root:Sliding offset 1, 1. Add 3018 units, median count 145.0, 1262396 units so far.
INFO:root:Left over size 282274 (9768, 9792).
INFO:root:Processing 182781 pixels (1282274 9767.846, 9909.46).
INFO:root:Sliding offset 0, 0. Add 4236 units, median count 131.0, 1266632 units so far.
INFO:root:Sliding offset 0, 1. Add 4120 units, median count 129.0, 1270752 units so far.
INFO:root:Sliding offset 1, 0. Add 4227 units, median count 131.0, 1274979 units so far.
INFO:root:Sliding offset 1, 1. Add 4112 units, median count 130.0, 1279091 units so far.
INFO:root:Left over size 165171 (9885, 9909).
INFO:root:Processing 207598 pixels (1165171 9885.461, 10055.175).
INFO:root:Sliding offset 0, 0. Add 4603 units, median count 108.0, 1283694 units so far.
INFO:root:Sliding offset 0, 1. Add 4711 units, median count 105.0, 1288405 units so far.
INFO:root:Sliding offset 1, 0. Add 4621 units, median count 106.0, 1293026 units so far.
INFO:root:Sliding offset 1, 1. Add 4737 units, median count 106.0, 1297763 units so far.
INFO:root:Left over size 129926 (10031, 10055).
INFO:root:Processing 46356 pixels (211572 10031.179, 10087.483).
INFO:root:Sliding offset 0, 0. Add 507 units, median count 87.0, 1298270 units so far.
INFO:root:Sliding offset 0, 1. Add 461 units, median count 88.0, 1298731 units so far.
INFO:root:Sliding offset 1, 0. Add 493 units, median count 90.0, 1299224 units so far.
INFO:root:Sliding offset 1, 1. Add 473 units, median count 86.0, 1299697 units so far.
INFO:root:Left over size 45178 (10063, 10087).
['X', 'Y', 'gene', 'Count']
sort -k 1,1n /dcs05/lieber/marmaypag/xenium_NAC_LIBD4125/xenium_NAC/processed-data/HD_Full_Analysis/FICTURE/outputs/H1-XKYDCP3_A1/nF_12/hexagon.d_12.tsv | gzip -c > /dcs05/lieber/marmaypag/xenium_NAC_LIBD4125/xenium_NAC/processed-data/HD_Full_Analysis/FICTURE/outputs/H1-XKYDCP3_A1/nF_12/hexagon.d_12.tsv.gz
rm /dcs05/lieber/marmaypag/xenium_NAC_LIBD4125/xenium_NAC/processed-data/HD_Full_Analysis/FICTURE/outputs/H1-XKYDCP3_A1/nF_12/hexagon.d_12.tsv
--------------------------------------------------------------
Creating LDA for 12um and 12 factors...
--------------------------------------------------------------
mkdir -p /dcs05/lieber/marmaypag/xenium_NAC_LIBD4125/xenium_NAC/processed-data/HD_Full_Analysis/FICTURE/outputs/H1-XKYDCP3_A1/nF_12/analysis/nF12.d_12/figure
ficture fit_model --input /dcs05/lieber/marmaypag/xenium_NAC_LIBD4125/xenium_NAC/processed-data/HD_Full_Analysis/FICTURE/outputs/H1-XKYDCP3_A1/nF_12/hexagon.d_12.tsv.gz --output /dcs05/lieber/marmaypag/xenium_NAC_LIBD4125/xenium_NAC/processed-data/HD_Full_Analysis/FICTURE/outputs/H1-XKYDCP3_A1/nF_12/analysis/nF12.d_12/nF12.d_12  --nFactor 12 --epoch 3 --epoch_id_length 2 --unit_attr X Y --key Count --min_ct_per_feature 20 --test_split 0.5 --R 10 --fractional-count 0 --thread 1
INFO:root:Read data with 322361 units, 15906 features
INFO:root:0: -2905.77, -2878.69
INFO:root:Counter({2: 39525, 4: 26152, 0: 19717, 11: 16805, 6: 15405, 10: 11677, 8: 10763, 1: 7067, 5: 5624, 7: 4569, 9: 2457, 3: 1420})
INFO:root:Computing naive DE for 13929 genes
INFO:root:R=0, 11.50, 8.41, 261.10s
INFO:root:1: -2906.82, -2879.69
INFO:root:Counter({2: 37849, 4: 20766, 11: 20511, 10: 17812, 1: 16976, 6: 15925, 0: 12395, 7: 9739, 9: 2477, 8: 2334, 5: 2249, 3: 2148})
INFO:root:Computing naive DE for 13927 genes
INFO:root:R=1, 13.04, 8.69, 259.04s
INFO:root:2: -2904.77, -2877.66
INFO:root:Counter({2: 33775, 4: 21696, 11: 19874, 6: 15907, 1: 15727, 0: 14892, 3: 12877, 5: 9277, 10: 5593, 7: 4892, 8: 4160, 9: 2511})
INFO:root:Computing naive DE for 13930 genes
INFO:root:R=2, 12.14, 9.16, 259.75s
INFO:root:3: -2904.88, -2877.76
INFO:root:Counter({2: 32007, 4: 25038, 11: 18200, 1: 17113, 6: 14891, 7: 11789, 5: 10848, 0: 9581, 8: 9204, 10: 8853, 9: 2394, 3: 1263})
INFO:root:Computing naive DE for 13932 genes
INFO:root:R=3, 11.10, 8.53, 280.74s
INFO:root:4: -2904.37, -2877.29
INFO:root:Counter({2: 40861, 0: 19100, 3: 14460, 1: 14322, 4: 13784, 8: 11842, 5: 9750, 11: 9697, 10: 9112, 6: 8026, 7: 7809, 9: 2418})
INFO:root:Computing naive DE for 13928 genes
INFO:root:R=4, 12.59, 10.63, 256.52s
INFO:root:5: -2906.03, -2878.96
INFO:root:Counter({2: 39633, 4: 21966, 1: 16853, 6: 16287, 10: 16006, 3: 15603, 0: 11356, 7: 8368, 8: 6184, 5: 3608, 11: 2860, 9: 2457})
INFO:root:Computing naive DE for 13929 genes
INFO:root:R=5, 11.64, 9.12, 260.20s
INFO:root:6: -2904.98, -2877.85
INFO:root:Counter({2: 36219, 11: 21728, 4: 18027, 6: 16627, 0: 16523, 1: 15936, 3: 12758, 10: 9126, 7: 4673, 5: 4010, 8: 3063, 9: 2491})
INFO:root:Computing naive DE for 13927 genes
INFO:root:R=6, 12.39, 8.83, 260.78s
INFO:root:7: -2904.31, -2877.22
INFO:root:Counter({2: 40267, 4: 24628, 1: 21428, 6: 15695, 7: 14234, 10: 11983, 5: 9122, 0: 8577, 11: 6575, 3: 3334, 8: 2856, 9: 2482})
INFO:root:Computing naive DE for 13926 genes
INFO:root:R=7, 12.46, 8.85, 257.77s
INFO:root:8: -2903.99, -2876.94
INFO:root:Counter({2: 40828, 4: 25350, 1: 25190, 6: 15594, 9: 12130, 11: 10138, 10: 8996, 3: 7029, 0: 6472, 7: 4585, 5: 2446, 8: 2423})
INFO:root:Computing naive DE for 13930 genes
INFO:root:R=8, 11.82, 8.63, 270.33s
INFO:root:9: -2905.17, -2878.01
INFO:root:Counter({2: 39961, 11: 22273, 1: 19268, 4: 17863, 6: 16297, 0: 13965, 3: 10599, 5: 8930, 7: 4193, 8: 3128, 9: 2467, 10: 2237})
INFO:root:Computing naive DE for 13929 genes
INFO:root:R=9, 12.79, 8.66, 276.80s
INFO:root:Result file /dcs05/lieber/marmaypag/xenium_NAC_LIBD4125/xenium_NAC/processed-data/HD_Full_Analysis/FICTURE/outputs/H1-XKYDCP3_A1/nF_12/analysis/nF12.d_12/nF12.d_12.fit_result.tsv.gz
R
1    13.043960
9    12.785371
4    12.591961
7    12.461733
6    12.393882
2    12.142287
8    11.821897
5    11.641993
0    11.495085
3    11.097638
Name: Score, dtype: float64
ficture choose_color --input /dcs05/lieber/marmaypag/xenium_NAC_LIBD4125/xenium_NAC/processed-data/HD_Full_Analysis/FICTURE/outputs/H1-XKYDCP3_A1/nF_12/analysis/nF12.d_12/nF12.d_12.fit_result.tsv.gz --output /dcs05/lieber/marmaypag/xenium_NAC_LIBD4125/xenium_NAC/processed-data/HD_Full_Analysis/FICTURE/outputs/H1-XKYDCP3_A1/nF_12/analysis/nF12.d_12/figure/nF12.d_12 --cmap_name turbo
ficture plot_base --input /dcs05/lieber/marmaypag/xenium_NAC_LIBD4125/xenium_NAC/processed-data/HD_Full_Analysis/FICTURE/outputs/H1-XKYDCP3_A1/nF_12/analysis/nF12.d_12/nF12.d_12.fit_result.tsv.gz --output /dcs05/lieber/marmaypag/xenium_NAC_LIBD4125/xenium_NAC/processed-data/HD_Full_Analysis/FICTURE/outputs/H1-XKYDCP3_A1/nF_12/analysis/nF12.d_12/figure/nF12.d_12.coarse --fill_range 7.0 --color_table /dcs05/lieber/marmaypag/xenium_NAC_LIBD4125/xenium_NAC/processed-data/HD_Full_Analysis/FICTURE/outputs/H1-XKYDCP3_A1/nF_12/analysis/nF12.d_12/figure/nF12.d_12.rgb.tsv --plot_um_per_pixel 1 --plot_discretized
/jhpce/shared/libd/core/visium_hd/1.0/hd_env/lib/python3.9/site-packages/ficture/scripts/plot_base.py:131: FutureWarning: The provided callable <function mean at 0x7f72f0937e50> is currently using SeriesGroupBy.mean. In a future version of pandas, the provided callable will be used directly. To keep current behavior pass the string "mean" instead.
  chunk = chunk.groupby(by = ['x_indx', 'y_indx']).agg({ x:np.mean for x in factor_header }).reset_index()
/jhpce/shared/libd/core/visium_hd/1.0/hd_env/lib/python3.9/site-packages/ficture/scripts/plot_base.py:134: FutureWarning: The provided callable <function mean at 0x7f72f0937e50> is currently using SeriesGroupBy.mean. In a future version of pandas, the provided callable will be used directly. To keep current behavior pass the string "mean" instead.
  df = df.groupby(by = ['x_indx', 'y_indx']).agg({ x:np.mean for x in factor_header }).reset_index()
INFO:root:Read region 322361 pixels in region 6727.0 x 6725.0
INFO:root:Filling pixels 0 - 500 / 6724
INFO:root:Filling pixels 500 - 1000 / 6724
INFO:root:Filling pixels 1000 - 1500 / 6724
INFO:root:Filling pixels 1500 - 2000 / 6724
INFO:root:Filling pixels 2000 - 2500 / 6724
INFO:root:Filling pixels 2500 - 3000 / 6724
INFO:root:Filling pixels 3000 - 3500 / 6724
INFO:root:Filling pixels 3500 - 4000 / 6724
INFO:root:Filling pixels 4000 - 4500 / 6724
INFO:root:Filling pixels 4500 - 5000 / 6724
INFO:root:Filling pixels 5000 - 5500 / 6724
INFO:root:Filling pixels 5500 - 6000 / 6724
INFO:root:Filling pixels 6000 - 6500 / 6724
INFO:root:Filling pixels 6500 - 6724 / 6724
INFO:root:Start constructing RGB image
INFO:root:Made fractional image
/dcs05/lieber/marmaypag/xenium_NAC_LIBD4125/xenium_NAC/processed-data/HD_Full_Analysis/FICTURE/outputs/H1-XKYDCP3_A1/nF_12/analysis/nF12.d_12/figure/nF12.d_12.coarse.png
INFO:root:Made hard threshold image
/dcs05/lieber/marmaypag/xenium_NAC_LIBD4125/xenium_NAC/processed-data/HD_Full_Analysis/FICTURE/outputs/H1-XKYDCP3_A1/nF_12/analysis/nF12.d_12/figure/nF12.d_12.coarse.top.png
6725 500
touch /dcs05/lieber/marmaypag/xenium_NAC_LIBD4125/xenium_NAC/processed-data/HD_Full_Analysis/FICTURE/outputs/H1-XKYDCP3_A1/nF_12/analysis/nF12.d_12/nF12.d_12.done
--------------------------------------------------------------
Creating projection for 12um and 12 factors, at 12um
--------------------------------------------------------------
--------------------------------------------------------------
Performing pixel-level decoding..
--------------------------------------------------------------
--------------------------------------------------------------
Sorting and reformatting the pixel-level output..
--------------------------------------------------------------
--------------------------------------------------------------
Performing pseudo-bulk differential expression analysis..
--------------------------------------------------------------
--------------------------------------------------------------
Drawing pixel-level output image...
--------------------------------------------------------------
ficture transform --input /dcs05/lieber/marmaypag/xenium_NAC_LIBD4125/xenium_NAC/processed-data/HD_Full_Analysis/FICTURE/inputs/H1-XKYDCP3_A1/transcripts.sorted.tsv.gz --output_pref /dcs05/lieber/marmaypag/xenium_NAC_LIBD4125/xenium_NAC/processed-data/HD_Full_Analysis/FICTURE/outputs/H1-XKYDCP3_A1/nF_12/analysis/nF12.d_12/nF12.d_12.prj_12.r_4 --model /dcs05/lieber/marmaypag/xenium_NAC_LIBD4125/xenium_NAC/processed-data/HD_Full_Analysis/FICTURE/outputs/H1-XKYDCP3_A1/nF_12/analysis/nF12.d_12/nF12.d_12.model.p --key Count --major_axis X --hex_width 12 --n_move 3 --min_ct_per_unit 20 --mu_scale 1.0 --thread 1 --precision 2
INFO:root:Model loaded with 15906 features and 12 factors
INFO:root:Transformed 1 batches with total 58582 units, 0.666956min
INFO:root:Transformed 2 batches with total 122951 units, 1.524792min
INFO:root:Transformed 3 batches with total 190130 units, 2.384286min
INFO:root:Transformed 4 batches with total 255812 units, 3.232018min
INFO:root:Transformed 5 batches with total 340636 units, 4.396828min
INFO:root:Transformed 6 batches with total 422892 units, 5.593584min
INFO:root:Transformed 7 batches with total 504815 units, 6.827561min
INFO:root:Transformed 8 batches with total 589976 units, 8.045062min
INFO:root:Transformed 9 batches with total 675897 units, 9.262400min
INFO:root:Transformed 10 batches with total 755898 units, 10.294477min
INFO:root:Transformed 11 batches with total 839058 units, 11.412516min
INFO:root:Transformed 12 batches with total 914627 units, 12.639210min
INFO:root:Transformed 13 batches with total 976158 units, 13.785445min
INFO:root:Transformed 14 batches with total 1039864 units, 14.937293min
INFO:root:Transformed 15 batches with total 1105279 units, 16.014446min
INFO:root:Transformed 16 batches with total 1178396 units, 17.078369min
INFO:root:Transformed 17 batches with total 1246041 units, 18.256709min
INFO:root:Transformed 18 batches with total 1314566 units, 19.414341min
INFO:root:Transformed 19 batches with total 1379698 units, 20.568503min
INFO:root:Transformed 20 batches with total 1449214 units, 21.664822min
INFO:root:Transformed 21 batches with total 1518773 units, 22.802872min
INFO:root:Transformed 22 batches with total 1582479 units, 23.953804min
INFO:root:Transformed 23 batches with total 1646200 units, 25.146072min
INFO:root:Transformed 24 batches with total 1716383 units, 26.301648min
INFO:root:Transformed 25 batches with total 1797774 units, 27.373129min
INFO:root:Transformed 26 batches with total 1859448 units, 28.074292min
INFO:root:Transformed 27 batches with total 1921444 units, 28.777429min
INFO:root:Transformed 28 batches with total 2009166 units, 29.924898min
INFO:root:Transformed 29 batches with total 2069922 units, 30.800556min
INFO:root:Transformed 30 batches with total 2131829 units, 31.609111min
INFO:root:Transformed 31 batches with total 2194714 units, 32.387502min
INFO:root:Transformed 32 batches with total 2272155 units, 33.445001min
INFO:root:Transformed 33 batches with total 2330486 units, 34.167605min
INFO:root:Transformed 34 batches with total 2407064 units, 35.081305min
INFO:root:Transformed 35 batches with total 2484805 units, 35.985429min
INFO:root:Transformed 36 batches with total 2560805 units, 36.865988min
INFO:root:Transformed 37 batches with total 2646445 units, 37.755447min
INFO:root:Transformed 38 batches with total 2700900 units, 38.389273min
INFO:root:Transformed 39 batches with total 2781584 units, 39.267433min
INFO:root:Transformed 40 batches with total 2841100 units, 39.942501min
INFO:root:Transformed 41 batches with total 2918930 units, 40.616730min
INFO:root:Transformed 42 batches with total 3004457 units, 41.324994min
INFO:root:Transformed 43 batches with total 3089614 units, 42.029243min
INFO:root:Transformed 44 batches with total 3149595 units, 42.458951min
INFO:root:Transformed 45 batches with total 3159301 units, 42.568743min
ficture slda_decode --input /dcs05/lieber/marmaypag/xenium_NAC_LIBD4125/xenium_NAC/processed-data/HD_Full_Analysis/FICTURE/outputs/H1-XKYDCP3_A1/nF_12/batched.matrix.tsv.gz --output /dcs05/lieber/marmaypag/xenium_NAC_LIBD4125/xenium_NAC/processed-data/HD_Full_Analysis/FICTURE/outputs/H1-XKYDCP3_A1/nF_12/analysis/nF12.d_12/nF12.d_12.decode.prj_12.r_4_5 --model /dcs05/lieber/marmaypag/xenium_NAC_LIBD4125/xenium_NAC/processed-data/HD_Full_Analysis/FICTURE/outputs/H1-XKYDCP3_A1/nF_12/analysis/nF12.d_12/nF12.d_12.model.p --anchor /dcs05/lieber/marmaypag/xenium_NAC_LIBD4125/xenium_NAC/processed-data/HD_Full_Analysis/FICTURE/outputs/H1-XKYDCP3_A1/nF_12/analysis/nF12.d_12/nF12.d_12.prj_12.r_4.fit_result.tsv.gz --anchor_in_um --neighbor_radius 5 --mu_scale 1.0 --key Count --precision 0.1 --lite_topk_output_pixel 3 --lite_topk_output_anchor 3 --thread 1
INFO:root:15906 genes and 12 factors are read from input model
INFO:root:Read 3120289 grid points
INFO:root:Read 58585 pixels, forming 1 batches.
INFO:root:Read 1 batches ((58585, 15906))
INFO:root:Output 58585 pixels and 17417 anchors
INFO:root:Read 35974 pixels, forming 1 batches.
INFO:root:Read 1 batches ((35974, 15906))
INFO:root:Output 35892 pixels and 10439 anchors
INFO:root:Read 78308 pixels, forming 2 batches.
INFO:root:Read 2 batches ((78308, 15906))
INFO:root:Output 78081 pixels and 22737 anchors
INFO:root:Read 80660 pixels, forming 2 batches.
INFO:root:Read 2 batches ((80660, 15906))
INFO:root:Output 83679 pixels and 23380 anchors
INFO:root:Read 49376 pixels, forming 1 batches.
INFO:root:Read 1 batches ((49376, 15906))
INFO:root:Output 49244 pixels and 14443 anchors
INFO:root:Read 81949 pixels, forming 2 batches.
INFO:root:Read 2 batches ((81949, 15906))
INFO:root:Output 83491 pixels and 23667 anchors
INFO:root:Read 16798 pixels, forming 1 batches.
INFO:root:Read 1 batches ((16798, 15906))
INFO:root:Output 16720 pixels and 4933 anchors
INFO:root:Read 115289 pixels, forming 2 batches.
INFO:root:Read 2 batches ((115289, 15906))
INFO:root:Output 120944 pixels and 33531 anchors
INFO:root:Read 66161 pixels, forming 1 batches.
INFO:root:Read 1 batches ((66161, 15906))
INFO:root:Output 65956 pixels and 19305 anchors
INFO:root:Read 66471 pixels, forming 2 batches.
INFO:root:Read 2 batches ((66471, 15906))
INFO:root:Output 65394 pixels and 19377 anchors
INFO:root:Read 129156 pixels, forming 2 batches.
INFO:root:Read 2 batches ((129156, 15906))
INFO:root:Output 128598 pixels and 38748 anchors
INFO:root:Read 57364 pixels, forming 2 batches.
INFO:root:Read 2 batches ((57364, 15906))
INFO:root:Output 56362 pixels and 19166 anchors
INFO:root:Read 128554 pixels, forming 2 batches.
INFO:root:Read 2 batches ((128554, 15906))
INFO:root:Output 127412 pixels and 39489 anchors
INFO:root:Read 13955 pixels, forming 1 batches.
INFO:root:Read 1 batches ((13955, 15906))
INFO:root:Output 13847 pixels and 4118 anchors
INFO:root:Read 83567 pixels, forming 2 batches.
INFO:root:Read 2 batches ((83567, 15906))
INFO:root:Output 83344 pixels and 24167 anchors
INFO:root:Read 104345 pixels, forming 2 batches.
INFO:root:Read 2 batches ((104345, 15906))
INFO:root:Output 110123 pixels and 30173 anchors
INFO:root:Read 44877 pixels, forming 1 batches.
INFO:root:Read 1 batches ((44877, 15906))
INFO:root:Output 44728 pixels and 13085 anchors
INFO:root:Read 89519 pixels, forming 2 batches.
INFO:root:Read 2 batches ((89519, 15906))
INFO:root:Output 91788 pixels and 25883 anchors
INFO:root:Read 67168 pixels, forming 1 batches.
INFO:root:Read 1 batches ((67168, 15906))
INFO:root:Output 66897 pixels and 19448 anchors
INFO:root:Read 36432 pixels, forming 1 batches.
INFO:root:Read 1 batches ((36432, 15906))
INFO:root:Output 36296 pixels and 10582 anchors
INFO:root:Read 83871 pixels, forming 2 batches.
INFO:root:Read 2 batches ((83871, 15906))
INFO:root:Output 83656 pixels and 24310 anchors
INFO:root:Read 80119 pixels, forming 2 batches.
INFO:root:Read 2 batches ((80119, 15906))
INFO:root:Output 83602 pixels and 23698 anchors
INFO:root:Read 21192 pixels, forming 1 batches.
INFO:root:Read 1 batches ((21192, 15906))
INFO:root:Output 21104 pixels and 6503 anchors
INFO:root:Read 110271 pixels, forming 2 batches.
INFO:root:Read 2 batches ((110271, 15906))
INFO:root:Output 115145 pixels and 32461 anchors
INFO:root:Read 130027 pixels, forming 2 batches.
INFO:root:Read 2 batches ((130027, 15906))
INFO:root:Output 137323 pixels and 41785 anchors
INFO:root:Read 60261 pixels, forming 1 batches.
INFO:root:Read 1 batches ((60261, 15906))
INFO:root:Output 60113 pixels and 19489 anchors
INFO:root:Read 21018 pixels, forming 1 batches.
INFO:root:Read 1 batches ((21018, 15906))
INFO:root:Output 20910 pixels and 6077 anchors
INFO:root:Read 110008 pixels, forming 2 batches.
INFO:root:Read 2 batches ((110008, 15906))
INFO:root:Output 115494 pixels and 33045 anchors
INFO:root:Read 27746 pixels, forming 1 batches.
INFO:root:Read 1 batches ((27746, 15906))
INFO:root:Output 27590 pixels and 8008 anchors
INFO:root:Read 95130 pixels, forming 2 batches.
INFO:root:Read 2 batches ((95130, 15906))
INFO:root:Output 94830 pixels and 27456 anchors
INFO:root:Read 80479 pixels, forming 2 batches.
INFO:root:Read 2 batches ((80479, 15906))
INFO:root:Output 85274 pixels and 23319 anchors
INFO:root:Read 67624 pixels, forming 1 batches.
INFO:root:Read 1 batches ((67624, 15906))
INFO:root:Output 67463 pixels and 19520 anchors
INFO:root:Read 3221 pixels, forming 1 batches.
INFO:root:Read 1 batches ((3221, 15906))
INFO:root:Output 3170 pixels and 1001 anchors
INFO:root:Read 131210 pixels, forming 2 batches.
INFO:root:Read 2 batches ((131210, 15906))
INFO:root:Output 138807 pixels and 38240 anchors
INFO:root:Read 69588 pixels, forming 2 batches.
INFO:root:Read 2 batches ((69588, 15906))
INFO:root:Output 69705 pixels and 20520 anchors
INFO:root:Read 130301 pixels, forming 2 batches.
INFO:root:Read 2 batches ((130301, 15906))
INFO:root:Output 130122 pixels and 38239 anchors
INFO:root:Read 66230 pixels, forming 1 batches.
INFO:root:Read 1 batches ((66230, 15906))
INFO:root:Output 66073 pixels and 19491 anchors
INFO:root:Read 39631 pixels, forming 1 batches.
INFO:root:Read 1 batches ((39631, 15906))
INFO:root:Output 39513 pixels and 11798 anchors
INFO:root:Read 93023 pixels, forming 2 batches.
INFO:root:Read 2 batches ((93023, 15906))
INFO:root:Output 92711 pixels and 29668 anchors
INFO:root:Read 2316 pixels, forming 1 batches.
INFO:root:Read 1 batches ((2316, 15906))
INFO:root:Output 2302 pixels and 715 anchors
INFO:root:Read 125389 pixels, forming 2 batches.
INFO:root:Read 2 batches ((125389, 15906))
INFO:root:Output 132970 pixels and 37070 anchors
INFO:root:Read 276 pixels, forming 1 batches.
INFO:root:Read 1 batches ((276, 15906))
INFO:root:Output 245 pixels and 143 anchors
INFO:root:Read 130218 pixels, forming 2 batches.
INFO:root:Read 2 batches ((130218, 15906))
INFO:root:Output 137947 pixels and 37668 anchors
INFO:root:Read 33405 pixels, forming 1 batches.
INFO:root:Read 1 batches ((33405, 15906))
INFO:root:Output 33315 pixels and 9653 anchors
INFO:root:Read 74444 pixels, forming 2 batches.
INFO:root:Read 2 batches ((74444, 15906))
INFO:root:Output 74180 pixels and 21432 anchors
INFO:root:Read 64407 pixels, forming 2 batches.
INFO:root:Read 2 batches ((64407, 15906))
INFO:root:Output 64167 pixels and 18733 anchors
INFO:root:Read 58305 pixels, forming 2 batches.
INFO:root:Read 2 batches ((58305, 15906))
INFO:root:Output 58273 pixels and 17059 anchors
INFO:root:Read 94350 pixels, forming 2 batches.
INFO:root:Read 2 batches ((94350, 15906))
INFO:root:Output 97790 pixels and 27527 anchors
INFO:root:Read 64467 pixels, forming 1 batches.
INFO:root:Read 1 batches ((64467, 15906))
INFO:root:Output 64216 pixels and 18804 anchors
INFO:root:Read 17483 pixels, forming 1 batches.
INFO:root:Read 1 batches ((17483, 15906))
INFO:root:Output 17414 pixels and 5355 anchors
INFO:root:Read 77819 pixels, forming 2 batches.
INFO:root:Read 2 batches ((77819, 15906))
INFO:root:Output 77423 pixels and 22933 anchors
INFO:root:Read 58735 pixels, forming 2 batches.
INFO:root:Read 2 batches ((58735, 15906))
INFO:root:Output 58471 pixels and 17276 anchors
INFO:root:Read 75826 pixels, forming 2 batches.
INFO:root:Read 2 batches ((75826, 15906))
INFO:root:Output 75553 pixels and 23273 anchors
INFO:root:Read 95102 pixels, forming 2 batches.
INFO:root:Read 2 batches ((95102, 15906))
INFO:root:Output 99954 pixels and 27742 anchors
INFO:root:Read 67464 pixels, forming 1 batches.
INFO:root:Read 1 batches ((67464, 15906))
INFO:root:Output 67262 pixels and 19448 anchors
INFO:root:Read 23113 pixels, forming 1 batches.
INFO:root:Read 1 batches ((23113, 15906))
INFO:root:Output 23032 pixels and 6721 anchors
INFO:root:Read 112024 pixels, forming 2 batches.
INFO:root:Read 2 batches ((112024, 15906))
INFO:root:Output 116932 pixels and 32246 anchors
INFO:root:Read 2869 pixels, forming 1 batches.
INFO:root:Read 1 batches ((2869, 15906))
INFO:root:Output 2812 pixels and 852 anchors
INFO:root:Read 131774 pixels, forming 2 batches.
INFO:root:Read 2 batches ((131774, 15906))
INFO:root:Output 138775 pixels and 38109 anchors
INFO:root:Read 23011 pixels, forming 1 batches.
INFO:root:Read 1 batches ((23011, 15906))
INFO:root:Output 22966 pixels and 6649 anchors
INFO:root:Read 111642 pixels, forming 2 batches.
INFO:root:Read 2 batches ((111642, 15906))
INFO:root:Output 116432 pixels and 32318 anchors
INFO:root:Read 32554 pixels, forming 1 batches.
INFO:root:Read 1 batches ((32554, 15906))
INFO:root:Output 32335 pixels and 9367 anchors
INFO:root:Read 69788 pixels, forming 2 batches.
INFO:root:Read 2 batches ((69788, 15906))
INFO:root:Output 69531 pixels and 20163 anchors
INFO:root:Read 45363 pixels, forming 2 batches.
INFO:root:Read 2 batches ((45363, 15906))
INFO:root:Output 45274 pixels and 13277 anchors
INFO:root:Read 187312 pixels, forming 3 batches.
INFO:root:Read 3 batches ((187312, 15906))
INFO:root:Output 200317 pixels and 57213 anchors
INFO:root:Read 67506 pixels, forming 1 batches.
INFO:root:Read 1 batches ((67506, 15906))
INFO:root:Output 67221 pixels and 19520 anchors
INFO:root:Read 1519 pixels, forming 1 batches.
INFO:root:Read 1 batches ((1519, 15906))
INFO:root:Output 1480 pixels and 497 anchors
INFO:root:Read 134293 pixels, forming 2 batches.
INFO:root:Read 2 batches ((134293, 15906))
INFO:root:Output 141559 pixels and 38611 anchors
INFO:root:Read 21666 pixels, forming 1 batches.
INFO:root:Read 1 batches ((21666, 15906))
INFO:root:Output 21563 pixels and 6220 anchors
INFO:root:Read 114028 pixels, forming 2 batches.
INFO:root:Read 2 batches ((114028, 15906))
INFO:root:Output 119553 pixels and 33026 anchors
INFO:root:Read 67602 pixels, forming 1 batches.
INFO:root:Read 1 batches ((67602, 15906))
INFO:root:Output 67360 pixels and 19519 anchors
INFO:root:Read 5409 pixels, forming 1 batches.
INFO:root:Read 1 batches ((5409, 15906))
INFO:root:Output 5365 pixels and 1573 anchors
INFO:root:Read 112445 pixels, forming 2 batches.
INFO:root:Read 2 batches ((112445, 15906))
INFO:root:Output 112228 pixels and 32526 anchors
INFO:root:Read 85545 pixels, forming 2 batches.
INFO:root:Read 2 batches ((85545, 15906))
INFO:root:Output 88023 pixels and 24739 anchors
INFO:root:Read 11176 pixels, forming 1 batches.
INFO:root:Read 1 batches ((11176, 15906))
INFO:root:Output 11150 pixels and 3289 anchors
INFO:root:Read 88156 pixels, forming 2 batches.
INFO:root:Read 2 batches ((88156, 15906))
INFO:root:Output 88005 pixels and 25519 anchors
INFO:root:Read 166276 pixels, forming 3 batches.
INFO:root:Read 3 batches ((166276, 15906))
INFO:root:Output 177027 pixels and 49686 anchors
INFO:root:Read 21492 pixels, forming 1 batches.
INFO:root:Read 1 batches ((21492, 15906))
INFO:root:Output 21472 pixels and 6221 anchors
INFO:root:Read 94431 pixels, forming 2 batches.
INFO:root:Read 2 batches ((94431, 15906))
INFO:root:Output 94222 pixels and 30218 anchors
INFO:root:Read 83124 pixels, forming 2 batches.
INFO:root:Read 2 batches ((83124, 15906))
INFO:root:Output 87354 pixels and 24024 anchors
INFO:root:Read 66481 pixels, forming 1 batches.
INFO:root:Read 1 batches ((66481, 15906))
INFO:root:Output 66481 pixels and 19296 anchors
INFO:root:Read 66617 pixels, forming 1 batches.
INFO:root:Read 1 batches ((66617, 15906))
INFO:root:Output 66481 pixels and 19162 anchors
INFO:root:Read 22822 pixels, forming 1 batches.
INFO:root:Read 1 batches ((22822, 15906))
INFO:root:Output 22730 pixels and 6650 anchors
INFO:root:Read 110298 pixels, forming 2 batches.
INFO:root:Read 2 batches ((110298, 15906))
INFO:root:Output 115458 pixels and 31906 anchors
INFO:root:Read 10319 pixels, forming 1 batches.
INFO:root:Read 1 batches ((10319, 15906))
INFO:root:Output 10278 pixels and 3003 anchors
INFO:root:Read 92622 pixels, forming 2 batches.
INFO:root:Read 2 batches ((92622, 15906))
INFO:root:Output 92366 pixels and 26669 anchors
INFO:root:Read 73873 pixels, forming 2 batches.
INFO:root:Read 2 batches ((73873, 15906))
INFO:root:Output 73681 pixels and 21306 anchors
INFO:root:Read 89979 pixels, forming 2 batches.
INFO:root:Read 2 batches ((89979, 15906))
INFO:root:Output 94828 pixels and 25965 anchors
INFO:root:Read 66194 pixels, forming 1 batches.
INFO:root:Read 1 batches ((66194, 15906))
INFO:root:Output 65993 pixels and 19162 anchors
INFO:root:Read 95877 pixels, forming 2 batches.
INFO:root:Read 2 batches ((95877, 15906))
INFO:root:Output 100114 pixels and 32689 anchors
INFO:root:Read 78864 pixels, forming 2 batches.
INFO:root:Read 2 batches ((78864, 15906))
INFO:root:Output 78770 pixels and 24363 anchors
INFO:root:Read 13347 pixels, forming 1 batches.
INFO:root:Read 1 batches ((13347, 15906))
INFO:root:Output 13293 pixels and 3933 anchors
INFO:root:Read 111190 pixels, forming 2 batches.
INFO:root:Read 2 batches ((111190, 15906))
INFO:root:Output 110932 pixels and 32676 anchors
INFO:root:Read 68115 pixels, forming 2 batches.
INFO:root:Read 2 batches ((68115, 15906))
INFO:root:Output 70160 pixels and 19838 anchors
INFO:root:Read 64804 pixels, forming 1 batches.
INFO:root:Read 1 batches ((64804, 15906))
INFO:root:Output 64618 pixels and 18733 anchors
INFO:root:Read 12866 pixels, forming 1 batches.
INFO:root:Read 1 batches ((12866, 15906))
INFO:root:Output 12833 pixels and 3789 anchors
INFO:root:Read 116674 pixels, forming 2 batches.
INFO:root:Read 2 batches ((116674, 15906))
INFO:root:Output 122580 pixels and 33748 anchors
INFO:root:Read 64782 pixels, forming 1 batches.
INFO:root:Read 1 batches ((64782, 15906))
INFO:root:Output 64615 pixels and 18733 anchors
INFO:root:Read 42973 pixels, forming 1 batches.
INFO:root:Read 1 batches ((42973, 15906))
INFO:root:Output 42810 pixels and 12513 anchors
INFO:root:Read 92469 pixels, forming 2 batches.
INFO:root:Read 2 batches ((92469, 15906))
INFO:root:Output 92193 pixels and 26884 anchors
INFO:root:Read 58421 pixels, forming 2 batches.
INFO:root:Read 2 batches ((58421, 15906))
INFO:root:Output 60587 pixels and 16945 anchors
INFO:root:Read 106940 pixels, forming 2 batches.
INFO:root:Read 2 batches ((106940, 15906))
INFO:root:Output 112326 pixels and 36080 anchors
INFO:root:Read 122530 pixels, forming 3 batches.
INFO:root:Read 3 batches ((122530, 15906))
INFO:root:Output 122437 pixels and 39801 anchors
INFO:root:Read 3348 pixels, forming 1 batches.
INFO:root:Read 1 batches ((3348, 15906))
INFO:root:Output 3287 pixels and 1001 anchors
INFO:root:Read 95924 pixels, forming 2 batches.
INFO:root:Read 2 batches ((95924, 15906))
INFO:root:Output 95697 pixels and 27885 anchors
INFO:root:Read 110163 pixels, forming 2 batches.
INFO:root:Read 2 batches ((110163, 15906))
INFO:root:Output 114845 pixels and 31960 anchors
INFO:root:Read 41889 pixels, forming 1 batches.
INFO:root:Read 1 batches ((41889, 15906))
INFO:root:Output 41723 pixels and 12155 anchors
INFO:root:Read 74156 pixels, forming 2 batches.
INFO:root:Read 2 batches ((74156, 15906))
INFO:root:Output 73807 pixels and 21521 anchors
INFO:root:Read 94064 pixels, forming 2 batches.
INFO:root:Read 2 batches ((94064, 15906))
INFO:root:Output 96963 pixels and 27170 anchors
INFO:root:Read 70040 pixels, forming 1 batches.
INFO:root:Read 1 batches ((70040, 15906))
INFO:root:Output 69794 pixels and 20235 anchors
INFO:root:Read 69915 pixels, forming 1 batches.
INFO:root:Read 1 batches ((69915, 15906))
INFO:root:Output 69915 pixels and 20376 anchors
INFO:root:Read 43086 pixels, forming 1 batches.
INFO:root:Read 1 batches ((43086, 15906))
INFO:root:Output 42965 pixels and 12512 anchors
INFO:root:Read 107866 pixels, forming 2 batches.
INFO:root:Read 2 batches ((107866, 15906))
INFO:root:Output 107718 pixels and 32175 anchors
INFO:root:Read 77976 pixels, forming 3 batches.
INFO:root:Read 3 batches ((77976, 15906))
INFO:root:Output 80880 pixels and 24491 anchors
INFO:root:Read 111946 pixels, forming 3 batches.
INFO:root:Read 3 batches ((111946, 15906))
INFO:root:Output 111720 pixels and 37720 anchors
INFO:root:Read 67650 pixels, forming 2 batches.
INFO:root:Read 2 batches ((67650, 15906))
INFO:root:Output 67427 pixels and 21661 anchors
INFO:root:Read 9314 pixels, forming 1 batches.
INFO:root:Read 1 batches ((9314, 15906))
INFO:root:Output 9241 pixels and 2698 anchors
INFO:root:Read 125036 pixels, forming 2 batches.
INFO:root:Read 2 batches ((125036, 15906))
INFO:root:Output 131482 pixels and 36251 anchors
INFO:root:Read 7261 pixels, forming 1 batches.
INFO:root:Read 1 batches ((7261, 15906))
INFO:root:Output 7261 pixels and 2145 anchors
INFO:root:Read 127486 pixels, forming 2 batches.
INFO:root:Read 2 batches ((127486, 15906))
INFO:root:Output 134713 pixels and 36958 anchors
INFO:root:Read 67153 pixels, forming 1 batches.
INFO:root:Read 1 batches ((67153, 15906))
INFO:root:Output 66961 pixels and 19448 anchors
INFO:root:Read 66848 pixels, forming 1 batches.
INFO:root:Read 1 batches ((66848, 15906))
INFO:root:Output 66848 pixels and 19584 anchors
INFO:root:Read 43981 pixels, forming 1 batches.
INFO:root:Read 1 batches ((43981, 15906))
INFO:root:Output 43879 pixels and 12941 anchors
INFO:root:Read 89358 pixels, forming 2 batches.
INFO:root:Read 2 batches ((89358, 15906))
INFO:root:Output 91696 pixels and 26098 anchors
INFO:root:Read 66138 pixels, forming 1 batches.
INFO:root:Read 1 batches ((66138, 15906))
INFO:root:Output 66138 pixels and 19584 anchors
INFO:root:Read 54568 pixels, forming 2 batches.
INFO:root:Read 2 batches ((54568, 15906))
INFO:root:Output 54839 pixels and 19767 anchors
INFO:root:Read 136651 pixels, forming 3 batches.
INFO:root:Read 3 batches ((136651, 15906))
INFO:root:Output 142368 pixels and 44225 anchors
INFO:root:Read 12107 pixels, forming 1 batches.
INFO:root:Read 1 batches ((12107, 15906))
INFO:root:Output 11957 pixels and 3504 anchors
INFO:root:Read 110644 pixels, forming 2 batches.
INFO:root:Read 2 batches ((110644, 15906))
INFO:root:Output 116091 pixels and 32687 anchors
INFO:root:Read 11468 pixels, forming 1 batches.
INFO:root:Read 1 batches ((11468, 15906))
INFO:root:Output 11442 pixels and 3360 anchors
INFO:root:Read 66318 pixels, forming 2 batches.
INFO:root:Read 2 batches ((66318, 15906))
INFO:root:Output 66270 pixels and 19288 anchors
INFO:root:Read 65004 pixels, forming 2 batches.
INFO:root:Read 2 batches ((65004, 15906))
INFO:root:Output 64717 pixels and 18776 anchors
INFO:root:Read 105689 pixels, forming 2 batches.
INFO:root:Read 2 batches ((105689, 15906))
INFO:root:Output 110020 pixels and 31206 anchors
INFO:root:Read 31069 pixels, forming 1 batches.
INFO:root:Read 1 batches ((31069, 15906))
INFO:root:Output 30998 pixels and 9081 anchors
INFO:root:Read 93190 pixels, forming 2 batches.
INFO:root:Read 2 batches ((93190, 15906))
INFO:root:Output 96461 pixels and 27171 anchors
INFO:root:Read 20846 pixels, forming 1 batches.
INFO:root:Read 1 batches ((20846, 15906))
INFO:root:Output 20758 pixels and 6292 anchors
INFO:root:Read 188167 pixels, forming 4 batches.
INFO:root:Read 4 batches ((188167, 15906))
INFO:root:Output 201670 pixels and 60935 anchors
INFO:root:Read 40811 pixels, forming 1 batches.
INFO:root:Read 1 batches ((40811, 15906))
INFO:root:Output 40572 pixels and 12793 anchors
INFO:root:Read 34698 pixels, forming 1 batches.
INFO:root:Read 1 batches ((34698, 15906))
INFO:root:Output 34579 pixels and 10551 anchors
INFO:root:Read 3919 pixels, forming 1 batches.
INFO:root:Read 1 batches ((3919, 15906))
INFO:root:Output 3837 pixels and 1207 anchors
INFO:root:Read 136407 pixels, forming 2 batches.
INFO:root:Read 2 batches ((136407, 15906))
INFO:root:Output 143739 pixels and 40184 anchors
INFO:root:Read 70286 pixels, forming 1 batches.
INFO:root:Read 1 batches ((70286, 15906))
INFO:root:Output 70053 pixels and 20663 anchors
INFO:root:Read 34638 pixels, forming 1 batches.
INFO:root:Read 1 batches ((34638, 15906))
INFO:root:Output 34499 pixels and 10081 anchors
INFO:root:Read 106655 pixels, forming 2 batches.
INFO:root:Read 2 batches ((106655, 15906))
INFO:root:Output 110543 pixels and 31316 anchors
INFO:root:Read 18449 pixels, forming 1 batches.
INFO:root:Read 1 batches ((18449, 15906))
INFO:root:Output 18406 pixels and 5506 anchors
INFO:root:Read 122134 pixels, forming 2 batches.
INFO:root:Read 2 batches ((122134, 15906))
INFO:root:Output 127672 pixels and 35894 anchors
INFO:root:Read 69649 pixels, forming 1 batches.
INFO:root:Read 1 batches ((69649, 15906))
INFO:root:Output 69401 pixels and 20664 anchors
INFO:root:Read 140365 pixels, forming 3 batches.
INFO:root:Read 3 batches ((140365, 15906))
INFO:root:Output 147475 pixels and 45429 anchors
INFO:root:Read 96148 pixels, forming 2 batches.
INFO:root:Read 2 batches ((96148, 15906))
INFO:root:Output 101107 pixels and 32576 anchors
INFO:root:Read 10411 pixels, forming 1 batches.
INFO:root:Read 1 batches ((10411, 15906))
INFO:root:Output 10266 pixels and 3045 anchors
INFO:root:Read 82128 pixels, forming 2 batches.
INFO:root:Read 2 batches ((82128, 15906))
INFO:root:Output 87273 pixels and 24488 anchors
INFO:root:Read 66955 pixels, forming 1 batches.
INFO:root:Read 1 batches ((66955, 15906))
INFO:root:Output 66818 pixels and 20521 anchors
INFO:root:Read 25263 pixels, forming 1 batches.
INFO:root:Read 1 batches ((25263, 15906))
INFO:root:Output 25219 pixels and 7649 anchors
INFO:root:Read 67197 pixels, forming 2 batches.
INFO:root:Read 2 batches ((67197, 15906))
INFO:root:Output 67192 pixels and 20937 anchors
INFO:root:Read 110562 pixels, forming 2 batches.
INFO:root:Read 2 batches ((110562, 15906))
INFO:root:Output 115335 pixels and 33045 anchors
INFO:root:Read 7950 pixels, forming 1 batches.
INFO:root:Read 1 batches ((7950, 15906))
INFO:root:Output 7937 pixels and 2431 anchors
INFO:root:Read 123607 pixels, forming 2 batches.
INFO:root:Read 2 batches ((123607, 15906))
INFO:root:Output 130703 pixels and 37899 anchors
INFO:root:Read 129981 pixels, forming 3 batches.
INFO:root:Read 3 batches ((129981, 15906))
INFO:root:Output 130754 pixels and 43504 anchors
INFO:root:Read 138847 pixels, forming 4 batches.
INFO:root:Read 4 batches ((138847, 15906))
INFO:root:Output 139087 pixels and 50082 anchors
INFO:root:Read 122500 pixels, forming 5 batches.
INFO:root:Read 5 batches ((122500, 15906))
INFO:root:Output 121262 pixels and 42404 anchors
INFO:root:Read 43512 pixels, forming 12 batches.
INFO:root:Read 12 batches ((43512, 15906))
INFO:root:Output 46546 pixels and 15161 anchors
INFO:root:Read 2634 pixels, forming 1 batches.
INFO:root:Read 1 batches ((2634, 15906))
INFO:root:Output 2634 pixels and 1161 anchors
bash /dcs05/lieber/marmaypag/xenium_NAC_LIBD4125/xenium_NAC/processed-data/HD_Full_Analysis/FICTURE/outputs/H1-XKYDCP3_A1/nF_12/sort_decode.sh /dcs05/lieber/marmaypag/xenium_NAC_LIBD4125/xenium_NAC/processed-data/HD_Full_Analysis/FICTURE/outputs/H1-XKYDCP3_A1/nF_12/analysis/nF12.d_12/nF12.d_12.decode.prj_12.r_4_5.pixel.tsv.gz /dcs05/lieber/marmaypag/xenium_NAC_LIBD4125/xenium_NAC/processed-data/HD_Full_Analysis/FICTURE/outputs/H1-XKYDCP3_A1/nF_12/analysis/nF12.d_12/nF12.d_12.decode.prj_12.r_4_5.pixel.sorted.tsv.gz /dcs05/lieber/marmaypag/xenium_NAC_LIBD4125/xenium_NAC/processed-data/HD_Full_Analysis/FICTURE/inputs/H1-XKYDCP3_A1/minmax.tsv nF12.d_12 100 100 3 gzip
3354.848, 10087.483; 1404.447, 8137.415
ficture de_bulk --input /dcs05/lieber/marmaypag/xenium_NAC_LIBD4125/xenium_NAC/processed-data/HD_Full_Analysis/FICTURE/outputs/H1-XKYDCP3_A1/nF_12/analysis/nF12.d_12/nF12.d_12.decode.prj_12.r_4_5.posterior.count.tsv.gz --output /dcs05/lieber/marmaypag/xenium_NAC_LIBD4125/xenium_NAC/processed-data/HD_Full_Analysis/FICTURE/outputs/H1-XKYDCP3_A1/nF_12/analysis/nF12.d_12/nF12.d_12.decode.prj_12.r_4_5.bulk_chisq.tsv --min_ct_per_feature 20 --max_pval_output 0.001 --min_fold_output 1.5
/jhpce/shared/libd/core/visium_hd/1.0/hd_env/lib/python3.9/site-packages/ficture/scripts/de_bulk.py:117: RuntimeWarning: divide by zero encountered in scalar divide
  fd=tab[0,0]/total_k[k]/tab[0,1]*(total_umi-total_k[k])
Read posterior count over 15906 genes and 12 factors
Testing 15905 genes over 12 factors
ficture factor_report --path /dcs05/lieber/marmaypag/xenium_NAC_LIBD4125/xenium_NAC/processed-data/HD_Full_Analysis/FICTURE/outputs/H1-XKYDCP3_A1/nF_12/analysis/nF12.d_12 --pref nF12.d_12.decode.prj_12.r_4_5 --color_table /dcs05/lieber/marmaypag/xenium_NAC_LIBD4125/xenium_NAC/processed-data/HD_Full_Analysis/FICTURE/outputs/H1-XKYDCP3_A1/nF_12/analysis/nF12.d_12/figure/nF12.d_12.rgb.tsv
['0' '1' '2' '3' '4' '5' '6' '7' '8' '9' '10' '11']
/dcs05/lieber/marmaypag/xenium_NAC_LIBD4125/xenium_NAC/processed-data/HD_Full_Analysis/FICTURE/outputs/H1-XKYDCP3_A1/nF_12/analysis/nF12.d_12/nF12.d_12.decode.prj_12.r_4_5.factor.info.html
ficture plot_pixel_full --input /dcs05/lieber/marmaypag/xenium_NAC_LIBD4125/xenium_NAC/processed-data/HD_Full_Analysis/FICTURE/outputs/H1-XKYDCP3_A1/nF_12/analysis/nF12.d_12/nF12.d_12.decode.prj_12.r_4_5.pixel.sorted.tsv.gz --color_table /dcs05/lieber/marmaypag/xenium_NAC_LIBD4125/xenium_NAC/processed-data/HD_Full_Analysis/FICTURE/outputs/H1-XKYDCP3_A1/nF_12/analysis/nF12.d_12/figure/nF12.d_12.rgb.tsv --output /dcs05/lieber/marmaypag/xenium_NAC_LIBD4125/xenium_NAC/processed-data/HD_Full_Analysis/FICTURE/outputs/H1-XKYDCP3_A1/nF_12/analysis/nF12.d_12/figure/nF12.d_12.decode.prj_12.r_4_5.pixel.png --plot_um_per_pixel 0.5 --full
10:35:24 PM Background color 000000
10:35:24 PM Read color table (12)
10:35:24 PM Read header {'K': 12, 'TOPK': 3, 'BLOCK_SIZE': 2000, 'BLOCK_AXIS': 'X', 'INDEX_AXIS': 'Y', 'OFFSET_X': 3354.848, 'OFFSET_Y': 1404.447, 'SIZE_X': 6734, 'SIZE_Y': 6734, 'SCALE': 100}
10:35:24 PM Image size 13470 x 13470
10:35:25 PM Reading pixels... 3999, 3500, 893850
10:35:27 PM Reading pixels... 3999, 7308, 878961
10:35:28 PM Reading pixels... 3999, 10452, 882243
10:35:30 PM Reading pixels... 7999, 1197, 894135
10:35:32 PM Reading pixels... 7999, 4901, 856162
10:35:33 PM Reading pixels... 7999, 8141, 886277
10:35:35 PM Reading pixels... 7999, 12001, 858226
10:35:37 PM Reading pixels... 11999, 2006, 867819
10:35:38 PM Reading pixels... 11999, 5858, 866050
10:35:40 PM Reading pixels... 11999, 8938, 863618
10:35:42 PM Reading pixels... 13443, 2021, 878408
10:35:43 PM Reading pixels... 13443, 4333, 719275
10:35:46 PM Finished
/dcs05/lieber/marmaypag/xenium_NAC_LIBD4125/xenium_NAC/processed-data/HD_Full_Analysis/FICTURE/outputs/H1-XKYDCP3_A1/nF_12/analysis/nF12.d_12/figure/nF12.d_12.decode.prj_12.r_4_5.pixel.png
Index(['0', '1', '2', '3', '4', '5', '6', '7', '8', '9', '10', '11'], dtype='object', name='Name')
['BLOCK', 'X', 'Y', 'K1', 'K2', 'K3', 'P1', 'P2', 'P3']
touch /dcs05/lieber/marmaypag/xenium_NAC_LIBD4125/xenium_NAC/processed-data/HD_Full_Analysis/FICTURE/outputs/H1-XKYDCP3_A1/nF_12/analysis/nF12.d_12/nF12.d_12.decode.prj_12.r_4_5.done
Finished nFactor=12 for H1-XKYDCP3_A1
Fri Mar  6 10:35:46 PM EST 2026
--------------------------------------------------------------
Running FICTURE with nFactor=16 for H1-XKYDCP3_A1
--------------------------------------------------------------
Fri Mar  6 10:35:46 PM EST 2026
--------------------------------------------------------------
Creating minibatch from /dcs05/lieber/marmaypag/xenium_NAC_LIBD4125/xenium_NAC/processed-data/HD_Full_Analysis/FICTURE/inputs/H1-XKYDCP3_A1/transcripts.sorted.tsv.gz...
--------------------------------------------------------------
ficture make_spatial_minibatch --input /dcs05/lieber/marmaypag/xenium_NAC_LIBD4125/xenium_NAC/processed-data/HD_Full_Analysis/FICTURE/inputs/H1-XKYDCP3_A1/transcripts.sorted.tsv.gz --output /dcs05/lieber/marmaypag/xenium_NAC_LIBD4125/xenium_NAC/processed-data/HD_Full_Analysis/FICTURE/outputs/H1-XKYDCP3_A1/nF_16/batched.matrix.tsv --mu_scale 1.0 --batch_size 500 --batch_buff 30 --major_axis X
INFO:root:Random seed 1772854546.9630072
INFO:root:Read blocks of pixels: 87.25 x 6698.29
INFO:root:Read blocks of pixels: 144.78 x 6698.60
INFO:root:Read blocks of pixels: 211.75 x 6698.94
INFO:root:Read blocks of pixels: 277.69 x 6699.29
INFO:root:Read blocks of pixels: 343.16 x 6699.64
INFO:root:Read blocks of pixels: 417.34 x 6700.03
INFO:root:Read blocks of pixels: 482.22 x 6700.38
INFO:root:Read blocks of pixels: 551.36 x 6700.73
INFO:root:Output region (552.36, 501.00) (3353.8, 3906.2) x (1403.4, 1904.4)
INFO:root:Output region (552.36, 500.00) (3353.8, 3906.2) x (1874.4, 2374.4)
INFO:root:Output region (552.36, 500.00) (3353.8, 3906.2) x (2344.4, 2844.4)
INFO:root:Output region (552.36, 500.00) (3353.8, 3906.2) x (2814.4, 3314.4)
INFO:root:Output region (552.36, 500.00) (3353.8, 3906.2) x (3284.4, 3784.4)
INFO:root:Output region (552.36, 500.00) (3353.8, 3906.2) x (3754.4, 4254.4)
INFO:root:Output region (552.36, 500.00) (3353.8, 3906.2) x (4224.4, 4724.4)
INFO:root:Output region (552.36, 500.00) (3353.8, 3906.2) x (4694.4, 5194.4)
INFO:root:Output region (552.36, 500.00) (3353.8, 3906.2) x (5164.4, 5664.4)
INFO:root:Output region (552.36, 500.00) (3353.8, 3906.2) x (5634.4, 6134.4)
INFO:root:Output region (552.36, 500.00) (3353.8, 3906.2) x (6104.4, 6604.4)
INFO:root:Output region (552.36, 500.00) (3353.8, 3906.2) x (6574.4, 7074.4)
INFO:root:Output region (552.36, 500.00) (3353.8, 3906.2) x (7044.4, 7544.4)
INFO:root:Output region (552.36, 590.73) (3353.8, 3906.2) x (7514.4, 8105.2)
INFO:root:Left over size 427691 (427691, 30.00)
INFO:root:Read blocks of pixels: 96.47 x 6698.53
INFO:root:Read blocks of pixels: 153.56 x 6698.84
INFO:root:Read blocks of pixels: 205.14 x 6699.11
INFO:root:Read blocks of pixels: 258.53 x 6699.39
INFO:root:Read blocks of pixels: 318.10 x 6699.70
INFO:root:Read blocks of pixels: 373.47 x 6700.00
INFO:root:Read blocks of pixels: 431.93 x 6700.30
INFO:root:Read blocks of pixels: 487.20 x 6700.60
INFO:root:Read blocks of pixels: 541.15 x 6700.88
INFO:root:Output region (542.15, 501.00) (3875.2, 4417.4) x (1406.0, 1907.0)
INFO:root:Output region (542.15, 500.00) (3875.2, 4417.4) x (1877.0, 2377.0)
INFO:root:Output region (542.15, 500.00) (3875.2, 4417.4) x (2347.0, 2847.0)
INFO:root:Output region (542.15, 500.00) (3875.2, 4417.4) x (2817.0, 3317.0)
INFO:root:Output region (542.15, 500.00) (3875.2, 4417.4) x (3287.0, 3787.0)
INFO:root:Output region (542.15, 500.00) (3875.2, 4417.4) x (3757.0, 4257.0)
INFO:root:Output region (542.15, 500.00) (3875.2, 4417.4) x (4227.0, 4727.0)
INFO:root:Output region (542.15, 500.00) (3875.2, 4417.4) x (4697.0, 5197.0)
INFO:root:Output region (542.15, 500.00) (3875.2, 4417.4) x (5167.0, 5667.0)
INFO:root:Output region (542.15, 500.00) (3875.2, 4417.4) x (5637.0, 6137.0)
INFO:root:Output region (542.15, 500.00) (3875.2, 4417.4) x (6107.0, 6607.0)
INFO:root:Output region (542.15, 500.00) (3875.2, 4417.4) x (6577.0, 7077.0)
INFO:root:Output region (542.15, 500.00) (3875.2, 4417.4) x (7047.0, 7547.0)
INFO:root:Output region (542.15, 590.88) (3875.2, 4417.4) x (7517.0, 8107.9)
INFO:root:Left over size 527003 (527003, 30.00)
INFO:root:Read blocks of pixels: 88.03 x 6698.53
INFO:root:Read blocks of pixels: 148.77 x 6698.84
INFO:root:Read blocks of pixels: 204.31 x 6699.13
INFO:root:Read blocks of pixels: 256.66 x 6699.41
INFO:root:Read blocks of pixels: 321.30 x 6699.74
INFO:root:Read blocks of pixels: 379.99 x 6700.06
INFO:root:Read blocks of pixels: 435.78 x 6700.34
INFO:root:Read blocks of pixels: 488.80 x 6700.63
INFO:root:Read blocks of pixels: 544.09 x 6700.92
INFO:root:Output region (545.09, 501.00) (4386.4, 4931.4) x (1408.7, 1909.7)
INFO:root:Output region (545.09, 500.00) (4386.4, 4931.4) x (1879.7, 2379.7)
INFO:root:Output region (545.09, 500.00) (4386.4, 4931.4) x (2349.7, 2849.7)
INFO:root:Output region (545.09, 500.00) (4386.4, 4931.4) x (2819.7, 3319.7)
INFO:root:Output region (545.09, 500.00) (4386.4, 4931.4) x (3289.7, 3789.7)
INFO:root:Output region (545.09, 500.00) (4386.4, 4931.4) x (3759.7, 4259.7)
INFO:root:Output region (545.09, 500.00) (4386.4, 4931.4) x (4229.7, 4729.7)
INFO:root:Output region (545.09, 500.00) (4386.4, 4931.4) x (4699.7, 5199.7)
INFO:root:Output region (545.09, 500.00) (4386.4, 4931.4) x (5169.7, 5669.7)
INFO:root:Output region (545.09, 500.00) (4386.4, 4931.4) x (5639.7, 6139.7)
INFO:root:Output region (545.09, 500.00) (4386.4, 4931.4) x (6109.7, 6609.7)
INFO:root:Output region (545.09, 500.00) (4386.4, 4931.4) x (6579.7, 7079.7)
INFO:root:Output region (545.09, 500.00) (4386.4, 4931.4) x (7049.7, 7549.7)
INFO:root:Output region (545.09, 590.92) (4386.4, 4931.4) x (7519.7, 8110.6)
INFO:root:Left over size 566787 (566787, 30.00)
INFO:root:Read blocks of pixels: 87.12 x 6698.52
INFO:root:Read blocks of pixels: 143.57 x 6698.82
INFO:root:Read blocks of pixels: 200.93 x 6699.11
INFO:root:Read blocks of pixels: 257.27 x 6699.41
INFO:root:Read blocks of pixels: 308.66 x 6699.68
INFO:root:Read blocks of pixels: 356.93 x 6699.94
INFO:root:Read blocks of pixels: 401.92 x 6700.17
INFO:root:Read blocks of pixels: 441.88 x 6700.39
INFO:root:Read blocks of pixels: 484.25 x 6700.61
INFO:root:Read blocks of pixels: 524.10 x 6700.82
INFO:root:Output region (525.10, 501.00) (4900.4, 5425.5) x (1411.4, 1912.4)
INFO:root:Output region (525.10, 500.00) (4900.4, 5425.5) x (1882.4, 2382.4)
INFO:root:Output region (525.10, 500.00) (4900.4, 5425.5) x (2352.4, 2852.4)
INFO:root:Output region (525.10, 500.00) (4900.4, 5425.5) x (2822.4, 3322.4)
INFO:root:Output region (525.10, 500.00) (4900.4, 5425.5) x (3292.4, 3792.4)
INFO:root:Output region (525.10, 500.00) (4900.4, 5425.5) x (3762.4, 4262.4)
INFO:root:Output region (525.10, 500.00) (4900.4, 5425.5) x (4232.4, 4732.4)
INFO:root:Output region (525.10, 500.00) (4900.4, 5425.5) x (4702.4, 5202.4)
INFO:root:Output region (525.10, 500.00) (4900.4, 5425.5) x (5172.4, 5672.4)
INFO:root:Output region (525.10, 500.00) (4900.4, 5425.5) x (5642.4, 6142.4)
INFO:root:Output region (525.10, 500.00) (4900.4, 5425.5) x (6112.4, 6612.4)
INFO:root:Output region (525.10, 500.00) (4900.4, 5425.5) x (6582.4, 7082.4)
INFO:root:Output region (525.10, 500.00) (4900.4, 5425.5) x (7052.4, 7552.4)
INFO:root:Output region (525.10, 590.82) (4900.4, 5425.5) x (7522.4, 8113.2)
INFO:root:Left over size 752607 (752607, 30.00)
INFO:root:Read blocks of pixels: 74.16 x 6698.47
INFO:root:Read blocks of pixels: 119.83 x 6698.73
INFO:root:Read blocks of pixels: 166.55 x 6698.97
INFO:root:Read blocks of pixels: 211.02 x 6699.20
INFO:root:Read blocks of pixels: 254.18 x 6699.43
INFO:root:Read blocks of pixels: 303.87 x 6699.68
INFO:root:Read blocks of pixels: 351.11 x 6699.93
INFO:root:Read blocks of pixels: 402.74 x 6700.21
INFO:root:Read blocks of pixels: 451.71 x 6700.47
INFO:root:Read blocks of pixels: 499.57 x 6700.72
INFO:root:Read blocks of pixels: 541.77 x 6700.94
INFO:root:Output region (542.77, 501.00) (5394.6, 5937.3) x (1413.9, 1914.9)
INFO:root:Output region (542.77, 500.00) (5394.6, 5937.3) x (1884.9, 2384.9)
INFO:root:Output region (542.77, 500.00) (5394.6, 5937.3) x (2354.9, 2854.9)
INFO:root:Output region (542.77, 500.00) (5394.6, 5937.3) x (2824.9, 3324.9)
INFO:root:Output region (542.77, 500.00) (5394.6, 5937.3) x (3294.9, 3794.9)
INFO:root:Output region (542.77, 500.00) (5394.6, 5937.3) x (3764.9, 4264.9)
INFO:root:Output region (542.77, 500.00) (5394.6, 5937.3) x (4234.9, 4734.9)
INFO:root:Output region (542.77, 500.00) (5394.6, 5937.3) x (4704.9, 5204.9)
INFO:root:Output region (542.77, 500.00) (5394.6, 5937.3) x (5174.9, 5674.9)
INFO:root:Output region (542.77, 500.00) (5394.6, 5937.3) x (5644.9, 6144.9)
INFO:root:Output region (542.77, 500.00) (5394.6, 5937.3) x (6114.9, 6614.9)
INFO:root:Output region (542.77, 500.00) (5394.6, 5937.3) x (6584.9, 7084.9)
INFO:root:Output region (542.77, 500.00) (5394.6, 5937.3) x (7054.9, 7554.9)
INFO:root:Output region (542.77, 590.94) (5394.6, 5937.3) x (7524.9, 8115.9)
INFO:root:Left over size 681416 (681416, 30.00)
INFO:root:Read blocks of pixels: 77.93 x 6698.54
INFO:root:Read blocks of pixels: 124.91 x 6698.78
INFO:root:Read blocks of pixels: 169.96 x 6699.02
INFO:root:Read blocks of pixels: 214.96 x 6699.25
INFO:root:Read blocks of pixels: 258.95 x 6699.48
INFO:root:Read blocks of pixels: 303.16 x 6699.71
INFO:root:Read blocks of pixels: 347.45 x 6699.96
INFO:root:Read blocks of pixels: 395.12 x 6700.14
INFO:root:Read blocks of pixels: 446.61 x 6700.47
INFO:root:Read blocks of pixels: 496.13 x 6700.73
INFO:root:Read blocks of pixels: 544.44 x 6700.99
INFO:root:Output region (545.44, 501.00) (5906.3, 6451.8) x (1416.6, 1917.6)
INFO:root:Output region (545.44, 500.00) (5906.3, 6451.8) x (1887.6, 2387.6)
INFO:root:Output region (545.44, 500.00) (5906.3, 6451.8) x (2357.6, 2857.6)
INFO:root:Output region (545.44, 500.00) (5906.3, 6451.8) x (2827.6, 3327.6)
INFO:root:Output region (545.44, 500.00) (5906.3, 6451.8) x (3297.6, 3797.6)
INFO:root:Output region (545.44, 500.00) (5906.3, 6451.8) x (3767.6, 4267.6)
INFO:root:Output region (545.44, 500.00) (5906.3, 6451.8) x (4237.6, 4737.6)
INFO:root:Output region (545.44, 500.00) (5906.3, 6451.8) x (4707.6, 5207.6)
INFO:root:Output region (545.44, 500.00) (5906.3, 6451.8) x (5177.6, 5677.6)
INFO:root:Output region (545.44, 500.00) (5906.3, 6451.8) x (5647.6, 6147.6)
INFO:root:Output region (545.44, 500.00) (5906.3, 6451.8) x (6117.6, 6617.6)
INFO:root:Output region (545.44, 500.00) (5906.3, 6451.8) x (6587.6, 7087.6)
INFO:root:Output region (545.44, 500.00) (5906.3, 6451.8) x (7057.6, 7557.6)
INFO:root:Output region (545.44, 590.99) (5906.3, 6451.8) x (7527.6, 8118.6)
INFO:root:Left over size 614954 (614954, 30.00)
INFO:root:Read blocks of pixels: 75.39 x 6698.54
INFO:root:Read blocks of pixels: 121.62 x 6698.78
INFO:root:Read blocks of pixels: 167.29 x 6699.02
INFO:root:Read blocks of pixels: 206.71 x 6699.22
INFO:root:Read blocks of pixels: 251.49 x 6699.46
INFO:root:Read blocks of pixels: 291.84 x 6699.67
INFO:root:Read blocks of pixels: 342.07 x 6699.94
INFO:root:Read blocks of pixels: 388.45 x 6700.18
INFO:root:Read blocks of pixels: 434.73 x 6700.42
INFO:root:Read blocks of pixels: 485.35 x 6700.69
INFO:root:Read blocks of pixels: 534.45 x 6700.94
INFO:root:Output region (535.45, 501.00) (6420.8, 6956.2) x (1419.3, 1920.3)
INFO:root:Output region (535.45, 500.00) (6420.8, 6956.2) x (1890.3, 2390.3)
INFO:root:Output region (535.45, 500.00) (6420.8, 6956.2) x (2360.3, 2860.3)
INFO:root:Output region (535.45, 500.00) (6420.8, 6956.2) x (2830.3, 3330.3)
INFO:root:Output region (535.45, 500.00) (6420.8, 6956.2) x (3300.3, 3800.3)
INFO:root:Output region (535.45, 500.00) (6420.8, 6956.2) x (3770.3, 4270.3)
INFO:root:Output region (535.45, 500.00) (6420.8, 6956.2) x (4240.3, 4740.3)
INFO:root:Output region (535.45, 500.00) (6420.8, 6956.2) x (4710.3, 5210.3)
INFO:root:Output region (535.45, 500.00) (6420.8, 6956.2) x (5180.3, 5680.3)
INFO:root:Output region (535.45, 500.00) (6420.8, 6956.2) x (5650.3, 6150.3)
INFO:root:Output region (535.45, 500.00) (6420.8, 6956.2) x (6120.3, 6620.3)
INFO:root:Output region (535.45, 500.00) (6420.8, 6956.2) x (6590.3, 7090.3)
INFO:root:Output region (535.45, 500.00) (6420.8, 6956.2) x (7060.3, 7560.3)
INFO:root:Output region (535.45, 590.94) (6420.8, 6956.2) x (7530.3, 8121.2)
INFO:root:Left over size 646512 (646512, 30.00)
INFO:root:Read blocks of pixels: 88.15 x 6698.62
INFO:root:Read blocks of pixels: 148.98 x 6698.94
INFO:root:Read blocks of pixels: 216.05 x 6699.30
INFO:root:Read blocks of pixels: 274.17 x 6699.59
INFO:root:Read blocks of pixels: 336.54 x 6699.94
INFO:root:Read blocks of pixels: 402.64 x 6700.28
INFO:root:Read blocks of pixels: 458.62 x 6700.58
INFO:root:Read blocks of pixels: 521.94 x 6700.74
INFO:root:Output region (522.94, 501.00) (6925.2, 7448.2) x (1421.9, 1922.9)
INFO:root:Output region (522.94, 500.00) (6925.2, 7448.2) x (1892.9, 2392.9)
INFO:root:Output region (522.94, 500.00) (6925.2, 7448.2) x (2362.9, 2862.9)
INFO:root:Output region (522.94, 500.00) (6925.2, 7448.2) x (2832.9, 3332.9)
INFO:root:Output region (522.94, 500.00) (6925.2, 7448.2) x (3302.9, 3802.9)
INFO:root:Output region (522.94, 500.00) (6925.2, 7448.2) x (3772.9, 4272.9)
INFO:root:Output region (522.94, 500.00) (6925.2, 7448.2) x (4242.9, 4742.9)
INFO:root:Output region (522.94, 500.00) (6925.2, 7448.2) x (4712.9, 5212.9)
INFO:root:Output region (522.94, 500.00) (6925.2, 7448.2) x (5182.9, 5682.9)
INFO:root:Output region (522.94, 500.00) (6925.2, 7448.2) x (5652.9, 6152.9)
INFO:root:Output region (522.94, 500.00) (6925.2, 7448.2) x (6122.9, 6622.9)
INFO:root:Output region (522.94, 500.00) (6925.2, 7448.2) x (6592.9, 7092.9)
INFO:root:Output region (522.94, 500.00) (6925.2, 7448.2) x (7062.9, 7562.9)
INFO:root:Output region (522.94, 590.74) (6925.2, 7448.2) x (7532.9, 8123.6)
INFO:root:Left over size 489597 (489597, 30.00)
INFO:root:Read blocks of pixels: 92.39 x 6698.64
INFO:root:Read blocks of pixels: 153.78 x 6698.82
INFO:root:Read blocks of pixels: 223.71 x 6699.35
INFO:root:Read blocks of pixels: 289.34 x 6699.69
INFO:root:Read blocks of pixels: 358.88 x 6699.94
INFO:root:Read blocks of pixels: 433.59 x 6700.45
INFO:root:Read blocks of pixels: 499.61 x 6700.54
INFO:root:Read blocks of pixels: 563.75 x 6701.07
INFO:root:Output region (564.75, 501.00) (7417.2, 7981.9) x (1424.5, 1925.5)
INFO:root:Output region (564.75, 500.00) (7417.2, 7981.9) x (1895.5, 2395.5)
INFO:root:Output region (564.75, 500.00) (7417.2, 7981.9) x (2365.5, 2865.5)
INFO:root:Output region (564.75, 500.00) (7417.2, 7981.9) x (2835.5, 3335.5)
INFO:root:Output region (564.75, 500.00) (7417.2, 7981.9) x (3305.5, 3805.5)
INFO:root:Output region (564.75, 500.00) (7417.2, 7981.9) x (3775.5, 4275.5)
INFO:root:Output region (564.75, 500.00) (7417.2, 7981.9) x (4245.5, 4745.5)
INFO:root:Output region (564.75, 500.00) (7417.2, 7981.9) x (4715.5, 5215.5)
INFO:root:Output region (564.75, 500.00) (7417.2, 7981.9) x (5185.5, 5685.5)
INFO:root:Output region (564.75, 500.00) (7417.2, 7981.9) x (5655.5, 6155.5)
INFO:root:Output region (564.75, 500.00) (7417.2, 7981.9) x (6125.5, 6625.5)
INFO:root:Output region (564.75, 500.00) (7417.2, 7981.9) x (6595.5, 7095.5)
INFO:root:Output region (564.75, 500.00) (7417.2, 7981.9) x (7065.5, 7565.5)
INFO:root:Output region (564.75, 591.07) (7417.2, 7981.9) x (7535.5, 8126.5)
INFO:root:Left over size 466956 (466956, 30.00)
INFO:root:Read blocks of pixels: 81.99 x 6698.50
INFO:root:Read blocks of pixels: 132.11 x 6698.89
INFO:root:Read blocks of pixels: 194.78 x 6699.22
INFO:root:Read blocks of pixels: 259.55 x 6699.56
INFO:root:Read blocks of pixels: 313.35 x 6699.79
INFO:root:Read blocks of pixels: 371.73 x 6700.15
INFO:root:Read blocks of pixels: 424.72 x 6700.36
INFO:root:Read blocks of pixels: 479.64 x 6700.67
INFO:root:Read blocks of pixels: 541.59 x 6700.81
INFO:root:Output region (542.59, 501.00) (7950.9, 8493.5) x (1427.2, 1928.2)
INFO:root:Output region (542.59, 500.00) (7950.9, 8493.5) x (1898.2, 2398.2)
INFO:root:Output region (542.59, 500.00) (7950.9, 8493.5) x (2368.2, 2868.2)
INFO:root:Output region (542.59, 500.00) (7950.9, 8493.5) x (2838.2, 3338.2)
INFO:root:Output region (542.59, 500.00) (7950.9, 8493.5) x (3308.2, 3808.2)
INFO:root:Output region (542.59, 500.00) (7950.9, 8493.5) x (3778.2, 4278.2)
INFO:root:Output region (542.59, 500.00) (7950.9, 8493.5) x (4248.2, 4748.2)
INFO:root:Output region (542.59, 500.00) (7950.9, 8493.5) x (4718.2, 5218.2)
INFO:root:Output region (542.59, 500.00) (7950.9, 8493.5) x (5188.2, 5688.2)
INFO:root:Output region (542.59, 500.00) (7950.9, 8493.5) x (5658.2, 6158.2)
INFO:root:Output region (542.59, 500.00) (7950.9, 8493.5) x (6128.2, 6628.2)
INFO:root:Output region (542.59, 500.00) (7950.9, 8493.5) x (6598.2, 7098.2)
INFO:root:Output region (542.59, 500.00) (7950.9, 8493.5) x (7068.2, 7568.2)
INFO:root:Output region (542.59, 590.81) (7950.9, 8493.5) x (7538.2, 8129.1)
INFO:root:Left over size 434170 (434170, 30.00)
INFO:root:Read blocks of pixels: 88.93 x 6698.68
INFO:root:Read blocks of pixels: 146.13 x 6698.95
INFO:root:Read blocks of pixels: 196.77 x 6699.17
INFO:root:Read blocks of pixels: 255.83 x 6699.28
INFO:root:Read blocks of pixels: 315.64 x 6699.86
INFO:root:Read blocks of pixels: 379.27 x 6700.12
INFO:root:Read blocks of pixels: 445.25 x 6700.56
INFO:root:Read blocks of pixels: 505.02 x 6700.86
INFO:root:Output region (506.02, 501.00) (8462.5, 8968.5) x (1429.9, 1930.9)
INFO:root:Output region (506.02, 500.00) (8462.5, 8968.5) x (1900.9, 2400.9)
INFO:root:Output region (506.02, 500.00) (8462.5, 8968.5) x (2370.9, 2870.9)
INFO:root:Output region (506.02, 500.00) (8462.5, 8968.5) x (2840.9, 3340.9)
INFO:root:Output region (506.02, 500.00) (8462.5, 8968.5) x (3310.9, 3810.9)
INFO:root:Output region (506.02, 500.00) (8462.5, 8968.5) x (3780.9, 4280.9)
INFO:root:Output region (506.02, 500.00) (8462.5, 8968.5) x (4250.9, 4750.9)
INFO:root:Output region (506.02, 500.00) (8462.5, 8968.5) x (4720.9, 5220.9)
INFO:root:Output region (506.02, 500.00) (8462.5, 8968.5) x (5190.9, 5690.9)
INFO:root:Output region (506.02, 500.00) (8462.5, 8968.5) x (5660.9, 6160.9)
INFO:root:Output region (506.02, 500.00) (8462.5, 8968.5) x (6130.9, 6630.9)
INFO:root:Output region (506.02, 500.00) (8462.5, 8968.5) x (6600.9, 7100.9)
INFO:root:Output region (506.02, 500.00) (8462.5, 8968.5) x (7070.9, 7570.9)
INFO:root:Output region (506.02, 590.86) (8462.5, 8968.5) x (7540.9, 8131.8)
INFO:root:Left over size 428396 (428396, 30.00)
INFO:root:Read blocks of pixels: 96.62 x 6698.72
INFO:root:Read blocks of pixels: 161.01 x 6699.03
INFO:root:Read blocks of pixels: 216.71 x 6699.36
INFO:root:Read blocks of pixels: 274.61 x 6699.62
INFO:root:Read blocks of pixels: 336.66 x 6699.96
INFO:root:Read blocks of pixels: 403.67 x 6699.96
INFO:root:Read blocks of pixels: 484.40 x 6700.68
INFO:root:Read blocks of pixels: 575.54 x 6701.04
INFO:root:Output region (576.54, 501.00) (8937.5, 9514.1) x (1432.4, 1933.4)
INFO:root:Output region (576.54, 500.00) (8937.5, 9514.1) x (1903.4, 2403.4)
INFO:root:Output region (576.54, 500.00) (8937.5, 9514.1) x (2373.4, 2873.4)
INFO:root:Output region (576.54, 500.00) (8937.5, 9514.1) x (2843.4, 3343.4)
INFO:root:Output region (576.54, 500.00) (8937.5, 9514.1) x (3313.4, 3813.4)
INFO:root:Output region (576.54, 500.00) (8937.5, 9514.1) x (3783.4, 4283.4)
INFO:root:Output region (576.54, 500.00) (8937.5, 9514.1) x (4253.4, 4753.4)
INFO:root:Output region (576.54, 500.00) (8937.5, 9514.1) x (4723.4, 5223.4)
INFO:root:Output region (576.54, 500.00) (8937.5, 9514.1) x (5193.4, 5693.4)
INFO:root:Output region (576.54, 500.00) (8937.5, 9514.1) x (5663.4, 6163.4)
INFO:root:Output region (576.54, 500.00) (8937.5, 9514.1) x (6133.4, 6633.4)
INFO:root:Output region (576.54, 500.00) (8937.5, 9514.1) x (6603.4, 7103.4)
INFO:root:Output region (576.54, 500.00) (8937.5, 9514.1) x (7073.4, 7573.4)
INFO:root:Output region (576.54, 591.04) (8937.5, 9514.1) x (7543.4, 8134.4)
INFO:root:Left over size 386947 (386947, 30.00)
INFO:root:Read blocks of pixels: 116.88 x 6698.62
INFO:root:Read blocks of pixels: 225.32 x 6699.41
INFO:root:Read blocks of pixels: 307.79 x 6699.87
INFO:root:Read blocks of pixels: 425.40 x 6699.87
INFO:root:Read blocks of pixels: 571.12 x 6701.18
INFO:root:Output region (572.12, 501.00) (9483.1, 10055.2) x (1435.2, 1936.2)
INFO:root:Output region (572.12, 500.00) (9483.1, 10055.2) x (1906.2, 2406.2)
INFO:root:Output region (572.12, 500.00) (9483.1, 10055.2) x (2376.2, 2876.2)
INFO:root:Output region (572.12, 500.00) (9483.1, 10055.2) x (2846.2, 3346.2)
INFO:root:Output region (572.12, 500.00) (9483.1, 10055.2) x (3316.2, 3816.2)
INFO:root:Output region (572.12, 500.00) (9483.1, 10055.2) x (3786.2, 4286.2)
INFO:root:Output region (572.12, 500.00) (9483.1, 10055.2) x (4256.2, 4756.2)
INFO:root:Output region (572.12, 500.00) (9483.1, 10055.2) x (4726.2, 5226.2)
INFO:root:Output region (572.12, 500.00) (9483.1, 10055.2) x (5196.2, 5696.2)
INFO:root:Output region (572.12, 500.00) (9483.1, 10055.2) x (5666.2, 6166.2)
INFO:root:Output region (572.12, 500.00) (9483.1, 10055.2) x (6136.2, 6636.2)
INFO:root:Output region (572.12, 500.00) (9483.1, 10055.2) x (6606.2, 7106.2)
INFO:root:Output region (572.12, 500.00) (9483.1, 10055.2) x (7076.2, 7576.2)
INFO:root:Output region (572.12, 591.18) (9483.1, 10055.2) x (7546.2, 8137.4)
INFO:root:Left over size 165458 (165458, 30.00)
INFO:root:Read blocks of pixels: 62.30 x 6698.36
INFO:root:Read blocks of pixels: 62.30 x 6698.36
INFO:root:Output region (63.30, 501.00) (10024.2, 10087.5) x (1438.1, 1939.1)
INFO:root:Output region (63.30, 500.00) (10024.2, 10087.5) x (1909.1, 2409.1)
INFO:root:Output region (63.30, 500.00) (10024.2, 10087.5) x (2379.1, 2879.1)
INFO:root:Output region (63.30, 500.00) (10024.2, 10087.5) x (2849.1, 3349.1)
INFO:root:Output region (63.30, 500.00) (10024.2, 10087.5) x (3319.1, 3819.1)
INFO:root:Output region (63.30, 500.00) (10024.2, 10087.5) x (3789.1, 4289.1)
INFO:root:Output region (63.30, 500.00) (10024.2, 10087.5) x (4259.1, 4759.1)
INFO:root:Output region (63.30, 500.00) (10024.2, 10087.5) x (4729.1, 5229.1)
INFO:root:Output region (63.30, 500.00) (10024.2, 10087.5) x (5199.1, 5699.1)
INFO:root:Output region (63.30, 500.00) (10024.2, 10087.5) x (5669.1, 6169.1)
INFO:root:Output region (63.30, 500.00) (10024.2, 10087.5) x (6139.1, 6639.1)
INFO:root:Output region (63.30, 500.00) (10024.2, 10087.5) x (6609.1, 7109.1)
INFO:root:Output region (63.30, 500.00) (10024.2, 10087.5) x (7079.1, 7579.1)
INFO:root:Output region (63.30, 588.36) (10024.2, 10087.5) x (7549.1, 8137.4)
['X', 'random_index', 'Y', 'gene', 'Count']
gzip -f /dcs05/lieber/marmaypag/xenium_NAC_LIBD4125/xenium_NAC/processed-data/HD_Full_Analysis/FICTURE/outputs/H1-XKYDCP3_A1/nF_16/batched.matrix.tsv
--------------------------------------------------------------
Creating DGE for 12um...
--------------------------------------------------------------
ficture make_dge --key Count --input /dcs05/lieber/marmaypag/xenium_NAC_LIBD4125/xenium_NAC/processed-data/HD_Full_Analysis/FICTURE/inputs/H1-XKYDCP3_A1/transcripts.sorted.tsv.gz --output /dcs05/lieber/marmaypag/xenium_NAC_LIBD4125/xenium_NAC/processed-data/HD_Full_Analysis/FICTURE/outputs/H1-XKYDCP3_A1/nF_16/hexagon.d_12.tsv --hex_width 12 --n_move 2 --min_ct_per_unit 50 --mu_scale 1.0 --precision 2 --major_axis X --fractional-count 0
INFO:root:Random seed 1772855182.6078901
WARNING:root:The designated major key is not one of the specified count columns, --count_header is ignored
INFO:root:Processing 110813 pixels (1000000 3354.848, 3442.102).
INFO:root:Sliding offset 0, 0. Add 3475 units, median count 165.0, 3475 units so far.
INFO:root:Sliding offset 0, 1. Add 3476 units, median count 166.0, 6951 units so far.
INFO:root:Sliding offset 1, 0. Add 3484 units, median count 165.0, 10435 units so far.
INFO:root:Sliding offset 1, 1. Add 3486 units, median count 166.0, 13921 units so far.
INFO:root:Left over size 371158 (3418, 3442).
INFO:root:Processing 129269 pixels (1371158 3418.104, 3499.627).
INFO:root:Sliding offset 0, 0. Add 2952 units, median count 199.0, 16873 units so far.
INFO:root:Sliding offset 0, 1. Add 2847 units, median count 197.0, 19720 units so far.
INFO:root:Sliding offset 1, 0. Add 2947 units, median count 198.0, 22667 units so far.
INFO:root:Sliding offset 1, 1. Add 2849 units, median count 196.0, 25516 units so far.
INFO:root:Left over size 439826 (3476, 3500).
INFO:root:Processing 143851 pixels (1439826 3475.628, 3566.595).
INFO:root:Sliding offset 0, 0. Add 3329 units, median count 200.0, 28845 units so far.
INFO:root:Sliding offset 0, 1. Add 3280 units, median count 199.0, 32125 units so far.
INFO:root:Sliding offset 1, 0. Add 3330 units, median count 198.0, 35455 units so far.
INFO:root:Sliding offset 1, 1. Add 3271 units, median count 202.0, 38726 units so far.
INFO:root:Left over size 329912 (3543, 3567).
INFO:root:Processing 142120 pixels (1329912 3542.596, 3632.54).
INFO:root:Sliding offset 0, 0. Add 3332 units, median count 190.0, 42058 units so far.
INFO:root:Sliding offset 0, 1. Add 3311 units, median count 190.0, 45369 units so far.
INFO:root:Sliding offset 1, 0. Add 3315 units, median count 190.0, 48684 units so far.
INFO:root:Sliding offset 1, 1. Add 3314 units, median count 191.0, 51998 units so far.
INFO:root:Left over size 372705 (3609, 3633).
INFO:root:Processing 142298 pixels (1372705 3608.542, 3698.01).
INFO:root:Sliding offset 0, 0. Add 3339 units, median count 198.0, 55337 units so far.
INFO:root:Sliding offset 0, 1. Add 3335 units, median count 198.0, 58672 units so far.
INFO:root:Sliding offset 1, 0. Add 3344 units, median count 199.0, 62016 units so far.
INFO:root:Sliding offset 1, 1. Add 3343 units, median count 197.0, 65359 units so far.
INFO:root:Left over size 370389 (3674, 3698).
INFO:root:Processing 155456 pixels (1370389 3674.011, 3772.183).
INFO:root:Sliding offset 0, 0. Add 3622 units, median count 182.0, 68981 units so far.
INFO:root:Sliding offset 0, 1. Add 3783 units, median count 184.0, 72764 units so far.
INFO:root:Sliding offset 1, 0. Add 3628 units, median count 182.0, 76392 units so far.
INFO:root:Sliding offset 1, 1. Add 3778 units, median count 185.0, 80170 units so far.
INFO:root:Left over size 323094 (3748, 3772).
INFO:root:Processing 142636 pixels (1323094 3748.184, 3837.072).
INFO:root:Sliding offset 0, 0. Add 3393 units, median count 191.0, 83563 units so far.
INFO:root:Sliding offset 0, 1. Add 3239 units, median count 190.0, 86802 units so far.
INFO:root:Sliding offset 1, 0. Add 3397 units, median count 191.0, 90199 units so far.
INFO:root:Sliding offset 1, 1. Add 3241 units, median count 190.0, 93440 units so far.
INFO:root:Left over size 378270 (3813, 3837).
INFO:root:Processing 150422 pixels (1378270 3813.074, 3906.207).
INFO:root:Sliding offset 0, 0. Add 3455 units, median count 194.0, 96895 units so far.
INFO:root:Sliding offset 0, 1. Add 3683 units, median count 194.0, 100578 units so far.
INFO:root:Sliding offset 1, 0. Add 3450 units, median count 193.0, 104028 units so far.
INFO:root:Sliding offset 1, 1. Add 3682 units, median count 194.0, 107710 units so far.
INFO:root:Left over size 345465 (3882, 3906).
INFO:root:Processing 145921 pixels (1345465 3882.208, 3972.679).
INFO:root:Sliding offset 0, 0. Add 3445 units, median count 202.0, 111155 units so far.
INFO:root:Sliding offset 0, 1. Add 3380 units, median count 201.0, 114535 units so far.
INFO:root:Sliding offset 1, 0. Add 3445 units, median count 201.0, 117980 units so far.
INFO:root:Sliding offset 1, 1. Add 3374 units, median count 201.0, 121354 units so far.
INFO:root:Left over size 345419 (3949, 3973).
INFO:root:Processing 131256 pixels (1345419 3948.68, 4029.77).
INFO:root:Sliding offset 0, 0. Add 2967 units, median count 217.5, 124321 units so far.
INFO:root:Sliding offset 0, 1. Add 2895 units, median count 222.0, 127216 units so far.
INFO:root:Sliding offset 1, 0. Add 2983 units, median count 217.0, 130199 units so far.
INFO:root:Sliding offset 1, 1. Add 2896 units, median count 220.0, 133095 units so far.
INFO:root:Left over size 445066 (4006, 4030).
INFO:root:Processing 123020 pixels (1445066 4005.771, 4081.348).
INFO:root:Sliding offset 0, 0. Add 2695 units, median count 236.0, 135790 units so far.
INFO:root:Sliding offset 0, 1. Add 2672 units, median count 234.0, 138462 units so far.
INFO:root:Sliding offset 1, 0. Add 2696 units, median count 239.0, 141158 units so far.
INFO:root:Sliding offset 1, 1. Add 2665 units, median count 234.5, 143823 units so far.
INFO:root:Left over size 456513 (4057, 4081).
INFO:root:Processing 126772 pixels (1456513 4057.349, 4134.735).
INFO:root:Sliding offset 0, 0. Add 2774 units, median count 216.0, 146597 units so far.
INFO:root:Sliding offset 0, 1. Add 2864 units, median count 216.0, 149461 units so far.
INFO:root:Sliding offset 1, 0. Add 2765 units, median count 215.0, 152226 units so far.
INFO:root:Sliding offset 1, 1. Add 2874 units, median count 215.0, 155100 units so far.
INFO:root:Left over size 412402 (4111, 4135).
INFO:root:Processing 136310 pixels (1412402 4110.736, 4194.312).
INFO:root:Sliding offset 0, 0. Add 3102 units, median count 200.0, 158202 units so far.
INFO:root:Sliding offset 0, 1. Add 3171 units, median count 200.0, 161373 units so far.
INFO:root:Sliding offset 1, 0. Add 3104 units, median count 200.0, 164477 units so far.
INFO:root:Sliding offset 1, 1. Add 3167 units, median count 199.0, 167644 units so far.
INFO:root:Left over size 399498 (4170, 4194).
INFO:root:Processing 129524 pixels (1399498 4170.313, 4249.679).
INFO:root:Sliding offset 0, 0. Add 3056 units, median count 217.5, 170700 units so far.
INFO:root:Sliding offset 0, 1. Add 2848 units, median count 216.0, 173548 units so far.
INFO:root:Sliding offset 1, 0. Add 3055 units, median count 217.0, 176603 units so far.
INFO:root:Sliding offset 1, 1. Add 2847 units, median count 218.0, 179450 units so far.
INFO:root:Left over size 441572 (4226, 4250).
INFO:root:Processing 134328 pixels (1441572 4225.68, 4308.135).
INFO:root:Sliding offset 0, 0. Add 2904 units, median count 219.0, 182354 units so far.
INFO:root:Sliding offset 0, 1. Add 3138 units, median count 219.0, 185492 units so far.
INFO:root:Sliding offset 1, 0. Add 2904 units, median count 217.0, 188396 units so far.
INFO:root:Sliding offset 1, 1. Add 3139 units, median count 218.0, 191535 units so far.
INFO:root:Left over size 433330 (4284, 4308).
INFO:root:Processing 129532 pixels (1433330 4284.136, 4363.408).
INFO:root:Sliding offset 0, 0. Add 3041 units, median count 229.0, 194576 units so far.
INFO:root:Sliding offset 0, 1. Add 2850 units, median count 226.0, 197426 units so far.
INFO:root:Sliding offset 1, 0. Add 3045 units, median count 229.0, 200471 units so far.
INFO:root:Sliding offset 1, 1. Add 2839 units, median count 229.0, 203310 units so far.
INFO:root:Left over size 432153 (4339, 4363).
INFO:root:Processing 127873 pixels (1432153 4339.409, 4417.355).
INFO:root:Sliding offset 0, 0. Add 2830 units, median count 225.0, 206140 units so far.
INFO:root:Sliding offset 0, 1. Add 2849 units, median count 223.0, 208989 units so far.
INFO:root:Sliding offset 1, 0. Add 2837 units, median count 224.0, 211826 units so far.
INFO:root:Sliding offset 1, 1. Add 2847 units, median count 222.0, 214673 units so far.
INFO:root:Left over size 416633 (4393, 4417).
INFO:root:Processing 134511 pixels (1416633 4393.356, 4475.39).
INFO:root:Sliding offset 0, 0. Add 2969 units, median count 207.0, 217642 units so far.
INFO:root:Sliding offset 0, 1. Add 3184 units, median count 207.0, 220826 units so far.
INFO:root:Sliding offset 1, 0. Add 2965 units, median count 207.0, 223791 units so far.
INFO:root:Sliding offset 1, 1. Add 3184 units, median count 207.0, 226975 units so far.
INFO:root:Left over size 373025 (4451, 4475).
INFO:root:Processing 139261 pixels (1373025 4451.392, 4536.13).
INFO:root:Sliding offset 0, 0. Add 3216 units, median count 214.0, 230191 units so far.
INFO:root:Sliding offset 0, 1. Add 3193 units, median count 212.0, 233384 units so far.
INFO:root:Sliding offset 1, 0. Add 3214 units, median count 214.0, 236598 units so far.
INFO:root:Sliding offset 1, 1. Add 3195 units, median count 211.0, 239793 units so far.
INFO:root:Left over size 418614 (4512, 4536).
INFO:root:Processing 130967 pixels (1418614 4512.131, 4591.661).
INFO:root:Sliding offset 0, 0. Add 3116 units, median count 222.0, 242909 units so far.
INFO:root:Sliding offset 0, 1. Add 2876 units, median count 219.0, 245785 units so far.
INFO:root:Sliding offset 1, 0. Add 3120 units, median count 221.0, 248905 units so far.
INFO:root:Sliding offset 1, 1. Add 2879 units, median count 218.0, 251784 units so far.
INFO:root:Left over size 441728 (4568, 4592).
INFO:root:Processing 125310 pixels (1441728 4567.662, 4644.011).
INFO:root:Sliding offset 0, 0. Add 2586 units, median count 230.0, 254370 units so far.
INFO:root:Sliding offset 0, 1. Add 2836 units, median count 229.0, 257206 units so far.
INFO:root:Sliding offset 1, 0. Add 2581 units, median count 230.0, 259787 units so far.
INFO:root:Sliding offset 1, 1. Add 2840 units, median count 229.0, 262627 units so far.
INFO:root:Left over size 451608 (4620, 4644).
INFO:root:Processing 143693 pixels (1451608 4620.012, 4708.656).
INFO:root:Sliding offset 0, 0. Add 3383 units, median count 220.0, 266010 units so far.
INFO:root:Sliding offset 0, 1. Add 3313 units, median count 220.0, 269323 units so far.
INFO:root:Sliding offset 1, 0. Add 3386 units, median count 219.0, 272709 units so far.
INFO:root:Sliding offset 1, 1. Add 3319 units, median count 219.0, 276028 units so far.
INFO:root:Left over size 336001 (4685, 4709).
INFO:root:Processing 131537 pixels (1336001 4684.657, 4767.344).
INFO:root:Sliding offset 0, 0. Add 2883 units, median count 226.0, 278911 units so far.
INFO:root:Sliding offset 0, 1. Add 2722 units, median count 225.5, 281633 units so far.
INFO:root:Sliding offset 1, 0. Add 2892 units, median count 225.0, 284525 units so far.
INFO:root:Sliding offset 1, 1. Add 2719 units, median count 227.0, 287244 units so far.
INFO:root:Left over size 408034 (4743, 4767).
INFO:root:Processing 126690 pixels (1408034 4743.345, 4823.138).
INFO:root:Sliding offset 0, 0. Add 2597 units, median count 240.5, 289841 units so far.
INFO:root:Sliding offset 0, 1. Add 2816 units, median count 244.0, 292657 units so far.
INFO:root:Sliding offset 1, 0. Add 2602 units, median count 240.0, 295259 units so far.
INFO:root:Sliding offset 1, 1. Add 2813 units, median count 243.5, 298072 units so far.
INFO:root:Left over size 441148 (4799, 4823).
INFO:root:Processing 121991 pixels (1441148 4799.139, 4876.16).
INFO:root:Sliding offset 0, 0. Add 2594 units, median count 240.0, 300666 units so far.
INFO:root:Sliding offset 0, 1. Add 2483 units, median count 239.0, 303149 units so far.
INFO:root:Sliding offset 1, 0. Add 2604 units, median count 238.0, 305753 units so far.
INFO:root:Sliding offset 1, 1. Add 2491 units, median count 240.0, 308244 units so far.
INFO:root:Left over size 436691 (4852, 4876).
INFO:root:Processing 126689 pixels (1436691 4852.161, 4931.446).
INFO:root:Sliding offset 0, 0. Add 2720 units, median count 224.0, 310964 units so far.
INFO:root:Sliding offset 0, 1. Add 2842 units, median count 223.0, 313806 units so far.
INFO:root:Sliding offset 1, 0. Add 2713 units, median count 227.0, 316519 units so far.
INFO:root:Sliding offset 1, 1. Add 2836 units, median count 224.0, 319355 units so far.
INFO:root:Left over size 459226 (4907, 4931).
INFO:root:Processing 130473 pixels (1459226 4907.447, 4988.569).
INFO:root:Sliding offset 0, 0. Add 3066 units, median count 219.0, 322421 units so far.
INFO:root:Sliding offset 0, 1. Add 2775 units, median count 217.0, 325196 units so far.
INFO:root:Sliding offset 1, 0. Add 3059 units, median count 218.0, 328255 units so far.
INFO:root:Sliding offset 1, 1. Add 2780 units, median count 218.5, 331035 units so far.
INFO:root:Left over size 400715 (4965, 4989).
INFO:root:Processing 129553 pixels (1400715 4964.57, 5045.017).
INFO:root:Sliding offset 0, 0. Add 2798 units, median count 219.0, 333833 units so far.
INFO:root:Sliding offset 0, 1. Add 3084 units, median count 221.0, 336917 units so far.
INFO:root:Sliding offset 1, 0. Add 2789 units, median count 216.0, 339706 units so far.
INFO:root:Sliding offset 1, 1. Add 3086 units, median count 221.0, 342792 units so far.
INFO:root:Left over size 452664 (5021, 5045).
INFO:root:Processing 131240 pixels (1452664 5021.018, 5102.373).
INFO:root:Sliding offset 0, 0. Add 3107 units, median count 213.0, 345899 units so far.
INFO:root:Sliding offset 0, 1. Add 2805 units, median count 214.0, 348704 units so far.
INFO:root:Sliding offset 1, 0. Add 3106 units, median count 214.0, 351810 units so far.
INFO:root:Sliding offset 1, 1. Add 2798 units, median count 214.5, 354608 units so far.
INFO:root:Left over size 417247 (5078, 5102).
INFO:root:Processing 130386 pixels (1417247 5078.374, 5158.718).
INFO:root:Sliding offset 0, 0. Add 2825 units, median count 226.0, 357433 units so far.
INFO:root:Sliding offset 0, 1. Add 3090 units, median count 231.0, 360523 units so far.
INFO:root:Sliding offset 1, 0. Add 2825 units, median count 226.0, 363348 units so far.
INFO:root:Sliding offset 1, 1. Add 3091 units, median count 229.0, 366439 units so far.
INFO:root:Left over size 409087 (5135, 5159).
INFO:root:Processing 123244 pixels (1409087 5134.719, 5210.11).
INFO:root:Sliding offset 0, 0. Add 2846 units, median count 237.0, 369285 units so far.
INFO:root:Sliding offset 0, 1. Add 2579 units, median count 236.0, 371864 units so far.
INFO:root:Sliding offset 1, 0. Add 2848 units, median count 239.0, 374712 units so far.
INFO:root:Sliding offset 1, 1. Add 2577 units, median count 234.0, 377289 units so far.
INFO:root:Left over size 455084 (5186, 5210).
INFO:root:Processing 118448 pixels (1455084 5186.111, 5258.376).
INFO:root:Sliding offset 0, 0. Add 2522 units, median count 234.0, 379811 units so far.
INFO:root:Sliding offset 0, 1. Add 2519 units, median count 234.0, 382330 units so far.
INFO:root:Sliding offset 1, 0. Add 2520 units, median count 233.0, 384850 units so far.
INFO:root:Sliding offset 1, 1. Add 2522 units, median count 236.5, 387372 units so far.
INFO:root:Left over size 513678 (5234, 5258).
INFO:root:Processing 113194 pixels (1513678 5234.377, 5303.367).
INFO:root:Sliding offset 0, 0. Add 2202 units, median count 249.0, 389574 units so far.
INFO:root:Sliding offset 0, 1. Add 2516 units, median count 247.0, 392090 units so far.
INFO:root:Sliding offset 1, 0. Add 2206 units, median count 246.0, 394296 units so far.
INFO:root:Sliding offset 1, 1. Add 2516 units, median count 250.0, 396812 units so far.
INFO:root:Left over size 563364 (5279, 5303).
INFO:root:Processing 105049 pixels (1563364 5279.368, 5343.329).
INFO:root:Sliding offset 0, 0. Add 2196 units, median count 266.0, 399008 units so far.
INFO:root:Sliding offset 0, 1. Add 1940 units, median count 270.5, 400948 units so far.
INFO:root:Sliding offset 1, 0. Add 2196 units, median count 269.0, 403144 units so far.
INFO:root:Sliding offset 1, 1. Add 1938 units, median count 268.0, 405082 units so far.
INFO:root:Left over size 608567 (5319, 5343).
INFO:root:Processing 109312 pixels (1608567 5319.33, 5385.694).
INFO:root:Sliding offset 0, 0. Add 2215 units, median count 270.0, 407297 units so far.
INFO:root:Sliding offset 0, 1. Add 2269 units, median count 276.0, 409566 units so far.
INFO:root:Sliding offset 1, 0. Add 2212 units, median count 271.0, 411778 units so far.
INFO:root:Sliding offset 1, 1. Add 2265 units, median count 274.0, 414043 units so far.
INFO:root:Left over size 571964 (5362, 5386).
INFO:root:Processing 105485 pixels (1571964 5361.695, 5425.549).
INFO:root:Sliding offset 0, 0. Add 2166 units, median count 278.0, 416209 units so far.
INFO:root:Sliding offset 0, 1. Add 2117 units, median count 280.0, 418326 units so far.
INFO:root:Sliding offset 1, 0. Add 2163 units, median count 280.0, 420489 units so far.
INFO:root:Sliding offset 1, 1. Add 2116 units, median count 280.0, 422605 units so far.
INFO:root:Left over size 605220 (5402, 5426).
INFO:root:Processing 112206 pixels (1605220 5401.55, 5469.709).
INFO:root:Sliding offset 0, 0. Add 2278 units, median count 275.0, 424883 units so far.
INFO:root:Sliding offset 0, 1. Add 2324 units, median count 281.5, 427207 units so far.
INFO:root:Sliding offset 1, 0. Add 2276 units, median count 276.0, 429483 units so far.
INFO:root:Sliding offset 1, 1. Add 2323 units, median count 282.0, 431806 units so far.
INFO:root:Left over size 516066 (5446, 5470).
INFO:root:Processing 114528 pixels (1516066 5445.71, 5515.383).
INFO:root:Sliding offset 0, 0. Add 2432 units, median count 258.5, 434238 units so far.
INFO:root:Sliding offset 0, 1. Add 2415 units, median count 257.0, 436653 units so far.
INFO:root:Sliding offset 1, 0. Add 2432 units, median count 260.0, 439085 units so far.
INFO:root:Sliding offset 1, 1. Add 2409 units, median count 257.0, 441494 units so far.
INFO:root:Left over size 522013 (5491, 5515).
INFO:root:Processing 116839 pixels (1522013 5491.384, 5562.104).
INFO:root:Sliding offset 0, 0. Add 2342 units, median count 266.0, 443836 units so far.
INFO:root:Sliding offset 0, 1. Add 2547 units, median count 267.0, 446383 units so far.
INFO:root:Sliding offset 1, 0. Add 2346 units, median count 267.0, 448729 units so far.
INFO:root:Sliding offset 1, 1. Add 2550 units, median count 266.0, 451279 units so far.
INFO:root:Left over size 508497 (5538, 5562).
INFO:root:Processing 112890 pixels (1508497 5538.105, 5606.567).
INFO:root:Sliding offset 0, 0. Add 2512 units, median count 269.0, 453791 units so far.
INFO:root:Sliding offset 0, 1. Add 2221 units, median count 267.0, 456012 units so far.
INFO:root:Sliding offset 1, 0. Add 2513 units, median count 267.0, 458525 units so far.
INFO:root:Sliding offset 1, 1. Add 2219 units, median count 266.0, 460744 units so far.
INFO:root:Left over size 537111 (5583, 5607).
INFO:root:Processing 109961 pixels (1537111 5582.568, 5649.73).
INFO:root:Sliding offset 0, 0. Add 2183 units, median count 265.0, 462927 units so far.
INFO:root:Sliding offset 0, 1. Add 2297 units, median count 272.0, 465224 units so far.
INFO:root:Sliding offset 1, 0. Add 2181 units, median count 265.0, 467405 units so far.
INFO:root:Sliding offset 1, 1. Add 2299 units, median count 273.5, 469704 units so far.
INFO:root:Left over size 572040 (5626, 5650).
INFO:root:Processing 120290 pixels (1572040 5625.731, 5699.424).
INFO:root:Sliding offset 0, 0. Add 2491 units, median count 258.0, 472195 units so far.
INFO:root:Sliding offset 0, 1. Add 2682 units, median count 260.0, 474877 units so far.
INFO:root:Sliding offset 1, 0. Add 2493 units, median count 258.0, 477370 units so far.
INFO:root:Sliding offset 1, 1. Add 2682 units, median count 260.0, 480052 units so far.
INFO:root:Left over size 462700 (5675, 5699).
INFO:root:Processing 116599 pixels (1462700 5675.425, 5746.659).
INFO:root:Sliding offset 0, 0. Add 2516 units, median count 247.0, 482568 units so far.
INFO:root:Sliding offset 0, 1. Add 2469 units, median count 245.0, 485037 units so far.
INFO:root:Sliding offset 1, 0. Add 2517 units, median count 247.0, 487554 units so far.
INFO:root:Sliding offset 1, 1. Add 2463 units, median count 245.5, 490017 units so far.
INFO:root:Left over size 515644 (5723, 5747).
INFO:root:Processing 124459 pixels (1515644 5722.66, 5798.287).
INFO:root:Sliding offset 0, 0. Add 2867 units, median count 247.0, 492884 units so far.
INFO:root:Sliding offset 0, 1. Add 2606 units, median count 247.0, 495490 units so far.
INFO:root:Sliding offset 1, 0. Add 2871 units, median count 249.0, 498361 units so far.
INFO:root:Sliding offset 1, 1. Add 2616 units, median count 247.0, 500977 units so far.
INFO:root:Left over size 453061 (5774, 5798).
INFO:root:Processing 119555 pixels (1453061 5774.288, 5847.257).
INFO:root:Sliding offset 0, 0. Add 2522 units, median count 244.0, 503499 units so far.
INFO:root:Sliding offset 0, 1. Add 2559 units, median count 249.0, 506058 units so far.
INFO:root:Sliding offset 1, 0. Add 2519 units, median count 246.0, 508577 units so far.
INFO:root:Sliding offset 1, 1. Add 2554 units, median count 248.0, 511131 units so far.
INFO:root:Left over size 477981 (5823, 5847).
INFO:root:Processing 117577 pixels (1477981 5823.258, 5895.117).
INFO:root:Sliding offset 0, 0. Add 2505 units, median count 251.0, 513636 units so far.
INFO:root:Sliding offset 0, 1. Add 2491 units, median count 255.0, 516127 units so far.
INFO:root:Sliding offset 1, 0. Add 2511 units, median count 253.0, 518638 units so far.
INFO:root:Sliding offset 1, 1. Add 2487 units, median count 256.0, 521125 units so far.
INFO:root:Left over size 515931 (5871, 5895).
INFO:root:Processing 108551 pixels (1515931 5871.118, 5937.318).
INFO:root:Sliding offset 0, 0. Add 2191 units, median count 277.0, 523316 units so far.
INFO:root:Sliding offset 0, 1. Add 2227 units, median count 281.0, 525543 units so far.
INFO:root:Sliding offset 1, 0. Add 2189 units, median count 279.0, 527732 units so far.
INFO:root:Sliding offset 1, 1. Add 2226 units, median count 281.0, 529958 units so far.
INFO:root:Left over size 525677 (5913, 5937).
INFO:root:Processing 117996 pixels (1525677 5913.319, 5985.251).
INFO:root:Sliding offset 0, 0. Add 2527 units, median count 270.0, 532485 units so far.
INFO:root:Sliding offset 0, 1. Add 2512 units, median count 276.0, 534997 units so far.
INFO:root:Sliding offset 1, 0. Add 2528 units, median count 272.0, 537525 units so far.
INFO:root:Sliding offset 1, 1. Add 2509 units, median count 276.0, 540034 units so far.
INFO:root:Left over size 512103 (5961, 5985).
INFO:root:Processing 116516 pixels (1512103 5961.252, 6032.231).
INFO:root:Sliding offset 0, 0. Add 2524 units, median count 265.0, 542558 units so far.
INFO:root:Sliding offset 0, 1. Add 2475 units, median count 269.0, 545033 units so far.
INFO:root:Sliding offset 1, 0. Add 2529 units, median count 266.0, 547562 units so far.
INFO:root:Sliding offset 1, 1. Add 2483 units, median count 270.0, 550045 units so far.
INFO:root:Left over size 518846 (6008, 6032).
INFO:root:Processing 113487 pixels (1518846 6008.232, 6077.278).
INFO:root:Sliding offset 0, 0. Add 2220 units, median count 257.0, 552265 units so far.
INFO:root:Sliding offset 0, 1. Add 2526 units, median count 263.0, 554791 units so far.
INFO:root:Sliding offset 1, 0. Add 2214 units, median count 257.0, 557005 units so far.
INFO:root:Sliding offset 1, 1. Add 2524 units, median count 264.0, 559529 units so far.
INFO:root:Left over size 534224 (6053, 6077).
INFO:root:Processing 112912 pixels (1534224 6053.279, 6122.281).
INFO:root:Sliding offset 0, 0. Add 2504 units, median count 275.0, 562033 units so far.
INFO:root:Sliding offset 0, 1. Add 2199 units, median count 271.0, 564232 units so far.
INFO:root:Sliding offset 1, 0. Add 2500 units, median count 275.0, 566732 units so far.
INFO:root:Sliding offset 1, 1. Add 2200 units, median count 271.0, 568932 units so far.
INFO:root:Left over size 520455 (6098, 6122).
INFO:root:Processing 110578 pixels (1520455 6098.282, 6166.273).
INFO:root:Sliding offset 0, 0. Add 2169 units, median count 273.5, 571101 units so far.
INFO:root:Sliding offset 0, 1. Add 2363 units, median count 281.0, 573464 units so far.
INFO:root:Sliding offset 1, 0. Add 2167 units, median count 270.0, 575631 units so far.
INFO:root:Sliding offset 1, 1. Add 2363 units, median count 281.0, 577994 units so far.
INFO:root:Left over size 515122 (6142, 6166).
INFO:root:Processing 110547 pixels (1515122 6142.274, 6210.479).
INFO:root:Sliding offset 0, 0. Add 2232 units, median count 277.0, 580226 units so far.
INFO:root:Sliding offset 0, 1. Add 2257 units, median count 276.0, 582483 units so far.
INFO:root:Sliding offset 1, 0. Add 2224 units, median count 278.0, 584707 units so far.
INFO:root:Sliding offset 1, 1. Add 2262 units, median count 274.0, 586969 units so far.
INFO:root:Left over size 580375 (6186, 6210).
INFO:root:Processing 111514 pixels (1580375 6186.48, 6254.765).
INFO:root:Sliding offset 0, 0. Add 2425 units, median count 270.0, 589394 units so far.
INFO:root:Sliding offset 0, 1. Add 2201 units, median count 272.0, 591595 units so far.
INFO:root:Sliding offset 1, 0. Add 2436 units, median count 267.0, 594031 units so far.
INFO:root:Sliding offset 1, 1. Add 2197 units, median count 271.0, 596228 units so far.
INFO:root:Left over size 505354 (6231, 6255).
INFO:root:Processing 117376 pixels (1505354 6230.766, 6302.435).
INFO:root:Sliding offset 0, 0. Add 2508 units, median count 262.0, 598736 units so far.
INFO:root:Sliding offset 0, 1. Add 2514 units, median count 265.0, 601250 units so far.
INFO:root:Sliding offset 1, 0. Add 2512 units, median count 259.0, 603762 units so far.
INFO:root:Sliding offset 1, 1. Add 2513 units, median count 265.0, 606275 units so far.
INFO:root:Left over size 481675 (6278, 6302).
INFO:root:Processing 122894 pixels (1481675 6278.436, 6353.926).
INFO:root:Sliding offset 0, 0. Add 2501 units, median count 246.0, 608776 units so far.
INFO:root:Sliding offset 0, 1. Add 2808 units, median count 247.0, 611584 units so far.
INFO:root:Sliding offset 1, 0. Add 2509 units, median count 246.0, 614093 units so far.
INFO:root:Sliding offset 1, 1. Add 2813 units, median count 247.0, 616906 units so far.
INFO:root:Left over size 471847 (6330, 6354).
INFO:root:Processing 119758 pixels (1471847 6329.927, 6403.449).
INFO:root:Sliding offset 0, 0. Add 2740 units, median count 249.0, 619646 units so far.
INFO:root:Sliding offset 0, 1. Add 2507 units, median count 250.0, 622153 units so far.
INFO:root:Sliding offset 1, 0. Add 2732 units, median count 251.0, 624885 units so far.
INFO:root:Sliding offset 1, 1. Add 2511 units, median count 247.0, 627396 units so far.
INFO:root:Left over size 497449 (6379, 6403).
INFO:root:Processing 118138 pixels (1497449 6379.45, 6451.76).
INFO:root:Sliding offset 0, 0. Add 2577 units, median count 254.0, 629973 units so far.
INFO:root:Sliding offset 0, 1. Add 2523 units, median count 258.0, 632496 units so far.
INFO:root:Sliding offset 1, 0. Add 2575 units, median count 254.0, 635071 units so far.
INFO:root:Sliding offset 1, 1. Add 2519 units, median count 257.0, 637590 units so far.
INFO:root:Left over size 491544 (6428, 6452).
INFO:root:Processing 113367 pixels (1491544 6427.77, 6497.147).
INFO:root:Sliding offset 0, 0. Add 2207 units, median count 263.0, 639797 units so far.
INFO:root:Sliding offset 0, 1. Add 2479 units, median count 267.0, 642276 units so far.
INFO:root:Sliding offset 1, 0. Add 2215 units, median count 265.0, 644491 units so far.
INFO:root:Sliding offset 1, 1. Add 2480 units, median count 267.0, 646971 units so far.
INFO:root:Left over size 485088 (6473, 6497).
INFO:root:Processing 113993 pixels (1485088 6473.148, 6543.386).
INFO:root:Sliding offset 0, 0. Add 2457 units, median count 258.0, 649428 units so far.
INFO:root:Sliding offset 0, 1. Add 2225 units, median count 258.0, 651653 units so far.
INFO:root:Sliding offset 1, 0. Add 2456 units, median count 259.0, 654109 units so far.
INFO:root:Sliding offset 1, 1. Add 2232 units, median count 258.0, 656341 units so far.
INFO:root:Left over size 524649 (6519, 6543).
INFO:root:Processing 112847 pixels (1524649 6519.395, 6589.053).
INFO:root:Sliding offset 0, 0. Add 2340 units, median count 270.0, 658681 units so far.
INFO:root:Sliding offset 0, 1. Add 2411 units, median count 270.0, 661092 units so far.
INFO:root:Sliding offset 1, 0. Add 2337 units, median count 269.0, 663429 units so far.
INFO:root:Sliding offset 1, 1. Add 2413 units, median count 267.0, 665842 units so far.
INFO:root:Left over size 514931 (6565, 6589).
INFO:root:Processing 102164 pixels (1514931 6565.054, 6628.472).
INFO:root:Sliding offset 0, 0. Add 1970 units, median count 284.0, 667812 units so far.
INFO:root:Sliding offset 0, 1. Add 2060 units, median count 285.0, 669872 units so far.
INFO:root:Sliding offset 1, 0. Add 1977 units, median count 282.0, 671849 units so far.
INFO:root:Sliding offset 1, 1. Add 2052 units, median count 286.0, 673901 units so far.
INFO:root:Left over size 623694 (6604, 6628).
INFO:root:Processing 109779 pixels (1623694 6604.473, 6673.248).
INFO:root:Sliding offset 0, 0. Add 2281 units, median count 297.0, 676182 units so far.
INFO:root:Sliding offset 0, 1. Add 2172 units, median count 293.0, 678354 units so far.
INFO:root:Sliding offset 1, 0. Add 2285 units, median count 297.5, 680639 units so far.
INFO:root:Sliding offset 1, 1. Add 2180 units, median count 293.0, 682819 units so far.
INFO:root:Left over size 529652 (6649, 6673).
INFO:root:Processing 101650 pixels (1529652 6649.249, 6713.603).
INFO:root:Sliding offset 0, 0. Add 1856 units, median count 302.0, 684675 units so far.
INFO:root:Sliding offset 0, 1. Add 2021 units, median count 300.0, 686696 units so far.
INFO:root:Sliding offset 1, 0. Add 1857 units, median count 301.0, 688553 units so far.
INFO:root:Sliding offset 1, 1. Add 2028 units, median count 302.0, 690581 units so far.
INFO:root:Left over size 563991 (6690, 6714).
INFO:root:Processing 116805 pixels (1563991 6689.609, 6763.829).
INFO:root:Sliding offset 0, 0. Add 2571 units, median count 287.0, 693152 units so far.
INFO:root:Sliding offset 0, 1. Add 2326 units, median count 281.0, 695478 units so far.
INFO:root:Sliding offset 1, 0. Add 2577 units, median count 285.0, 698055 units so far.
INFO:root:Sliding offset 1, 1. Add 2322 units, median count 281.0, 700377 units so far.
INFO:root:Left over size 469186 (6740, 6764).
INFO:root:Processing 112016 pixels (1469186 6739.83, 6810.209).
INFO:root:Sliding offset 0, 0. Add 2155 units, median count 273.0, 702532 units so far.
INFO:root:Sliding offset 0, 1. Add 2392 units, median count 270.0, 704924 units so far.
INFO:root:Sliding offset 1, 0. Add 2161 units, median count 271.0, 707085 units so far.
INFO:root:Sliding offset 1, 1. Add 2394 units, median count 273.0, 709479 units so far.
INFO:root:Left over size 522901 (6786, 6810).
INFO:root:Processing 113197 pixels (1522901 6786.21, 6856.491).
INFO:root:Sliding offset 0, 0. Add 2392 units, median count 279.0, 711871 units so far.
INFO:root:Sliding offset 0, 1. Add 2348 units, median count 277.0, 714219 units so far.
INFO:root:Sliding offset 1, 0. Add 2383 units, median count 278.0, 716602 units so far.
INFO:root:Sliding offset 1, 1. Add 2342 units, median count 277.0, 718944 units so far.
INFO:root:Left over size 528909 (6832, 6856).
INFO:root:Processing 120413 pixels (1528909 6832.492, 6907.111).
INFO:root:Sliding offset 0, 0. Add 2593 units, median count 275.0, 721537 units so far.
INFO:root:Sliding offset 0, 1. Add 2506 units, median count 270.0, 724043 units so far.
INFO:root:Sliding offset 1, 0. Add 2587 units, median count 274.0, 726630 units so far.
INFO:root:Sliding offset 1, 1. Add 2508 units, median count 268.0, 729138 units so far.
INFO:root:Left over size 477035 (6883, 6907).
INFO:root:Processing 117519 pixels (1477035 6883.112, 6956.209).
INFO:root:Sliding offset 0, 0. Add 2547 units, median count 260.0, 731685 units so far.
INFO:root:Sliding offset 0, 1. Add 2429 units, median count 259.0, 734114 units so far.
INFO:root:Sliding offset 1, 0. Add 2561 units, median count 257.0, 736675 units so far.
INFO:root:Sliding offset 1, 1. Add 2438 units, median count 258.0, 739113 units so far.
INFO:root:Left over size 519677 (6932, 6956).
INFO:root:Processing 131276 pixels (1519677 6932.21, 7014.356).
INFO:root:Sliding offset 0, 0. Add 2770 units, median count 229.0, 741883 units so far.
INFO:root:Sliding offset 0, 1. Add 2988 units, median count 229.0, 744871 units so far.
INFO:root:Sliding offset 1, 0. Add 2763 units, median count 228.0, 747634 units so far.
INFO:root:Sliding offset 1, 1. Add 2992 units, median count 226.0, 750626 units so far.
INFO:root:Left over size 411009 (6990, 7014).
INFO:root:Processing 134661 pixels (1411009 6990.357, 7075.189).
INFO:root:Sliding offset 0, 0. Add 3116 units, median count 206.0, 753742 units so far.
INFO:root:Sliding offset 0, 1. Add 2992 units, median count 203.5, 756734 units so far.
INFO:root:Sliding offset 1, 0. Add 3114 units, median count 204.0, 759848 units so far.
INFO:root:Sliding offset 1, 1. Add 2991 units, median count 204.0, 762839 units so far.
INFO:root:Left over size 366481 (7051, 7075).
INFO:root:Processing 143880 pixels (1366481 7051.19, 7142.257).
INFO:root:Sliding offset 0, 0. Add 3356 units, median count 194.0, 766195 units so far.
INFO:root:Sliding offset 0, 1. Add 3234 units, median count 196.0, 769429 units so far.
INFO:root:Sliding offset 1, 0. Add 3352 units, median count 194.0, 772781 units so far.
INFO:root:Sliding offset 1, 1. Add 3239 units, median count 197.0, 776020 units so far.
INFO:root:Left over size 358856 (7118, 7142).
INFO:root:Processing 130216 pixels (1358856 7118.258, 7200.381).
INFO:root:Sliding offset 0, 0. Add 2757 units, median count 210.0, 778777 units so far.
INFO:root:Sliding offset 0, 1. Add 2992 units, median count 211.0, 781769 units so far.
INFO:root:Sliding offset 1, 0. Add 2763 units, median count 211.0, 784532 units so far.
INFO:root:Sliding offset 1, 1. Add 2974 units, median count 211.0, 787506 units so far.
INFO:root:Left over size 421995 (7176, 7200).
INFO:root:Processing 136567 pixels (1421995 7176.382, 7262.746).
INFO:root:Sliding offset 0, 0. Add 3176 units, median count 212.0, 790682 units so far.
INFO:root:Sliding offset 0, 1. Add 2937 units, median count 213.0, 793619 units so far.
INFO:root:Sliding offset 1, 0. Add 3164 units, median count 213.0, 796783 units so far.
INFO:root:Sliding offset 1, 1. Add 2953 units, median count 212.0, 799736 units so far.
INFO:root:Left over size 361666 (7239, 7263).
INFO:root:Processing 141924 pixels (1361666 7238.747, 7328.847).
INFO:root:Sliding offset 0, 0. Add 3212 units, median count 208.0, 802948 units so far.
INFO:root:Sliding offset 0, 1. Add 3216 units, median count 209.0, 806164 units so far.
INFO:root:Sliding offset 1, 0. Add 3219 units, median count 209.0, 809383 units so far.
INFO:root:Sliding offset 1, 1. Add 3208 units, median count 209.0, 812591 units so far.
INFO:root:Left over size 347672 (7305, 7329).
INFO:root:Processing 126380 pixels (1347672 7304.848, 7384.827).
INFO:root:Sliding offset 0, 0. Add 2683 units, median count 218.0, 815274 units so far.
INFO:root:Sliding offset 0, 1. Add 2930 units, median count 219.0, 818204 units so far.
INFO:root:Sliding offset 1, 0. Add 2679 units, median count 217.0, 820883 units so far.
INFO:root:Sliding offset 1, 1. Add 2921 units, median count 220.0, 823804 units so far.
INFO:root:Left over size 449537 (7361, 7385).
INFO:root:Processing 138176 pixels (1449537 7360.828, 7448.153).
INFO:root:Sliding offset 0, 0. Add 3245 units, median count 215.0, 827049 units so far.
INFO:root:Sliding offset 0, 1. Add 2990 units, median count 214.5, 830039 units so far.
INFO:root:Sliding offset 1, 0. Add 3239 units, median count 217.0, 833278 units so far.
INFO:root:Sliding offset 1, 1. Add 2995 units, median count 213.0, 836273 units so far.
INFO:root:Left over size 402415 (7424, 7448).
INFO:root:Processing 135063 pixels (1402415 7424.154, 7510.54).
INFO:root:Sliding offset 0, 0. Add 2912 units, median count 215.0, 839185 units so far.
INFO:root:Sliding offset 0, 1. Add 3104 units, median count 219.0, 842289 units so far.
INFO:root:Sliding offset 1, 0. Add 2927 units, median count 215.0, 845216 units so far.
INFO:root:Sliding offset 1, 1. Add 3097 units, median count 218.0, 848313 units so far.
INFO:root:Left over size 385691 (7487, 7511).
INFO:root:Processing 131412 pixels (1385691 7486.541, 7571.933).
INFO:root:Sliding offset 0, 0. Add 2886 units, median count 210.0, 851199 units so far.
INFO:root:Sliding offset 0, 1. Add 2952 units, median count 208.0, 854151 units so far.
INFO:root:Sliding offset 1, 0. Add 2877 units, median count 211.0, 857028 units so far.
INFO:root:Sliding offset 1, 1. Add 2949 units, median count 208.0, 859977 units so far.
INFO:root:Left over size 399920 (7548, 7572).
INFO:root:Processing 145456 pixels (1399920 7547.934, 7641.868).
INFO:root:Sliding offset 0, 0. Add 3523 units, median count 203.0, 863500 units so far.
INFO:root:Sliding offset 0, 1. Add 3362 units, median count 204.0, 866862 units so far.
INFO:root:Sliding offset 1, 0. Add 3518 units, median count 205.0, 870380 units so far.
INFO:root:Sliding offset 1, 1. Add 3366 units, median count 204.0, 873746 units so far.
INFO:root:Left over size 365820 (7618, 7642).
INFO:root:Processing 137978 pixels (1365820 7617.869, 7707.491).
INFO:root:Sliding offset 0, 0. Add 3216 units, median count 203.0, 876962 units so far.
INFO:root:Sliding offset 0, 1. Add 3164 units, median count 205.0, 880126 units so far.
INFO:root:Sliding offset 1, 0. Add 3214 units, median count 206.0, 883340 units so far.
INFO:root:Sliding offset 1, 1. Add 3168 units, median count 204.0, 886508 units so far.
INFO:root:Left over size 327893 (7683, 7707).
INFO:root:Processing 142291 pixels (1327893 7683.492, 7777.032).
INFO:root:Sliding offset 0, 0. Add 3244 units, median count 200.0, 889752 units so far.
INFO:root:Sliding offset 0, 1. Add 3313 units, median count 201.0, 893065 units so far.
INFO:root:Sliding offset 1, 0. Add 3249 units, median count 201.0, 896314 units so far.
INFO:root:Sliding offset 1, 1. Add 3300 units, median count 199.0, 899614 units so far.
INFO:root:Left over size 319709 (7753, 7777).
INFO:root:Processing 146264 pixels (1319709 7753.033, 7851.742).
INFO:root:Sliding offset 0, 0. Add 3298 units, median count 198.0, 902912 units so far.
INFO:root:Sliding offset 0, 1. Add 3274 units, median count 200.0, 906186 units so far.
INFO:root:Sliding offset 1, 0. Add 3297 units, median count 198.0, 909483 units so far.
INFO:root:Sliding offset 1, 1. Add 3281 units, median count 199.0, 912764 units so far.
INFO:root:Left over size 308068 (7828, 7852).
INFO:root:Processing 133843 pixels (1308068 7827.743, 7917.766).
INFO:root:Sliding offset 0, 0. Add 2969 units, median count 204.0, 915733 units so far.
INFO:root:Sliding offset 0, 1. Add 2965 units, median count 205.0, 918698 units so far.
INFO:root:Sliding offset 1, 0. Add 2970 units, median count 204.0, 921668 units so far.
INFO:root:Sliding offset 1, 1. Add 2981 units, median count 203.0, 924649 units so far.
INFO:root:Left over size 395088 (7894, 7918).
INFO:root:Processing 132531 pixels (1395088 7893.768, 7981.904).
INFO:root:Sliding offset 0, 0. Add 3001 units, median count 208.0, 927650 units so far.
INFO:root:Sliding offset 0, 1. Add 2919 units, median count 208.0, 930569 units so far.
INFO:root:Sliding offset 1, 0. Add 3012 units, median count 208.0, 933581 units so far.
INFO:root:Sliding offset 1, 1. Add 2914 units, median count 206.0, 936495 units so far.
INFO:root:Left over size 364988 (7958, 7982).
INFO:root:Processing 115567 pixels (1364988 7957.905, 8033.9).
INFO:root:Sliding offset 0, 0. Add 2276 units, median count 208.0, 938771 units so far.
INFO:root:Sliding offset 0, 1. Add 2529 units, median count 213.0, 941300 units so far.
INFO:root:Sliding offset 1, 0. Add 2271 units, median count 210.0, 943571 units so far.
INFO:root:Sliding offset 1, 1. Add 2533 units, median count 210.0, 946104 units so far.
INFO:root:Left over size 477228 (8010, 8034).
INFO:root:Processing 114035 pixels (1477228 8009.901, 8084.011).
INFO:root:Sliding offset 0, 0. Add 2573 units, median count 214.0, 948677 units so far.
INFO:root:Sliding offset 0, 1. Add 2318 units, median count 213.0, 950995 units so far.
INFO:root:Sliding offset 1, 0. Add 2577 units, median count 215.0, 953572 units so far.
INFO:root:Sliding offset 1, 1. Add 2316 units, median count 213.0, 955888 units so far.
INFO:root:Left over size 497279 (8060, 8084).
INFO:root:Processing 133256 pixels (1497279 8060.012, 8146.685).
INFO:root:Sliding offset 0, 0. Add 2890 units, median count 203.0, 958778 units so far.
INFO:root:Sliding offset 0, 1. Add 3126 units, median count 204.0, 961904 units so far.
INFO:root:Sliding offset 1, 0. Add 2895 units, median count 203.0, 964799 units so far.
INFO:root:Sliding offset 1, 1. Add 3124 units, median count 202.0, 967923 units so far.
INFO:root:Left over size 383183 (8123, 8147).
INFO:root:Processing 136282 pixels (1383183 8122.686, 8211.457).
INFO:root:Sliding offset 0, 0. Add 3193 units, median count 196.0, 971116 units so far.
INFO:root:Sliding offset 0, 1. Add 3034 units, median count 196.0, 974150 units so far.
INFO:root:Sliding offset 1, 0. Add 3184 units, median count 198.0, 977334 units so far.
INFO:root:Sliding offset 1, 1. Add 3027 units, median count 196.0, 980361 units so far.
INFO:root:Left over size 354269 (8187, 8211).
INFO:root:Processing 119232 pixels (1354269 8187.458, 8265.253).
INFO:root:Sliding offset 0, 0. Add 2560 units, median count 201.0, 982921 units so far.
INFO:root:Sliding offset 0, 1. Add 2538 units, median count 202.5, 985459 units so far.
INFO:root:Sliding offset 1, 0. Add 2557 units, median count 203.0, 988016 units so far.
INFO:root:Sliding offset 1, 1. Add 2537 units, median count 204.0, 990553 units so far.
INFO:root:Left over size 446278 (8241, 8265).
INFO:root:Processing 126054 pixels (1446278 8241.255, 8323.639).
INFO:root:Sliding offset 0, 0. Add 2754 units, median count 201.0, 993307 units so far.
INFO:root:Sliding offset 0, 1. Add 2778 units, median count 202.0, 996085 units so far.
INFO:root:Sliding offset 1, 0. Add 2766 units, median count 199.0, 998851 units so far.
INFO:root:Sliding offset 1, 1. Add 2763 units, median count 202.0, 1001614 units so far.
INFO:root:Left over size 442910 (8300, 8324).
INFO:root:Processing 116196 pixels (1442910 8299.64, 8376.626).
INFO:root:Sliding offset 0, 0. Add 2290 units, median count 205.0, 1003904 units so far.
INFO:root:Sliding offset 0, 1. Add 2405 units, median count 206.0, 1006309 units so far.
INFO:root:Sliding offset 1, 0. Add 2284 units, median count 204.0, 1008593 units so far.
INFO:root:Sliding offset 1, 1. Add 2422 units, median count 205.0, 1011015 units so far.
INFO:root:Left over size 491822 (8353, 8377).
INFO:root:Processing 117389 pixels (1491822 8352.627, 8431.541).
INFO:root:Sliding offset 0, 0. Add 2549 units, median count 193.0, 1013564 units so far.
INFO:root:Sliding offset 0, 1. Add 2434 units, median count 194.0, 1015998 units so far.
INFO:root:Sliding offset 1, 0. Add 2554 units, median count 193.5, 1018552 units so far.
INFO:root:Sliding offset 1, 1. Add 2432 units, median count 194.0, 1020984 units so far.
INFO:root:Left over size 417514 (8408, 8432).
INFO:root:Processing 125710 pixels (1417514 8407.542, 8493.494).
INFO:root:Sliding offset 0, 0. Add 2760 units, median count 195.0, 1023744 units so far.
INFO:root:Sliding offset 0, 1. Add 2779 units, median count 198.5, 1026523 units so far.
INFO:root:Sliding offset 1, 0. Add 2753 units, median count 199.0, 1029276 units so far.
INFO:root:Sliding offset 1, 1. Add 2777 units, median count 198.0, 1032053 units so far.
INFO:root:Left over size 347023 (8469, 8493).
INFO:root:Processing 121783 pixels (1347023 8469.495, 8552.429).
INFO:root:Sliding offset 0, 0. Add 2757 units, median count 199.0, 1034810 units so far.
INFO:root:Sliding offset 0, 1. Add 2687 units, median count 199.0, 1037497 units so far.
INFO:root:Sliding offset 1, 0. Add 2762 units, median count 201.0, 1040259 units so far.
INFO:root:Sliding offset 1, 1. Add 2688 units, median count 200.0, 1042947 units so far.
INFO:root:Left over size 454724 (8528, 8552).
INFO:root:Processing 122579 pixels (1454724 8528.43, 8609.624).
INFO:root:Sliding offset 0, 0. Add 2579 units, median count 203.0, 1045526 units so far.
INFO:root:Sliding offset 0, 1. Add 2842 units, median count 202.0, 1048368 units so far.
INFO:root:Sliding offset 1, 0. Add 2590 units, median count 200.5, 1050958 units so far.
INFO:root:Sliding offset 1, 1. Add 2837 units, median count 204.0, 1053795 units so far.
INFO:root:Left over size 424225 (8586, 8610).
INFO:root:Processing 112903 pixels (1424225 8585.625, 8660.265).
INFO:root:Sliding offset 0, 0. Add 2495 units, median count 190.0, 1056290 units so far.
INFO:root:Sliding offset 0, 1. Add 2232 units, median count 192.0, 1058522 units so far.
INFO:root:Sliding offset 1, 0. Add 2494 units, median count 195.0, 1061016 units so far.
INFO:root:Sliding offset 1, 1. Add 2233 units, median count 192.0, 1063249 units so far.
INFO:root:Left over size 429252 (8636, 8660).
INFO:root:Processing 124052 pixels (1429252 8636.266, 8719.326).
INFO:root:Sliding offset 0, 0. Add 2612 units, median count 195.0, 1065861 units so far.
INFO:root:Sliding offset 0, 1. Add 2692 units, median count 195.0, 1068553 units so far.
INFO:root:Sliding offset 1, 0. Add 2614 units, median count 196.0, 1071167 units so far.
INFO:root:Sliding offset 1, 1. Add 2703 units, median count 194.0, 1073870 units so far.
INFO:root:Left over size 377766 (8695, 8719).
INFO:root:Processing 124706 pixels (1377766 8695.327, 8779.132).
INFO:root:Sliding offset 0, 0. Add 2709 units, median count 192.0, 1076579 units so far.
INFO:root:Sliding offset 0, 1. Add 2717 units, median count 191.0, 1079296 units so far.
INFO:root:Sliding offset 1, 0. Add 2699 units, median count 190.0, 1081995 units so far.
INFO:root:Sliding offset 1, 1. Add 2726 units, median count 190.0, 1084721 units so far.
INFO:root:Left over size 419942 (8755, 8779).
INFO:root:Processing 130891 pixels (1419942 8755.133, 8842.763).
INFO:root:Sliding offset 0, 0. Add 2839 units, median count 190.0, 1087560 units so far.
INFO:root:Sliding offset 0, 1. Add 2957 units, median count 193.0, 1090517 units so far.
INFO:root:Sliding offset 1, 0. Add 2843 units, median count 190.0, 1093360 units so far.
INFO:root:Sliding offset 1, 1. Add 2956 units, median count 191.0, 1096316 units so far.
INFO:root:Left over size 381212 (8819, 8843).
INFO:root:Processing 131582 pixels (1381212 8818.764, 8908.744).
INFO:root:Sliding offset 0, 0. Add 2910 units, median count 180.0, 1099226 units so far.
INFO:root:Sliding offset 0, 1. Add 2902 units, median count 182.0, 1102128 units so far.
INFO:root:Sliding offset 1, 0. Add 2918 units, median count 181.0, 1105046 units so far.
INFO:root:Sliding offset 1, 1. Add 2896 units, median count 181.0, 1107942 units so far.
INFO:root:Left over size 363817 (8885, 8909).
INFO:root:Processing 118949 pixels (1363817 8884.747, 8968.52).
INFO:root:Sliding offset 0, 0. Add 2563 units, median count 188.0, 1110505 units so far.
INFO:root:Sliding offset 0, 1. Add 2541 units, median count 191.0, 1113046 units so far.
INFO:root:Sliding offset 1, 0. Add 2561 units, median count 188.0, 1115607 units so far.
INFO:root:Sliding offset 1, 1. Add 2538 units, median count 190.0, 1118145 units so far.
INFO:root:Left over size 342565 (8945, 8969).
INFO:root:Processing 130493 pixels (1342565 8944.523, 9035.141).
INFO:root:Sliding offset 0, 0. Add 2845 units, median count 192.0, 1120990 units so far.
INFO:root:Sliding offset 0, 1. Add 2874 units, median count 192.0, 1123864 units so far.
INFO:root:Sliding offset 1, 0. Add 2848 units, median count 191.0, 1126712 units so far.
INFO:root:Sliding offset 1, 1. Add 2871 units, median count 194.0, 1129583 units so far.
INFO:root:Left over size 369160 (9011, 9035).
INFO:root:Processing 130154 pixels (1369160 9011.142, 9099.537).
INFO:root:Sliding offset 0, 0. Add 2992 units, median count 180.0, 1132575 units so far.
INFO:root:Sliding offset 0, 1. Add 2846 units, median count 179.0, 1135421 units so far.
INFO:root:Sliding offset 1, 0. Add 3009 units, median count 178.0, 1138430 units so far.
INFO:root:Sliding offset 1, 1. Add 2845 units, median count 180.0, 1141275 units so far.
INFO:root:Left over size 378918 (9076, 9100).
INFO:root:Processing 118514 pixels (1378918 9075.538, 9155.229).
INFO:root:Sliding offset 0, 0. Add 2484 units, median count 189.0, 1143759 units so far.
INFO:root:Sliding offset 0, 1. Add 2663 units, median count 187.0, 1146422 units so far.
INFO:root:Sliding offset 1, 0. Add 2497 units, median count 183.0, 1148919 units so far.
INFO:root:Sliding offset 1, 1. Add 2669 units, median count 186.0, 1151588 units so far.
INFO:root:Left over size 432499 (9131, 9155).
INFO:root:Processing 123037 pixels (1432499 9131.23, 9213.133).
INFO:root:Sliding offset 0, 0. Add 2834 units, median count 182.0, 1154422 units so far.
INFO:root:Sliding offset 0, 1. Add 2588 units, median count 183.0, 1157010 units so far.
INFO:root:Sliding offset 1, 0. Add 2829 units, median count 181.0, 1159839 units so far.
INFO:root:Sliding offset 1, 1. Add 2588 units, median count 181.0, 1162427 units so far.
INFO:root:Left over size 428819 (9189, 9213).
INFO:root:Processing 128855 pixels (1428819 9189.134, 9275.181).
INFO:root:Sliding offset 0, 0. Add 2829 units, median count 183.0, 1165256 units so far.
INFO:root:Sliding offset 0, 1. Add 3065 units, median count 183.0, 1168321 units so far.
INFO:root:Sliding offset 1, 0. Add 2830 units, median count 180.0, 1171151 units so far.
INFO:root:Sliding offset 1, 1. Add 3069 units, median count 182.0, 1174220 units so far.
INFO:root:Left over size 381612 (9251, 9275).
INFO:root:Processing 136151 pixels (1381612 9251.182, 9342.189).
INFO:root:Sliding offset 0, 0. Add 3177 units, median count 165.0, 1177397 units so far.
INFO:root:Sliding offset 0, 1. Add 3144 units, median count 164.0, 1180541 units so far.
INFO:root:Sliding offset 1, 0. Add 3173 units, median count 165.0, 1183714 units so far.
INFO:root:Sliding offset 1, 1. Add 3141 units, median count 165.0, 1186855 units so far.
INFO:root:Left over size 404277 (9318, 9342).
INFO:root:Processing 154560 pixels (1404277 9318.19, 9422.924).
INFO:root:Sliding offset 0, 0. Add 3840 units, median count 151.0, 1190695 units so far.
INFO:root:Sliding offset 0, 1. Add 3617 units, median count 150.0, 1194312 units so far.
INFO:root:Sliding offset 1, 0. Add 3838 units, median count 149.0, 1198150 units so far.
INFO:root:Sliding offset 1, 1. Add 3609 units, median count 150.0, 1201759 units so far.
INFO:root:Left over size 269995 (9399, 9423).
INFO:root:Processing 167222 pixels (1269995 9398.925, 9514.058).
INFO:root:Sliding offset 0, 0. Add 4173 units, median count 134.0, 1205932 units so far.
INFO:root:Sliding offset 0, 1. Add 4274 units, median count 134.0, 1210206 units so far.
INFO:root:Sliding offset 1, 0. Add 4163 units, median count 134.0, 1214369 units so far.
INFO:root:Sliding offset 1, 1. Add 4287 units, median count 135.0, 1218656 units so far.
INFO:root:Left over size 316259 (9490, 9514).
INFO:root:Processing 157846 pixels (1316259 9490.059, 9600.939).
INFO:root:Sliding offset 0, 0. Add 3757 units, median count 136.0, 1222413 units so far.
INFO:root:Sliding offset 0, 1. Add 3769 units, median count 136.0, 1226182 units so far.
INFO:root:Sliding offset 1, 0. Add 3765 units, median count 137.0, 1229947 units so far.
INFO:root:Sliding offset 1, 1. Add 3758 units, median count 138.0, 1233705 units so far.
INFO:root:Left over size 246100 (9577, 9601).
INFO:root:Processing 180376 pixels (1246100 9576.94, 9709.378).
INFO:root:Sliding offset 0, 0. Add 4237 units, median count 132.0, 1237942 units so far.
INFO:root:Sliding offset 0, 1. Add 4201 units, median count 132.0, 1242143 units so far.
INFO:root:Sliding offset 1, 0. Add 4240 units, median count 131.0, 1246383 units so far.
INFO:root:Sliding offset 1, 1. Add 4186 units, median count 132.0, 1250569 units so far.
INFO:root:Left over size 191367 (9685, 9709).
INFO:root:Processing 141798 pixels (1191367 9685.379, 9791.845).
INFO:root:Sliding offset 0, 0. Add 2897 units, median count 145.0, 1253466 units so far.
INFO:root:Sliding offset 0, 1. Add 3014 units, median count 146.0, 1256480 units so far.
INFO:root:Sliding offset 1, 0. Add 2898 units, median count 145.0, 1259378 units so far.
INFO:root:Sliding offset 1, 1. Add 3018 units, median count 145.0, 1262396 units so far.
INFO:root:Left over size 282274 (9768, 9792).
INFO:root:Processing 182781 pixels (1282274 9767.846, 9909.46).
INFO:root:Sliding offset 0, 0. Add 4236 units, median count 131.0, 1266632 units so far.
INFO:root:Sliding offset 0, 1. Add 4120 units, median count 129.0, 1270752 units so far.
INFO:root:Sliding offset 1, 0. Add 4227 units, median count 131.0, 1274979 units so far.
INFO:root:Sliding offset 1, 1. Add 4112 units, median count 130.0, 1279091 units so far.
INFO:root:Left over size 165171 (9885, 9909).
INFO:root:Processing 207598 pixels (1165171 9885.461, 10055.175).
INFO:root:Sliding offset 0, 0. Add 4603 units, median count 108.0, 1283694 units so far.
INFO:root:Sliding offset 0, 1. Add 4711 units, median count 105.0, 1288405 units so far.
INFO:root:Sliding offset 1, 0. Add 4621 units, median count 106.0, 1293026 units so far.
INFO:root:Sliding offset 1, 1. Add 4737 units, median count 106.0, 1297763 units so far.
INFO:root:Left over size 129926 (10031, 10055).
INFO:root:Processing 46356 pixels (211572 10031.179, 10087.483).
INFO:root:Sliding offset 0, 0. Add 507 units, median count 87.0, 1298270 units so far.
INFO:root:Sliding offset 0, 1. Add 461 units, median count 88.0, 1298731 units so far.
INFO:root:Sliding offset 1, 0. Add 493 units, median count 90.0, 1299224 units so far.
INFO:root:Sliding offset 1, 1. Add 473 units, median count 86.0, 1299697 units so far.
INFO:root:Left over size 45178 (10063, 10087).
['X', 'Y', 'gene', 'Count']
sort -k 1,1n /dcs05/lieber/marmaypag/xenium_NAC_LIBD4125/xenium_NAC/processed-data/HD_Full_Analysis/FICTURE/outputs/H1-XKYDCP3_A1/nF_16/hexagon.d_12.tsv | gzip -c > /dcs05/lieber/marmaypag/xenium_NAC_LIBD4125/xenium_NAC/processed-data/HD_Full_Analysis/FICTURE/outputs/H1-XKYDCP3_A1/nF_16/hexagon.d_12.tsv.gz
rm /dcs05/lieber/marmaypag/xenium_NAC_LIBD4125/xenium_NAC/processed-data/HD_Full_Analysis/FICTURE/outputs/H1-XKYDCP3_A1/nF_16/hexagon.d_12.tsv
--------------------------------------------------------------
Creating LDA for 12um and 16 factors...
--------------------------------------------------------------
mkdir -p /dcs05/lieber/marmaypag/xenium_NAC_LIBD4125/xenium_NAC/processed-data/HD_Full_Analysis/FICTURE/outputs/H1-XKYDCP3_A1/nF_16/analysis/nF16.d_12/figure
ficture fit_model --input /dcs05/lieber/marmaypag/xenium_NAC_LIBD4125/xenium_NAC/processed-data/HD_Full_Analysis/FICTURE/outputs/H1-XKYDCP3_A1/nF_16/hexagon.d_12.tsv.gz --output /dcs05/lieber/marmaypag/xenium_NAC_LIBD4125/xenium_NAC/processed-data/HD_Full_Analysis/FICTURE/outputs/H1-XKYDCP3_A1/nF_16/analysis/nF16.d_12/nF16.d_12  --nFactor 16 --epoch 3 --epoch_id_length 2 --unit_attr X Y --key Count --min_ct_per_feature 20 --test_split 0.5 --R 10 --fractional-count 0 --thread 1
INFO:root:Read data with 322361 units, 15906 features
INFO:root:0: -2895.99, -2899.51
INFO:root:Counter({12: 22477, 9: 21016, 6: 20069, 8: 19202, 13: 17524, 14: 16254, 7: 8980, 2: 8083, 1: 6398, 0: 6324, 15: 5525, 3: 2390, 10: 2024, 11: 1672, 4: 1652, 5: 1591})
INFO:root:Computing naive DE for 13926 genes
INFO:root:R=0, 14.99, 14.48, 311.93s
INFO:root:1: -2893.36, -2896.92
INFO:root:Counter({8: 22892, 9: 19925, 6: 18925, 2: 16416, 14: 15992, 13: 14588, 12: 14372, 7: 9890, 11: 7016, 0: 4605, 1: 4368, 5: 4261, 10: 2778, 3: 2460, 4: 1612, 15: 1081})
INFO:root:Computing naive DE for 13922 genes
INFO:root:R=1, 12.77, 10.00, 318.00s
INFO:root:2: -2895.06, -2898.58
INFO:root:Counter({8: 23298, 9: 17881, 12: 17598, 0: 16237, 13: 13984, 14: 13849, 2: 10412, 4: 10247, 15: 7554, 6: 7248, 11: 7050, 3: 5343, 1: 4312, 7: 2427, 5: 1937, 10: 1804})
INFO:root:Computing naive DE for 13925 genes
INFO:root:R=2, 13.97, 10.48, 316.91s
INFO:root:3: -2894.20, -2897.74
INFO:root:Counter({8: 20497, 9: 20027, 6: 19165, 13: 16435, 2: 14781, 14: 14602, 11: 12953, 7: 11443, 12: 10518, 1: 6750, 0: 3044, 5: 2980, 3: 2515, 4: 2158, 10: 1965, 15: 1348})
INFO:root:Computing naive DE for 13923 genes
INFO:root:R=3, 13.30, 10.04, 312.89s
INFO:root:4: -2893.43, -2897.04
INFO:root:Counter({8: 28777, 9: 18702, 1: 18643, 14: 16601, 6: 12822, 5: 12147, 7: 10382, 15: 9542, 13: 9426, 12: 6423, 11: 6172, 4: 3931, 3: 2409, 10: 2208, 0: 1560, 2: 1436})
INFO:root:Computing naive DE for 13925 genes
INFO:root:R=4, 12.54, 8.37, 323.34s
INFO:root:5: -2893.45, -2897.02
INFO:root:Counter({0: 21743, 9: 21602, 2: 19229, 8: 15228, 1: 14033, 15: 12337, 14: 11964, 7: 9259, 13: 8954, 12: 7945, 6: 6904, 11: 3467, 3: 2430, 10: 2235, 4: 2075, 5: 1776})
INFO:root:Computing naive DE for 13924 genes
INFO:root:R=5, 12.69, 9.33, 319.37s
INFO:root:6: -2893.05, -2896.62
INFO:root:Counter({8: 27411, 9: 20021, 1: 19028, 2: 16768, 7: 10310, 12: 9802, 14: 9658, 6: 9399, 11: 8638, 4: 6888, 0: 6421, 5: 6418, 15: 3171, 10: 2849, 3: 2410, 13: 1989})
INFO:root:Computing naive DE for 13924 genes
INFO:root:R=6, 12.25, 8.56, 319.02s
INFO:root:7: -2894.93, -2898.47
INFO:root:Counter({9: 32379, 1: 26913, 6: 23633, 14: 16133, 8: 12422, 7: 12300, 12: 11654, 11: 9371, 5: 4159, 15: 2937, 10: 2575, 3: 2495, 4: 1342, 0: 1061, 2: 967, 13: 840})
INFO:root:Computing naive DE for 13926 genes
INFO:root:R=7, 13.54, 9.51, 339.21s
INFO:root:8: -2893.61, -2897.18
INFO:root:Counter({9: 20833, 6: 20172, 1: 19952, 8: 19833, 13: 16284, 7: 15510, 12: 12623, 14: 9481, 11: 7071, 5: 5328, 4: 3511, 0: 3356, 3: 2420, 15: 2041, 10: 1546, 2: 1220})
INFO:root:Computing naive DE for 13922 genes
INFO:root:R=8, 13.18, 9.90, 335.09s
INFO:root:9: -2894.82, -2898.33
INFO:root:Counter({0: 25920, 9: 24289, 11: 20061, 1: 15245, 8: 14629, 2: 14394, 12: 10147, 6: 7318, 7: 6692, 14: 6665, 15: 5702, 3: 2480, 10: 2184, 5: 2026, 4: 1736, 13: 1693})
INFO:root:Computing naive DE for 13925 genes
INFO:root:R=9, 13.55, 8.69, 323.92s
INFO:root:Result file /dcs05/lieber/marmaypag/xenium_NAC_LIBD4125/xenium_NAC/processed-data/HD_Full_Analysis/FICTURE/outputs/H1-XKYDCP3_A1/nF_16/analysis/nF16.d_12/nF16.d_12.fit_result.tsv.gz
R
0    14.987234
2    13.970836
9    13.551379
7    13.544548
3    13.299183
8    13.183094
1    12.768574
5    12.686812
4    12.542676
6    12.249590
Name: Score, dtype: float64
ficture choose_color --input /dcs05/lieber/marmaypag/xenium_NAC_LIBD4125/xenium_NAC/processed-data/HD_Full_Analysis/FICTURE/outputs/H1-XKYDCP3_A1/nF_16/analysis/nF16.d_12/nF16.d_12.fit_result.tsv.gz --output /dcs05/lieber/marmaypag/xenium_NAC_LIBD4125/xenium_NAC/processed-data/HD_Full_Analysis/FICTURE/outputs/H1-XKYDCP3_A1/nF_16/analysis/nF16.d_12/figure/nF16.d_12 --cmap_name turbo
ficture plot_base --input /dcs05/lieber/marmaypag/xenium_NAC_LIBD4125/xenium_NAC/processed-data/HD_Full_Analysis/FICTURE/outputs/H1-XKYDCP3_A1/nF_16/analysis/nF16.d_12/nF16.d_12.fit_result.tsv.gz --output /dcs05/lieber/marmaypag/xenium_NAC_LIBD4125/xenium_NAC/processed-data/HD_Full_Analysis/FICTURE/outputs/H1-XKYDCP3_A1/nF_16/analysis/nF16.d_12/figure/nF16.d_12.coarse --fill_range 7.0 --color_table /dcs05/lieber/marmaypag/xenium_NAC_LIBD4125/xenium_NAC/processed-data/HD_Full_Analysis/FICTURE/outputs/H1-XKYDCP3_A1/nF_16/analysis/nF16.d_12/figure/nF16.d_12.rgb.tsv --plot_um_per_pixel 1 --plot_discretized
/jhpce/shared/libd/core/visium_hd/1.0/hd_env/lib/python3.9/site-packages/ficture/scripts/plot_base.py:131: FutureWarning: The provided callable <function mean at 0x7efcb39c2e50> is currently using SeriesGroupBy.mean. In a future version of pandas, the provided callable will be used directly. To keep current behavior pass the string "mean" instead.
  chunk = chunk.groupby(by = ['x_indx', 'y_indx']).agg({ x:np.mean for x in factor_header }).reset_index()
/jhpce/shared/libd/core/visium_hd/1.0/hd_env/lib/python3.9/site-packages/ficture/scripts/plot_base.py:134: FutureWarning: The provided callable <function mean at 0x7efcb39c2e50> is currently using SeriesGroupBy.mean. In a future version of pandas, the provided callable will be used directly. To keep current behavior pass the string "mean" instead.
  df = df.groupby(by = ['x_indx', 'y_indx']).agg({ x:np.mean for x in factor_header }).reset_index()
INFO:root:Read region 322361 pixels in region 6727.0 x 6725.0
INFO:root:Filling pixels 0 - 500 / 6724
INFO:root:Filling pixels 500 - 1000 / 6724
INFO:root:Filling pixels 1000 - 1500 / 6724
INFO:root:Filling pixels 1500 - 2000 / 6724
INFO:root:Filling pixels 2000 - 2500 / 6724
INFO:root:Filling pixels 2500 - 3000 / 6724
INFO:root:Filling pixels 3000 - 3500 / 6724
INFO:root:Filling pixels 3500 - 4000 / 6724
INFO:root:Filling pixels 4000 - 4500 / 6724
INFO:root:Filling pixels 4500 - 5000 / 6724
INFO:root:Filling pixels 5000 - 5500 / 6724
INFO:root:Filling pixels 5500 - 6000 / 6724
INFO:root:Filling pixels 6000 - 6500 / 6724
INFO:root:Filling pixels 6500 - 6724 / 6724
INFO:root:Start constructing RGB image
INFO:root:Made fractional image
/dcs05/lieber/marmaypag/xenium_NAC_LIBD4125/xenium_NAC/processed-data/HD_Full_Analysis/FICTURE/outputs/H1-XKYDCP3_A1/nF_16/analysis/nF16.d_12/figure/nF16.d_12.coarse.png
INFO:root:Made hard threshold image
/dcs05/lieber/marmaypag/xenium_NAC_LIBD4125/xenium_NAC/processed-data/HD_Full_Analysis/FICTURE/outputs/H1-XKYDCP3_A1/nF_16/analysis/nF16.d_12/figure/nF16.d_12.coarse.top.png
6725 500
touch /dcs05/lieber/marmaypag/xenium_NAC_LIBD4125/xenium_NAC/processed-data/HD_Full_Analysis/FICTURE/outputs/H1-XKYDCP3_A1/nF_16/analysis/nF16.d_12/nF16.d_12.done
--------------------------------------------------------------
Creating projection for 12um and 16 factors, at 12um
--------------------------------------------------------------
--------------------------------------------------------------
Performing pixel-level decoding..
--------------------------------------------------------------
--------------------------------------------------------------
Sorting and reformatting the pixel-level output..
--------------------------------------------------------------
--------------------------------------------------------------
Performing pseudo-bulk differential expression analysis..
--------------------------------------------------------------
--------------------------------------------------------------
Drawing pixel-level output image...
--------------------------------------------------------------
ficture transform --input /dcs05/lieber/marmaypag/xenium_NAC_LIBD4125/xenium_NAC/processed-data/HD_Full_Analysis/FICTURE/inputs/H1-XKYDCP3_A1/transcripts.sorted.tsv.gz --output_pref /dcs05/lieber/marmaypag/xenium_NAC_LIBD4125/xenium_NAC/processed-data/HD_Full_Analysis/FICTURE/outputs/H1-XKYDCP3_A1/nF_16/analysis/nF16.d_12/nF16.d_12.prj_12.r_4 --model /dcs05/lieber/marmaypag/xenium_NAC_LIBD4125/xenium_NAC/processed-data/HD_Full_Analysis/FICTURE/outputs/H1-XKYDCP3_A1/nF_16/analysis/nF16.d_12/nF16.d_12.model.p --key Count --major_axis X --hex_width 12 --n_move 3 --min_ct_per_unit 20 --mu_scale 1.0 --thread 1 --precision 2
INFO:root:Model loaded with 15906 features and 16 factors
INFO:root:Transformed 1 batches with total 58582 units, 0.700052min
INFO:root:Transformed 2 batches with total 122951 units, 1.590597min
INFO:root:Transformed 3 batches with total 190130 units, 2.493488min
INFO:root:Transformed 4 batches with total 255812 units, 3.377288min
INFO:root:Transformed 5 batches with total 340636 units, 4.606509min
INFO:root:Transformed 6 batches with total 422892 units, 5.875073min
INFO:root:Transformed 7 batches with total 504815 units, 7.157606min
INFO:root:Transformed 8 batches with total 589976 units, 8.428993min
INFO:root:Transformed 9 batches with total 675897 units, 9.725771min
INFO:root:Transformed 10 batches with total 755898 units, 10.982895min
INFO:root:Transformed 11 batches with total 839058 units, 12.257260min
INFO:root:Transformed 12 batches with total 914627 units, 13.502794min
INFO:root:Transformed 13 batches with total 976158 units, 14.707727min
INFO:root:Transformed 14 batches with total 1039864 units, 15.908099min
INFO:root:Transformed 15 batches with total 1105279 units, 17.107500min
INFO:root:Transformed 16 batches with total 1178396 units, 18.348769min
INFO:root:Transformed 17 batches with total 1246041 units, 19.560297min
INFO:root:Transformed 18 batches with total 1314566 units, 20.781924min
INFO:root:Transformed 19 batches with total 1379698 units, 21.981027min
INFO:root:Transformed 20 batches with total 1449214 units, 23.190878min
INFO:root:Transformed 21 batches with total 1518773 units, 24.400825min
INFO:root:Transformed 22 batches with total 1582479 units, 25.603426min
INFO:root:Transformed 23 batches with total 1646200 units, 26.811959min
INFO:root:Transformed 24 batches with total 1716383 units, 28.016069min
INFO:root:Transformed 25 batches with total 1797774 units, 29.254701min
INFO:root:Transformed 26 batches with total 1859448 units, 30.150469min
INFO:root:Transformed 27 batches with total 1921444 units, 31.009961min
INFO:root:Transformed 28 batches with total 2009166 units, 32.214722min
INFO:root:Transformed 29 batches with total 2069922 units, 33.108811min
INFO:root:Transformed 30 batches with total 2131829 units, 33.950795min
INFO:root:Transformed 31 batches with total 2194714 units, 34.791548min
INFO:root:Transformed 32 batches with total 2272155 units, 35.966045min
INFO:root:Transformed 33 batches with total 2330486 units, 36.839191min
INFO:root:Transformed 34 batches with total 2407064 units, 37.987645min
INFO:root:Transformed 35 batches with total 2484805 units, 39.170841min
INFO:root:Transformed 36 batches with total 2560805 units, 40.347890min
INFO:root:Transformed 37 batches with total 2646445 units, 41.541190min
INFO:root:Transformed 38 batches with total 2700900 units, 42.397976min
INFO:root:Transformed 39 batches with total 2781584 units, 43.533917min
INFO:root:Transformed 40 batches with total 2841100 units, 44.397753min
INFO:root:Transformed 41 batches with total 2918930 units, 45.257050min
INFO:root:Transformed 42 batches with total 3004457 units, 46.154723min
INFO:root:Transformed 43 batches with total 3089614 units, 47.063934min
INFO:root:Transformed 44 batches with total 3149595 units, 47.616239min
INFO:root:Transformed 45 batches with total 3159301 units, 47.774346min
ficture slda_decode --input /dcs05/lieber/marmaypag/xenium_NAC_LIBD4125/xenium_NAC/processed-data/HD_Full_Analysis/FICTURE/outputs/H1-XKYDCP3_A1/nF_16/batched.matrix.tsv.gz --output /dcs05/lieber/marmaypag/xenium_NAC_LIBD4125/xenium_NAC/processed-data/HD_Full_Analysis/FICTURE/outputs/H1-XKYDCP3_A1/nF_16/analysis/nF16.d_12/nF16.d_12.decode.prj_12.r_4_5 --model /dcs05/lieber/marmaypag/xenium_NAC_LIBD4125/xenium_NAC/processed-data/HD_Full_Analysis/FICTURE/outputs/H1-XKYDCP3_A1/nF_16/analysis/nF16.d_12/nF16.d_12.model.p --anchor /dcs05/lieber/marmaypag/xenium_NAC_LIBD4125/xenium_NAC/processed-data/HD_Full_Analysis/FICTURE/outputs/H1-XKYDCP3_A1/nF_16/analysis/nF16.d_12/nF16.d_12.prj_12.r_4.fit_result.tsv.gz --anchor_in_um --neighbor_radius 5 --mu_scale 1.0 --key Count --precision 0.1 --lite_topk_output_pixel 3 --lite_topk_output_anchor 3 --thread 1
INFO:root:15906 genes and 16 factors are read from input model
INFO:root:Read 3120289 grid points
INFO:root:Read 58585 pixels, forming 1 batches.
INFO:root:Read 1 batches ((58585, 15906))
INFO:root:Output 58585 pixels and 17417 anchors
INFO:root:Read 64668 pixels, forming 1 batches.
INFO:root:Read 1 batches ((64668, 15906))
INFO:root:Output 64494 pixels and 18733 anchors
INFO:root:Read 13640 pixels, forming 1 batches.
INFO:root:Read 1 batches ((13640, 15906))
INFO:root:Output 13587 pixels and 4004 anchors
INFO:root:Read 116633 pixels, forming 2 batches.
INFO:root:Read 2 batches ((116633, 15906))
INFO:root:Output 122188 pixels and 33747 anchors
INFO:root:Read 49376 pixels, forming 1 batches.
INFO:root:Read 1 batches ((49376, 15906))
INFO:root:Output 49244 pixels and 14443 anchors
INFO:root:Read 81949 pixels, forming 2 batches.
INFO:root:Read 2 batches ((81949, 15906))
INFO:root:Output 83491 pixels and 23667 anchors
INFO:root:Read 65923 pixels, forming 1 batches.
INFO:root:Read 1 batches ((65923, 15906))
INFO:root:Output 65684 pixels and 19160 anchors
INFO:root:Read 7604 pixels, forming 1 batches.
INFO:root:Read 1 batches ((7604, 15906))
INFO:root:Output 7558 pixels and 2288 anchors
INFO:root:Read 128205 pixels, forming 2 batches.
INFO:root:Read 2 batches ((128205, 15906))
INFO:root:Output 127714 pixels and 37608 anchors
INFO:root:Read 127951 pixels, forming 3 batches.
INFO:root:Read 3 batches ((127951, 15906))
INFO:root:Output 128003 pixels and 37530 anchors
INFO:root:Read 64192 pixels, forming 1 batches.
INFO:root:Read 1 batches ((64192, 15906))
INFO:root:Output 63413 pixels and 19372 anchors
INFO:root:Read 61914 pixels, forming 2 batches.
INFO:root:Read 2 batches ((61914, 15906))
INFO:root:Output 60986 pixels and 20255 anchors
INFO:root:Read 62401 pixels, forming 2 batches.
INFO:root:Read 2 batches ((62401, 15906))
INFO:root:Output 61355 pixels and 20596 anchors
INFO:root:Read 129003 pixels, forming 2 batches.
INFO:root:Read 2 batches ((129003, 15906))
INFO:root:Output 135818 pixels and 37324 anchors
INFO:root:Read 16168 pixels, forming 1 batches.
INFO:root:Read 1 batches ((16168, 15906))
INFO:root:Output 16119 pixels and 4719 anchors
INFO:root:Read 118299 pixels, forming 2 batches.
INFO:root:Read 2 batches ((118299, 15906))
INFO:root:Output 124044 pixels and 34248 anchors
INFO:root:Read 67359 pixels, forming 1 batches.
INFO:root:Read 1 batches ((67359, 15906))
INFO:root:Output 67200 pixels and 19448 anchors
INFO:root:Read 20420 pixels, forming 1 batches.
INFO:root:Read 1 batches ((20420, 15906))
INFO:root:Output 20337 pixels and 5934 anchors
INFO:root:Read 113785 pixels, forming 2 batches.
INFO:root:Read 2 batches ((113785, 15906))
INFO:root:Output 119001 pixels and 33033 anchors
INFO:root:Read 36432 pixels, forming 1 batches.
INFO:root:Read 1 batches ((36432, 15906))
INFO:root:Output 36296 pixels and 10582 anchors
INFO:root:Read 97963 pixels, forming 2 batches.
INFO:root:Read 2 batches ((97963, 15906))
INFO:root:Output 101320 pixels and 28386 anchors
INFO:root:Read 20069 pixels, forming 1 batches.
INFO:root:Read 1 batches ((20069, 15906))
INFO:root:Output 20012 pixels and 5935 anchors
INFO:root:Read 112079 pixels, forming 2 batches.
INFO:root:Read 2 batches ((112079, 15906))
INFO:root:Output 117636 pixels and 33169 anchors
INFO:root:Read 50301 pixels, forming 1 batches.
INFO:root:Read 1 batches ((50301, 15906))
INFO:root:Output 50301 pixels and 16529 anchors
INFO:root:Read 145069 pixels, forming 3 batches.
INFO:root:Read 3 batches ((145069, 15906))
INFO:root:Output 147074 pixels and 44751 anchors
INFO:root:Read 35444 pixels, forming 1 batches.
INFO:root:Read 1 batches ((35444, 15906))
INFO:root:Output 35266 pixels and 10225 anchors
INFO:root:Read 88092 pixels, forming 2 batches.
INFO:root:Read 2 batches ((88092, 15906))
INFO:root:Output 90842 pixels and 28773 anchors
INFO:root:Read 35133 pixels, forming 1 batches.
INFO:root:Read 1 batches ((35133, 15906))
INFO:root:Output 35032 pixels and 10153 anchors
INFO:root:Read 95497 pixels, forming 2 batches.
INFO:root:Read 2 batches ((95497, 15906))
INFO:root:Output 95318 pixels and 27664 anchors
INFO:root:Read 72728 pixels, forming 2 batches.
INFO:root:Read 2 batches ((72728, 15906))
INFO:root:Output 76338 pixels and 21021 anchors
INFO:root:Read 67748 pixels, forming 1 batches.
INFO:root:Read 1 batches ((67748, 15906))
INFO:root:Output 67724 pixels and 19656 anchors
INFO:root:Read 35486 pixels, forming 1 batches.
INFO:root:Read 1 batches ((35486, 15906))
INFO:root:Output 35350 pixels and 10225 anchors
INFO:root:Read 70845 pixels, forming 2 batches.
INFO:root:Read 2 batches ((70845, 15906))
INFO:root:Output 70633 pixels and 20521 anchors
INFO:root:Read 95725 pixels, forming 2 batches.
INFO:root:Read 2 batches ((95725, 15906))
INFO:root:Output 99517 pixels and 28087 anchors
INFO:root:Read 69588 pixels, forming 2 batches.
INFO:root:Read 2 batches ((69588, 15906))
INFO:root:Output 69705 pixels and 20520 anchors
INFO:root:Read 97724 pixels, forming 2 batches.
INFO:root:Read 2 batches ((97724, 15906))
INFO:root:Output 97454 pixels and 28814 anchors
INFO:root:Read 109862 pixels, forming 2 batches.
INFO:root:Read 2 batches ((109862, 15906))
INFO:root:Output 109733 pixels and 33586 anchors
INFO:root:Read 74156 pixels, forming 2 batches.
INFO:root:Read 2 batches ((74156, 15906))
INFO:root:Output 73972 pixels and 22065 anchors
INFO:root:Read 47445 pixels, forming 2 batches.
INFO:root:Read 2 batches ((47445, 15906))
INFO:root:Output 47224 pixels and 14887 anchors
INFO:root:Read 62449 pixels, forming 1 batches.
INFO:root:Read 1 batches ((62449, 15906))
INFO:root:Output 62444 pixels and 18909 anchors
INFO:root:Read 65255 pixels, forming 1 batches.
INFO:root:Read 1 batches ((65255, 15906))
INFO:root:Output 65101 pixels and 18804 anchors
INFO:root:Read 276 pixels, forming 1 batches.
INFO:root:Read 1 batches ((276, 15906))
INFO:root:Output 245 pixels and 143 anchors
INFO:root:Read 130218 pixels, forming 2 batches.
INFO:root:Read 2 batches ((130218, 15906))
INFO:root:Output 137947 pixels and 37668 anchors
INFO:root:Read 33405 pixels, forming 1 batches.
INFO:root:Read 1 batches ((33405, 15906))
INFO:root:Output 33315 pixels and 9653 anchors
INFO:root:Read 97095 pixels, forming 2 batches.
INFO:root:Read 2 batches ((97095, 15906))
INFO:root:Output 100474 pixels and 28029 anchors
INFO:root:Read 32645 pixels, forming 1 batches.
INFO:root:Read 1 batches ((32645, 15906))
INFO:root:Output 32515 pixels and 9509 anchors
INFO:root:Read 97624 pixels, forming 2 batches.
INFO:root:Read 2 batches ((97624, 15906))
INFO:root:Output 101449 pixels and 28302 anchors
INFO:root:Read 74 pixels, forming 1 batches.
INFO:root:Read 1 batches ((74, 15906))
INFO:root:Output 59 pixels and 21 anchors
INFO:root:Read 128533 pixels, forming 2 batches.
INFO:root:Read 2 batches ((128533, 15906))
INFO:root:Output 135318 pixels and 37608 anchors
INFO:root:Read 17483 pixels, forming 1 batches.
INFO:root:Read 1 batches ((17483, 15906))
INFO:root:Output 17414 pixels and 5355 anchors
INFO:root:Read 110194 pixels, forming 2 batches.
INFO:root:Read 2 batches ((110194, 15906))
INFO:root:Output 115107 pixels and 32247 anchors
INFO:root:Read 13328 pixels, forming 1 batches.
INFO:root:Read 1 batches ((13328, 15906))
INFO:root:Output 13178 pixels and 3834 anchors
INFO:root:Read 116602 pixels, forming 2 batches.
INFO:root:Read 2 batches ((116602, 15906))
INFO:root:Output 116229 pixels and 35507 anchors
INFO:root:Read 1212 pixels, forming 1 batches.
INFO:root:Read 1 batches ((1212, 15906))
INFO:root:Output 1203 pixels and 429 anchors
INFO:root:Read 102169 pixels, forming 2 batches.
INFO:root:Read 2 batches ((102169, 15906))
INFO:root:Output 101819 pixels and 29529 anchors
INFO:root:Read 89366 pixels, forming 2 batches.
INFO:root:Read 2 batches ((89366, 15906))
INFO:root:Output 89056 pixels and 25812 anchors
INFO:root:Read 77212 pixels, forming 2 batches.
INFO:root:Read 2 batches ((77212, 15906))
INFO:root:Output 80873 pixels and 22308 anchors
INFO:root:Read 2869 pixels, forming 1 batches.
INFO:root:Read 1 batches ((2869, 15906))
INFO:root:Output 2812 pixels and 852 anchors
INFO:root:Read 131774 pixels, forming 2 batches.
INFO:root:Read 2 batches ((131774, 15906))
INFO:root:Output 138775 pixels and 38109 anchors
INFO:root:Read 67224 pixels, forming 1 batches.
INFO:root:Read 1 batches ((67224, 15906))
INFO:root:Output 66974 pixels and 19448 anchors
INFO:root:Read 30452 pixels, forming 1 batches.
INFO:root:Read 1 batches ((30452, 15906))
INFO:root:Output 30326 pixels and 8794 anchors
INFO:root:Read 99983 pixels, forming 2 batches.
INFO:root:Read 2 batches ((99983, 15906))
INFO:root:Output 99605 pixels and 28815 anchors
INFO:root:Read 72019 pixels, forming 2 batches.
INFO:root:Read 2 batches ((72019, 15906))
INFO:root:Output 76206 pixels and 20949 anchors
INFO:root:Read 67400 pixels, forming 1 batches.
INFO:root:Read 1 batches ((67400, 15906))
INFO:root:Output 67255 pixels and 19448 anchors
INFO:root:Read 132591 pixels, forming 2 batches.
INFO:root:Read 2 batches ((132591, 15906))
INFO:root:Output 140359 pixels and 41412 anchors
INFO:root:Read 10452 pixels, forming 1 batches.
INFO:root:Read 1 batches ((10452, 15906))
INFO:root:Output 10389 pixels and 3075 anchors
INFO:root:Read 124961 pixels, forming 2 batches.
INFO:root:Read 2 batches ((124961, 15906))
INFO:root:Output 131150 pixels and 36037 anchors
INFO:root:Read 28813 pixels, forming 1 batches.
INFO:root:Read 1 batches ((28813, 15906))
INFO:root:Output 28666 pixels and 8294 anchors
INFO:root:Read 107012 pixels, forming 2 batches.
INFO:root:Read 2 batches ((107012, 15906))
INFO:root:Output 111568 pixels and 30896 anchors
INFO:root:Read 38155 pixels, forming 1 batches.
INFO:root:Read 1 batches ((38155, 15906))
INFO:root:Output 37977 pixels and 11011 anchors
INFO:root:Read 97220 pixels, forming 2 batches.
INFO:root:Read 2 batches ((97220, 15906))
INFO:root:Output 100365 pixels and 28099 anchors
INFO:root:Read 67892 pixels, forming 1 batches.
INFO:root:Read 1 batches ((67892, 15906))
INFO:root:Output 67865 pixels and 19656 anchors
INFO:root:Read 44553 pixels, forming 1 batches.
INFO:root:Read 1 batches ((44553, 15906))
INFO:root:Output 44363 pixels and 12870 anchors
INFO:root:Read 90953 pixels, forming 2 batches.
INFO:root:Read 2 batches ((90953, 15906))
INFO:root:Output 93393 pixels and 26241 anchors
INFO:root:Read 67861 pixels, forming 1 batches.
INFO:root:Read 1 batches ((67861, 15906))
INFO:root:Output 67817 pixels and 19656 anchors
INFO:root:Read 20295 pixels, forming 1 batches.
INFO:root:Read 1 batches ((20295, 15906))
INFO:root:Output 20188 pixels and 5863 anchors
INFO:root:Read 177451 pixels, forming 3 batches.
INFO:root:Read 3 batches ((177451, 15906))
INFO:root:Output 188220 pixels and 52903 anchors
INFO:root:Read 21492 pixels, forming 1 batches.
INFO:root:Read 1 batches ((21492, 15906))
INFO:root:Output 21472 pixels and 6221 anchors
INFO:root:Read 110972 pixels, forming 2 batches.
INFO:root:Read 2 batches ((110972, 15906))
INFO:root:Output 110822 pixels and 35008 anchors
INFO:root:Read 36662 pixels, forming 1 batches.
INFO:root:Read 1 batches ((36662, 15906))
INFO:root:Output 36515 pixels and 10582 anchors
INFO:root:Read 96402 pixels, forming 2 batches.
INFO:root:Read 2 batches ((96402, 15906))
INFO:root:Output 99839 pixels and 27874 anchors
INFO:root:Read 23452 pixels, forming 1 batches.
INFO:root:Read 1 batches ((23452, 15906))
INFO:root:Output 23360 pixels and 6792 anchors
INFO:root:Read 109800 pixels, forming 2 batches.
INFO:root:Read 2 batches ((109800, 15906))
INFO:root:Output 114543 pixels and 31603 anchors
INFO:root:Read 24494 pixels, forming 1 batches.
INFO:root:Read 1 batches ((24494, 15906))
INFO:root:Output 24447 pixels and 7079 anchors
INFO:root:Read 76804 pixels, forming 2 batches.
INFO:root:Read 2 batches ((76804, 15906))
INFO:root:Output 76763 pixels and 22299 anchors
INFO:root:Read 98600 pixels, forming 2 batches.
INFO:root:Read 2 batches ((98600, 15906))
INFO:root:Output 103205 pixels and 28385 anchors
INFO:root:Read 66679 pixels, forming 1 batches.
INFO:root:Read 1 batches ((66679, 15906))
INFO:root:Output 66679 pixels and 19296 anchors
INFO:root:Read 23685 pixels, forming 1 batches.
INFO:root:Read 1 batches ((23685, 15906))
INFO:root:Output 23587 pixels and 6864 anchors
INFO:root:Read 69695 pixels, forming 2 batches.
INFO:root:Read 2 batches ((69695, 15906))
INFO:root:Output 69493 pixels and 20085 anchors
INFO:root:Read 151496 pixels, forming 3 batches.
INFO:root:Read 3 batches ((151496, 15906))
INFO:root:Output 156345 pixels and 47105 anchors
INFO:root:Read 81962 pixels, forming 2 batches.
INFO:root:Read 2 batches ((81962, 15906))
INFO:root:Output 81717 pixels and 26396 anchors
INFO:root:Read 28729 pixels, forming 2 batches.
INFO:root:Read 2 batches ((28729, 15906))
INFO:root:Output 28581 pixels and 9000 anchors
INFO:root:Read 76608 pixels, forming 2 batches.
INFO:root:Read 2 batches ((76608, 15906))
INFO:root:Output 76438 pixels and 22738 anchors
INFO:root:Read 68115 pixels, forming 2 batches.
INFO:root:Read 2 batches ((68115, 15906))
INFO:root:Output 70160 pixels and 19838 anchors
INFO:root:Read 64804 pixels, forming 1 batches.
INFO:root:Read 1 batches ((64804, 15906))
INFO:root:Output 64618 pixels and 18733 anchors
INFO:root:Read 12866 pixels, forming 1 batches.
INFO:root:Read 1 batches ((12866, 15906))
INFO:root:Output 12833 pixels and 3789 anchors
INFO:root:Read 80077 pixels, forming 2 batches.
INFO:root:Read 2 batches ((80077, 15906))
INFO:root:Output 79774 pixels and 23237 anchors
INFO:root:Read 76966 pixels, forming 2 batches.
INFO:root:Read 2 batches ((76966, 15906))
INFO:root:Output 76687 pixels and 22236 anchors
INFO:root:Read 89017 pixels, forming 2 batches.
INFO:root:Read 2 batches ((89017, 15906))
INFO:root:Output 93025 pixels and 25883 anchors
INFO:root:Read 64566 pixels, forming 1 batches.
INFO:root:Read 1 batches ((64566, 15906))
INFO:root:Output 64334 pixels and 18733 anchors
INFO:root:Read 64693 pixels, forming 1 batches.
INFO:root:Read 1 batches ((64693, 15906))
INFO:root:Output 64538 pixels and 18733 anchors
INFO:root:Read 106940 pixels, forming 2 batches.
INFO:root:Read 2 batches ((106940, 15906))
INFO:root:Output 112326 pixels and 36080 anchors
INFO:root:Read 122530 pixels, forming 3 batches.
INFO:root:Read 3 batches ((122530, 15906))
INFO:root:Output 122437 pixels and 39801 anchors
INFO:root:Read 3348 pixels, forming 1 batches.
INFO:root:Read 1 batches ((3348, 15906))
INFO:root:Output 3287 pixels and 1001 anchors
INFO:root:Read 136142 pixels, forming 2 batches.
INFO:root:Read 2 batches ((136142, 15906))
INFO:root:Output 143910 pixels and 39540 anchors
INFO:root:Read 16483 pixels, forming 1 batches.
INFO:root:Read 1 batches ((16483, 15906))
INFO:root:Output 16341 pixels and 4828 anchors
INFO:root:Read 111833 pixels, forming 2 batches.
INFO:root:Read 2 batches ((111833, 15906))
INFO:root:Output 111485 pixels and 32389 anchors
INFO:root:Read 81569 pixels, forming 2 batches.
INFO:root:Read 2 batches ((81569, 15906))
INFO:root:Output 84672 pixels and 23595 anchors
INFO:root:Read 70168 pixels, forming 1 batches.
INFO:root:Read 1 batches ((70168, 15906))
INFO:root:Output 70005 pixels and 20235 anchors
INFO:root:Read 9149 pixels, forming 1 batches.
INFO:root:Read 1 batches ((9149, 15906))
INFO:root:Output 9115 pixels and 2717 anchors
INFO:root:Read 91745 pixels, forming 2 batches.
INFO:root:Read 2 batches ((91745, 15906))
INFO:root:Output 91472 pixels and 26598 anchors
INFO:root:Read 109000 pixels, forming 2 batches.
INFO:root:Read 2 batches ((109000, 15906))
INFO:root:Output 114805 pixels and 31654 anchors
INFO:root:Read 69700 pixels, forming 1 batches.
INFO:root:Read 1 batches ((69700, 15906))
INFO:root:Output 69475 pixels and 20234 anchors
INFO:root:Read 79741 pixels, forming 2 batches.
INFO:root:Read 2 batches ((79741, 15906))
INFO:root:Output 82622 pixels and 27807 anchors
INFO:root:Read 110930 pixels, forming 3 batches.
INFO:root:Read 3 batches ((110930, 15906))
INFO:root:Output 110759 pixels and 35428 anchors
INFO:root:Read 78214 pixels, forming 2 batches.
INFO:root:Read 2 batches ((78214, 15906))
INFO:root:Output 78050 pixels and 24761 anchors
INFO:root:Read 9314 pixels, forming 1 batches.
INFO:root:Read 1 batches ((9314, 15906))
INFO:root:Output 9241 pixels and 2698 anchors
INFO:root:Read 125036 pixels, forming 2 batches.
INFO:root:Read 2 batches ((125036, 15906))
INFO:root:Output 131482 pixels and 36251 anchors
INFO:root:Read 7261 pixels, forming 1 batches.
INFO:root:Read 1 batches ((7261, 15906))
INFO:root:Output 7261 pixels and 2145 anchors
INFO:root:Read 100774 pixels, forming 2 batches.
INFO:root:Read 2 batches ((100774, 15906))
INFO:root:Output 100665 pixels and 29237 anchors
INFO:root:Read 93866 pixels, forming 2 batches.
INFO:root:Read 2 batches ((93866, 15906))
INFO:root:Output 97602 pixels and 27241 anchors
INFO:root:Read 19668 pixels, forming 1 batches.
INFO:root:Read 1 batches ((19668, 15906))
INFO:root:Output 19638 pixels and 5720 anchors
INFO:root:Read 114264 pixels, forming 2 batches.
INFO:root:Read 2 batches ((114264, 15906))
INFO:root:Output 119961 pixels and 33384 anchors
INFO:root:Read 29853 pixels, forming 1 batches.
INFO:root:Read 1 batches ((29853, 15906))
INFO:root:Output 29732 pixels and 8723 anchors
INFO:root:Read 89992 pixels, forming 2 batches.
INFO:root:Read 2 batches ((89992, 15906))
INFO:root:Output 89738 pixels and 26741 anchors
INFO:root:Read 82115 pixels, forming 3 batches.
INFO:root:Read 3 batches ((82115, 15906))
INFO:root:Output 86431 pixels and 25335 anchors
INFO:root:Read 121654 pixels, forming 3 batches.
INFO:root:Read 3 batches ((121654, 15906))
INFO:root:Output 131855 pixels and 42307 anchors
INFO:root:Read 12107 pixels, forming 1 batches.
INFO:root:Read 1 batches ((12107, 15906))
INFO:root:Output 11957 pixels and 3504 anchors
INFO:root:Read 110644 pixels, forming 2 batches.
INFO:root:Read 2 batches ((110644, 15906))
INFO:root:Output 116091 pixels and 32687 anchors
INFO:root:Read 11468 pixels, forming 1 batches.
INFO:root:Read 1 batches ((11468, 15906))
INFO:root:Output 11442 pixels and 3360 anchors
INFO:root:Read 66318 pixels, forming 2 batches.
INFO:root:Read 2 batches ((66318, 15906))
INFO:root:Output 66270 pixels and 19288 anchors
INFO:root:Read 109398 pixels, forming 2 batches.
INFO:root:Read 2 batches ((109398, 15906))
INFO:root:Output 114957 pixels and 31870 anchors
INFO:root:Read 61294 pixels, forming 1 batches.
INFO:root:Read 1 batches ((61294, 15906))
INFO:root:Output 61064 pixels and 18068 anchors
INFO:root:Read 62203 pixels, forming 1 batches.
INFO:root:Read 1 batches ((62203, 15906))
INFO:root:Output 61997 pixels and 18090 anchors
INFO:root:Read 23682 pixels, forming 1 batches.
INFO:root:Read 1 batches ((23682, 15906))
INFO:root:Output 23569 pixels and 7007 anchors
INFO:root:Read 82901 pixels, forming 2 batches.
INFO:root:Read 2 batches ((82901, 15906))
INFO:root:Output 82617 pixels and 24382 anchors
INFO:root:Read 113595 pixels, forming 4 batches.
INFO:root:Read 4 batches ((113595, 15906))
INFO:root:Output 117715 pixels and 36643 anchors
INFO:root:Read 91703 pixels, forming 2 batches.
INFO:root:Read 2 batches ((91703, 15906))
INFO:root:Output 91333 pixels and 30166 anchors
INFO:root:Read 34698 pixels, forming 1 batches.
INFO:root:Read 1 batches ((34698, 15906))
INFO:root:Output 34579 pixels and 10551 anchors
INFO:root:Read 3919 pixels, forming 1 batches.
INFO:root:Read 1 batches ((3919, 15906))
INFO:root:Output 3837 pixels and 1207 anchors
INFO:root:Read 93029 pixels, forming 2 batches.
INFO:root:Read 2 batches ((93029, 15906))
INFO:root:Output 92848 pixels and 27528 anchors
INFO:root:Read 92326 pixels, forming 2 batches.
INFO:root:Read 2 batches ((92326, 15906))
INFO:root:Output 92004 pixels and 27099 anchors
INFO:root:Read 81860 pixels, forming 2 batches.
INFO:root:Read 2 batches ((81860, 15906))
INFO:root:Output 81559 pixels and 24023 anchors
INFO:root:Read 80773 pixels, forming 2 batches.
INFO:root:Read 2 batches ((80773, 15906))
INFO:root:Output 84721 pixels and 23809 anchors
INFO:root:Read 18449 pixels, forming 1 batches.
INFO:root:Read 1 batches ((18449, 15906))
INFO:root:Output 18406 pixels and 5506 anchors
INFO:root:Read 116245 pixels, forming 2 batches.
INFO:root:Read 2 batches ((116245, 15906))
INFO:root:Output 115847 pixels and 34178 anchors
INFO:root:Read 75539 pixels, forming 2 batches.
INFO:root:Read 2 batches ((75539, 15906))
INFO:root:Output 78140 pixels and 22452 anchors
INFO:root:Read 140365 pixels, forming 3 batches.
INFO:root:Read 3 batches ((140365, 15906))
INFO:root:Output 147475 pixels and 45429 anchors
INFO:root:Read 96148 pixels, forming 2 batches.
INFO:root:Read 2 batches ((96148, 15906))
INFO:root:Output 101107 pixels and 32576 anchors
INFO:root:Read 10411 pixels, forming 1 batches.
INFO:root:Read 1 batches ((10411, 15906))
INFO:root:Output 10266 pixels and 3045 anchors
INFO:root:Read 82128 pixels, forming 2 batches.
INFO:root:Read 2 batches ((82128, 15906))
INFO:root:Output 87273 pixels and 24488 anchors
INFO:root:Read 66955 pixels, forming 1 batches.
INFO:root:Read 1 batches ((66955, 15906))
INFO:root:Output 66818 pixels and 20521 anchors
INFO:root:Read 25263 pixels, forming 1 batches.
INFO:root:Read 1 batches ((25263, 15906))
INFO:root:Output 25219 pixels and 7649 anchors
INFO:root:Read 67197 pixels, forming 2 batches.
INFO:root:Read 2 batches ((67197, 15906))
INFO:root:Output 67192 pixels and 20937 anchors
INFO:root:Read 110562 pixels, forming 2 batches.
INFO:root:Read 2 batches ((110562, 15906))
INFO:root:Output 115335 pixels and 33045 anchors
INFO:root:Read 7950 pixels, forming 1 batches.
INFO:root:Read 1 batches ((7950, 15906))
INFO:root:Output 7937 pixels and 2431 anchors
INFO:root:Read 123607 pixels, forming 2 batches.
INFO:root:Read 2 batches ((123607, 15906))
INFO:root:Output 130703 pixels and 37899 anchors
INFO:root:Read 131934 pixels, forming 3 batches.
INFO:root:Read 3 batches ((131934, 15906))
INFO:root:Output 138736 pixels and 43659 anchors
INFO:root:Read 156150 pixels, forming 4 batches.
INFO:root:Read 4 batches ((156150, 15906))
INFO:root:Output 162553 pixels and 57514 anchors
INFO:root:Read 103244 pixels, forming 5 batches.
INFO:root:Read 5 batches ((103244, 15906))
INFO:root:Output 101900 pixels and 34817 anchors
INFO:root:Read 42915 pixels, forming 12 batches.
INFO:root:Read 12 batches ((42915, 15906))
INFO:root:Output 45904 pixels and 14894 anchors
INFO:root:Read 3231 pixels, forming 1 batches.
INFO:root:Read 1 batches ((3231, 15906))
INFO:root:Output 3231 pixels and 1409 anchors
bash /dcs05/lieber/marmaypag/xenium_NAC_LIBD4125/xenium_NAC/processed-data/HD_Full_Analysis/FICTURE/outputs/H1-XKYDCP3_A1/nF_16/sort_decode.sh /dcs05/lieber/marmaypag/xenium_NAC_LIBD4125/xenium_NAC/processed-data/HD_Full_Analysis/FICTURE/outputs/H1-XKYDCP3_A1/nF_16/analysis/nF16.d_12/nF16.d_12.decode.prj_12.r_4_5.pixel.tsv.gz /dcs05/lieber/marmaypag/xenium_NAC_LIBD4125/xenium_NAC/processed-data/HD_Full_Analysis/FICTURE/outputs/H1-XKYDCP3_A1/nF_16/analysis/nF16.d_12/nF16.d_12.decode.prj_12.r_4_5.pixel.sorted.tsv.gz /dcs05/lieber/marmaypag/xenium_NAC_LIBD4125/xenium_NAC/processed-data/HD_Full_Analysis/FICTURE/inputs/H1-XKYDCP3_A1/minmax.tsv nF16.d_12 100 100 3 gzip
3354.848, 10087.483; 1404.447, 8137.415
ficture de_bulk --input /dcs05/lieber/marmaypag/xenium_NAC_LIBD4125/xenium_NAC/processed-data/HD_Full_Analysis/FICTURE/outputs/H1-XKYDCP3_A1/nF_16/analysis/nF16.d_12/nF16.d_12.decode.prj_12.r_4_5.posterior.count.tsv.gz --output /dcs05/lieber/marmaypag/xenium_NAC_LIBD4125/xenium_NAC/processed-data/HD_Full_Analysis/FICTURE/outputs/H1-XKYDCP3_A1/nF_16/analysis/nF16.d_12/nF16.d_12.decode.prj_12.r_4_5.bulk_chisq.tsv --min_ct_per_feature 20 --max_pval_output 0.001 --min_fold_output 1.5
/jhpce/shared/libd/core/visium_hd/1.0/hd_env/lib/python3.9/site-packages/ficture/scripts/de_bulk.py:117: RuntimeWarning: divide by zero encountered in scalar divide
  fd=tab[0,0]/total_k[k]/tab[0,1]*(total_umi-total_k[k])
Read posterior count over 15906 genes and 16 factors
Testing 15906 genes over 16 factors
ficture factor_report --path /dcs05/lieber/marmaypag/xenium_NAC_LIBD4125/xenium_NAC/processed-data/HD_Full_Analysis/FICTURE/outputs/H1-XKYDCP3_A1/nF_16/analysis/nF16.d_12 --pref nF16.d_12.decode.prj_12.r_4_5 --color_table /dcs05/lieber/marmaypag/xenium_NAC_LIBD4125/xenium_NAC/processed-data/HD_Full_Analysis/FICTURE/outputs/H1-XKYDCP3_A1/nF_16/analysis/nF16.d_12/figure/nF16.d_12.rgb.tsv
['0' '1' '2' '3' '4' '5' '6' '7' '8' '9' '10' '11' '12' '13' '14' '15']
/dcs05/lieber/marmaypag/xenium_NAC_LIBD4125/xenium_NAC/processed-data/HD_Full_Analysis/FICTURE/outputs/H1-XKYDCP3_A1/nF_16/analysis/nF16.d_12/nF16.d_12.decode.prj_12.r_4_5.factor.info.html
ficture plot_pixel_full --input /dcs05/lieber/marmaypag/xenium_NAC_LIBD4125/xenium_NAC/processed-data/HD_Full_Analysis/FICTURE/outputs/H1-XKYDCP3_A1/nF_16/analysis/nF16.d_12/nF16.d_12.decode.prj_12.r_4_5.pixel.sorted.tsv.gz --color_table /dcs05/lieber/marmaypag/xenium_NAC_LIBD4125/xenium_NAC/processed-data/HD_Full_Analysis/FICTURE/outputs/H1-XKYDCP3_A1/nF_16/analysis/nF16.d_12/figure/nF16.d_12.rgb.tsv --output /dcs05/lieber/marmaypag/xenium_NAC_LIBD4125/xenium_NAC/processed-data/HD_Full_Analysis/FICTURE/outputs/H1-XKYDCP3_A1/nF_16/analysis/nF16.d_12/figure/nF16.d_12.decode.prj_12.r_4_5.pixel.png --plot_um_per_pixel 0.5 --full
02:08:49 AM Background color 000000
02:08:49 AM Read color table (16)
02:08:49 AM Read header {'K': 16, 'TOPK': 3, 'BLOCK_SIZE': 2000, 'BLOCK_AXIS': 'X', 'INDEX_AXIS': 'Y', 'OFFSET_X': 3354.848, 'OFFSET_Y': 1404.447, 'SIZE_X': 6734, 'SIZE_Y': 6734, 'SCALE': 100}
02:08:49 AM Image size 13470 x 13470
02:08:51 AM Reading pixels... 3999, 3500, 893348
02:08:53 AM Reading pixels... 3999, 7312, 880197
02:08:55 AM Reading pixels... 3999, 10452, 878546
02:08:57 AM Reading pixels... 7999, 1197, 897695
02:08:58 AM Reading pixels... 7999, 4941, 865100
02:09:00 AM Reading pixels... 7999, 8141, 881446
02:09:02 AM Reading pixels... 7999, 12001, 860665
02:09:04 AM Reading pixels... 11999, 2006, 873009
02:09:06 AM Reading pixels... 11999, 5858, 872651
02:09:08 AM Reading pixels... 11999, 9574, 860998
02:09:10 AM Reading pixels... 13443, 2789, 878300
02:09:11 AM Reading pixels... 13443, 4333, 703353
02:09:14 AM Finished
/dcs05/lieber/marmaypag/xenium_NAC_LIBD4125/xenium_NAC/processed-data/HD_Full_Analysis/FICTURE/outputs/H1-XKYDCP3_A1/nF_16/analysis/nF16.d_12/figure/nF16.d_12.decode.prj_12.r_4_5.pixel.png
Index(['0', '1', '2', '3', '4', '5', '6', '7', '8', '9', '10', '11', '12',
       '13', '14', '15'],
      dtype='object', name='Name')
['BLOCK', 'X', 'Y', 'K1', 'K2', 'K3', 'P1', 'P2', 'P3']
touch /dcs05/lieber/marmaypag/xenium_NAC_LIBD4125/xenium_NAC/processed-data/HD_Full_Analysis/FICTURE/outputs/H1-XKYDCP3_A1/nF_16/analysis/nF16.d_12/nF16.d_12.decode.prj_12.r_4_5.done
Finished nFactor=16 for H1-XKYDCP3_A1
Sat Mar  7 02:09:14 AM EST 2026
**** Job ends ****
Sat Mar  7 02:09:14 AM EST 2026
