**** Job starts ****
Fri Mar  6 03:49:18 PM EST 2026
Loading LIBD SLURM module for visium_hd/1.0
Loading LIBD SLURM module for htslib/1.18
--------------------------------------------------------------
Running FICTURE with nFactor=8 for H1-XKYDCP3_D1
--------------------------------------------------------------
Fri Mar  6 03:49:18 PM EST 2026
--------------------------------------------------------------
Creating minibatch from /dcs05/lieber/marmaypag/xenium_NAC_LIBD4125/xenium_NAC/processed-data/HD_Full_Analysis/FICTURE/inputs/H1-XKYDCP3_D1/transcripts.sorted.tsv.gz...
--------------------------------------------------------------
ficture make_spatial_minibatch --input /dcs05/lieber/marmaypag/xenium_NAC_LIBD4125/xenium_NAC/processed-data/HD_Full_Analysis/FICTURE/inputs/H1-XKYDCP3_D1/transcripts.sorted.tsv.gz --output /dcs05/lieber/marmaypag/xenium_NAC_LIBD4125/xenium_NAC/processed-data/HD_Full_Analysis/FICTURE/outputs/H1-XKYDCP3_D1/nF_8/batched.matrix.tsv --mu_scale 1.0 --batch_size 500 --batch_buff 30 --major_axis X
INFO:root:Random seed 1772830160.359142
INFO:root:Read blocks of pixels: 723.07 x 6706.27
INFO:root:Output region (501.00, 501.00) (19763.1, 20264.1) x (5260.1, 5761.1)
INFO:root:Output region (501.00, 500.00) (19763.1, 20264.1) x (5731.1, 6231.1)
INFO:root:Output region (501.00, 500.00) (19763.1, 20264.1) x (6201.1, 6701.1)
INFO:root:Output region (501.00, 500.00) (19763.1, 20264.1) x (6671.1, 7171.1)
INFO:root:Output region (501.00, 500.00) (19763.1, 20264.1) x (7141.1, 7641.1)
INFO:root:Output region (501.00, 500.00) (19763.1, 20264.1) x (7611.1, 8111.1)
INFO:root:Output region (501.00, 500.00) (19763.1, 20264.1) x (8081.1, 8581.1)
INFO:root:Output region (501.00, 500.00) (19763.1, 20264.1) x (8551.1, 9051.1)
INFO:root:Output region (501.00, 500.00) (19763.1, 20264.1) x (9021.1, 9521.1)
INFO:root:Output region (501.00, 500.00) (19763.1, 20264.1) x (9491.1, 9991.1)
INFO:root:Output region (501.00, 500.00) (19763.1, 20264.1) x (9961.1, 10461.1)
INFO:root:Output region (501.00, 500.00) (19763.1, 20264.1) x (10431.1, 10931.1)
INFO:root:Output region (501.00, 500.00) (19763.1, 20264.1) x (10901.1, 11401.1)
INFO:root:Output region (501.00, 596.27) (19763.1, 20264.1) x (11371.1, 11967.4)
INFO:root:Output region (253.07, 501.00) (20234.1, 20487.2) x (5260.1, 5761.1)
INFO:root:Output region (253.07, 500.00) (20234.1, 20487.2) x (5731.1, 6231.1)
INFO:root:Output region (253.07, 500.00) (20234.1, 20487.2) x (6201.1, 6701.1)
INFO:root:Output region (253.07, 500.00) (20234.1, 20487.2) x (6671.1, 7171.1)
INFO:root:Output region (253.07, 500.00) (20234.1, 20487.2) x (7141.1, 7641.1)
INFO:root:Output region (253.07, 500.00) (20234.1, 20487.2) x (7611.1, 8111.1)
INFO:root:Output region (253.07, 500.00) (20234.1, 20487.2) x (8081.1, 8581.1)
INFO:root:Output region (253.07, 500.00) (20234.1, 20487.2) x (8551.1, 9051.1)
INFO:root:Output region (253.07, 500.00) (20234.1, 20487.2) x (9021.1, 9521.1)
INFO:root:Output region (253.07, 500.00) (20234.1, 20487.2) x (9491.1, 9991.1)
INFO:root:Output region (253.07, 500.00) (20234.1, 20487.2) x (9961.1, 10461.1)
INFO:root:Output region (253.07, 500.00) (20234.1, 20487.2) x (10431.1, 10931.1)
INFO:root:Output region (253.07, 500.00) (20234.1, 20487.2) x (10901.1, 11401.1)
INFO:root:Output region (253.07, 596.27) (20234.1, 20487.2) x (11371.1, 11967.4)
INFO:root:Left over size 203652 (203652, 30.00)
INFO:root:Read blocks of pixels: 127.68 x 6699.17
INFO:root:Read blocks of pixels: 205.10 x 6700.30
INFO:root:Read blocks of pixels: 274.96 x 6701.31
INFO:root:Read blocks of pixels: 333.70 x 6702.14
INFO:root:Read blocks of pixels: 392.41 x 6702.98
INFO:root:Read blocks of pixels: 458.27 x 6703.93
INFO:root:Read blocks of pixels: 521.00 x 6704.85
INFO:root:Output region (522.00, 501.00) (20456.2, 20978.2) x (5268.6, 5769.6)
INFO:root:Output region (522.00, 500.00) (20456.2, 20978.2) x (5739.6, 6239.6)
INFO:root:Output region (522.00, 500.00) (20456.2, 20978.2) x (6209.6, 6709.6)
INFO:root:Output region (522.00, 500.00) (20456.2, 20978.2) x (6679.6, 7179.6)
INFO:root:Output region (522.00, 500.00) (20456.2, 20978.2) x (7149.6, 7649.6)
INFO:root:Output region (522.00, 500.00) (20456.2, 20978.2) x (7619.6, 8119.6)
INFO:root:Output region (522.00, 500.00) (20456.2, 20978.2) x (8089.6, 8589.6)
INFO:root:Output region (522.00, 500.00) (20456.2, 20978.2) x (8559.6, 9059.6)
INFO:root:Output region (522.00, 500.00) (20456.2, 20978.2) x (9029.6, 9529.6)
INFO:root:Output region (522.00, 500.00) (20456.2, 20978.2) x (9499.6, 9999.6)
INFO:root:Output region (522.00, 500.00) (20456.2, 20978.2) x (9969.6, 10469.6)
INFO:root:Output region (522.00, 500.00) (20456.2, 20978.2) x (10439.6, 10939.6)
INFO:root:Output region (522.00, 500.00) (20456.2, 20978.2) x (10909.6, 11409.6)
INFO:root:Output region (522.00, 594.85) (20456.2, 20978.2) x (11379.6, 11974.5)
INFO:root:Left over size 515883 (515883, 30.00)
INFO:root:Read blocks of pixels: 87.95 x 6698.62
INFO:root:Read blocks of pixels: 140.44 x 6699.34
INFO:root:Read blocks of pixels: 197.44 x 6700.18
INFO:root:Read blocks of pixels: 252.23 x 6700.98
INFO:root:Read blocks of pixels: 302.83 x 6701.70
INFO:root:Read blocks of pixels: 354.44 x 6702.45
INFO:root:Read blocks of pixels: 405.87 x 6703.20
INFO:root:Read blocks of pixels: 461.59 x 6704.01
INFO:root:Read blocks of pixels: 513.14 x 6704.73
INFO:root:Output region (514.14, 501.00) (20947.2, 21461.3) x (5275.7, 5776.7)
INFO:root:Output region (514.14, 500.00) (20947.2, 21461.3) x (5746.7, 6246.7)
INFO:root:Output region (514.14, 500.00) (20947.2, 21461.3) x (6216.7, 6716.7)
INFO:root:Output region (514.14, 500.00) (20947.2, 21461.3) x (6686.7, 7186.7)
INFO:root:Output region (514.14, 500.00) (20947.2, 21461.3) x (7156.7, 7656.7)
INFO:root:Output region (514.14, 500.00) (20947.2, 21461.3) x (7626.7, 8126.7)
INFO:root:Output region (514.14, 500.00) (20947.2, 21461.3) x (8096.7, 8596.7)
INFO:root:Output region (514.14, 500.00) (20947.2, 21461.3) x (8566.7, 9066.7)
INFO:root:Output region (514.14, 500.00) (20947.2, 21461.3) x (9036.7, 9536.7)
INFO:root:Output region (514.14, 500.00) (20947.2, 21461.3) x (9506.7, 10006.7)
INFO:root:Output region (514.14, 500.00) (20947.2, 21461.3) x (9976.7, 10476.7)
INFO:root:Output region (514.14, 500.00) (20947.2, 21461.3) x (10446.7, 10946.7)
INFO:root:Output region (514.14, 500.00) (20947.2, 21461.3) x (10916.7, 11416.7)
INFO:root:Output region (514.14, 594.73) (20947.2, 21461.3) x (11386.7, 11981.4)
INFO:root:Left over size 617390 (617390, 30.00)
INFO:root:Read blocks of pixels: 77.27 x 6698.44
INFO:root:Read blocks of pixels: 123.28 x 6699.10
INFO:root:Read blocks of pixels: 170.74 x 6699.80
INFO:root:Read blocks of pixels: 224.45 x 6700.58
INFO:root:Read blocks of pixels: 278.43 x 6701.35
INFO:root:Read blocks of pixels: 329.24 x 6702.08
INFO:root:Read blocks of pixels: 383.20 x 6702.85
INFO:root:Read blocks of pixels: 433.83 x 6703.57
INFO:root:Read blocks of pixels: 484.54 x 6704.32
INFO:root:Read blocks of pixels: 531.01 x 6704.99
INFO:root:Output region (532.01, 501.00) (21430.3, 21962.3) x (5282.7, 5783.7)
INFO:root:Output region (532.01, 500.00) (21430.3, 21962.3) x (5753.7, 6253.7)
INFO:root:Output region (532.01, 500.00) (21430.3, 21962.3) x (6223.7, 6723.7)
INFO:root:Output region (532.01, 500.00) (21430.3, 21962.3) x (6693.7, 7193.7)
INFO:root:Output region (532.01, 500.00) (21430.3, 21962.3) x (7163.7, 7663.7)
INFO:root:Output region (532.01, 500.00) (21430.3, 21962.3) x (7633.7, 8133.7)
INFO:root:Output region (532.01, 500.00) (21430.3, 21962.3) x (8103.7, 8603.7)
INFO:root:Output region (532.01, 500.00) (21430.3, 21962.3) x (8573.7, 9073.7)
INFO:root:Output region (532.01, 500.00) (21430.3, 21962.3) x (9043.7, 9543.7)
INFO:root:Output region (532.01, 500.00) (21430.3, 21962.3) x (9513.7, 10013.7)
INFO:root:Output region (532.01, 500.00) (21430.3, 21962.3) x (9983.7, 10483.7)
INFO:root:Output region (532.01, 500.00) (21430.3, 21962.3) x (10453.7, 10953.7)
INFO:root:Output region (532.01, 500.00) (21430.3, 21962.3) x (10923.7, 11423.7)
INFO:root:Output region (532.01, 594.99) (21430.3, 21962.3) x (11393.7, 11988.7)
INFO:root:Left over size 667783 (667783, 30.00)
INFO:root:Read blocks of pixels: 80.40 x 6698.47
INFO:root:Read blocks of pixels: 133.22 x 6699.24
INFO:root:Read blocks of pixels: 182.06 x 6699.94
INFO:root:Read blocks of pixels: 232.15 x 6700.66
INFO:root:Read blocks of pixels: 283.60 x 6701.38
INFO:root:Read blocks of pixels: 331.28 x 6702.10
INFO:root:Read blocks of pixels: 377.97 x 6702.76
INFO:root:Read blocks of pixels: 420.64 x 6703.37
INFO:root:Read blocks of pixels: 461.67 x 6703.97
INFO:root:Read blocks of pixels: 502.19 x 6704.55
INFO:root:Output region (503.19, 501.00) (21931.3, 22434.5) x (5289.9, 5790.9)
INFO:root:Output region (503.19, 500.00) (21931.3, 22434.5) x (5760.9, 6260.9)
INFO:root:Output region (503.19, 500.00) (21931.3, 22434.5) x (6230.9, 6730.9)
INFO:root:Output region (503.19, 500.00) (21931.3, 22434.5) x (6700.9, 7200.9)
INFO:root:Output region (503.19, 500.00) (21931.3, 22434.5) x (7170.9, 7670.9)
INFO:root:Output region (503.19, 500.00) (21931.3, 22434.5) x (7640.9, 8140.9)
INFO:root:Output region (503.19, 500.00) (21931.3, 22434.5) x (8110.9, 8610.9)
INFO:root:Output region (503.19, 500.00) (21931.3, 22434.5) x (8580.9, 9080.9)
INFO:root:Output region (503.19, 500.00) (21931.3, 22434.5) x (9050.9, 9550.9)
INFO:root:Output region (503.19, 500.00) (21931.3, 22434.5) x (9520.9, 10020.9)
INFO:root:Output region (503.19, 500.00) (21931.3, 22434.5) x (9990.9, 10490.9)
INFO:root:Output region (503.19, 500.00) (21931.3, 22434.5) x (10460.9, 10960.9)
INFO:root:Output region (503.19, 500.00) (21931.3, 22434.5) x (10930.9, 11430.9)
INFO:root:Output region (503.19, 594.55) (21931.3, 22434.5) x (11400.9, 11995.5)
INFO:root:Left over size 764834 (764834, 30.00)
INFO:root:Read blocks of pixels: 73.96 x 6698.35
INFO:root:Read blocks of pixels: 114.63 x 6698.92
INFO:root:Read blocks of pixels: 155.18 x 6699.53
INFO:root:Read blocks of pixels: 195.16 x 6700.10
INFO:root:Read blocks of pixels: 238.01 x 6700.71
INFO:root:Read blocks of pixels: 277.85 x 6701.29
INFO:root:Read blocks of pixels: 318.19 x 6701.86
INFO:root:Read blocks of pixels: 360.79 x 6702.50
INFO:root:Read blocks of pixels: 404.60 x 6703.10
INFO:root:Read blocks of pixels: 448.35 x 6703.74
INFO:root:Read blocks of pixels: 490.24 x 6704.34
INFO:root:Read blocks of pixels: 531.44 x 6704.95
INFO:root:Output region (532.44, 501.00) (22403.5, 22936.0) x (5296.8, 5797.8)
INFO:root:Output region (532.44, 500.00) (22403.5, 22936.0) x (5767.8, 6267.8)
INFO:root:Output region (532.44, 500.00) (22403.5, 22936.0) x (6237.8, 6737.8)
INFO:root:Output region (532.44, 500.00) (22403.5, 22936.0) x (6707.8, 7207.8)
INFO:root:Output region (532.44, 500.00) (22403.5, 22936.0) x (7177.8, 7677.8)
INFO:root:Output region (532.44, 500.00) (22403.5, 22936.0) x (7647.8, 8147.8)
INFO:root:Output region (532.44, 500.00) (22403.5, 22936.0) x (8117.8, 8617.8)
INFO:root:Output region (532.44, 500.00) (22403.5, 22936.0) x (8587.8, 9087.8)
INFO:root:Output region (532.44, 500.00) (22403.5, 22936.0) x (9057.8, 9557.8)
INFO:root:Output region (532.44, 500.00) (22403.5, 22936.0) x (9527.8, 10027.8)
INFO:root:Output region (532.44, 500.00) (22403.5, 22936.0) x (9997.8, 10497.8)
INFO:root:Output region (532.44, 500.00) (22403.5, 22936.0) x (10467.8, 10967.8)
INFO:root:Output region (532.44, 500.00) (22403.5, 22936.0) x (10937.8, 11437.8)
INFO:root:Output region (532.44, 594.95) (22403.5, 22936.0) x (11407.8, 12002.7)
INFO:root:Left over size 726566 (726566, 30.00)
INFO:root:Read blocks of pixels: 70.79 x 6698.28
INFO:root:Read blocks of pixels: 112.67 x 6698.89
INFO:root:Read blocks of pixels: 155.33 x 6699.52
INFO:root:Read blocks of pixels: 196.12 x 6700.10
INFO:root:Read blocks of pixels: 238.89 x 6700.68
INFO:root:Read blocks of pixels: 279.60 x 6701.31
INFO:root:Read blocks of pixels: 321.58 x 6701.92
INFO:root:Read blocks of pixels: 365.51 x 6702.55
INFO:root:Read blocks of pixels: 407.01 x 6703.13
INFO:root:Read blocks of pixels: 453.29 x 6703.82
INFO:root:Read blocks of pixels: 497.80 x 6704.45
INFO:root:Read blocks of pixels: 547.06 x 6705.17
INFO:root:Output region (548.06, 501.00) (22905.0, 23453.0) x (5304.0, 5805.0)
INFO:root:Output region (548.06, 500.00) (22905.0, 23453.0) x (5775.0, 6275.0)
INFO:root:Output region (548.06, 500.00) (22905.0, 23453.0) x (6245.0, 6745.0)
INFO:root:Output region (548.06, 500.00) (22905.0, 23453.0) x (6715.0, 7215.0)
INFO:root:Output region (548.06, 500.00) (22905.0, 23453.0) x (7185.0, 7685.0)
INFO:root:Output region (548.06, 500.00) (22905.0, 23453.0) x (7655.0, 8155.0)
INFO:root:Output region (548.06, 500.00) (22905.0, 23453.0) x (8125.0, 8625.0)
INFO:root:Output region (548.06, 500.00) (22905.0, 23453.0) x (8595.0, 9095.0)
INFO:root:Output region (548.06, 500.00) (22905.0, 23453.0) x (9065.0, 9565.0)
INFO:root:Output region (548.06, 500.00) (22905.0, 23453.0) x (9535.0, 10035.0)
INFO:root:Output region (548.06, 500.00) (22905.0, 23453.0) x (10005.0, 10505.0)
INFO:root:Output region (548.06, 500.00) (22905.0, 23453.0) x (10475.0, 10975.0)
INFO:root:Output region (548.06, 500.00) (22905.0, 23453.0) x (10945.0, 11445.0)
INFO:root:Output region (548.06, 595.17) (22905.0, 23453.0) x (11415.0, 12010.2)
INFO:root:Left over size 604682 (604682, 30.00)
INFO:root:Read blocks of pixels: 76.62 x 6698.39
INFO:root:Read blocks of pixels: 122.82 x 6699.06
INFO:root:Read blocks of pixels: 172.06 x 6699.78
INFO:root:Read blocks of pixels: 219.84 x 6700.44
INFO:root:Read blocks of pixels: 266.58 x 6701.10
INFO:root:Read blocks of pixels: 309.84 x 6701.77
INFO:root:Read blocks of pixels: 358.37 x 6702.46
INFO:root:Read blocks of pixels: 406.53 x 6703.15
INFO:root:Read blocks of pixels: 453.28 x 6703.81
INFO:root:Read blocks of pixels: 493.33 x 6704.39
INFO:root:Read blocks of pixels: 532.17 x 6704.97
INFO:root:Output region (533.17, 501.00) (23422.0, 23955.2) x (5311.4, 5812.4)
INFO:root:Output region (533.17, 500.00) (23422.0, 23955.2) x (5782.4, 6282.4)
INFO:root:Output region (533.17, 500.00) (23422.0, 23955.2) x (6252.4, 6752.4)
INFO:root:Output region (533.17, 500.00) (23422.0, 23955.2) x (6722.4, 7222.4)
INFO:root:Output region (533.17, 500.00) (23422.0, 23955.2) x (7192.4, 7692.4)
INFO:root:Output region (533.17, 500.00) (23422.0, 23955.2) x (7662.4, 8162.4)
INFO:root:Output region (533.17, 500.00) (23422.0, 23955.2) x (8132.4, 8632.4)
INFO:root:Output region (533.17, 500.00) (23422.0, 23955.2) x (8602.4, 9102.4)
INFO:root:Output region (533.17, 500.00) (23422.0, 23955.2) x (9072.4, 9572.4)
INFO:root:Output region (533.17, 500.00) (23422.0, 23955.2) x (9542.4, 10042.4)
INFO:root:Output region (533.17, 500.00) (23422.0, 23955.2) x (10012.4, 10512.4)
INFO:root:Output region (533.17, 500.00) (23422.0, 23955.2) x (10482.4, 10982.4)
INFO:root:Output region (533.17, 500.00) (23422.0, 23955.2) x (10952.4, 11452.4)
INFO:root:Output region (533.17, 594.97) (23422.0, 23955.2) x (11422.4, 12017.4)
INFO:root:Left over size 770808 (770808, 30.00)
INFO:root:Read blocks of pixels: 73.68 x 6698.33
INFO:root:Read blocks of pixels: 118.32 x 6698.99
INFO:root:Read blocks of pixels: 162.47 x 6699.63
INFO:root:Read blocks of pixels: 208.93 x 6700.29
INFO:root:Read blocks of pixels: 248.73 x 6700.87
INFO:root:Read blocks of pixels: 289.45 x 6701.44
INFO:root:Read blocks of pixels: 332.38 x 6702.08
INFO:root:Read blocks of pixels: 374.42 x 6702.68
INFO:root:Read blocks of pixels: 418.55 x 6703.32
INFO:root:Read blocks of pixels: 463.27 x 6703.95
INFO:root:Read blocks of pixels: 503.14 x 6704.53
INFO:root:Output region (504.14, 501.00) (23924.2, 24428.3) x (5318.7, 5819.7)
INFO:root:Output region (504.14, 500.00) (23924.2, 24428.3) x (5789.7, 6289.7)
INFO:root:Output region (504.14, 500.00) (23924.2, 24428.3) x (6259.7, 6759.7)
INFO:root:Output region (504.14, 500.00) (23924.2, 24428.3) x (6729.7, 7229.7)
INFO:root:Output region (504.14, 500.00) (23924.2, 24428.3) x (7199.7, 7699.7)
INFO:root:Output region (504.14, 500.00) (23924.2, 24428.3) x (7669.7, 8169.7)
INFO:root:Output region (504.14, 500.00) (23924.2, 24428.3) x (8139.7, 8639.7)
INFO:root:Output region (504.14, 500.00) (23924.2, 24428.3) x (8609.7, 9109.7)
INFO:root:Output region (504.14, 500.00) (23924.2, 24428.3) x (9079.7, 9579.7)
INFO:root:Output region (504.14, 500.00) (23924.2, 24428.3) x (9549.7, 10049.7)
INFO:root:Output region (504.14, 500.00) (23924.2, 24428.3) x (10019.7, 10519.7)
INFO:root:Output region (504.14, 500.00) (23924.2, 24428.3) x (10489.7, 10989.7)
INFO:root:Output region (504.14, 500.00) (23924.2, 24428.3) x (10959.7, 11459.7)
INFO:root:Output region (504.14, 594.53) (23924.2, 24428.3) x (11429.7, 12024.2)
INFO:root:Left over size 758312 (758312, 30.00)
INFO:root:Read blocks of pixels: 69.87 x 6698.24
INFO:root:Read blocks of pixels: 113.65 x 6698.87
INFO:root:Read blocks of pixels: 161.44 x 6699.57
INFO:root:Read blocks of pixels: 207.02 x 6700.23
INFO:root:Read blocks of pixels: 256.60 x 6700.95
INFO:root:Read blocks of pixels: 309.25 x 6701.70
INFO:root:Read blocks of pixels: 358.27 x 6702.30
INFO:root:Read blocks of pixels: 410.09 x 6703.14
INFO:root:Read blocks of pixels: 460.37 x 6703.89
INFO:root:Read blocks of pixels: 515.28 x 6704.67
INFO:root:Output region (516.28, 501.00) (24397.3, 24913.6) x (5325.6, 5826.6)
INFO:root:Output region (516.28, 500.00) (24397.3, 24913.6) x (5796.6, 6296.6)
INFO:root:Output region (516.28, 500.00) (24397.3, 24913.6) x (6266.6, 6766.6)
INFO:root:Output region (516.28, 500.00) (24397.3, 24913.6) x (6736.6, 7236.6)
INFO:root:Output region (516.28, 500.00) (24397.3, 24913.6) x (7206.6, 7706.6)
INFO:root:Output region (516.28, 500.00) (24397.3, 24913.6) x (7676.6, 8176.6)
INFO:root:Output region (516.28, 500.00) (24397.3, 24913.6) x (8146.6, 8646.6)
INFO:root:Output region (516.28, 500.00) (24397.3, 24913.6) x (8616.6, 9116.6)
INFO:root:Output region (516.28, 500.00) (24397.3, 24913.6) x (9086.6, 9586.6)
INFO:root:Output region (516.28, 500.00) (24397.3, 24913.6) x (9556.6, 10056.6)
INFO:root:Output region (516.28, 500.00) (24397.3, 24913.6) x (10026.6, 10526.6)
INFO:root:Output region (516.28, 500.00) (24397.3, 24913.6) x (10496.6, 10996.6)
INFO:root:Output region (516.28, 500.00) (24397.3, 24913.6) x (10966.6, 11466.6)
INFO:root:Output region (516.28, 594.67) (24397.3, 24913.6) x (11436.6, 12031.2)
INFO:root:Left over size 549019 (549019, 30.00)
INFO:root:Read blocks of pixels: 90.49 x 6698.55
INFO:root:Read blocks of pixels: 152.35 x 6699.44
INFO:root:Read blocks of pixels: 222.27 x 6700.43
INFO:root:Read blocks of pixels: 281.10 x 6701.32
INFO:root:Read blocks of pixels: 353.40 x 6702.36
INFO:root:Read blocks of pixels: 426.81 x 6703.42
INFO:root:Read blocks of pixels: 504.00 x 6704.52
INFO:root:Output region (505.00, 501.00) (24882.6, 25387.6) x (5332.5, 5833.5)
INFO:root:Output region (505.00, 500.00) (24882.6, 25387.6) x (5803.5, 6303.5)
INFO:root:Output region (505.00, 500.00) (24882.6, 25387.6) x (6273.5, 6773.5)
INFO:root:Output region (505.00, 500.00) (24882.6, 25387.6) x (6743.5, 7243.5)
INFO:root:Output region (505.00, 500.00) (24882.6, 25387.6) x (7213.5, 7713.5)
INFO:root:Output region (505.00, 500.00) (24882.6, 25387.6) x (7683.5, 8183.5)
INFO:root:Output region (505.00, 500.00) (24882.6, 25387.6) x (8153.5, 8653.5)
INFO:root:Output region (505.00, 500.00) (24882.6, 25387.6) x (8623.5, 9123.5)
INFO:root:Output region (505.00, 500.00) (24882.6, 25387.6) x (9093.5, 9593.5)
INFO:root:Output region (505.00, 500.00) (24882.6, 25387.6) x (9563.5, 10063.5)
INFO:root:Output region (505.00, 500.00) (24882.6, 25387.6) x (10033.5, 10533.5)
INFO:root:Output region (505.00, 500.00) (24882.6, 25387.6) x (10503.5, 11003.5)
INFO:root:Output region (505.00, 500.00) (24882.6, 25387.6) x (10973.5, 11473.5)
INFO:root:Output region (505.00, 594.52) (24882.6, 25387.6) x (11443.5, 12038.1)
INFO:root:Left over size 386110 (386110, 30.00)
INFO:root:Read blocks of pixels: 114.88 x 6698.89
INFO:root:Read blocks of pixels: 198.84 x 6700.13
INFO:root:Read blocks of pixels: 287.65 x 6701.40
INFO:root:Read blocks of pixels: 365.21 x 6702.53
INFO:root:Read blocks of pixels: 456.65 x 6703.85
INFO:root:Read blocks of pixels: 566.01 x 6705.38
INFO:root:Output region (567.01, 501.00) (25356.6, 25923.6) x (5339.4, 5840.4)
INFO:root:Output region (567.01, 500.00) (25356.6, 25923.6) x (5810.4, 6310.4)
INFO:root:Output region (567.01, 500.00) (25356.6, 25923.6) x (6280.4, 6780.4)
INFO:root:Output region (567.01, 500.00) (25356.6, 25923.6) x (6750.4, 7250.4)
INFO:root:Output region (567.01, 500.00) (25356.6, 25923.6) x (7220.4, 7720.4)
INFO:root:Output region (567.01, 500.00) (25356.6, 25923.6) x (7690.4, 8190.4)
INFO:root:Output region (567.01, 500.00) (25356.6, 25923.6) x (8160.4, 8660.4)
INFO:root:Output region (567.01, 500.00) (25356.6, 25923.6) x (8630.4, 9130.4)
INFO:root:Output region (567.01, 500.00) (25356.6, 25923.6) x (9100.4, 9600.4)
INFO:root:Output region (567.01, 500.00) (25356.6, 25923.6) x (9570.4, 10070.4)
INFO:root:Output region (567.01, 500.00) (25356.6, 25923.6) x (10040.4, 10540.4)
INFO:root:Output region (567.01, 500.00) (25356.6, 25923.6) x (10510.4, 11010.4)
INFO:root:Output region (567.01, 500.00) (25356.6, 25923.6) x (10980.4, 11480.4)
INFO:root:Output region (567.01, 595.38) (25356.6, 25923.6) x (11450.4, 12045.8)
INFO:root:Left over size 296499 (296499, 30.00)
INFO:root:Read blocks of pixels: 150.38 x 6699.44
INFO:root:Read blocks of pixels: 258.80 x 6701.02
INFO:root:Read blocks of pixels: 393.15 x 6702.87
INFO:root:Read blocks of pixels: 540.07 x 6705.03
INFO:root:Output region (541.07, 501.00) (25892.6, 26433.7) x (5347.1, 5848.1)
INFO:root:Output region (541.07, 500.00) (25892.6, 26433.7) x (5818.1, 6318.1)
INFO:root:Output region (541.07, 500.00) (25892.6, 26433.7) x (6288.1, 6788.1)
INFO:root:Output region (541.07, 500.00) (25892.6, 26433.7) x (6758.1, 7258.1)
INFO:root:Output region (541.07, 500.00) (25892.6, 26433.7) x (7228.1, 7728.1)
INFO:root:Output region (541.07, 500.00) (25892.6, 26433.7) x (7698.1, 8198.1)
INFO:root:Output region (541.07, 500.00) (25892.6, 26433.7) x (8168.1, 8668.1)
INFO:root:Output region (541.07, 500.00) (25892.6, 26433.7) x (8638.1, 9138.1)
INFO:root:Output region (541.07, 500.00) (25892.6, 26433.7) x (9108.1, 9608.1)
INFO:root:Output region (541.07, 500.00) (25892.6, 26433.7) x (9578.1, 10078.1)
INFO:root:Output region (541.07, 500.00) (25892.6, 26433.7) x (10048.1, 10548.1)
INFO:root:Output region (541.07, 500.00) (25892.6, 26433.7) x (10518.1, 11018.1)
INFO:root:Output region (541.07, 500.00) (25892.6, 26433.7) x (10988.1, 11488.1)
INFO:root:Output region (541.07, 595.03) (25892.6, 26433.7) x (11458.1, 12053.1)
INFO:root:Left over size 202168 (202168, 30.00)
INFO:root:Read blocks of pixels: 152.67 x 6698.10
INFO:root:Read blocks of pixels: 152.67 x 6698.10
INFO:root:Output region (153.67, 501.00) (26402.7, 26556.4) x (5354.4, 5855.4)
INFO:root:Output region (153.67, 500.00) (26402.7, 26556.4) x (5825.4, 6325.4)
INFO:root:Output region (153.67, 500.00) (26402.7, 26556.4) x (6295.4, 6795.4)
INFO:root:Output region (153.67, 500.00) (26402.7, 26556.4) x (6765.4, 7265.4)
INFO:root:Output region (153.67, 500.00) (26402.7, 26556.4) x (7235.4, 7735.4)
INFO:root:Output region (153.67, 500.00) (26402.7, 26556.4) x (7705.4, 8205.4)
INFO:root:Output region (153.67, 500.00) (26402.7, 26556.4) x (8175.4, 8675.4)
INFO:root:Output region (153.67, 500.00) (26402.7, 26556.4) x (8645.4, 9145.4)
INFO:root:Output region (153.67, 500.00) (26402.7, 26556.4) x (9115.4, 9615.4)
INFO:root:Output region (153.67, 500.00) (26402.7, 26556.4) x (9585.4, 10085.4)
INFO:root:Output region (153.67, 500.00) (26402.7, 26556.4) x (10055.4, 10555.4)
INFO:root:Output region (153.67, 500.00) (26402.7, 26556.4) x (10525.4, 11025.4)
INFO:root:Output region (153.67, 500.00) (26402.7, 26556.4) x (10995.4, 11495.4)
INFO:root:Output region (153.67, 588.10) (26402.7, 26556.4) x (11465.4, 12053.5)
['X', 'random_index', 'Y', 'gene', 'Count']
gzip -f /dcs05/lieber/marmaypag/xenium_NAC_LIBD4125/xenium_NAC/processed-data/HD_Full_Analysis/FICTURE/outputs/H1-XKYDCP3_D1/nF_8/batched.matrix.tsv
--------------------------------------------------------------
Creating DGE for 12um...
--------------------------------------------------------------
ficture make_dge --key Count --input /dcs05/lieber/marmaypag/xenium_NAC_LIBD4125/xenium_NAC/processed-data/HD_Full_Analysis/FICTURE/inputs/H1-XKYDCP3_D1/transcripts.sorted.tsv.gz --output /dcs05/lieber/marmaypag/xenium_NAC_LIBD4125/xenium_NAC/processed-data/HD_Full_Analysis/FICTURE/outputs/H1-XKYDCP3_D1/nF_8/hexagon.d_12.tsv --hex_width 12 --n_move 2 --min_ct_per_unit 50 --mu_scale 1.0 --precision 2 --major_axis X --fractional-count 0
INFO:root:Random seed 1772830810.578322
WARNING:root:The designated major key is not one of the specified count columns, --count_header is ignored
INFO:root:Processing 295699 pixels (1000000 19764.124, 20487.194).
INFO:root:Sliding offset 0, 0. Add 5321 units, median count 96.0, 5321 units so far.
INFO:root:Sliding offset 0, 1. Add 5232 units, median count 96.0, 10553 units so far.
INFO:root:Sliding offset 1, 0. Add 5284 units, median count 96.0, 15837 units so far.
INFO:root:Sliding offset 1, 1. Add 5237 units, median count 95.0, 21074 units so far.
INFO:root:Left over size 163747 (20463, 20487).
INFO:root:Processing 183034 pixels (1163747 20463.2, 20584.877).
INFO:root:Sliding offset 0, 0. Add 4630 units, median count 123.0, 25704 units so far.
INFO:root:Sliding offset 0, 1. Add 4827 units, median count 123.0, 30531 units so far.
INFO:root:Sliding offset 1, 0. Add 4638 units, median count 123.0, 35169 units so far.
INFO:root:Sliding offset 1, 1. Add 4851 units, median count 122.0, 40020 units so far.
INFO:root:Left over size 287749 (20561, 20585).
INFO:root:Processing 159786 pixels (1287749 20560.882, 20662.296).
INFO:root:Sliding offset 0, 0. Add 3991 units, median count 152.0, 44011 units so far.
INFO:root:Sliding offset 0, 1. Add 3928 units, median count 154.0, 47939 units so far.
INFO:root:Sliding offset 1, 0. Add 3983 units, median count 151.0, 51922 units so far.
INFO:root:Sliding offset 1, 1. Add 3913 units, median count 152.0, 55835 units so far.
INFO:root:Left over size 319867 (20638, 20662).
INFO:root:Processing 151001 pixels (1319867 20638.302, 20732.15).
INFO:root:Sliding offset 0, 0. Add 3767 units, median count 174.0, 59602 units so far.
INFO:root:Sliding offset 0, 1. Add 3569 units, median count 173.0, 63171 units so far.
INFO:root:Sliding offset 1, 0. Add 3765 units, median count 173.0, 66936 units so far.
INFO:root:Sliding offset 1, 1. Add 3581 units, median count 173.0, 70517 units so far.
INFO:root:Left over size 361350 (20708, 20732).
INFO:root:Processing 134546 pixels (1361350 20708.156, 20790.892).
INFO:root:Sliding offset 0, 0. Add 2993 units, median count 196.0, 73510 units so far.
INFO:root:Sliding offset 0, 1. Add 3155 units, median count 195.0, 76665 units so far.
INFO:root:Sliding offset 1, 0. Add 3001 units, median count 195.0, 79666 units so far.
INFO:root:Sliding offset 1, 1. Add 3158 units, median count 195.0, 82824 units so far.
INFO:root:Left over size 436351 (20767, 20791).
INFO:root:Processing 135160 pixels (1436351 20766.899, 20849.605).
INFO:root:Sliding offset 0, 0. Add 3011 units, median count 210.0, 85835 units so far.
INFO:root:Sliding offset 0, 1. Add 3161 units, median count 209.0, 88996 units so far.
INFO:root:Sliding offset 1, 0. Add 3005 units, median count 209.0, 92001 units so far.
INFO:root:Sliding offset 1, 1. Add 3155 units, median count 209.0, 95156 units so far.
INFO:root:Left over size 390572 (20826, 20850).
INFO:root:Processing 146943 pixels (1390572 20825.612, 20915.461).
INFO:root:Sliding offset 0, 0. Add 3496 units, median count 192.0, 98652 units so far.
INFO:root:Sliding offset 0, 1. Add 3495 units, median count 194.0, 102147 units so far.
INFO:root:Sliding offset 1, 0. Add 3498 units, median count 193.0, 105645 units so far.
INFO:root:Sliding offset 1, 1. Add 3493 units, median count 192.0, 109138 units so far.
INFO:root:Left over size 355530 (20891, 20915).
INFO:root:Processing 141512 pixels (1355530 20891.467, 20978.191).
INFO:root:Sliding offset 0, 0. Add 3455 units, median count 194.0, 112593 units so far.
INFO:root:Sliding offset 0, 1. Add 3149 units, median count 193.0, 115742 units so far.
INFO:root:Sliding offset 1, 0. Add 3460 units, median count 194.5, 119202 units so far.
INFO:root:Sliding offset 1, 1. Add 3149 units, median count 193.0, 122351 units so far.
INFO:root:Left over size 421504 (20954, 20978).
INFO:root:Processing 133006 pixels (1421504 20954.198, 21036.145).
INFO:root:Sliding offset 0, 0. Add 2839 units, median count 206.0, 125190 units so far.
INFO:root:Sliding offset 0, 1. Add 3104 units, median count 208.0, 128294 units so far.
INFO:root:Sliding offset 1, 0. Add 2829 units, median count 208.0, 131123 units so far.
INFO:root:Sliding offset 1, 1. Add 3101 units, median count 209.0, 134224 units so far.
INFO:root:Left over size 407324 (21012, 21036).
INFO:root:Processing 122578 pixels (1407324 21012.151, 21088.628).
INFO:root:Sliding offset 0, 0. Add 2698 units, median count 223.0, 136922 units so far.
INFO:root:Sliding offset 0, 1. Add 2692 units, median count 227.0, 139614 units so far.
INFO:root:Sliding offset 1, 0. Add 2698 units, median count 224.0, 142312 units so far.
INFO:root:Sliding offset 1, 1. Add 2691 units, median count 225.0, 145003 units so far.
INFO:root:Left over size 444411 (21065, 21089).
INFO:root:Processing 128373 pixels (1444411 21064.635, 21145.633).
INFO:root:Sliding offset 0, 0. Add 2945 units, median count 237.0, 147948 units so far.
INFO:root:Sliding offset 0, 1. Add 2740 units, median count 234.0, 150688 units so far.
INFO:root:Sliding offset 1, 0. Add 2949 units, median count 236.0, 153637 units so far.
INFO:root:Sliding offset 1, 1. Add 2739 units, median count 232.0, 156376 units so far.
INFO:root:Left over size 417695 (21122, 21146).
INFO:root:Processing 123609 pixels (1417695 21121.637, 21200.422).
INFO:root:Sliding offset 0, 0. Add 2691 units, median count 238.0, 159067 units so far.
INFO:root:Sliding offset 0, 1. Add 2653 units, median count 241.0, 161720 units so far.
INFO:root:Sliding offset 1, 0. Add 2695 units, median count 238.0, 164415 units so far.
INFO:root:Sliding offset 1, 1. Add 2652 units, median count 238.0, 167067 units so far.
INFO:root:Left over size 443024 (21176, 21200).
INFO:root:Processing 117835 pixels (1443024 21176.428, 21251.023).
INFO:root:Sliding offset 0, 0. Add 2403 units, median count 244.0, 169470 units so far.
INFO:root:Sliding offset 0, 1. Add 2700 units, median count 249.0, 172170 units so far.
INFO:root:Sliding offset 1, 0. Add 2404 units, median count 245.0, 174574 units so far.
INFO:root:Sliding offset 1, 1. Add 2696 units, median count 251.0, 177270 units so far.
INFO:root:Left over size 495071 (21227, 21251).
INFO:root:Processing 119884 pixels (1495071 21227.027, 21302.634).
INFO:root:Sliding offset 0, 0. Add 2717 units, median count 259.0, 179987 units so far.
INFO:root:Sliding offset 0, 1. Add 2417 units, median count 256.0, 182404 units so far.
INFO:root:Sliding offset 1, 0. Add 2717 units, median count 257.0, 185121 units so far.
INFO:root:Sliding offset 1, 1. Add 2418 units, median count 256.0, 187539 units so far.
INFO:root:Left over size 465223 (21279, 21303).
INFO:root:Processing 119958 pixels (1465223 21278.636, 21354.06).
INFO:root:Sliding offset 0, 0. Add 2448 units, median count 249.0, 189987 units so far.
INFO:root:Sliding offset 0, 1. Add 2729 units, median count 251.0, 192716 units so far.
INFO:root:Sliding offset 1, 0. Add 2458 units, median count 248.0, 195174 units so far.
INFO:root:Sliding offset 1, 1. Add 2735 units, median count 250.0, 197909 units so far.
INFO:root:Left over size 445644 (21330, 21354).
INFO:root:Processing 127925 pixels (1445644 21330.063, 21409.781).
INFO:root:Sliding offset 0, 0. Add 3024 units, median count 233.0, 200933 units so far.
INFO:root:Sliding offset 0, 1. Add 2769 units, median count 230.0, 203702 units so far.
INFO:root:Sliding offset 1, 0. Add 3026 units, median count 231.0, 206728 units so far.
INFO:root:Sliding offset 1, 1. Add 2763 units, median count 231.0, 209491 units so far.
INFO:root:Left over size 423409 (21386, 21410).
INFO:root:Processing 122527 pixels (1423409 21385.782, 21461.334).
INFO:root:Sliding offset 0, 0. Add 2505 units, median count 238.0, 211996 units so far.
INFO:root:Sliding offset 0, 1. Add 2789 units, median count 238.0, 214785 units so far.
INFO:root:Sliding offset 1, 0. Add 2501 units, median count 237.0, 217286 units so far.
INFO:root:Sliding offset 1, 1. Add 2788 units, median count 239.0, 220074 units so far.
INFO:root:Left over size 498144 (21437, 21461).
INFO:root:Processing 116586 pixels (1498144 21437.335, 21508.602).
INFO:root:Sliding offset 0, 0. Add 2506 units, median count 261.0, 222580 units so far.
INFO:root:Sliding offset 0, 1. Add 2458 units, median count 256.5, 225038 units so far.
INFO:root:Sliding offset 1, 0. Add 2508 units, median count 259.0, 227546 units so far.
INFO:root:Sliding offset 1, 1. Add 2454 units, median count 258.0, 230000 units so far.
INFO:root:Left over size 512752 (21485, 21509).
INFO:root:Processing 114805 pixels (1512752 21484.603, 21554.617).
INFO:root:Sliding offset 0, 0. Add 2509 units, median count 266.0, 232509 units so far.
INFO:root:Sliding offset 0, 1. Add 2246 units, median count 264.0, 234755 units so far.
INFO:root:Sliding offset 1, 0. Add 2503 units, median count 264.0, 237258 units so far.
INFO:root:Sliding offset 1, 1. Add 2243 units, median count 269.5, 239501 units so far.
INFO:root:Left over size 515360 (21531, 21555).
INFO:root:Processing 117408 pixels (1515360 21530.618, 21602.07).
INFO:root:Sliding offset 0, 0. Add 2534 units, median count 249.0, 242035 units so far.
INFO:root:Sliding offset 0, 1. Add 2533 units, median count 253.0, 244568 units so far.
INFO:root:Sliding offset 1, 0. Add 2533 units, median count 251.0, 247101 units so far.
INFO:root:Sliding offset 1, 1. Add 2535 units, median count 251.0, 249636 units so far.
INFO:root:Left over size 488652 (21578, 21602).
INFO:root:Processing 127717 pixels (1488652 21578.071, 21655.783).
INFO:root:Sliding offset 0, 0. Add 2838 units, median count 237.0, 252474 units so far.
INFO:root:Sliding offset 0, 1. Add 2854 units, median count 235.0, 255328 units so far.
INFO:root:Sliding offset 1, 0. Add 2838 units, median count 237.0, 258166 units so far.
INFO:root:Sliding offset 1, 1. Add 2850 units, median count 238.0, 261016 units so far.
INFO:root:Left over size 426359 (21632, 21656).
INFO:root:Processing 128233 pixels (1426359 21631.784, 21709.761).
INFO:root:Sliding offset 0, 0. Add 2859 units, median count 234.0, 263875 units so far.
INFO:root:Sliding offset 0, 1. Add 2865 units, median count 233.0, 266740 units so far.
INFO:root:Sliding offset 1, 0. Add 2854 units, median count 234.0, 269594 units so far.
INFO:root:Sliding offset 1, 1. Add 2865 units, median count 234.0, 272459 units so far.
INFO:root:Left over size 444805 (21686, 21710).
INFO:root:Processing 122974 pixels (1444805 21685.762, 21760.579).
INFO:root:Sliding offset 0, 0. Add 2571 units, median count 232.0, 275030 units so far.
INFO:root:Sliding offset 0, 1. Add 2796 units, median count 232.0, 277826 units so far.
INFO:root:Sliding offset 1, 0. Add 2576 units, median count 229.0, 280402 units so far.
INFO:root:Sliding offset 1, 1. Add 2807 units, median count 234.5, 283209 units so far.
INFO:root:Left over size 452459 (21737, 21761).
INFO:root:Processing 127696 pixels (1452459 21736.58, 21814.538).
INFO:root:Sliding offset 0, 0. Add 2862 units, median count 220.0, 286071 units so far.
INFO:root:Sliding offset 0, 1. Add 2858 units, median count 220.0, 288929 units so far.
INFO:root:Sliding offset 1, 0. Add 2860 units, median count 218.0, 291789 units so far.
INFO:root:Sliding offset 1, 1. Add 2843 units, median count 218.0, 294632 units so far.
INFO:root:Left over size 437476 (21791, 21815).
INFO:root:Processing 121214 pixels (1437476 21790.539, 21865.169).
INFO:root:Sliding offset 0, 0. Add 2662 units, median count 241.0, 297294 units so far.
INFO:root:Sliding offset 0, 1. Add 2541 units, median count 237.0, 299835 units so far.
INFO:root:Sliding offset 1, 0. Add 2662 units, median count 241.5, 302497 units so far.
INFO:root:Sliding offset 1, 1. Add 2537 units, median count 240.0, 305034 units so far.
INFO:root:Left over size 487145 (21841, 21865).
INFO:root:Processing 120646 pixels (1487145 21841.17, 21915.871).
INFO:root:Sliding offset 0, 0. Add 2560 units, median count 245.0, 307594 units so far.
INFO:root:Sliding offset 0, 1. Add 2583 units, median count 250.0, 310177 units so far.
INFO:root:Sliding offset 1, 0. Add 2567 units, median count 244.0, 312744 units so far.
INFO:root:Sliding offset 1, 1. Add 2592 units, median count 251.0, 315336 units so far.
INFO:root:Left over size 475328 (21892, 21916).
INFO:root:Processing 114692 pixels (1475328 21891.872, 21962.341).
INFO:root:Sliding offset 0, 0. Add 2486 units, median count 256.0, 317822 units so far.
INFO:root:Sliding offset 0, 1. Add 2347 units, median count 253.0, 320169 units so far.
INFO:root:Sliding offset 1, 0. Add 2486 units, median count 254.0, 322655 units so far.
INFO:root:Sliding offset 1, 1. Add 2337 units, median count 255.0, 324992 units so far.
INFO:root:Left over size 532562 (21938, 21962).
INFO:root:Processing 121502 pixels (1532562 21938.342, 22012.74).
INFO:root:Sliding offset 0, 0. Add 2498 units, median count 253.0, 327490 units so far.
INFO:root:Sliding offset 0, 1. Add 2781 units, median count 258.0, 330271 units so far.
INFO:root:Sliding offset 1, 0. Add 2505 units, median count 254.0, 332776 units so far.
INFO:root:Sliding offset 1, 1. Add 2791 units, median count 257.0, 335567 units so far.
INFO:root:Left over size 444797 (21989, 22013).
INFO:root:Processing 125650 pixels (1444797 21988.742, 22065.566).
INFO:root:Sliding offset 0, 0. Add 2826 units, median count 245.0, 338393 units so far.
INFO:root:Sliding offset 0, 1. Add 2648 units, median count 245.0, 341041 units so far.
INFO:root:Sliding offset 1, 0. Add 2823 units, median count 243.0, 343864 units so far.
INFO:root:Sliding offset 1, 1. Add 2639 units, median count 245.0, 346503 units so far.
INFO:root:Left over size 480687 (22042, 22066).
INFO:root:Processing 119377 pixels (1480687 22041.567, 22114.397).
INFO:root:Sliding offset 0, 0. Add 2520 units, median count 256.0, 349023 units so far.
INFO:root:Sliding offset 0, 1. Add 2649 units, median count 259.0, 351672 units so far.
INFO:root:Sliding offset 1, 0. Add 2517 units, median count 257.0, 354189 units so far.
INFO:root:Sliding offset 1, 1. Add 2651 units, median count 256.0, 356840 units so far.
INFO:root:Left over size 507968 (22090, 22114).
INFO:root:Processing 121458 pixels (1507968 22090.398, 22164.492).
INFO:root:Sliding offset 0, 0. Add 2606 units, median count 251.0, 359446 units so far.
INFO:root:Sliding offset 0, 1. Add 2600 units, median count 249.0, 362046 units so far.
INFO:root:Sliding offset 1, 0. Add 2612 units, median count 251.5, 364658 units so far.
INFO:root:Sliding offset 1, 1. Add 2594 units, median count 247.0, 367252 units so far.
INFO:root:Left over size 471582 (22140, 22164).
INFO:root:Processing 123334 pixels (1471582 22140.493, 22215.942).
INFO:root:Sliding offset 0, 0. Add 2711 units, median count 255.0, 369963 units so far.
INFO:root:Sliding offset 0, 1. Add 2653 units, median count 258.0, 372616 units so far.
INFO:root:Sliding offset 1, 0. Add 2718 units, median count 254.0, 375334 units so far.
INFO:root:Sliding offset 1, 1. Add 2652 units, median count 256.0, 377986 units so far.
INFO:root:Left over size 466698 (22192, 22216).
INFO:root:Processing 117141 pixels (1466698 22191.943, 22263.621).
INFO:root:Sliding offset 0, 0. Add 2492 units, median count 264.0, 380478 units so far.
INFO:root:Sliding offset 0, 1. Add 2445 units, median count 271.0, 382923 units so far.
INFO:root:Sliding offset 1, 0. Add 2492 units, median count 267.0, 385415 units so far.
INFO:root:Sliding offset 1, 1. Add 2451 units, median count 270.0, 387866 units so far.
INFO:root:Left over size 492343 (22240, 22264).
INFO:root:Processing 115956 pixels (1492343 22239.622, 22310.313).
INFO:root:Sliding offset 0, 0. Add 2516 units, median count 260.0, 390382 units so far.
INFO:root:Sliding offset 0, 1. Add 2406 units, median count 262.0, 392788 units so far.
INFO:root:Sliding offset 1, 0. Add 2516 units, median count 260.0, 395304 units so far.
INFO:root:Sliding offset 1, 1. Add 2401 units, median count 261.0, 397705 units so far.
INFO:root:Left over size 529302 (22286, 22310).
INFO:root:Processing 109760 pixels (1529302 22286.314, 22352.982).
INFO:root:Sliding offset 0, 0. Add 2207 units, median count 284.0, 399912 units so far.
INFO:root:Sliding offset 0, 1. Add 2207 units, median count 291.0, 402119 units so far.
INFO:root:Sliding offset 1, 0. Add 2207 units, median count 283.0, 404326 units so far.
INFO:root:Sliding offset 1, 1. Add 2211 units, median count 292.0, 406537 units so far.
INFO:root:Left over size 569933 (22329, 22353).
INFO:root:Processing 107257 pixels (1569933 22328.983, 22394.013).
INFO:root:Sliding offset 0, 0. Add 2206 units, median count 299.0, 408743 units so far.
INFO:root:Sliding offset 0, 1. Add 2206 units, median count 302.0, 410949 units so far.
INFO:root:Sliding offset 1, 0. Add 2207 units, median count 295.0, 413156 units so far.
INFO:root:Sliding offset 1, 1. Add 2205 units, median count 304.0, 415361 units so far.
INFO:root:Left over size 572399 (22370, 22394).
INFO:root:Processing 106268 pixels (1572399 22370.014, 22434.528).
INFO:root:Sliding offset 0, 0. Add 1985 units, median count 307.0, 417346 units so far.
INFO:root:Sliding offset 0, 1. Add 2203 units, median count 305.0, 419549 units so far.
INFO:root:Sliding offset 1, 0. Add 1986 units, median count 306.0, 421535 units so far.
INFO:root:Sliding offset 1, 1. Add 2206 units, median count 306.0, 423741 units so far.
INFO:root:Left over size 622198 (22411, 22435).
INFO:root:Processing 111760 pixels (1622198 22410.529, 22478.492).
INFO:root:Sliding offset 0, 0. Add 2406 units, median count 306.0, 426147 units so far.
INFO:root:Sliding offset 0, 1. Add 2190 units, median count 304.0, 428337 units so far.
INFO:root:Sliding offset 1, 0. Add 2404 units, median count 301.5, 430741 units so far.
INFO:root:Sliding offset 1, 1. Add 2191 units, median count 302.0, 432932 units so far.
INFO:root:Left over size 540605 (22454, 22478).
INFO:root:Processing 106078 pixels (1540605 22454.493, 22519.157).
INFO:root:Sliding offset 0, 0. Add 2070 units, median count 301.0, 435002 units so far.
INFO:root:Sliding offset 0, 1. Add 2187 units, median count 306.0, 437189 units so far.
INFO:root:Sliding offset 1, 0. Add 2065 units, median count 305.0, 439254 units so far.
INFO:root:Sliding offset 1, 1. Add 2188 units, median count 304.0, 441442 units so far.
INFO:root:Left over size 585650 (22495, 22519).
INFO:root:Processing 106022 pixels (1585650 22495.158, 22559.708).
INFO:root:Sliding offset 0, 0. Add 2002 units, median count 325.0, 443444 units so far.
INFO:root:Sliding offset 0, 1. Add 2198 units, median count 322.0, 445642 units so far.
INFO:root:Sliding offset 1, 0. Add 2009 units, median count 325.0, 447651 units so far.
INFO:root:Sliding offset 1, 1. Add 2199 units, median count 318.0, 449850 units so far.
INFO:root:Left over size 583800 (22536, 22560).
INFO:root:Processing 104879 pixels (1583800 22535.71, 22599.693).
INFO:root:Sliding offset 0, 0. Add 2190 units, median count 309.0, 452040 units so far.
INFO:root:Sliding offset 0, 1. Add 1997 units, median count 308.0, 454037 units so far.
INFO:root:Sliding offset 1, 0. Add 2191 units, median count 307.0, 456228 units so far.
INFO:root:Sliding offset 1, 1. Add 2002 units, median count 309.0, 458230 units so far.
INFO:root:Left over size 581289 (22576, 22600).
INFO:root:Processing 109289 pixels (1581289 22575.694, 22642.534).
INFO:root:Sliding offset 0, 0. Add 2191 units, median count 297.0, 460421 units so far.
INFO:root:Sliding offset 0, 1. Add 2318 units, median count 303.0, 462739 units so far.
INFO:root:Sliding offset 1, 0. Add 2186 units, median count 297.0, 464925 units so far.
INFO:root:Sliding offset 1, 1. Add 2312 units, median count 300.0, 467237 units so far.
INFO:root:Left over size 555032 (22619, 22643).
INFO:root:Processing 104475 pixels (1555032 22618.535, 22682.377).
INFO:root:Sliding offset 0, 0. Add 2194 units, median count 298.0, 469431 units so far.
INFO:root:Sliding offset 0, 1. Add 1948 units, median count 296.0, 471379 units so far.
INFO:root:Sliding offset 1, 0. Add 2197 units, median count 296.0, 473576 units so far.
INFO:root:Sliding offset 1, 1. Add 1948 units, median count 293.0, 475524 units so far.
INFO:root:Left over size 618674 (22658, 22682).
INFO:root:Processing 105229 pixels (1618674 22658.378, 22722.72).
INFO:root:Sliding offset 0, 0. Add 1990 units, median count 312.5, 477514 units so far.
INFO:root:Sliding offset 0, 1. Add 2181 units, median count 305.0, 479695 units so far.
INFO:root:Sliding offset 1, 0. Add 1991 units, median count 308.0, 481686 units so far.
INFO:root:Sliding offset 1, 1. Add 2182 units, median count 305.5, 483868 units so far.
INFO:root:Left over size 595927 (22699, 22723).
INFO:root:Processing 108472 pixels (1595927 22698.721, 22765.321).
INFO:root:Sliding offset 0, 0. Add 2271 units, median count 297.5, 486139 units so far.
INFO:root:Sliding offset 0, 1. Add 2172 units, median count 290.0, 488311 units so far.
INFO:root:Sliding offset 1, 0. Add 2274 units, median count 298.0, 490585 units so far.
INFO:root:Sliding offset 1, 1. Add 2176 units, median count 291.0, 492761 units so far.
INFO:root:Left over size 567822 (22741, 22765).
INFO:root:Processing 110243 pixels (1567822 22741.322, 22809.134).
INFO:root:Sliding offset 0, 0. Add 2274 units, median count 286.0, 495035 units so far.
INFO:root:Sliding offset 0, 1. Add 2214 units, median count 288.0, 497249 units so far.
INFO:root:Sliding offset 1, 0. Add 2269 units, median count 284.0, 499518 units so far.
INFO:root:Sliding offset 1, 1. Add 2206 units, median count 290.0, 501724 units so far.
INFO:root:Left over size 572012 (22785, 22809).
INFO:root:Processing 110133 pixels (1572012 22785.135, 22852.877).
INFO:root:Sliding offset 0, 0. Add 2175 units, median count 286.0, 503899 units so far.
INFO:root:Sliding offset 0, 1. Add 2446 units, median count 294.0, 506345 units so far.
INFO:root:Sliding offset 1, 0. Add 2176 units, median count 287.0, 508521 units so far.
INFO:root:Sliding offset 1, 1. Add 2449 units, median count 291.0, 510970 units so far.
INFO:root:Left over size 515664 (22829, 22853).
INFO:root:Processing 106727 pixels (1515664 22828.879, 22894.769).
INFO:root:Sliding offset 0, 0. Add 2161 units, median count 288.0, 513131 units so far.
INFO:root:Sliding offset 0, 1. Add 2146 units, median count 288.0, 515277 units so far.
INFO:root:Sliding offset 1, 0. Add 2161 units, median count 293.0, 517438 units so far.
INFO:root:Sliding offset 1, 1. Add 2143 units, median count 286.0, 519581 units so far.
INFO:root:Left over size 603472 (22871, 22895).
INFO:root:Processing 105193 pixels (1603472 22870.77, 22935.965).
INFO:root:Sliding offset 0, 0. Add 2162 units, median count 285.0, 521743 units so far.
INFO:root:Sliding offset 0, 1. Add 2039 units, median count 286.0, 523782 units so far.
INFO:root:Sliding offset 1, 0. Add 2166 units, median count 283.0, 525948 units so far.
INFO:root:Sliding offset 1, 1. Add 2044 units, median count 286.0, 527992 units so far.
INFO:root:Left over size 576959 (22912, 22936).
INFO:root:Processing 104667 pixels (1576959 22911.966, 22976.754).
INFO:root:Sliding offset 0, 0. Add 2166 units, median count 285.0, 530158 units so far.
INFO:root:Sliding offset 0, 1. Add 2003 units, median count 293.0, 532161 units so far.
INFO:root:Sliding offset 1, 0. Add 2163 units, median count 287.5, 534324 units so far.
INFO:root:Sliding offset 1, 1. Add 2001 units, median count 293.0, 536325 units so far.
INFO:root:Left over size 570879 (22953, 22977).
INFO:root:Processing 106580 pixels (1570879 22952.755, 23018.633).
INFO:root:Sliding offset 0, 0. Add 2166 units, median count 289.0, 538491 units so far.
INFO:root:Sliding offset 0, 1. Add 2164 units, median count 297.0, 540655 units so far.
INFO:root:Sliding offset 1, 0. Add 2166 units, median count 292.0, 542821 units so far.
INFO:root:Sliding offset 1, 1. Add 2164 units, median count 296.0, 544985 units so far.
INFO:root:Left over size 568707 (22995, 23019).
INFO:root:Processing 108090 pixels (1568707 22994.634, 23061.294).
INFO:root:Sliding offset 0, 0. Add 2172 units, median count 275.0, 547157 units so far.
INFO:root:Sliding offset 0, 1. Add 2226 units, median count 285.0, 549383 units so far.
INFO:root:Sliding offset 1, 0. Add 2173 units, median count 278.0, 551556 units so far.
INFO:root:Sliding offset 1, 1. Add 2226 units, median count 284.0, 553782 units so far.
INFO:root:Left over size 567209 (23037, 23061).
INFO:root:Processing 105225 pixels (1567209 23037.295, 23102.082).
INFO:root:Sliding offset 0, 0. Add 2170 units, median count 280.0, 555952 units so far.
INFO:root:Sliding offset 0, 1. Add 2118 units, median count 283.0, 558070 units so far.
INFO:root:Sliding offset 1, 0. Add 2176 units, median count 281.0, 560246 units so far.
INFO:root:Sliding offset 1, 1. Add 2120 units, median count 283.0, 562366 units so far.
INFO:root:Left over size 592156 (23078, 23102).
INFO:root:Processing 108341 pixels (1592156 23078.083, 23144.855).
INFO:root:Sliding offset 0, 0. Add 2176 units, median count 273.0, 564542 units so far.
INFO:root:Sliding offset 0, 1. Add 2175 units, median count 283.0, 566717 units so far.
INFO:root:Sliding offset 1, 0. Add 2173 units, median count 274.0, 568890 units so far.
INFO:root:Sliding offset 1, 1. Add 2172 units, median count 282.0, 571062 units so far.
INFO:root:Left over size 568290 (23121, 23145).
INFO:root:Processing 104923 pixels (1568290 23120.856, 23185.568).
INFO:root:Sliding offset 0, 0. Add 2121 units, median count 275.0, 573183 units so far.
INFO:root:Sliding offset 0, 1. Add 2172 units, median count 280.0, 575355 units so far.
INFO:root:Sliding offset 1, 0. Add 2119 units, median count 276.0, 577474 units so far.
INFO:root:Sliding offset 1, 1. Add 2170 units, median count 282.0, 579644 units so far.
INFO:root:Left over size 608597 (23162, 23186).
INFO:root:Processing 106788 pixels (1608597 23161.569, 23227.541).
INFO:root:Sliding offset 0, 0. Add 2163 units, median count 274.0, 581807 units so far.
INFO:root:Sliding offset 0, 1. Add 2175 units, median count 275.5, 583982 units so far.
INFO:root:Sliding offset 1, 0. Add 2167 units, median count 272.0, 586149 units so far.
INFO:root:Sliding offset 1, 1. Add 2175 units, median count 274.0, 588324 units so far.
INFO:root:Left over size 562789 (23204, 23228).
INFO:root:Processing 110050 pixels (1562789 23203.542, 23271.478).
INFO:root:Sliding offset 0, 0. Add 2242 units, median count 280.0, 590566 units so far.
INFO:root:Sliding offset 0, 1. Add 2262 units, median count 289.0, 592828 units so far.
INFO:root:Sliding offset 1, 0. Add 2237 units, median count 282.0, 595065 units so far.
INFO:root:Sliding offset 1, 1. Add 2258 units, median count 289.0, 597323 units so far.
INFO:root:Left over size 549873 (23247, 23271).
INFO:root:Processing 106141 pixels (1549873 23247.479, 23312.981).
INFO:root:Sliding offset 0, 0. Add 2177 units, median count 285.0, 599500 units so far.
INFO:root:Sliding offset 0, 1. Add 2089 units, median count 290.0, 601589 units so far.
INFO:root:Sliding offset 1, 0. Add 2173 units, median count 285.0, 603762 units so far.
INFO:root:Sliding offset 1, 1. Add 2095 units, median count 292.0, 605857 units so far.
INFO:root:Left over size 565923 (23289, 23313).
INFO:root:Processing 113929 pixels (1565923 23288.982, 23359.254).
INFO:root:Sliding offset 0, 0. Add 2392 units, median count 279.0, 608249 units so far.
INFO:root:Sliding offset 0, 1. Add 2496 units, median count 278.0, 610745 units so far.
INFO:root:Sliding offset 1, 0. Add 2392 units, median count 281.0, 613137 units so far.
INFO:root:Sliding offset 1, 1. Add 2496 units, median count 278.0, 615633 units so far.
INFO:root:Left over size 511096 (23335, 23359).
INFO:root:Processing 111252 pixels (1511096 23335.255, 23403.763).
INFO:root:Sliding offset 0, 0. Add 2292 units, median count 266.0, 617925 units so far.
INFO:root:Sliding offset 0, 1. Add 2321 units, median count 265.0, 620246 units so far.
INFO:root:Sliding offset 1, 0. Add 2292 units, median count 258.0, 622538 units so far.
INFO:root:Sliding offset 1, 1. Add 2314 units, median count 265.0, 624852 units so far.
INFO:root:Left over size 525542 (23380, 23404).
INFO:root:Processing 118627 pixels (1525542 23379.764, 23453.03).
INFO:root:Sliding offset 0, 0. Add 2486 units, median count 248.0, 627338 units so far.
INFO:root:Sliding offset 0, 1. Add 2661 units, median count 247.0, 629999 units so far.
INFO:root:Sliding offset 1, 0. Add 2485 units, median count 250.0, 632484 units so far.
INFO:root:Sliding offset 1, 1. Add 2668 units, median count 249.0, 635152 units so far.
INFO:root:Left over size 483852 (23429, 23453).
INFO:root:Processing 113929 pixels (1483852 23429.031, 23499.65).
INFO:root:Sliding offset 0, 0. Add 2479 units, median count 251.0, 637631 units so far.
INFO:root:Sliding offset 0, 1. Add 2286 units, median count 251.0, 639917 units so far.
INFO:root:Sliding offset 1, 0. Add 2481 units, median count 251.0, 642398 units so far.
INFO:root:Sliding offset 1, 1. Add 2283 units, median count 250.0, 644681 units so far.
INFO:root:Left over size 536989 (23476, 23500).
INFO:root:Processing 113413 pixels (1536989 23475.651, 23545.846).
INFO:root:Sliding offset 0, 0. Add 2483 units, median count 259.0, 647164 units so far.
INFO:root:Sliding offset 0, 1. Add 2375 units, median count 259.0, 649539 units so far.
INFO:root:Sliding offset 1, 0. Add 2480 units, median count 260.0, 652019 units so far.
INFO:root:Sliding offset 1, 1. Add 2381 units, median count 258.5, 654400 units so far.
INFO:root:Left over size 530681 (23522, 23546).
INFO:root:Processing 118177 pixels (1530681 23521.847, 23595.093).
INFO:root:Sliding offset 0, 0. Add 2488 units, median count 255.0, 656888 units so far.
INFO:root:Sliding offset 0, 1. Add 2503 units, median count 259.0, 659391 units so far.
INFO:root:Sliding offset 1, 0. Add 2487 units, median count 255.0, 661878 units so far.
INFO:root:Sliding offset 1, 1. Add 2502 units, median count 259.0, 664380 units so far.
INFO:root:Left over size 502783 (23571, 23595).
INFO:root:Processing 115931 pixels (1502783 23571.094, 23642.875).
INFO:root:Sliding offset 0, 0. Add 2482 units, median count 241.0, 666862 units so far.
INFO:root:Sliding offset 0, 1. Add 2454 units, median count 242.0, 669316 units so far.
INFO:root:Sliding offset 1, 0. Add 2480 units, median count 241.0, 671796 units so far.
INFO:root:Sliding offset 1, 1. Add 2454 units, median count 242.0, 674250 units so far.
INFO:root:Left over size 490747 (23619, 23643).
INFO:root:Processing 115228 pixels (1490747 23618.876, 23689.613).
INFO:root:Sliding offset 0, 0. Add 2469 units, median count 254.0, 676719 units so far.
INFO:root:Sliding offset 0, 1. Add 2512 units, median count 256.0, 679231 units so far.
INFO:root:Sliding offset 1, 0. Add 2467 units, median count 252.0, 681698 units so far.
INFO:root:Sliding offset 1, 1. Add 2510 units, median count 252.0, 684208 units so far.
INFO:root:Left over size 529001 (23666, 23690).
INFO:root:Processing 110222 pixels (1529001 23665.614, 23732.87).
INFO:root:Sliding offset 0, 0. Add 2254 units, median count 257.0, 686462 units so far.
INFO:root:Sliding offset 0, 1. Add 2204 units, median count 263.0, 688666 units so far.
INFO:root:Sliding offset 1, 0. Add 2257 units, median count 255.5, 690923 units so far.
INFO:root:Sliding offset 1, 1. Add 2207 units, median count 261.0, 693130 units so far.
INFO:root:Left over size 560813 (23709, 23733).
INFO:root:Processing 118930 pixels (1560813 23708.871, 23781.402).
INFO:root:Sliding offset 0, 0. Add 2531 units, median count 239.0, 695661 units so far.
INFO:root:Sliding offset 0, 1. Add 2604 units, median count 243.0, 698265 units so far.
INFO:root:Sliding offset 1, 0. Add 2534 units, median count 238.0, 700799 units so far.
INFO:root:Sliding offset 1, 1. Add 2610 units, median count 242.0, 703409 units so far.
INFO:root:Left over size 494090 (23757, 23781).
INFO:root:Processing 118049 pixels (1494090 23757.403, 23829.566).
INFO:root:Sliding offset 0, 0. Add 2518 units, median count 244.0, 705927 units so far.
INFO:root:Sliding offset 0, 1. Add 2543 units, median count 245.0, 708470 units so far.
INFO:root:Sliding offset 1, 0. Add 2518 units, median count 242.0, 710988 units so far.
INFO:root:Sliding offset 1, 1. Add 2540 units, median count 246.0, 713528 units so far.
INFO:root:Left over size 504157 (23806, 23830).
INFO:root:Processing 115501 pixels (1504157 23805.567, 23876.315).
INFO:root:Sliding offset 0, 0. Add 2510 units, median count 260.0, 716038 units so far.
INFO:root:Sliding offset 0, 1. Add 2416 units, median count 260.0, 718454 units so far.
INFO:root:Sliding offset 1, 0. Add 2511 units, median count 258.0, 720965 units so far.
INFO:root:Sliding offset 1, 1. Add 2409 units, median count 261.0, 723374 units so far.
INFO:root:Left over size 529524 (23852, 23876).
INFO:root:Processing 104756 pixels (1529524 23852.317, 23916.36).
INFO:root:Sliding offset 0, 0. Add 1947 units, median count 268.0, 725321 units so far.
INFO:root:Sliding offset 0, 1. Add 2194 units, median count 269.0, 727515 units so far.
INFO:root:Sliding offset 1, 0. Add 1947 units, median count 270.0, 729462 units so far.
INFO:root:Sliding offset 1, 1. Add 2192 units, median count 269.0, 731654 units so far.
INFO:root:Left over size 615346 (23892, 23916).
INFO:root:Processing 102655 pixels (1615346 23892.362, 23955.2).
INFO:root:Sliding offset 0, 0. Add 2124 units, median count 271.0, 733778 units so far.
INFO:root:Sliding offset 0, 1. Add 1924 units, median count 274.0, 735702 units so far.
INFO:root:Sliding offset 1, 0. Add 2124 units, median count 272.0, 737826 units so far.
INFO:root:Sliding offset 1, 1. Add 1918 units, median count 276.0, 739744 units so far.
INFO:root:Left over size 607958 (23931, 23955).
INFO:root:Processing 110400 pixels (1607958 23931.202, 23998.885).
INFO:root:Sliding offset 0, 0. Add 2195 units, median count 258.0, 741939 units so far.
INFO:root:Sliding offset 0, 1. Add 2455 units, median count 263.0, 744394 units so far.
INFO:root:Sliding offset 1, 0. Add 2191 units, median count 260.0, 746585 units so far.
INFO:root:Sliding offset 1, 1. Add 2458 units, median count 265.0, 749043 units so far.
INFO:root:Left over size 546479 (23975, 23999).
INFO:root:Processing 112485 pixels (1546479 23974.887, 24043.524).
INFO:root:Sliding offset 0, 0. Add 2467 units, median count 250.0, 751510 units so far.
INFO:root:Sliding offset 0, 1. Add 2224 units, median count 247.0, 753734 units so far.
INFO:root:Sliding offset 1, 0. Add 2471 units, median count 250.0, 756205 units so far.
INFO:root:Sliding offset 1, 1. Add 2228 units, median count 245.0, 758433 units so far.
INFO:root:Left over size 542227 (24020, 24044).
INFO:root:Processing 111785 pixels (1542227 24019.526, 24087.668).
INFO:root:Sliding offset 0, 0. Add 2265 units, median count 259.0, 760698 units so far.
INFO:root:Sliding offset 0, 1. Add 2324 units, median count 260.0, 763022 units so far.
INFO:root:Sliding offset 1, 0. Add 2267 units, median count 257.0, 765289 units so far.
INFO:root:Sliding offset 1, 1. Add 2333 units, median count 262.0, 767622 units so far.
INFO:root:Left over size 560765 (24064, 24088).
INFO:root:Processing 115642 pixels (1560765 24063.669, 24134.135).
INFO:root:Sliding offset 0, 0. Add 2535 units, median count 255.0, 770157 units so far.
INFO:root:Sliding offset 0, 1. Add 2423 units, median count 258.0, 772580 units so far.
INFO:root:Sliding offset 1, 0. Add 2537 units, median count 255.0, 775117 units so far.
INFO:root:Sliding offset 1, 1. Add 2418 units, median count 258.0, 777535 units so far.
INFO:root:Left over size 535115 (24110, 24134).
INFO:root:Processing 104662 pixels (1535115 24110.136, 24173.933).
INFO:root:Sliding offset 0, 0. Add 1900 units, median count 279.0, 779435 units so far.
INFO:root:Sliding offset 0, 1. Add 2212 units, median count 275.0, 781647 units so far.
INFO:root:Sliding offset 1, 0. Add 1898 units, median count 275.0, 783545 units so far.
INFO:root:Sliding offset 1, 1. Add 2215 units, median count 275.0, 785760 units so far.
INFO:root:Left over size 599114 (24150, 24174).
INFO:root:Processing 106088 pixels (1599114 24149.934, 24214.648).
INFO:root:Sliding offset 0, 0. Add 2210 units, median count 293.0, 787970 units so far.
INFO:root:Sliding offset 0, 1. Add 2165 units, median count 282.0, 790135 units so far.
INFO:root:Sliding offset 1, 0. Add 2212 units, median count 288.0, 792347 units so far.
INFO:root:Sliding offset 1, 1. Add 2169 units, median count 284.0, 794516 units so far.
INFO:root:Left over size 587761 (24191, 24215).
INFO:root:Processing 109694 pixels (1587761 24190.649, 24257.583).
INFO:root:Sliding offset 0, 0. Add 2208 units, median count 272.0, 796724 units so far.
INFO:root:Sliding offset 0, 1. Add 2257 units, median count 264.5, 798981 units so far.
INFO:root:Sliding offset 1, 0. Add 2208 units, median count 276.0, 801189 units so far.
INFO:root:Sliding offset 1, 1. Add 2252 units, median count 268.0, 803441 units so far.
INFO:root:Left over size 552515 (24234, 24258).
INFO:root:Processing 108473 pixels (1552515 24233.584, 24299.622).
INFO:root:Sliding offset 0, 0. Add 2228 units, median count 270.0, 805669 units so far.
INFO:root:Sliding offset 0, 1. Add 2224 units, median count 260.5, 807893 units so far.
INFO:root:Sliding offset 1, 0. Add 2228 units, median count 267.0, 810121 units so far.
INFO:root:Sliding offset 1, 1. Add 2228 units, median count 262.0, 812349 units so far.
INFO:root:Left over size 560678 (24276, 24300).
INFO:root:Processing 111845 pixels (1560678 24275.623, 24343.749).
INFO:root:Sliding offset 0, 0. Add 2514 units, median count 259.0, 814863 units so far.
INFO:root:Sliding offset 0, 1. Add 2240 units, median count 254.0, 817103 units so far.
INFO:root:Sliding offset 1, 0. Add 2513 units, median count 259.0, 819616 units so far.
INFO:root:Sliding offset 1, 1. Add 2244 units, median count 254.0, 821860 units so far.
INFO:root:Left over size 547222 (24320, 24344).
INFO:root:Processing 112675 pixels (1547222 24319.75, 24388.467).
INFO:root:Sliding offset 0, 0. Add 2264 units, median count 250.0, 824124 units so far.
INFO:root:Sliding offset 0, 1. Add 2465 units, median count 253.0, 826589 units so far.
INFO:root:Sliding offset 1, 0. Add 2260 units, median count 249.0, 828849 units so far.
INFO:root:Sliding offset 1, 1. Add 2470 units, median count 253.0, 831319 units so far.
INFO:root:Left over size 539201 (24364, 24388).
INFO:root:Processing 104642 pixels (1539201 24364.468, 24428.339).
INFO:root:Sliding offset 0, 0. Add 2224 units, median count 257.0, 833543 units so far.
INFO:root:Sliding offset 0, 1. Add 1996 units, median count 264.0, 835539 units so far.
INFO:root:Sliding offset 1, 0. Add 2225 units, median count 261.0, 837764 units so far.
INFO:root:Sliding offset 1, 1. Add 1991 units, median count 266.0, 839755 units so far.
INFO:root:Left over size 610217 (24404, 24428).
INFO:root:Processing 104363 pixels (1610217 24404.34, 24468.211).
INFO:root:Sliding offset 0, 0. Add 1960 units, median count 270.5, 841715 units so far.
INFO:root:Sliding offset 0, 1. Add 2208 units, median count 271.0, 843923 units so far.
INFO:root:Sliding offset 1, 0. Add 1945 units, median count 272.0, 845868 units so far.
INFO:root:Sliding offset 1, 1. Add 2213 units, median count 272.0, 848081 units so far.
INFO:root:Left over size 611019 (24444, 24468).
INFO:root:Processing 110589 pixels (1611019 24444.213, 24511.993).
INFO:root:Sliding offset 0, 0. Add 2479 units, median count 251.0, 850560 units so far.
INFO:root:Sliding offset 0, 1. Add 2230 units, median count 249.0, 852790 units so far.
INFO:root:Sliding offset 1, 0. Add 2493 units, median count 253.0, 855283 units so far.
INFO:root:Sliding offset 1, 1. Add 2226 units, median count 252.0, 857509 units so far.
INFO:root:Left over size 521378 (24488, 24512).
INFO:root:Processing 117284 pixels (1521378 24487.994, 24559.781).
INFO:root:Sliding offset 0, 0. Add 2537 units, median count 232.0, 860046 units so far.
INFO:root:Sliding offset 0, 1. Add 2559 units, median count 238.0, 862605 units so far.
INFO:root:Sliding offset 1, 0. Add 2548 units, median count 232.0, 865153 units so far.
INFO:root:Sliding offset 1, 1. Add 2561 units, median count 239.0, 867714 units so far.
INFO:root:Left over size 510385 (24536, 24560).
INFO:root:Processing 114057 pixels (1510385 24535.782, 24605.365).
INFO:root:Sliding offset 0, 0. Add 2274 units, median count 238.0, 869988 units so far.
INFO:root:Sliding offset 0, 1. Add 2555 units, median count 240.0, 872543 units so far.
INFO:root:Sliding offset 1, 0. Add 2269 units, median count 240.0, 874812 units so far.
INFO:root:Sliding offset 1, 1. Add 2557 units, median count 240.0, 877369 units so far.
INFO:root:Left over size 553144 (24581, 24605).
INFO:root:Processing 119989 pixels (1553144 24581.366, 24654.942).
INFO:root:Sliding offset 0, 0. Add 2658 units, median count 229.0, 880027 units so far.
INFO:root:Sliding offset 0, 1. Add 2502 units, median count 227.0, 882529 units so far.
INFO:root:Sliding offset 1, 0. Add 2656 units, median count 232.5, 885185 units so far.
INFO:root:Sliding offset 1, 1. Add 2503 units, median count 228.0, 887688 units so far.
INFO:root:Left over size 463076 (24631, 24655).
INFO:root:Processing 124528 pixels (1463076 24630.943, 24707.591).
INFO:root:Sliding offset 0, 0. Add 2670 units, median count 215.0, 890358 units so far.
INFO:root:Sliding offset 0, 1. Add 2818 units, median count 212.0, 893176 units so far.
INFO:root:Sliding offset 1, 0. Add 2682 units, median count 212.5, 895858 units so far.
INFO:root:Sliding offset 1, 1. Add 2830 units, median count 213.0, 898688 units so far.
INFO:root:Left over size 479029 (24684, 24708).
INFO:root:Processing 118908 pixels (1479029 24683.592, 24756.613).
INFO:root:Sliding offset 0, 0. Add 2614 units, median count 226.0, 901302 units so far.
INFO:root:Sliding offset 0, 1. Add 2520 units, median count 220.0, 903822 units so far.
INFO:root:Sliding offset 1, 0. Add 2615 units, median count 226.0, 906437 units so far.
INFO:root:Sliding offset 1, 1. Add 2514 units, median count 222.0, 908951 units so far.
INFO:root:Left over size 485232 (24733, 24757).
INFO:root:Processing 123228 pixels (1485232 24732.614, 24808.43).
INFO:root:Sliding offset 0, 0. Add 2732 units, median count 225.0, 911683 units so far.
INFO:root:Sliding offset 0, 1. Add 2757 units, median count 222.5, 914440 units so far.
INFO:root:Sliding offset 1, 0. Add 2736 units, median count 221.0, 917176 units so far.
INFO:root:Sliding offset 1, 1. Add 2755 units, median count 223.0, 919931 units so far.
INFO:root:Left over size 463950 (24784, 24808).
INFO:root:Processing 121199 pixels (1463950 24784.431, 24858.715).
INFO:root:Sliding offset 0, 0. Add 2675 units, median count 217.0, 922606 units so far.
INFO:root:Sliding offset 0, 1. Add 2633 units, median count 216.0, 925239 units so far.
INFO:root:Sliding offset 1, 0. Add 2666 units, median count 216.0, 927905 units so far.
INFO:root:Sliding offset 1, 1. Add 2630 units, median count 214.0, 930535 units so far.
INFO:root:Left over size 474845 (24835, 24859).
INFO:root:Processing 128351 pixels (1474845 24834.716, 24913.625).
INFO:root:Sliding offset 0, 0. Add 2985 units, median count 200.0, 933520 units so far.
INFO:root:Sliding offset 0, 1. Add 2848 units, median count 195.0, 936368 units so far.
INFO:root:Sliding offset 1, 0. Add 2990 units, median count 196.0, 939358 units so far.
INFO:root:Sliding offset 1, 1. Add 2847 units, median count 195.0, 942205 units so far.
INFO:root:Left over size 443215 (24890, 24914).
INFO:root:Processing 136301 pixels (1443215 24889.627, 24974.117).
INFO:root:Sliding offset 0, 0. Add 3198 units, median count 175.0, 945403 units so far.
INFO:root:Sliding offset 0, 1. Add 3160 units, median count 177.0, 948563 units so far.
INFO:root:Sliding offset 1, 0. Add 3200 units, median count 176.0, 951763 units so far.
INFO:root:Sliding offset 1, 1. Add 3159 units, median count 175.0, 954922 units so far.
INFO:root:Left over size 355960 (24950, 24974).
INFO:root:Processing 138057 pixels (1355960 24950.118, 25035.979).
INFO:root:Sliding offset 0, 0. Add 3159 units, median count 165.0, 958081 units so far.
INFO:root:Sliding offset 0, 1. Add 3300 units, median count 167.0, 961381 units so far.
INFO:root:Sliding offset 1, 0. Add 3160 units, median count 167.0, 964541 units so far.
INFO:root:Sliding offset 1, 1. Add 3313 units, median count 164.0, 967854 units so far.
INFO:root:Left over size 419012 (25012, 25036).
INFO:root:Processing 151303 pixels (1419012 25011.982, 25105.899).
INFO:root:Sliding offset 0, 0. Add 3786 units, median count 163.0, 971640 units so far.
INFO:root:Sliding offset 0, 1. Add 3627 units, median count 163.0, 975267 units so far.
INFO:root:Sliding offset 1, 0. Add 3776 units, median count 161.0, 979043 units so far.
INFO:root:Sliding offset 1, 1. Add 3632 units, median count 163.0, 982675 units so far.
INFO:root:Left over size 360616 (25082, 25106).
INFO:root:Processing 133783 pixels (1360616 25081.903, 25164.731).
INFO:root:Sliding offset 0, 0. Add 3008 units, median count 160.0, 985683 units so far.
INFO:root:Sliding offset 0, 1. Add 3184 units, median count 160.0, 988867 units so far.
INFO:root:Sliding offset 1, 0. Add 3015 units, median count 161.5, 991882 units so far.
INFO:root:Sliding offset 1, 1. Add 3188 units, median count 160.0, 995070 units so far.
INFO:root:Left over size 422754 (25141, 25165).
INFO:root:Processing 154063 pixels (1422754 25140.735, 25237.023).
INFO:root:Sliding offset 0, 0. Add 3794 units, median count 149.0, 998864 units so far.
INFO:root:Sliding offset 0, 1. Add 3773 units, median count 148.0, 1002637 units so far.
INFO:root:Sliding offset 1, 0. Add 3809 units, median count 147.0, 1006446 units so far.
INFO:root:Sliding offset 1, 1. Add 3765 units, median count 148.0, 1010211 units so far.
INFO:root:Left over size 322753 (25213, 25237).
INFO:root:Processing 155459 pixels (1322753 25213.025, 25310.44).
INFO:root:Sliding offset 0, 0. Add 3929 units, median count 147.0, 1014140 units so far.
INFO:root:Sliding offset 0, 1. Add 3780 units, median count 147.0, 1017920 units so far.
INFO:root:Sliding offset 1, 0. Add 3918 units, median count 147.0, 1021838 units so far.
INFO:root:Sliding offset 1, 1. Add 3786 units, median count 148.0, 1025624 units so far.
INFO:root:Left over size 344085 (25286, 25310).
INFO:root:Processing 161478 pixels (1344085 25286.441, 25387.628).
INFO:root:Sliding offset 0, 0. Add 4023 units, median count 146.0, 1029647 units so far.
INFO:root:Sliding offset 0, 1. Add 4070 units, median count 147.0, 1033717 units so far.
INFO:root:Sliding offset 1, 0. Add 4017 units, median count 146.0, 1037734 units so far.
INFO:root:Sliding offset 1, 1. Add 4081 units, median count 147.0, 1041815 units so far.
INFO:root:Left over size 303955 (25364, 25388).
INFO:root:Processing 172590 pixels (1303955 25363.629, 25472.507).
INFO:root:Sliding offset 0, 0. Add 4402 units, median count 140.0, 1046217 units so far.
INFO:root:Sliding offset 0, 1. Add 4364 units, median count 139.0, 1050581 units so far.
INFO:root:Sliding offset 1, 0. Add 4410 units, median count 140.0, 1054991 units so far.
INFO:root:Sliding offset 1, 1. Add 4367 units, median count 139.0, 1059358 units so far.
INFO:root:Left over size 253352 (25449, 25473).
INFO:root:Processing 170389 pixels (1253352 25448.508, 25556.47).
INFO:root:Sliding offset 0, 0. Add 4289 units, median count 136.0, 1063647 units so far.
INFO:root:Sliding offset 0, 1. Add 4279 units, median count 136.0, 1067926 units so far.
INFO:root:Sliding offset 1, 0. Add 4293 units, median count 136.0, 1072219 units so far.
INFO:root:Sliding offset 1, 1. Add 4283 units, median count 135.0, 1076502 units so far.
INFO:root:Left over size 297554 (25532, 25556).
INFO:root:Processing 178213 pixels (1297554 25532.471, 25645.281).
INFO:root:Sliding offset 0, 0. Add 4568 units, median count 134.0, 1081070 units so far.
INFO:root:Sliding offset 0, 1. Add 4643 units, median count 133.0, 1085713 units so far.
INFO:root:Sliding offset 1, 0. Add 4547 units, median count 134.0, 1090260 units so far.
INFO:root:Sliding offset 1, 1. Add 4650 units, median count 133.0, 1094910 units so far.
INFO:root:Left over size 305120 (25621, 25645).
INFO:root:Processing 160202 pixels (1305120 25621.282, 25722.842).
INFO:root:Sliding offset 0, 0. Add 3935 units, median count 136.0, 1098845 units so far.
INFO:root:Sliding offset 0, 1. Add 4002 units, median count 136.0, 1102847 units so far.
INFO:root:Sliding offset 1, 0. Add 3920 units, median count 137.0, 1106767 units so far.
INFO:root:Sliding offset 1, 1. Add 4001 units, median count 136.0, 1110768 units so far.
INFO:root:Left over size 325931 (25699, 25723).
INFO:root:Processing 178418 pixels (1325931 25698.843, 25814.279).
INFO:root:Sliding offset 0, 0. Add 4568 units, median count 129.0, 1115336 units so far.
INFO:root:Sliding offset 0, 1. Add 4425 units, median count 128.0, 1119761 units so far.
INFO:root:Sliding offset 1, 0. Add 4564 units, median count 127.5, 1124325 units so far.
INFO:root:Sliding offset 1, 1. Add 4420 units, median count 128.0, 1128745 units so far.
INFO:root:Left over size 233075 (25790, 25814).
INFO:root:Processing 201111 pixels (1233075 25790.28, 25923.64).
INFO:root:Sliding offset 0, 0. Add 5119 units, median count 116.0, 1133864 units so far.
INFO:root:Sliding offset 0, 1. Add 5197 units, median count 116.0, 1139061 units so far.
INFO:root:Sliding offset 1, 0. Add 5138 units, median count 116.0, 1144199 units so far.
INFO:root:Sliding offset 1, 1. Add 5187 units, median count 117.0, 1149386 units so far.
INFO:root:Left over size 231651 (25900, 25924).
INFO:root:Processing 217010 pixels (1231651 25899.641, 26044.021).
INFO:root:Sliding offset 0, 0. Add 5678 units, median count 110.0, 1155064 units so far.
INFO:root:Sliding offset 0, 1. Add 5723 units, median count 111.0, 1160787 units so far.
INFO:root:Sliding offset 1, 0. Add 5686 units, median count 111.0, 1166473 units so far.
INFO:root:Sliding offset 1, 1. Add 5736 units, median count 110.0, 1172209 units so far.
INFO:root:Left over size 194510 (26020, 26044).
INFO:root:Processing 195234 pixels (1194510 26020.022, 26152.442).
INFO:root:Sliding offset 0, 0. Add 4845 units, median count 113.0, 1177054 units so far.
INFO:root:Sliding offset 0, 1. Add 4909 units, median count 113.0, 1181963 units so far.
INFO:root:Sliding offset 1, 0. Add 4859 units, median count 113.0, 1186822 units so far.
INFO:root:Sliding offset 1, 1. Add 4900 units, median count 113.0, 1191722 units so far.
INFO:root:Left over size 200975 (26128, 26152).
INFO:root:Processing 227686 pixels (1200975 26128.443, 26286.788).
INFO:root:Sliding offset 0, 0. Add 5731 units, median count 100.0, 1197453 units so far.
INFO:root:Sliding offset 0, 1. Add 5689 units, median count 101.0, 1203142 units so far.
INFO:root:Sliding offset 1, 0. Add 5710 units, median count 101.0, 1208852 units so far.
INFO:root:Sliding offset 1, 1. Add 5678 units, median count 102.0, 1214530 units so far.
INFO:root:Left over size 182539 (26263, 26287).
INFO:root:Processing 237523 pixels (1182539 26262.789, 26433.707).
INFO:root:Sliding offset 0, 0. Add 5817 units, median count 96.0, 1220347 units so far.
INFO:root:Sliding offset 0, 1. Add 5756 units, median count 95.0, 1226103 units so far.
INFO:root:Sliding offset 1, 0. Add 5809 units, median count 96.0, 1231912 units so far.
INFO:root:Sliding offset 1, 1. Add 5802 units, median count 96.0, 1237714 units so far.
INFO:root:Left over size 158029 (26410, 26434).
INFO:root:Processing 133536 pixels (640840 26409.708, 26556.379).
INFO:root:Sliding offset 0, 0. Add 2653 units, median count 87.0, 1240367 units so far.
INFO:root:Sliding offset 0, 1. Add 2686 units, median count 88.0, 1243053 units so far.
INFO:root:Sliding offset 1, 0. Add 2648 units, median count 87.0, 1245701 units so far.
INFO:root:Sliding offset 1, 1. Add 2670 units, median count 88.0, 1248371 units so far.
INFO:root:Left over size 11533 (26532, 26556).
['X', 'Y', 'gene', 'Count']
sort -k 1,1n /dcs05/lieber/marmaypag/xenium_NAC_LIBD4125/xenium_NAC/processed-data/HD_Full_Analysis/FICTURE/outputs/H1-XKYDCP3_D1/nF_8/hexagon.d_12.tsv | gzip -c > /dcs05/lieber/marmaypag/xenium_NAC_LIBD4125/xenium_NAC/processed-data/HD_Full_Analysis/FICTURE/outputs/H1-XKYDCP3_D1/nF_8/hexagon.d_12.tsv.gz
rm /dcs05/lieber/marmaypag/xenium_NAC_LIBD4125/xenium_NAC/processed-data/HD_Full_Analysis/FICTURE/outputs/H1-XKYDCP3_D1/nF_8/hexagon.d_12.tsv
--------------------------------------------------------------
Creating LDA for 12um and 8 factors...
--------------------------------------------------------------
mkdir -p /dcs05/lieber/marmaypag/xenium_NAC_LIBD4125/xenium_NAC/processed-data/HD_Full_Analysis/FICTURE/outputs/H1-XKYDCP3_D1/nF_8/analysis/nF8.d_12/figure
ficture fit_model --input /dcs05/lieber/marmaypag/xenium_NAC_LIBD4125/xenium_NAC/processed-data/HD_Full_Analysis/FICTURE/outputs/H1-XKYDCP3_D1/nF_8/hexagon.d_12.tsv.gz --output /dcs05/lieber/marmaypag/xenium_NAC_LIBD4125/xenium_NAC/processed-data/HD_Full_Analysis/FICTURE/outputs/H1-XKYDCP3_D1/nF_8/analysis/nF8.d_12/nF8.d_12  --nFactor 8 --epoch 3 --epoch_id_length 2 --unit_attr X Y --key Count --min_ct_per_feature 20 --test_split 0.5 --R 10 --fractional-count 0 --thread 1
INFO:root:Read data with 310141 units, 15921 features
INFO:root:0: -2887.15, -2897.79
INFO:root:Counter({0: 51292, 5: 22936, 7: 18144, 3: 15197, 2: 14527, 4: 14033, 1: 11757, 6: 7185})
INFO:root:Computing naive DE for 14042 genes
INFO:root:R=0, 9.64, 8.69, 302.37s
INFO:root:1: -2885.33, -2895.96
INFO:root:Counter({0: 46995, 5: 27696, 2: 18439, 1: 17591, 3: 16336, 7: 14614, 4: 7399, 6: 6001})
INFO:root:Computing naive DE for 14044 genes
INFO:root:R=1, 10.59, 9.34, 295.20s
INFO:root:2: -2887.00, -2897.60
INFO:root:Counter({0: 56308, 7: 18660, 1: 17272, 4: 15809, 5: 14674, 2: 13759, 6: 12562, 3: 6027})
INFO:root:Computing naive DE for 14043 genes
INFO:root:R=2, 10.18, 8.67, 314.63s
INFO:root:3: -2886.37, -2897.02
INFO:root:Counter({0: 57971, 2: 23629, 4: 18626, 7: 17403, 3: 12871, 1: 10987, 6: 6800, 5: 6784})
INFO:root:Computing naive DE for 14042 genes
INFO:root:R=3, 8.29, 7.87, 306.53s
INFO:root:4: -2888.18, -2898.79
INFO:root:Counter({0: 58816, 4: 20805, 7: 16661, 1: 15736, 5: 13107, 2: 12972, 6: 12312, 3: 4662})
INFO:root:Computing naive DE for 14043 genes
INFO:root:R=4, 12.23, 8.63, 316.36s
INFO:root:5: -2885.06, -2895.66
INFO:root:Counter({0: 46420, 1: 27302, 7: 18084, 3: 16127, 4: 14788, 5: 14757, 2: 12171, 6: 5422})
INFO:root:Computing naive DE for 14043 genes
INFO:root:R=5, 11.13, 9.23, 299.98s
INFO:root:6: -2885.92, -2896.53
INFO:root:Counter({0: 53847, 5: 22674, 3: 16818, 7: 14868, 1: 14146, 2: 13738, 6: 9987, 4: 8993})
INFO:root:Computing naive DE for 14042 genes
INFO:root:R=6, 8.99, 7.12, 304.04s
INFO:root:7: -2885.20, -2895.82
INFO:root:Counter({0: 58178, 2: 23557, 4: 19021, 5: 13564, 7: 13302, 6: 11398, 1: 9110, 3: 6941})
INFO:root:Computing naive DE for 14042 genes
INFO:root:R=7, 7.89, 6.78, 301.31s
INFO:root:8: -2885.92, -2896.53
INFO:root:Counter({0: 42702, 1: 36702, 3: 15391, 7: 15317, 5: 14754, 2: 11731, 4: 10531, 6: 7943})
INFO:root:Computing naive DE for 14043 genes
INFO:root:R=8, 11.12, 9.47, 296.33s
INFO:root:9: -2885.85, -2896.48
INFO:root:Counter({0: 53748, 1: 23070, 7: 16860, 2: 16522, 3: 15030, 5: 13726, 4: 9846, 6: 6269})
INFO:root:Computing naive DE for 14042 genes
INFO:root:R=9, 9.13, 9.20, 295.06s
INFO:root:Result file /dcs05/lieber/marmaypag/xenium_NAC_LIBD4125/xenium_NAC/processed-data/HD_Full_Analysis/FICTURE/outputs/H1-XKYDCP3_D1/nF_8/analysis/nF8.d_12/nF8.d_12.fit_result.tsv.gz
R
4    12.230397
5    11.132568
8    11.117167
1    10.588591
2    10.176508
0     9.638158
9     9.125331
6     8.987435
3     8.285775
7     7.888498
Name: Score, dtype: float64
ficture choose_color --input /dcs05/lieber/marmaypag/xenium_NAC_LIBD4125/xenium_NAC/processed-data/HD_Full_Analysis/FICTURE/outputs/H1-XKYDCP3_D1/nF_8/analysis/nF8.d_12/nF8.d_12.fit_result.tsv.gz --output /dcs05/lieber/marmaypag/xenium_NAC_LIBD4125/xenium_NAC/processed-data/HD_Full_Analysis/FICTURE/outputs/H1-XKYDCP3_D1/nF_8/analysis/nF8.d_12/figure/nF8.d_12 --cmap_name turbo
ficture plot_base --input /dcs05/lieber/marmaypag/xenium_NAC_LIBD4125/xenium_NAC/processed-data/HD_Full_Analysis/FICTURE/outputs/H1-XKYDCP3_D1/nF_8/analysis/nF8.d_12/nF8.d_12.fit_result.tsv.gz --output /dcs05/lieber/marmaypag/xenium_NAC_LIBD4125/xenium_NAC/processed-data/HD_Full_Analysis/FICTURE/outputs/H1-XKYDCP3_D1/nF_8/analysis/nF8.d_12/figure/nF8.d_12.coarse --fill_range 7.0 --color_table /dcs05/lieber/marmaypag/xenium_NAC_LIBD4125/xenium_NAC/processed-data/HD_Full_Analysis/FICTURE/outputs/H1-XKYDCP3_D1/nF_8/analysis/nF8.d_12/figure/nF8.d_12.rgb.tsv --plot_um_per_pixel 1 --plot_discretized
/jhpce/shared/libd/core/visium_hd/1.0/hd_env/lib/python3.9/site-packages/ficture/scripts/plot_base.py:131: FutureWarning: The provided callable <function mean at 0x7f56970e4e50> is currently using SeriesGroupBy.mean. In a future version of pandas, the provided callable will be used directly. To keep current behavior pass the string "mean" instead.
  chunk = chunk.groupby(by = ['x_indx', 'y_indx']).agg({ x:np.mean for x in factor_header }).reset_index()
/jhpce/shared/libd/core/visium_hd/1.0/hd_env/lib/python3.9/site-packages/ficture/scripts/plot_base.py:134: FutureWarning: The provided callable <function mean at 0x7f56970e4e50> is currently using SeriesGroupBy.mean. In a future version of pandas, the provided callable will be used directly. To keep current behavior pass the string "mean" instead.
  df = df.groupby(by = ['x_indx', 'y_indx']).agg({ x:np.mean for x in factor_header }).reset_index()
INFO:root:Read region 310141 pixels in region 6301.0 x 6777.0
INFO:root:Filling pixels 0 - 500 / 6776
INFO:root:Filling pixels 500 - 1000 / 6776
INFO:root:Filling pixels 1000 - 1500 / 6776
INFO:root:Filling pixels 1500 - 2000 / 6776
INFO:root:Filling pixels 2000 - 2500 / 6776
INFO:root:Filling pixels 2500 - 3000 / 6776
INFO:root:Filling pixels 3000 - 3500 / 6776
INFO:root:Filling pixels 3500 - 4000 / 6776
INFO:root:Filling pixels 4000 - 4500 / 6776
INFO:root:Filling pixels 4500 - 5000 / 6776
INFO:root:Filling pixels 5000 - 5500 / 6776
INFO:root:Filling pixels 5500 - 6000 / 6776
INFO:root:Filling pixels 6000 - 6500 / 6776
INFO:root:Filling pixels 6500 - 6776 / 6776
INFO:root:Start constructing RGB image
INFO:root:Made fractional image
/dcs05/lieber/marmaypag/xenium_NAC_LIBD4125/xenium_NAC/processed-data/HD_Full_Analysis/FICTURE/outputs/H1-XKYDCP3_D1/nF_8/analysis/nF8.d_12/figure/nF8.d_12.coarse.png
INFO:root:Made hard threshold image
/dcs05/lieber/marmaypag/xenium_NAC_LIBD4125/xenium_NAC/processed-data/HD_Full_Analysis/FICTURE/outputs/H1-XKYDCP3_D1/nF_8/analysis/nF8.d_12/figure/nF8.d_12.coarse.top.png
6777 500
touch /dcs05/lieber/marmaypag/xenium_NAC_LIBD4125/xenium_NAC/processed-data/HD_Full_Analysis/FICTURE/outputs/H1-XKYDCP3_D1/nF_8/analysis/nF8.d_12/nF8.d_12.done
--------------------------------------------------------------
Creating projection for 12um and 8 factors, at 12um
--------------------------------------------------------------
--------------------------------------------------------------
Performing pixel-level decoding..
--------------------------------------------------------------
--------------------------------------------------------------
Sorting and reformatting the pixel-level output..
--------------------------------------------------------------
--------------------------------------------------------------
Performing pseudo-bulk differential expression analysis..
--------------------------------------------------------------
--------------------------------------------------------------
Drawing pixel-level output image...
--------------------------------------------------------------
ficture transform --input /dcs05/lieber/marmaypag/xenium_NAC_LIBD4125/xenium_NAC/processed-data/HD_Full_Analysis/FICTURE/inputs/H1-XKYDCP3_D1/transcripts.sorted.tsv.gz --output_pref /dcs05/lieber/marmaypag/xenium_NAC_LIBD4125/xenium_NAC/processed-data/HD_Full_Analysis/FICTURE/outputs/H1-XKYDCP3_D1/nF_8/analysis/nF8.d_12/nF8.d_12.prj_12.r_4 --model /dcs05/lieber/marmaypag/xenium_NAC_LIBD4125/xenium_NAC/processed-data/HD_Full_Analysis/FICTURE/outputs/H1-XKYDCP3_D1/nF_8/analysis/nF8.d_12/nF8.d_12.model.p --key Count --major_axis X --hex_width 12 --n_move 3 --min_ct_per_unit 20 --mu_scale 1.0 --thread 1 --precision 2
INFO:root:Model loaded with 15921 features and 8 factors
INFO:root:Transformed 1 batches with total 79162 units, 0.452955min
INFO:root:Transformed 2 batches with total 163485 units, 1.368609min
INFO:root:Transformed 3 batches with total 225808 units, 2.227988min
INFO:root:Transformed 4 batches with total 317398 units, 3.455310min
INFO:root:Transformed 5 batches with total 396135 units, 4.629010min
INFO:root:Transformed 6 batches with total 469582 units, 5.915619min
INFO:root:Transformed 7 batches with total 544479 units, 7.171188min
INFO:root:Transformed 8 batches with total 613769 units, 8.400634min
INFO:root:Transformed 9 batches with total 691105 units, 9.642802min
INFO:root:Transformed 10 batches with total 766395 units, 10.804753min
INFO:root:Transformed 11 batches with total 838660 units, 11.954928min
INFO:root:Transformed 12 batches with total 912147 units, 13.113363min
INFO:root:Transformed 13 batches with total 978689 units, 14.212658min
INFO:root:Transformed 14 batches with total 1040203 units, 15.291655min
INFO:root:Transformed 15 batches with total 1119460 units, 16.713044min
INFO:root:Transformed 16 batches with total 1199177 units, 18.188865min
INFO:root:Transformed 17 batches with total 1259308 units, 19.337195min
INFO:root:Transformed 18 batches with total 1318382 units, 20.502613min
INFO:root:Transformed 19 batches with total 1397644 units, 22.032654min
INFO:root:Transformed 20 batches with total 1460880 units, 23.220610min
INFO:root:Transformed 21 batches with total 1527574 units, 24.356429min
INFO:root:Transformed 22 batches with total 1596146 units, 25.534220min
INFO:root:Transformed 23 batches with total 1662902 units, 26.725817min
INFO:root:Transformed 24 batches with total 1728713 units, 27.906894min
INFO:root:Transformed 25 batches with total 1789874 units, 29.069555min
INFO:root:Transformed 26 batches with total 1853469 units, 30.222013min
INFO:root:Transformed 27 batches with total 1914163 units, 31.353955min
INFO:root:Transformed 28 batches with total 1978004 units, 32.517197min
INFO:root:Transformed 29 batches with total 2041840 units, 33.662709min
INFO:root:Transformed 30 batches with total 2114304 units, 34.873908min
INFO:root:Transformed 31 batches with total 2188733 units, 36.101235min
INFO:root:Transformed 32 batches with total 2274783 units, 37.263017min
INFO:root:Transformed 33 batches with total 2337557 units, 38.083018min
INFO:root:Transformed 34 batches with total 2409030 units, 38.912182min
INFO:root:Transformed 35 batches with total 2488021 units, 39.756317min
INFO:root:Transformed 36 batches with total 2572014 units, 40.614168min
INFO:root:Transformed 37 batches with total 2654602 units, 41.475002min
INFO:root:Transformed 38 batches with total 2765434 units, 42.372168min
INFO:root:Transformed 39 batches with total 2880519 units, 43.274156min
INFO:root:Transformed 40 batches with total 2948903 units, 43.794450min
INFO:root:Transformed 41 batches with total 2988512 units, 44.072213min
ficture slda_decode --input /dcs05/lieber/marmaypag/xenium_NAC_LIBD4125/xenium_NAC/processed-data/HD_Full_Analysis/FICTURE/outputs/H1-XKYDCP3_D1/nF_8/batched.matrix.tsv.gz --output /dcs05/lieber/marmaypag/xenium_NAC_LIBD4125/xenium_NAC/processed-data/HD_Full_Analysis/FICTURE/outputs/H1-XKYDCP3_D1/nF_8/analysis/nF8.d_12/nF8.d_12.decode.prj_12.r_4_5 --model /dcs05/lieber/marmaypag/xenium_NAC_LIBD4125/xenium_NAC/processed-data/HD_Full_Analysis/FICTURE/outputs/H1-XKYDCP3_D1/nF_8/analysis/nF8.d_12/nF8.d_12.model.p --anchor /dcs05/lieber/marmaypag/xenium_NAC_LIBD4125/xenium_NAC/processed-data/HD_Full_Analysis/FICTURE/outputs/H1-XKYDCP3_D1/nF_8/analysis/nF8.d_12/nF8.d_12.prj_12.r_4.fit_result.tsv.gz --anchor_in_um --neighbor_radius 5 --mu_scale 1.0 --key Count --precision 0.1 --lite_topk_output_pixel 3 --lite_topk_output_anchor 3 --thread 1
INFO:root:15921 genes and 8 factors are read from input model
INFO:root:Read 2955110 grid points
INFO:root:Read 64356 pixels, forming 12 batches.
INFO:root:Read 12 batches ((64356, 15921))
INFO:root:Output 68845 pixels and 21128 anchors
INFO:root:Read 140841 pixels, forming 9 batches.
INFO:root:Read 9 batches ((140841, 15921))
INFO:root:Output 152712 pixels and 50605 anchors
INFO:root:Read 78396 pixels, forming 3 batches.
INFO:root:Read 3 batches ((78396, 15921))
INFO:root:Output 78048 pixels and 25513 anchors
INFO:root:Read 29081 pixels, forming 2 batches.
INFO:root:Read 2 batches ((29081, 15921))
INFO:root:Output 28922 pixels and 8963 anchors
INFO:root:Read 53810 pixels, forming 1 batches.
INFO:root:Read 1 batches ((53810, 15921))
INFO:root:Output 53637 pixels and 16629 anchors
INFO:root:Read 24201 pixels, forming 1 batches.
INFO:root:Read 1 batches ((24201, 15921))
INFO:root:Output 24145 pixels and 7128 anchors
INFO:root:Read 104230 pixels, forming 2 batches.
INFO:root:Read 2 batches ((104230, 15921))
INFO:root:Output 108903 pixels and 30397 anchors
INFO:root:Read 64062 pixels, forming 1 batches.
INFO:root:Read 1 batches ((64062, 15921))
INFO:root:Output 63857 pixels and 18662 anchors
INFO:root:Read 37171 pixels, forming 1 batches.
INFO:root:Read 1 batches ((37171, 15921))
INFO:root:Output 37121 pixels and 10944 anchors
INFO:root:Read 84750 pixels, forming 2 batches.
INFO:root:Read 2 batches ((84750, 15921))
INFO:root:Output 84415 pixels and 25240 anchors
INFO:root:Read 69119 pixels, forming 2 batches.
INFO:root:Read 2 batches ((69119, 15921))
INFO:root:Output 72304 pixels and 20075 anchors
INFO:root:Read 67656 pixels, forming 2 batches.
INFO:root:Read 2 batches ((67656, 15921))
INFO:root:Output 67383 pixels and 20402 anchors
INFO:root:Read 75766 pixels, forming 2 batches.
INFO:root:Read 2 batches ((75766, 15921))
INFO:root:Output 75650 pixels and 23866 anchors
INFO:root:Read 98017 pixels, forming 2 batches.
INFO:root:Read 2 batches ((98017, 15921))
INFO:root:Output 102382 pixels and 29459 anchors
INFO:root:Read 46933 pixels, forming 1 batches.
INFO:root:Read 1 batches ((46933, 15921))
INFO:root:Output 46877 pixels and 14447 anchors
INFO:root:Read 128617 pixels, forming 3 batches.
INFO:root:Read 3 batches ((128617, 15921))
INFO:root:Output 131247 pixels and 39766 anchors
INFO:root:Read 13372 pixels, forming 1 batches.
INFO:root:Read 1 batches ((13372, 15921))
INFO:root:Output 13269 pixels and 3933 anchors
INFO:root:Read 70256 pixels, forming 2 batches.
INFO:root:Read 2 batches ((70256, 15921))
INFO:root:Output 70122 pixels and 21667 anchors
INFO:root:Read 87534 pixels, forming 2 batches.
INFO:root:Read 2 batches ((87534, 15921))
INFO:root:Output 91940 pixels and 25458 anchors
INFO:root:Read 14499 pixels, forming 1 batches.
INFO:root:Read 1 batches ((14499, 15921))
INFO:root:Output 14454 pixels and 4290 anchors
INFO:root:Read 85106 pixels, forming 2 batches.
INFO:root:Read 2 batches ((85106, 15921))
INFO:root:Output 84960 pixels and 24711 anchors
INFO:root:Read 91953 pixels, forming 2 batches.
INFO:root:Read 2 batches ((91953, 15921))
INFO:root:Output 97015 pixels and 26685 anchors
INFO:root:Read 63416 pixels, forming 1 batches.
INFO:root:Read 1 batches ((63416, 15921))
INFO:root:Output 63269 pixels and 18447 anchors
INFO:root:Read 63587 pixels, forming 1 batches.
INFO:root:Read 1 batches ((63587, 15921))
INFO:root:Output 63429 pixels and 18447 anchors
INFO:root:Read 34196 pixels, forming 1 batches.
INFO:root:Read 1 batches ((34196, 15921))
INFO:root:Output 34114 pixels and 9938 anchors
INFO:root:Read 93581 pixels, forming 2 batches.
INFO:root:Read 2 batches ((93581, 15921))
INFO:root:Output 97158 pixels and 27156 anchors
INFO:root:Read 63299 pixels, forming 1 batches.
INFO:root:Read 1 batches ((63299, 15921))
INFO:root:Output 63139 pixels and 18447 anchors
INFO:root:Read 39553 pixels, forming 1 batches.
INFO:root:Read 1 batches ((39553, 15921))
INFO:root:Output 39553 pixels and 11813 anchors
INFO:root:Read 97396 pixels, forming 2 batches.
INFO:root:Read 2 batches ((97396, 15921))
INFO:root:Output 100933 pixels and 28836 anchors
INFO:root:Read 56743 pixels, forming 1 batches.
INFO:root:Read 1 batches ((56743, 15921))
INFO:root:Output 56709 pixels and 18181 anchors
INFO:root:Read 13617 pixels, forming 1 batches.
INFO:root:Read 1 batches ((13617, 15921))
INFO:root:Output 13533 pixels and 3933 anchors
INFO:root:Read 78366 pixels, forming 2 batches.
INFO:root:Read 2 batches ((78366, 15921))
INFO:root:Output 78149 pixels and 23050 anchors
INFO:root:Read 104782 pixels, forming 2 batches.
INFO:root:Read 2 batches ((104782, 15921))
INFO:root:Output 111055 pixels and 30350 anchors
INFO:root:Read 1435 pixels, forming 1 batches.
INFO:root:Read 1 batches ((1435, 15921))
INFO:root:Output 1360 pixels and 429 anchors
INFO:root:Read 130898 pixels, forming 2 batches.
INFO:root:Read 2 batches ((130898, 15921))
INFO:root:Output 138007 pixels and 37681 anchors
INFO:root:Read 22745 pixels, forming 1 batches.
INFO:root:Read 1 batches ((22745, 15921))
INFO:root:Output 22656 pixels and 6578 anchors
INFO:root:Read 94036 pixels, forming 2 batches.
INFO:root:Read 2 batches ((94036, 15921))
INFO:root:Output 93888 pixels and 27160 anchors
INFO:root:Read 73593 pixels, forming 2 batches.
INFO:root:Read 2 batches ((73593, 15921))
INFO:root:Output 73466 pixels and 21296 anchors
INFO:root:Read 46633 pixels, forming 2 batches.
INFO:root:Read 2 batches ((46633, 15921))
INFO:root:Output 46474 pixels and 13513 anchors
INFO:root:Read 90776 pixels, forming 2 batches.
INFO:root:Read 2 batches ((90776, 15921))
INFO:root:Output 94961 pixels and 27083 anchors
INFO:root:Read 63846 pixels, forming 1 batches.
INFO:root:Read 1 batches ((63846, 15921))
INFO:root:Output 63652 pixels and 19019 anchors
INFO:root:Read 68668 pixels, forming 1 batches.
INFO:root:Read 1 batches ((68668, 15921))
INFO:root:Output 68629 pixels and 20428 anchors
INFO:root:Read 72838 pixels, forming 2 batches.
INFO:root:Read 2 batches ((72838, 15921))
INFO:root:Output 73606 pixels and 21546 anchors
INFO:root:Read 53598 pixels, forming 1 batches.
INFO:root:Read 1 batches ((53598, 15921))
INFO:root:Output 53595 pixels and 17328 anchors
INFO:root:Read 59301 pixels, forming 1 batches.
INFO:root:Read 1 batches ((59301, 15921))
INFO:root:Output 59148 pixels and 18016 anchors
INFO:root:Read 19825 pixels, forming 1 batches.
INFO:root:Read 1 batches ((19825, 15921))
INFO:root:Output 19825 pixels and 5832 anchors
INFO:root:Read 105168 pixels, forming 2 batches.
INFO:root:Read 2 batches ((105168, 15921))
INFO:root:Output 110247 pixels and 30474 anchors
INFO:root:Read 13568 pixels, forming 1 batches.
INFO:root:Read 1 batches ((13568, 15921))
INFO:root:Output 13523 pixels and 4004 anchors
INFO:root:Read 111860 pixels, forming 2 batches.
INFO:root:Read 2 batches ((111860, 15921))
INFO:root:Output 117168 pixels and 32104 anchors
INFO:root:Read 11067 pixels, forming 1 batches.
INFO:root:Read 1 batches ((11067, 15921))
INFO:root:Output 10989 pixels and 3218 anchors
INFO:root:Read 114289 pixels, forming 2 batches.
INFO:root:Read 2 batches ((114289, 15921))
INFO:root:Output 120462 pixels and 33016 anchors
INFO:root:Read 23763 pixels, forming 1 batches.
INFO:root:Read 1 batches ((23763, 15921))
INFO:root:Output 23617 pixels and 6864 anchors
INFO:root:Read 101573 pixels, forming 2 batches.
INFO:root:Read 2 batches ((101573, 15921))
INFO:root:Output 105708 pixels and 29243 anchors
INFO:root:Read 25519 pixels, forming 1 batches.
INFO:root:Read 1 batches ((25519, 15921))
INFO:root:Output 25415 pixels and 7436 anchors
INFO:root:Read 97653 pixels, forming 2 batches.
INFO:root:Read 2 batches ((97653, 15921))
INFO:root:Output 101514 pixels and 28668 anchors
INFO:root:Read 61393 pixels, forming 1 batches.
INFO:root:Read 1 batches ((61393, 15921))
INFO:root:Output 61156 pixels and 18018 anchors
INFO:root:Read 72904 pixels, forming 1 batches.
INFO:root:Read 1 batches ((72904, 15921))
INFO:root:Output 72900 pixels and 21543 anchors
INFO:root:Read 11155 pixels, forming 1 batches.
INFO:root:Read 1 batches ((11155, 15921))
INFO:root:Output 11138 pixels and 3289 anchors
INFO:root:Read 100292 pixels, forming 2 batches.
INFO:root:Read 2 batches ((100292, 15921))
INFO:root:Output 106897 pixels and 30182 anchors
INFO:root:Read 12463 pixels, forming 1 batches.
INFO:root:Read 1 batches ((12463, 15921))
INFO:root:Output 12463 pixels and 3672 anchors
INFO:root:Read 120288 pixels, forming 2 batches.
INFO:root:Read 2 batches ((120288, 15921))
INFO:root:Output 126723 pixels and 34715 anchors
INFO:root:Read 11333 pixels, forming 1 batches.
INFO:root:Read 1 batches ((11333, 15921))
INFO:root:Output 11292 pixels and 3360 anchors
INFO:root:Read 121443 pixels, forming 2 batches.
INFO:root:Read 2 batches ((121443, 15921))
INFO:root:Output 127474 pixels and 34891 anchors
INFO:root:Read 66396 pixels, forming 1 batches.
INFO:root:Read 1 batches ((66396, 15921))
INFO:root:Output 66396 pixels and 19224 anchors
INFO:root:Read 10895 pixels, forming 1 batches.
INFO:root:Read 1 batches ((10895, 15921))
INFO:root:Output 10857 pixels and 3218 anchors
INFO:root:Read 121786 pixels, forming 2 batches.
INFO:root:Read 2 batches ((121786, 15921))
INFO:root:Output 127858 pixels and 35036 anchors
INFO:root:Read 66229 pixels, forming 1 batches.
INFO:root:Read 1 batches ((66229, 15921))
INFO:root:Output 66229 pixels and 19224 anchors
INFO:root:Read 33970 pixels, forming 1 batches.
INFO:root:Read 1 batches ((33970, 15921))
INFO:root:Output 33888 pixels and 9938 anchors
INFO:root:Read 97703 pixels, forming 2 batches.
INFO:root:Read 2 batches ((97703, 15921))
INFO:root:Output 101092 pixels and 28313 anchors
INFO:root:Read 9065 pixels, forming 1 batches.
INFO:root:Read 1 batches ((9065, 15921))
INFO:root:Output 9065 pixels and 2789 anchors
INFO:root:Read 132445 pixels, forming 2 batches.
INFO:root:Read 2 batches ((132445, 15921))
INFO:root:Output 139426 pixels and 39317 anchors
INFO:root:Read 24318 pixels, forming 1 batches.
INFO:root:Read 1 batches ((24318, 15921))
INFO:root:Output 24255 pixels and 7078 anchors
INFO:root:Read 83626 pixels, forming 2 batches.
INFO:root:Read 2 batches ((83626, 15921))
INFO:root:Output 88842 pixels and 25261 anchors
INFO:root:Read 68309 pixels, forming 1 batches.
INFO:root:Read 1 batches ((68309, 15921))
INFO:root:Output 68131 pixels and 19662 anchors
INFO:root:Read 15322 pixels, forming 1 batches.
INFO:root:Read 1 batches ((15322, 15921))
INFO:root:Output 15275 pixels and 4433 anchors
INFO:root:Read 88263 pixels, forming 2 batches.
INFO:root:Read 2 batches ((88263, 15921))
INFO:root:Output 87937 pixels and 25454 anchors
INFO:root:Read 101330 pixels, forming 2 batches.
INFO:root:Read 2 batches ((101330, 15921))
INFO:root:Output 106622 pixels and 29244 anchors
INFO:root:Read 25376 pixels, forming 1 batches.
INFO:root:Read 1 batches ((25376, 15921))
INFO:root:Output 25294 pixels and 7364 anchors
INFO:root:Read 94090 pixels, forming 2 batches.
INFO:root:Read 2 batches ((94090, 15921))
INFO:root:Output 93752 pixels and 27099 anchors
INFO:root:Read 85279 pixels, forming 2 batches.
INFO:root:Read 2 batches ((85279, 15921))
INFO:root:Output 89906 pixels and 24667 anchors
INFO:root:Read 2136 pixels, forming 1 batches.
INFO:root:Read 1 batches ((2136, 15921))
INFO:root:Output 2119 pixels and 710 anchors
INFO:root:Read 100120 pixels, forming 2 batches.
INFO:root:Read 2 batches ((100120, 15921))
INFO:root:Output 99795 pixels and 29100 anchors
INFO:root:Read 99828 pixels, forming 2 batches.
INFO:root:Read 2 batches ((99828, 15921))
INFO:root:Output 103417 pixels and 29315 anchors
INFO:root:Read 33286 pixels, forming 1 batches.
INFO:root:Read 1 batches ((33286, 15921))
INFO:root:Output 33286 pixels and 9860 anchors
INFO:root:Read 156749 pixels, forming 3 batches.
INFO:root:Read 3 batches ((156749, 15921))
INFO:root:Output 161216 pixels and 47153 anchors
INFO:root:Read 29585 pixels, forming 1 batches.
INFO:root:Read 1 batches ((29585, 15921))
INFO:root:Output 29501 pixels and 8580 anchors
INFO:root:Read 101804 pixels, forming 2 batches.
INFO:root:Read 2 batches ((101804, 15921))
INFO:root:Output 106209 pixels and 29949 anchors
INFO:root:Read 66480 pixels, forming 1 batches.
INFO:root:Read 1 batches ((66480, 15921))
INFO:root:Output 66277 pixels and 19162 anchors
INFO:root:Read 25448 pixels, forming 1 batches.
INFO:root:Read 1 batches ((25448, 15921))
INFO:root:Output 25383 pixels and 7436 anchors
INFO:root:Read 107260 pixels, forming 2 batches.
INFO:root:Read 2 batches ((107260, 15921))
INFO:root:Output 112135 pixels and 31093 anchors
INFO:root:Read 17537 pixels, forming 1 batches.
INFO:root:Read 1 batches ((17537, 15921))
INFO:root:Output 17537 pixels and 5184 anchors
INFO:root:Read 115130 pixels, forming 2 batches.
INFO:root:Read 2 batches ((115130, 15921))
INFO:root:Output 120911 pixels and 33346 anchors
INFO:root:Read 28623 pixels, forming 1 batches.
INFO:root:Read 1 batches ((28623, 15921))
INFO:root:Output 28548 pixels and 8365 anchors
INFO:root:Read 103305 pixels, forming 2 batches.
INFO:root:Read 2 batches ((103305, 15921))
INFO:root:Output 107212 pixels and 30030 anchors
INFO:root:Read 37866 pixels, forming 1 batches.
INFO:root:Read 1 batches ((37866, 15921))
INFO:root:Output 37744 pixels and 11083 anchors
INFO:root:Read 76806 pixels, forming 2 batches.
INFO:root:Read 2 batches ((76806, 15921))
INFO:root:Output 76778 pixels and 22585 anchors
INFO:root:Read 82618 pixels, forming 2 batches.
INFO:root:Read 2 batches ((82618, 15921))
INFO:root:Output 85632 pixels and 24095 anchors
INFO:root:Read 24480 pixels, forming 1 batches.
INFO:root:Read 1 batches ((24480, 15921))
INFO:root:Output 24422 pixels and 7920 anchors
INFO:root:Read 105885 pixels, forming 2 batches.
INFO:root:Read 2 batches ((105885, 15921))
INFO:root:Output 105864 pixels and 31871 anchors
INFO:root:Read 5776 pixels, forming 1 batches.
INFO:root:Read 1 batches ((5776, 15921))
INFO:root:Output 5712 pixels and 1716 anchors
INFO:root:Read 118104 pixels, forming 2 batches.
INFO:root:Read 2 batches ((118104, 15921))
INFO:root:Output 124844 pixels and 34517 anchors
INFO:root:Read 62701 pixels, forming 1 batches.
INFO:root:Read 1 batches ((62701, 15921))
INFO:root:Output 62493 pixels and 18018 anchors
INFO:root:Read 9597 pixels, forming 1 batches.
INFO:root:Read 1 batches ((9597, 15921))
INFO:root:Output 9532 pixels and 2789 anchors
INFO:root:Read 66794 pixels, forming 2 batches.
INFO:root:Read 2 batches ((66794, 15921))
INFO:root:Output 66680 pixels and 19360 anchors
INFO:root:Read 111569 pixels, forming 2 batches.
INFO:root:Read 2 batches ((111569, 15921))
INFO:root:Output 117351 pixels and 32175 anchors
INFO:root:Read 3748 pixels, forming 1 batches.
INFO:root:Read 1 batches ((3748, 15921))
INFO:root:Output 3691 pixels and 1144 anchors
INFO:root:Read 63016 pixels, forming 2 batches.
INFO:root:Read 2 batches ((63016, 15921))
INFO:root:Output 62904 pixels and 18286 anchors
INFO:root:Read 121387 pixels, forming 2 batches.
INFO:root:Read 2 batches ((121387, 15921))
INFO:root:Output 127889 pixels and 34964 anchors
INFO:root:Read 26143 pixels, forming 1 batches.
INFO:root:Read 1 batches ((26143, 15921))
INFO:root:Output 26025 pixels and 7579 anchors
INFO:root:Read 97914 pixels, forming 2 batches.
INFO:root:Read 2 batches ((97914, 15921))
INFO:root:Output 102074 pixels and 28654 anchors
INFO:root:Read 61076 pixels, forming 1 batches.
INFO:root:Read 1 batches ((61076, 15921))
INFO:root:Output 60865 pixels and 18018 anchors
INFO:root:Read 23644 pixels, forming 1 batches.
INFO:root:Read 1 batches ((23644, 15921))
INFO:root:Output 23613 pixels and 7431 anchors
INFO:root:Read 102994 pixels, forming 2 batches.
INFO:root:Read 2 batches ((102994, 15921))
INFO:root:Output 102927 pixels and 30978 anchors
INFO:root:Read 66102 pixels, forming 2 batches.
INFO:root:Read 2 batches ((66102, 15921))
INFO:root:Output 69868 pixels and 20294 anchors
INFO:root:Read 555 pixels, forming 1 batches.
INFO:root:Read 1 batches ((555, 15921))
INFO:root:Output 522 pixels and 214 anchors
INFO:root:Read 126010 pixels, forming 2 batches.
INFO:root:Read 2 batches ((126010, 15921))
INFO:root:Output 132688 pixels and 36889 anchors
INFO:root:Read 3255 pixels, forming 1 batches.
INFO:root:Read 1 batches ((3255, 15921))
INFO:root:Output 3242 pixels and 1001 anchors
INFO:root:Read 125008 pixels, forming 2 batches.
INFO:root:Read 2 batches ((125008, 15921))
INFO:root:Output 132358 pixels and 36237 anchors
INFO:root:Read 63902 pixels, forming 1 batches.
INFO:root:Read 1 batches ((63902, 15921))
INFO:root:Output 63727 pixels and 18519 anchors
INFO:root:Read 4786 pixels, forming 1 batches.
INFO:root:Read 1 batches ((4786, 15921))
INFO:root:Output 4757 pixels and 1430 anchors
INFO:root:Read 122226 pixels, forming 2 batches.
INFO:root:Read 2 batches ((122226, 15921))
INFO:root:Output 129337 pixels and 35730 anchors
INFO:root:Read 557 pixels, forming 1 batches.
INFO:root:Read 1 batches ((557, 15921))
INFO:root:Output 519 pixels and 214 anchors
INFO:root:Read 126820 pixels, forming 2 batches.
INFO:root:Read 2 batches ((126820, 15921))
INFO:root:Output 134394 pixels and 37022 anchors
INFO:root:Read 62507 pixels, forming 1 batches.
INFO:root:Read 1 batches ((62507, 15921))
INFO:root:Output 62335 pixels and 18519 anchors
INFO:root:Read 60785 pixels, forming 1 batches.
INFO:root:Read 1 batches ((60785, 15921))
INFO:root:Output 60626 pixels and 18519 anchors
INFO:root:Read 45685 pixels, forming 1 batches.
INFO:root:Read 1 batches ((45685, 15921))
INFO:root:Output 45662 pixels and 14753 anchors
INFO:root:Read 140720 pixels, forming 3 batches.
INFO:root:Read 3 batches ((140720, 15921))
INFO:root:Output 141914 pixels and 43407 anchors
INFO:root:Read 60704 pixels, forming 1 batches.
INFO:root:Read 1 batches ((60704, 15921))
INFO:root:Output 60552 pixels and 18029 anchors
INFO:root:Read 1527 pixels, forming 1 batches.
INFO:root:Read 1 batches ((1527, 15921))
INFO:root:Output 1521 pixels and 501 anchors
INFO:root:Read 62849 pixels, forming 2 batches.
INFO:root:Read 2 batches ((62849, 15921))
INFO:root:Output 62662 pixels and 18516 anchors
INFO:root:Read 119028 pixels, forming 2 batches.
INFO:root:Read 2 batches ((119028, 15921))
INFO:root:Output 126046 pixels and 35512 anchors
INFO:root:Read 7434 pixels, forming 1 batches.
INFO:root:Read 1 batches ((7434, 15921))
INFO:root:Output 7434 pixels and 2232 anchors
INFO:root:Read 115852 pixels, forming 2 batches.
INFO:root:Read 2 batches ((115852, 15921))
INFO:root:Output 122290 pixels and 34145 anchors
INFO:root:Read 33927 pixels, forming 1 batches.
INFO:root:Read 1 batches ((33927, 15921))
INFO:root:Output 33841 pixels and 9939 anchors
INFO:root:Read 90187 pixels, forming 2 batches.
INFO:root:Read 2 batches ((90187, 15921))
INFO:root:Output 93143 pixels and 26313 anchors
INFO:root:Read 25251 pixels, forming 1 batches.
INFO:root:Read 1 batches ((25251, 15921))
INFO:root:Output 25180 pixels and 7650 anchors
INFO:root:Read 94564 pixels, forming 2 batches.
INFO:root:Read 2 batches ((94564, 15921))
INFO:root:Output 98689 pixels and 28726 anchors
INFO:root:Read 37357 pixels, forming 1 batches.
INFO:root:Read 1 batches ((37357, 15921))
INFO:root:Output 37204 pixels and 11661 anchors
INFO:root:Read 92701 pixels, forming 2 batches.
INFO:root:Read 2 batches ((92701, 15921))
INFO:root:Output 95636 pixels and 27949 anchors
INFO:root:Read 59512 pixels, forming 2 batches.
INFO:root:Read 2 batches ((59512, 15921))
INFO:root:Output 59493 pixels and 19727 anchors
INFO:root:Read 132794 pixels, forming 2 batches.
INFO:root:Read 2 batches ((132794, 15921))
INFO:root:Output 140686 pixels and 40231 anchors
INFO:root:Read 67452 pixels, forming 1 batches.
INFO:root:Read 1 batches ((67452, 15921))
INFO:root:Output 67290 pixels and 20306 anchors
INFO:root:Read 56720 pixels, forming 1 batches.
INFO:root:Read 1 batches ((56720, 15921))
INFO:root:Output 56573 pixels and 16731 anchors
INFO:root:Read 109771 pixels, forming 2 batches.
INFO:root:Read 2 batches ((109771, 15921))
INFO:root:Output 109671 pixels and 32746 anchors
INFO:root:Read 39154 pixels, forming 2 batches.
INFO:root:Read 2 batches ((39154, 15921))
INFO:root:Output 40454 pixels and 11725 anchors
INFO:root:Read 36148 pixels, forming 1 batches.
INFO:root:Read 1 batches ((36148, 15921))
INFO:root:Output 36047 pixels and 10796 anchors
INFO:root:Read 99177 pixels, forming 2 batches.
INFO:root:Read 2 batches ((99177, 15921))
INFO:root:Output 103042 pixels and 30029 anchors
INFO:root:Read 68015 pixels, forming 1 batches.
INFO:root:Read 1 batches ((68015, 15921))
INFO:root:Output 67852 pixels and 20306 anchors
INFO:root:Read 36401 pixels, forming 1 batches.
INFO:root:Read 1 batches ((36401, 15921))
INFO:root:Output 36290 pixels and 10940 anchors
INFO:root:Read 116354 pixels, forming 2 batches.
INFO:root:Read 2 batches ((116354, 15921))
INFO:root:Output 116226 pixels and 35890 anchors
INFO:root:Read 112287 pixels, forming 3 batches.
INFO:root:Read 3 batches ((112287, 15921))
INFO:root:Output 115257 pixels and 38007 anchors
INFO:root:Read 110602 pixels, forming 2 batches.
INFO:root:Read 2 batches ((110602, 15921))
INFO:root:Output 117392 pixels and 37338 anchors
INFO:root:Read 26883 pixels, forming 1 batches.
INFO:root:Read 1 batches ((26883, 15921))
INFO:root:Output 26792 pixels and 8079 anchors
INFO:root:Read 159475 pixels, forming 3 batches.
INFO:root:Read 3 batches ((159475, 15921))
INFO:root:Output 167226 pixels and 50071 anchors
INFO:root:Read 6988 pixels, forming 1 batches.
INFO:root:Read 1 batches ((6988, 15921))
INFO:root:Output 6967 pixels and 2145 anchors
INFO:root:Read 120409 pixels, forming 2 batches.
INFO:root:Read 2 batches ((120409, 15921))
INFO:root:Output 127047 pixels and 36736 anchors
INFO:root:Read 62413 pixels, forming 1 batches.
INFO:root:Read 1 batches ((62413, 15921))
INFO:root:Output 62228 pixels and 19240 anchors
INFO:root:Read 39865 pixels, forming 1 batches.
INFO:root:Read 1 batches ((39865, 15921))
INFO:root:Output 39709 pixels and 12155 anchors
INFO:root:Read 141215 pixels, forming 3 batches.
INFO:root:Read 3 batches ((141215, 15921))
INFO:root:Output 146222 pixels and 45635 anchors
INFO:root:Read 109034 pixels, forming 2 batches.
INFO:root:Read 2 batches ((109034, 15921))
INFO:root:Output 115883 pixels and 38385 anchors
INFO:root:Read 134544 pixels, forming 8 batches.
INFO:root:Read 8 batches ((134544, 15921))
INFO:root:Output 140952 pixels and 48359 anchors
INFO:root:Read 57346 pixels, forming 7 batches.
INFO:root:Read 7 batches ((57346, 15921))
INFO:root:Output 60635 pixels and 19913 anchors
INFO:root:Read 6918 pixels, forming 1 batches.
INFO:root:Read 1 batches ((6918, 15921))
INFO:root:Output 6918 pixels and 2896 anchors
bash /dcs05/lieber/marmaypag/xenium_NAC_LIBD4125/xenium_NAC/processed-data/HD_Full_Analysis/FICTURE/outputs/H1-XKYDCP3_D1/nF_8/sort_decode.sh /dcs05/lieber/marmaypag/xenium_NAC_LIBD4125/xenium_NAC/processed-data/HD_Full_Analysis/FICTURE/outputs/H1-XKYDCP3_D1/nF_8/analysis/nF8.d_12/nF8.d_12.decode.prj_12.r_4_5.pixel.tsv.gz /dcs05/lieber/marmaypag/xenium_NAC_LIBD4125/xenium_NAC/processed-data/HD_Full_Analysis/FICTURE/outputs/H1-XKYDCP3_D1/nF_8/analysis/nF8.d_12/nF8.d_12.decode.prj_12.r_4_5.pixel.sorted.tsv.gz /dcs05/lieber/marmaypag/xenium_NAC_LIBD4125/xenium_NAC/processed-data/HD_Full_Analysis/FICTURE/inputs/H1-XKYDCP3_D1/minmax.tsv nF8.d_12 100 100 3 gzip
19764.124, 26556.379; 5261.086, 12053.536
ficture de_bulk --input /dcs05/lieber/marmaypag/xenium_NAC_LIBD4125/xenium_NAC/processed-data/HD_Full_Analysis/FICTURE/outputs/H1-XKYDCP3_D1/nF_8/analysis/nF8.d_12/nF8.d_12.decode.prj_12.r_4_5.posterior.count.tsv.gz --output /dcs05/lieber/marmaypag/xenium_NAC_LIBD4125/xenium_NAC/processed-data/HD_Full_Analysis/FICTURE/outputs/H1-XKYDCP3_D1/nF_8/analysis/nF8.d_12/nF8.d_12.decode.prj_12.r_4_5.bulk_chisq.tsv --min_ct_per_feature 20 --max_pval_output 0.001 --min_fold_output 1.5
/jhpce/shared/libd/core/visium_hd/1.0/hd_env/lib/python3.9/site-packages/ficture/scripts/de_bulk.py:117: RuntimeWarning: divide by zero encountered in scalar divide
  fd=tab[0,0]/total_k[k]/tab[0,1]*(total_umi-total_k[k])
Read posterior count over 15921 genes and 8 factors
Testing 15918 genes over 8 factors
ficture factor_report --path /dcs05/lieber/marmaypag/xenium_NAC_LIBD4125/xenium_NAC/processed-data/HD_Full_Analysis/FICTURE/outputs/H1-XKYDCP3_D1/nF_8/analysis/nF8.d_12 --pref nF8.d_12.decode.prj_12.r_4_5 --color_table /dcs05/lieber/marmaypag/xenium_NAC_LIBD4125/xenium_NAC/processed-data/HD_Full_Analysis/FICTURE/outputs/H1-XKYDCP3_D1/nF_8/analysis/nF8.d_12/figure/nF8.d_12.rgb.tsv
['0' '1' '2' '3' '4' '5' '6' '7']
/dcs05/lieber/marmaypag/xenium_NAC_LIBD4125/xenium_NAC/processed-data/HD_Full_Analysis/FICTURE/outputs/H1-XKYDCP3_D1/nF_8/analysis/nF8.d_12/nF8.d_12.decode.prj_12.r_4_5.factor.info.html
ficture plot_pixel_full --input /dcs05/lieber/marmaypag/xenium_NAC_LIBD4125/xenium_NAC/processed-data/HD_Full_Analysis/FICTURE/outputs/H1-XKYDCP3_D1/nF_8/analysis/nF8.d_12/nF8.d_12.decode.prj_12.r_4_5.pixel.sorted.tsv.gz --color_table /dcs05/lieber/marmaypag/xenium_NAC_LIBD4125/xenium_NAC/processed-data/HD_Full_Analysis/FICTURE/outputs/H1-XKYDCP3_D1/nF_8/analysis/nF8.d_12/figure/nF8.d_12.rgb.tsv --output /dcs05/lieber/marmaypag/xenium_NAC_LIBD4125/xenium_NAC/processed-data/HD_Full_Analysis/FICTURE/outputs/H1-XKYDCP3_D1/nF_8/analysis/nF8.d_12/figure/nF8.d_12.decode.prj_12.r_4_5.pixel.png --plot_um_per_pixel 0.5 --full
07:11:55 PM Background color 000000
07:11:55 PM Read color table (8)
07:11:55 PM Read header {'K': 8, 'TOPK': 3, 'BLOCK_SIZE': 2000, 'BLOCK_AXIS': 'X', 'INDEX_AXIS': 'Y', 'OFFSET_X': 19764.124, 'OFFSET_Y': 5261.086, 'SIZE_X': 6793, 'SIZE_Y': 6793, 'SCALE': 100}
07:11:55 PM Image size 13588 x 13588
07:11:57 PM Reading pixels... 3999, 5094, 872521
07:11:58 PM Reading pixels... 3999, 10345, 872079
07:12:00 PM Reading pixels... 7999, 1724, 871590
07:12:02 PM Reading pixels... 7999, 5063, 849415
07:12:03 PM Reading pixels... 7999, 8395, 862775
07:12:05 PM Reading pixels... 7999, 11999, 884676
07:12:06 PM Reading pixels... 11999, 2537, 868525
07:12:08 PM Reading pixels... 11999, 5869, 858374
07:12:10 PM Reading pixels... 11999, 9477, 864571
07:12:11 PM Reading pixels... 11999, 13084, 872391
07:12:13 PM Reading pixels... 13564, 1616, 846260
07:12:14 PM Reading pixels... 13454, 9254, 305696
07:12:16 PM Finished
/dcs05/lieber/marmaypag/xenium_NAC_LIBD4125/xenium_NAC/processed-data/HD_Full_Analysis/FICTURE/outputs/H1-XKYDCP3_D1/nF_8/analysis/nF8.d_12/figure/nF8.d_12.decode.prj_12.r_4_5.pixel.png
Index(['0', '1', '2', '3', '4', '5', '6', '7'], dtype='object', name='Name')
['BLOCK', 'X', 'Y', 'K1', 'K2', 'K3', 'P1', 'P2', 'P3']
touch /dcs05/lieber/marmaypag/xenium_NAC_LIBD4125/xenium_NAC/processed-data/HD_Full_Analysis/FICTURE/outputs/H1-XKYDCP3_D1/nF_8/analysis/nF8.d_12/nF8.d_12.decode.prj_12.r_4_5.done
Finished nFactor=8 for H1-XKYDCP3_D1
Fri Mar  6 07:12:16 PM EST 2026
--------------------------------------------------------------
Running FICTURE with nFactor=12 for H1-XKYDCP3_D1
--------------------------------------------------------------
Fri Mar  6 07:12:16 PM EST 2026
--------------------------------------------------------------
Creating minibatch from /dcs05/lieber/marmaypag/xenium_NAC_LIBD4125/xenium_NAC/processed-data/HD_Full_Analysis/FICTURE/inputs/H1-XKYDCP3_D1/transcripts.sorted.tsv.gz...
--------------------------------------------------------------
ficture make_spatial_minibatch --input /dcs05/lieber/marmaypag/xenium_NAC_LIBD4125/xenium_NAC/processed-data/HD_Full_Analysis/FICTURE/inputs/H1-XKYDCP3_D1/transcripts.sorted.tsv.gz --output /dcs05/lieber/marmaypag/xenium_NAC_LIBD4125/xenium_NAC/processed-data/HD_Full_Analysis/FICTURE/outputs/H1-XKYDCP3_D1/nF_12/batched.matrix.tsv --mu_scale 1.0 --batch_size 500 --batch_buff 30 --major_axis X
INFO:root:Random seed 1772842337.541191
INFO:root:Read blocks of pixels: 723.07 x 6706.27
INFO:root:Output region (501.00, 501.00) (19763.1, 20264.1) x (5260.1, 5761.1)
INFO:root:Output region (501.00, 500.00) (19763.1, 20264.1) x (5731.1, 6231.1)
INFO:root:Output region (501.00, 500.00) (19763.1, 20264.1) x (6201.1, 6701.1)
INFO:root:Output region (501.00, 500.00) (19763.1, 20264.1) x (6671.1, 7171.1)
INFO:root:Output region (501.00, 500.00) (19763.1, 20264.1) x (7141.1, 7641.1)
INFO:root:Output region (501.00, 500.00) (19763.1, 20264.1) x (7611.1, 8111.1)
INFO:root:Output region (501.00, 500.00) (19763.1, 20264.1) x (8081.1, 8581.1)
INFO:root:Output region (501.00, 500.00) (19763.1, 20264.1) x (8551.1, 9051.1)
INFO:root:Output region (501.00, 500.00) (19763.1, 20264.1) x (9021.1, 9521.1)
INFO:root:Output region (501.00, 500.00) (19763.1, 20264.1) x (9491.1, 9991.1)
INFO:root:Output region (501.00, 500.00) (19763.1, 20264.1) x (9961.1, 10461.1)
INFO:root:Output region (501.00, 500.00) (19763.1, 20264.1) x (10431.1, 10931.1)
INFO:root:Output region (501.00, 500.00) (19763.1, 20264.1) x (10901.1, 11401.1)
INFO:root:Output region (501.00, 596.27) (19763.1, 20264.1) x (11371.1, 11967.4)
INFO:root:Output region (253.07, 501.00) (20234.1, 20487.2) x (5260.1, 5761.1)
INFO:root:Output region (253.07, 500.00) (20234.1, 20487.2) x (5731.1, 6231.1)
INFO:root:Output region (253.07, 500.00) (20234.1, 20487.2) x (6201.1, 6701.1)
INFO:root:Output region (253.07, 500.00) (20234.1, 20487.2) x (6671.1, 7171.1)
INFO:root:Output region (253.07, 500.00) (20234.1, 20487.2) x (7141.1, 7641.1)
INFO:root:Output region (253.07, 500.00) (20234.1, 20487.2) x (7611.1, 8111.1)
INFO:root:Output region (253.07, 500.00) (20234.1, 20487.2) x (8081.1, 8581.1)
INFO:root:Output region (253.07, 500.00) (20234.1, 20487.2) x (8551.1, 9051.1)
INFO:root:Output region (253.07, 500.00) (20234.1, 20487.2) x (9021.1, 9521.1)
INFO:root:Output region (253.07, 500.00) (20234.1, 20487.2) x (9491.1, 9991.1)
INFO:root:Output region (253.07, 500.00) (20234.1, 20487.2) x (9961.1, 10461.1)
INFO:root:Output region (253.07, 500.00) (20234.1, 20487.2) x (10431.1, 10931.1)
INFO:root:Output region (253.07, 500.00) (20234.1, 20487.2) x (10901.1, 11401.1)
INFO:root:Output region (253.07, 596.27) (20234.1, 20487.2) x (11371.1, 11967.4)
INFO:root:Left over size 203652 (203652, 30.00)
INFO:root:Read blocks of pixels: 127.68 x 6699.17
INFO:root:Read blocks of pixels: 205.10 x 6700.30
INFO:root:Read blocks of pixels: 274.96 x 6701.31
INFO:root:Read blocks of pixels: 333.70 x 6702.14
INFO:root:Read blocks of pixels: 392.41 x 6702.98
INFO:root:Read blocks of pixels: 458.27 x 6703.93
INFO:root:Read blocks of pixels: 521.00 x 6704.85
INFO:root:Output region (522.00, 501.00) (20456.2, 20978.2) x (5268.6, 5769.6)
INFO:root:Output region (522.00, 500.00) (20456.2, 20978.2) x (5739.6, 6239.6)
INFO:root:Output region (522.00, 500.00) (20456.2, 20978.2) x (6209.6, 6709.6)
INFO:root:Output region (522.00, 500.00) (20456.2, 20978.2) x (6679.6, 7179.6)
INFO:root:Output region (522.00, 500.00) (20456.2, 20978.2) x (7149.6, 7649.6)
INFO:root:Output region (522.00, 500.00) (20456.2, 20978.2) x (7619.6, 8119.6)
INFO:root:Output region (522.00, 500.00) (20456.2, 20978.2) x (8089.6, 8589.6)
INFO:root:Output region (522.00, 500.00) (20456.2, 20978.2) x (8559.6, 9059.6)
INFO:root:Output region (522.00, 500.00) (20456.2, 20978.2) x (9029.6, 9529.6)
INFO:root:Output region (522.00, 500.00) (20456.2, 20978.2) x (9499.6, 9999.6)
INFO:root:Output region (522.00, 500.00) (20456.2, 20978.2) x (9969.6, 10469.6)
INFO:root:Output region (522.00, 500.00) (20456.2, 20978.2) x (10439.6, 10939.6)
INFO:root:Output region (522.00, 500.00) (20456.2, 20978.2) x (10909.6, 11409.6)
INFO:root:Output region (522.00, 594.85) (20456.2, 20978.2) x (11379.6, 11974.5)
INFO:root:Left over size 515883 (515883, 30.00)
INFO:root:Read blocks of pixels: 87.95 x 6698.62
INFO:root:Read blocks of pixels: 140.44 x 6699.34
INFO:root:Read blocks of pixels: 197.44 x 6700.18
INFO:root:Read blocks of pixels: 252.23 x 6700.98
INFO:root:Read blocks of pixels: 302.83 x 6701.70
INFO:root:Read blocks of pixels: 354.44 x 6702.45
INFO:root:Read blocks of pixels: 405.87 x 6703.20
INFO:root:Read blocks of pixels: 461.59 x 6704.01
INFO:root:Read blocks of pixels: 513.14 x 6704.73
INFO:root:Output region (514.14, 501.00) (20947.2, 21461.3) x (5275.7, 5776.7)
INFO:root:Output region (514.14, 500.00) (20947.2, 21461.3) x (5746.7, 6246.7)
INFO:root:Output region (514.14, 500.00) (20947.2, 21461.3) x (6216.7, 6716.7)
INFO:root:Output region (514.14, 500.00) (20947.2, 21461.3) x (6686.7, 7186.7)
INFO:root:Output region (514.14, 500.00) (20947.2, 21461.3) x (7156.7, 7656.7)
INFO:root:Output region (514.14, 500.00) (20947.2, 21461.3) x (7626.7, 8126.7)
INFO:root:Output region (514.14, 500.00) (20947.2, 21461.3) x (8096.7, 8596.7)
INFO:root:Output region (514.14, 500.00) (20947.2, 21461.3) x (8566.7, 9066.7)
INFO:root:Output region (514.14, 500.00) (20947.2, 21461.3) x (9036.7, 9536.7)
INFO:root:Output region (514.14, 500.00) (20947.2, 21461.3) x (9506.7, 10006.7)
INFO:root:Output region (514.14, 500.00) (20947.2, 21461.3) x (9976.7, 10476.7)
INFO:root:Output region (514.14, 500.00) (20947.2, 21461.3) x (10446.7, 10946.7)
INFO:root:Output region (514.14, 500.00) (20947.2, 21461.3) x (10916.7, 11416.7)
INFO:root:Output region (514.14, 594.73) (20947.2, 21461.3) x (11386.7, 11981.4)
INFO:root:Left over size 617390 (617390, 30.00)
INFO:root:Read blocks of pixels: 77.27 x 6698.44
INFO:root:Read blocks of pixels: 123.28 x 6699.10
INFO:root:Read blocks of pixels: 170.74 x 6699.80
INFO:root:Read blocks of pixels: 224.45 x 6700.58
INFO:root:Read blocks of pixels: 278.43 x 6701.35
INFO:root:Read blocks of pixels: 329.24 x 6702.08
INFO:root:Read blocks of pixels: 383.20 x 6702.85
INFO:root:Read blocks of pixels: 433.83 x 6703.57
INFO:root:Read blocks of pixels: 484.54 x 6704.32
INFO:root:Read blocks of pixels: 531.01 x 6704.99
INFO:root:Output region (532.01, 501.00) (21430.3, 21962.3) x (5282.7, 5783.7)
INFO:root:Output region (532.01, 500.00) (21430.3, 21962.3) x (5753.7, 6253.7)
INFO:root:Output region (532.01, 500.00) (21430.3, 21962.3) x (6223.7, 6723.7)
INFO:root:Output region (532.01, 500.00) (21430.3, 21962.3) x (6693.7, 7193.7)
INFO:root:Output region (532.01, 500.00) (21430.3, 21962.3) x (7163.7, 7663.7)
INFO:root:Output region (532.01, 500.00) (21430.3, 21962.3) x (7633.7, 8133.7)
INFO:root:Output region (532.01, 500.00) (21430.3, 21962.3) x (8103.7, 8603.7)
INFO:root:Output region (532.01, 500.00) (21430.3, 21962.3) x (8573.7, 9073.7)
INFO:root:Output region (532.01, 500.00) (21430.3, 21962.3) x (9043.7, 9543.7)
INFO:root:Output region (532.01, 500.00) (21430.3, 21962.3) x (9513.7, 10013.7)
INFO:root:Output region (532.01, 500.00) (21430.3, 21962.3) x (9983.7, 10483.7)
INFO:root:Output region (532.01, 500.00) (21430.3, 21962.3) x (10453.7, 10953.7)
INFO:root:Output region (532.01, 500.00) (21430.3, 21962.3) x (10923.7, 11423.7)
INFO:root:Output region (532.01, 594.99) (21430.3, 21962.3) x (11393.7, 11988.7)
INFO:root:Left over size 667783 (667783, 30.00)
INFO:root:Read blocks of pixels: 80.40 x 6698.47
INFO:root:Read blocks of pixels: 133.22 x 6699.24
INFO:root:Read blocks of pixels: 182.06 x 6699.94
INFO:root:Read blocks of pixels: 232.15 x 6700.66
INFO:root:Read blocks of pixels: 283.60 x 6701.38
INFO:root:Read blocks of pixels: 331.28 x 6702.10
INFO:root:Read blocks of pixels: 377.97 x 6702.76
INFO:root:Read blocks of pixels: 420.64 x 6703.37
INFO:root:Read blocks of pixels: 461.67 x 6703.97
INFO:root:Read blocks of pixels: 502.19 x 6704.55
INFO:root:Output region (503.19, 501.00) (21931.3, 22434.5) x (5289.9, 5790.9)
INFO:root:Output region (503.19, 500.00) (21931.3, 22434.5) x (5760.9, 6260.9)
INFO:root:Output region (503.19, 500.00) (21931.3, 22434.5) x (6230.9, 6730.9)
INFO:root:Output region (503.19, 500.00) (21931.3, 22434.5) x (6700.9, 7200.9)
INFO:root:Output region (503.19, 500.00) (21931.3, 22434.5) x (7170.9, 7670.9)
INFO:root:Output region (503.19, 500.00) (21931.3, 22434.5) x (7640.9, 8140.9)
INFO:root:Output region (503.19, 500.00) (21931.3, 22434.5) x (8110.9, 8610.9)
INFO:root:Output region (503.19, 500.00) (21931.3, 22434.5) x (8580.9, 9080.9)
INFO:root:Output region (503.19, 500.00) (21931.3, 22434.5) x (9050.9, 9550.9)
INFO:root:Output region (503.19, 500.00) (21931.3, 22434.5) x (9520.9, 10020.9)
INFO:root:Output region (503.19, 500.00) (21931.3, 22434.5) x (9990.9, 10490.9)
INFO:root:Output region (503.19, 500.00) (21931.3, 22434.5) x (10460.9, 10960.9)
INFO:root:Output region (503.19, 500.00) (21931.3, 22434.5) x (10930.9, 11430.9)
INFO:root:Output region (503.19, 594.55) (21931.3, 22434.5) x (11400.9, 11995.5)
INFO:root:Left over size 764834 (764834, 30.00)
INFO:root:Read blocks of pixels: 73.96 x 6698.35
INFO:root:Read blocks of pixels: 114.63 x 6698.92
INFO:root:Read blocks of pixels: 155.18 x 6699.53
INFO:root:Read blocks of pixels: 195.16 x 6700.10
INFO:root:Read blocks of pixels: 238.01 x 6700.71
INFO:root:Read blocks of pixels: 277.85 x 6701.29
INFO:root:Read blocks of pixels: 318.19 x 6701.86
INFO:root:Read blocks of pixels: 360.79 x 6702.50
INFO:root:Read blocks of pixels: 404.60 x 6703.10
INFO:root:Read blocks of pixels: 448.35 x 6703.74
INFO:root:Read blocks of pixels: 490.24 x 6704.34
INFO:root:Read blocks of pixels: 531.44 x 6704.95
INFO:root:Output region (532.44, 501.00) (22403.5, 22936.0) x (5296.8, 5797.8)
INFO:root:Output region (532.44, 500.00) (22403.5, 22936.0) x (5767.8, 6267.8)
INFO:root:Output region (532.44, 500.00) (22403.5, 22936.0) x (6237.8, 6737.8)
INFO:root:Output region (532.44, 500.00) (22403.5, 22936.0) x (6707.8, 7207.8)
INFO:root:Output region (532.44, 500.00) (22403.5, 22936.0) x (7177.8, 7677.8)
INFO:root:Output region (532.44, 500.00) (22403.5, 22936.0) x (7647.8, 8147.8)
INFO:root:Output region (532.44, 500.00) (22403.5, 22936.0) x (8117.8, 8617.8)
INFO:root:Output region (532.44, 500.00) (22403.5, 22936.0) x (8587.8, 9087.8)
INFO:root:Output region (532.44, 500.00) (22403.5, 22936.0) x (9057.8, 9557.8)
INFO:root:Output region (532.44, 500.00) (22403.5, 22936.0) x (9527.8, 10027.8)
INFO:root:Output region (532.44, 500.00) (22403.5, 22936.0) x (9997.8, 10497.8)
INFO:root:Output region (532.44, 500.00) (22403.5, 22936.0) x (10467.8, 10967.8)
INFO:root:Output region (532.44, 500.00) (22403.5, 22936.0) x (10937.8, 11437.8)
INFO:root:Output region (532.44, 594.95) (22403.5, 22936.0) x (11407.8, 12002.7)
INFO:root:Left over size 726566 (726566, 30.00)
INFO:root:Read blocks of pixels: 70.79 x 6698.28
INFO:root:Read blocks of pixels: 112.67 x 6698.89
INFO:root:Read blocks of pixels: 155.33 x 6699.52
INFO:root:Read blocks of pixels: 196.12 x 6700.10
INFO:root:Read blocks of pixels: 238.89 x 6700.68
INFO:root:Read blocks of pixels: 279.60 x 6701.31
INFO:root:Read blocks of pixels: 321.58 x 6701.92
INFO:root:Read blocks of pixels: 365.51 x 6702.55
INFO:root:Read blocks of pixels: 407.01 x 6703.13
INFO:root:Read blocks of pixels: 453.29 x 6703.82
INFO:root:Read blocks of pixels: 497.80 x 6704.45
INFO:root:Read blocks of pixels: 547.06 x 6705.17
INFO:root:Output region (548.06, 501.00) (22905.0, 23453.0) x (5304.0, 5805.0)
INFO:root:Output region (548.06, 500.00) (22905.0, 23453.0) x (5775.0, 6275.0)
INFO:root:Output region (548.06, 500.00) (22905.0, 23453.0) x (6245.0, 6745.0)
INFO:root:Output region (548.06, 500.00) (22905.0, 23453.0) x (6715.0, 7215.0)
INFO:root:Output region (548.06, 500.00) (22905.0, 23453.0) x (7185.0, 7685.0)
INFO:root:Output region (548.06, 500.00) (22905.0, 23453.0) x (7655.0, 8155.0)
INFO:root:Output region (548.06, 500.00) (22905.0, 23453.0) x (8125.0, 8625.0)
INFO:root:Output region (548.06, 500.00) (22905.0, 23453.0) x (8595.0, 9095.0)
INFO:root:Output region (548.06, 500.00) (22905.0, 23453.0) x (9065.0, 9565.0)
INFO:root:Output region (548.06, 500.00) (22905.0, 23453.0) x (9535.0, 10035.0)
INFO:root:Output region (548.06, 500.00) (22905.0, 23453.0) x (10005.0, 10505.0)
INFO:root:Output region (548.06, 500.00) (22905.0, 23453.0) x (10475.0, 10975.0)
INFO:root:Output region (548.06, 500.00) (22905.0, 23453.0) x (10945.0, 11445.0)
INFO:root:Output region (548.06, 595.17) (22905.0, 23453.0) x (11415.0, 12010.2)
INFO:root:Left over size 604682 (604682, 30.00)
INFO:root:Read blocks of pixels: 76.62 x 6698.39
INFO:root:Read blocks of pixels: 122.82 x 6699.06
INFO:root:Read blocks of pixels: 172.06 x 6699.78
INFO:root:Read blocks of pixels: 219.84 x 6700.44
INFO:root:Read blocks of pixels: 266.58 x 6701.10
INFO:root:Read blocks of pixels: 309.84 x 6701.77
INFO:root:Read blocks of pixels: 358.37 x 6702.46
INFO:root:Read blocks of pixels: 406.53 x 6703.15
INFO:root:Read blocks of pixels: 453.28 x 6703.81
INFO:root:Read blocks of pixels: 493.33 x 6704.39
INFO:root:Read blocks of pixels: 532.17 x 6704.97
INFO:root:Output region (533.17, 501.00) (23422.0, 23955.2) x (5311.4, 5812.4)
INFO:root:Output region (533.17, 500.00) (23422.0, 23955.2) x (5782.4, 6282.4)
INFO:root:Output region (533.17, 500.00) (23422.0, 23955.2) x (6252.4, 6752.4)
INFO:root:Output region (533.17, 500.00) (23422.0, 23955.2) x (6722.4, 7222.4)
INFO:root:Output region (533.17, 500.00) (23422.0, 23955.2) x (7192.4, 7692.4)
INFO:root:Output region (533.17, 500.00) (23422.0, 23955.2) x (7662.4, 8162.4)
INFO:root:Output region (533.17, 500.00) (23422.0, 23955.2) x (8132.4, 8632.4)
INFO:root:Output region (533.17, 500.00) (23422.0, 23955.2) x (8602.4, 9102.4)
INFO:root:Output region (533.17, 500.00) (23422.0, 23955.2) x (9072.4, 9572.4)
INFO:root:Output region (533.17, 500.00) (23422.0, 23955.2) x (9542.4, 10042.4)
INFO:root:Output region (533.17, 500.00) (23422.0, 23955.2) x (10012.4, 10512.4)
INFO:root:Output region (533.17, 500.00) (23422.0, 23955.2) x (10482.4, 10982.4)
INFO:root:Output region (533.17, 500.00) (23422.0, 23955.2) x (10952.4, 11452.4)
INFO:root:Output region (533.17, 594.97) (23422.0, 23955.2) x (11422.4, 12017.4)
INFO:root:Left over size 770808 (770808, 30.00)
INFO:root:Read blocks of pixels: 73.68 x 6698.33
INFO:root:Read blocks of pixels: 118.32 x 6698.99
INFO:root:Read blocks of pixels: 162.47 x 6699.63
INFO:root:Read blocks of pixels: 208.93 x 6700.29
INFO:root:Read blocks of pixels: 248.73 x 6700.87
INFO:root:Read blocks of pixels: 289.45 x 6701.44
INFO:root:Read blocks of pixels: 332.38 x 6702.08
INFO:root:Read blocks of pixels: 374.42 x 6702.68
INFO:root:Read blocks of pixels: 418.55 x 6703.32
INFO:root:Read blocks of pixels: 463.27 x 6703.95
INFO:root:Read blocks of pixels: 503.14 x 6704.53
INFO:root:Output region (504.14, 501.00) (23924.2, 24428.3) x (5318.7, 5819.7)
INFO:root:Output region (504.14, 500.00) (23924.2, 24428.3) x (5789.7, 6289.7)
INFO:root:Output region (504.14, 500.00) (23924.2, 24428.3) x (6259.7, 6759.7)
INFO:root:Output region (504.14, 500.00) (23924.2, 24428.3) x (6729.7, 7229.7)
INFO:root:Output region (504.14, 500.00) (23924.2, 24428.3) x (7199.7, 7699.7)
INFO:root:Output region (504.14, 500.00) (23924.2, 24428.3) x (7669.7, 8169.7)
INFO:root:Output region (504.14, 500.00) (23924.2, 24428.3) x (8139.7, 8639.7)
INFO:root:Output region (504.14, 500.00) (23924.2, 24428.3) x (8609.7, 9109.7)
INFO:root:Output region (504.14, 500.00) (23924.2, 24428.3) x (9079.7, 9579.7)
INFO:root:Output region (504.14, 500.00) (23924.2, 24428.3) x (9549.7, 10049.7)
INFO:root:Output region (504.14, 500.00) (23924.2, 24428.3) x (10019.7, 10519.7)
INFO:root:Output region (504.14, 500.00) (23924.2, 24428.3) x (10489.7, 10989.7)
INFO:root:Output region (504.14, 500.00) (23924.2, 24428.3) x (10959.7, 11459.7)
INFO:root:Output region (504.14, 594.53) (23924.2, 24428.3) x (11429.7, 12024.2)
INFO:root:Left over size 758312 (758312, 30.00)
INFO:root:Read blocks of pixels: 69.87 x 6698.24
INFO:root:Read blocks of pixels: 113.65 x 6698.87
INFO:root:Read blocks of pixels: 161.44 x 6699.57
INFO:root:Read blocks of pixels: 207.02 x 6700.23
INFO:root:Read blocks of pixels: 256.60 x 6700.95
INFO:root:Read blocks of pixels: 309.25 x 6701.70
INFO:root:Read blocks of pixels: 358.27 x 6702.30
INFO:root:Read blocks of pixels: 410.09 x 6703.14
INFO:root:Read blocks of pixels: 460.37 x 6703.89
INFO:root:Read blocks of pixels: 515.28 x 6704.67
INFO:root:Output region (516.28, 501.00) (24397.3, 24913.6) x (5325.6, 5826.6)
INFO:root:Output region (516.28, 500.00) (24397.3, 24913.6) x (5796.6, 6296.6)
INFO:root:Output region (516.28, 500.00) (24397.3, 24913.6) x (6266.6, 6766.6)
INFO:root:Output region (516.28, 500.00) (24397.3, 24913.6) x (6736.6, 7236.6)
INFO:root:Output region (516.28, 500.00) (24397.3, 24913.6) x (7206.6, 7706.6)
INFO:root:Output region (516.28, 500.00) (24397.3, 24913.6) x (7676.6, 8176.6)
INFO:root:Output region (516.28, 500.00) (24397.3, 24913.6) x (8146.6, 8646.6)
INFO:root:Output region (516.28, 500.00) (24397.3, 24913.6) x (8616.6, 9116.6)
INFO:root:Output region (516.28, 500.00) (24397.3, 24913.6) x (9086.6, 9586.6)
INFO:root:Output region (516.28, 500.00) (24397.3, 24913.6) x (9556.6, 10056.6)
INFO:root:Output region (516.28, 500.00) (24397.3, 24913.6) x (10026.6, 10526.6)
INFO:root:Output region (516.28, 500.00) (24397.3, 24913.6) x (10496.6, 10996.6)
INFO:root:Output region (516.28, 500.00) (24397.3, 24913.6) x (10966.6, 11466.6)
INFO:root:Output region (516.28, 594.67) (24397.3, 24913.6) x (11436.6, 12031.2)
INFO:root:Left over size 549019 (549019, 30.00)
INFO:root:Read blocks of pixels: 90.49 x 6698.55
INFO:root:Read blocks of pixels: 152.35 x 6699.44
INFO:root:Read blocks of pixels: 222.27 x 6700.43
INFO:root:Read blocks of pixels: 281.10 x 6701.32
INFO:root:Read blocks of pixels: 353.40 x 6702.36
INFO:root:Read blocks of pixels: 426.81 x 6703.42
INFO:root:Read blocks of pixels: 504.00 x 6704.52
INFO:root:Output region (505.00, 501.00) (24882.6, 25387.6) x (5332.5, 5833.5)
INFO:root:Output region (505.00, 500.00) (24882.6, 25387.6) x (5803.5, 6303.5)
INFO:root:Output region (505.00, 500.00) (24882.6, 25387.6) x (6273.5, 6773.5)
INFO:root:Output region (505.00, 500.00) (24882.6, 25387.6) x (6743.5, 7243.5)
INFO:root:Output region (505.00, 500.00) (24882.6, 25387.6) x (7213.5, 7713.5)
INFO:root:Output region (505.00, 500.00) (24882.6, 25387.6) x (7683.5, 8183.5)
INFO:root:Output region (505.00, 500.00) (24882.6, 25387.6) x (8153.5, 8653.5)
INFO:root:Output region (505.00, 500.00) (24882.6, 25387.6) x (8623.5, 9123.5)
INFO:root:Output region (505.00, 500.00) (24882.6, 25387.6) x (9093.5, 9593.5)
INFO:root:Output region (505.00, 500.00) (24882.6, 25387.6) x (9563.5, 10063.5)
INFO:root:Output region (505.00, 500.00) (24882.6, 25387.6) x (10033.5, 10533.5)
INFO:root:Output region (505.00, 500.00) (24882.6, 25387.6) x (10503.5, 11003.5)
INFO:root:Output region (505.00, 500.00) (24882.6, 25387.6) x (10973.5, 11473.5)
INFO:root:Output region (505.00, 594.52) (24882.6, 25387.6) x (11443.5, 12038.1)
INFO:root:Left over size 386110 (386110, 30.00)
INFO:root:Read blocks of pixels: 114.88 x 6698.89
INFO:root:Read blocks of pixels: 198.84 x 6700.13
INFO:root:Read blocks of pixels: 287.65 x 6701.40
INFO:root:Read blocks of pixels: 365.21 x 6702.53
INFO:root:Read blocks of pixels: 456.65 x 6703.85
INFO:root:Read blocks of pixels: 566.01 x 6705.38
INFO:root:Output region (567.01, 501.00) (25356.6, 25923.6) x (5339.4, 5840.4)
INFO:root:Output region (567.01, 500.00) (25356.6, 25923.6) x (5810.4, 6310.4)
INFO:root:Output region (567.01, 500.00) (25356.6, 25923.6) x (6280.4, 6780.4)
INFO:root:Output region (567.01, 500.00) (25356.6, 25923.6) x (6750.4, 7250.4)
INFO:root:Output region (567.01, 500.00) (25356.6, 25923.6) x (7220.4, 7720.4)
INFO:root:Output region (567.01, 500.00) (25356.6, 25923.6) x (7690.4, 8190.4)
INFO:root:Output region (567.01, 500.00) (25356.6, 25923.6) x (8160.4, 8660.4)
INFO:root:Output region (567.01, 500.00) (25356.6, 25923.6) x (8630.4, 9130.4)
INFO:root:Output region (567.01, 500.00) (25356.6, 25923.6) x (9100.4, 9600.4)
INFO:root:Output region (567.01, 500.00) (25356.6, 25923.6) x (9570.4, 10070.4)
INFO:root:Output region (567.01, 500.00) (25356.6, 25923.6) x (10040.4, 10540.4)
INFO:root:Output region (567.01, 500.00) (25356.6, 25923.6) x (10510.4, 11010.4)
INFO:root:Output region (567.01, 500.00) (25356.6, 25923.6) x (10980.4, 11480.4)
INFO:root:Output region (567.01, 595.38) (25356.6, 25923.6) x (11450.4, 12045.8)
INFO:root:Left over size 296499 (296499, 30.00)
INFO:root:Read blocks of pixels: 150.38 x 6699.44
INFO:root:Read blocks of pixels: 258.80 x 6701.02
INFO:root:Read blocks of pixels: 393.15 x 6702.87
INFO:root:Read blocks of pixels: 540.07 x 6705.03
INFO:root:Output region (541.07, 501.00) (25892.6, 26433.7) x (5347.1, 5848.1)
INFO:root:Output region (541.07, 500.00) (25892.6, 26433.7) x (5818.1, 6318.1)
INFO:root:Output region (541.07, 500.00) (25892.6, 26433.7) x (6288.1, 6788.1)
INFO:root:Output region (541.07, 500.00) (25892.6, 26433.7) x (6758.1, 7258.1)
INFO:root:Output region (541.07, 500.00) (25892.6, 26433.7) x (7228.1, 7728.1)
INFO:root:Output region (541.07, 500.00) (25892.6, 26433.7) x (7698.1, 8198.1)
INFO:root:Output region (541.07, 500.00) (25892.6, 26433.7) x (8168.1, 8668.1)
INFO:root:Output region (541.07, 500.00) (25892.6, 26433.7) x (8638.1, 9138.1)
INFO:root:Output region (541.07, 500.00) (25892.6, 26433.7) x (9108.1, 9608.1)
INFO:root:Output region (541.07, 500.00) (25892.6, 26433.7) x (9578.1, 10078.1)
INFO:root:Output region (541.07, 500.00) (25892.6, 26433.7) x (10048.1, 10548.1)
INFO:root:Output region (541.07, 500.00) (25892.6, 26433.7) x (10518.1, 11018.1)
INFO:root:Output region (541.07, 500.00) (25892.6, 26433.7) x (10988.1, 11488.1)
INFO:root:Output region (541.07, 595.03) (25892.6, 26433.7) x (11458.1, 12053.1)
INFO:root:Left over size 202168 (202168, 30.00)
INFO:root:Read blocks of pixels: 152.67 x 6698.10
INFO:root:Read blocks of pixels: 152.67 x 6698.10
INFO:root:Output region (153.67, 501.00) (26402.7, 26556.4) x (5354.4, 5855.4)
INFO:root:Output region (153.67, 500.00) (26402.7, 26556.4) x (5825.4, 6325.4)
INFO:root:Output region (153.67, 500.00) (26402.7, 26556.4) x (6295.4, 6795.4)
INFO:root:Output region (153.67, 500.00) (26402.7, 26556.4) x (6765.4, 7265.4)
INFO:root:Output region (153.67, 500.00) (26402.7, 26556.4) x (7235.4, 7735.4)
INFO:root:Output region (153.67, 500.00) (26402.7, 26556.4) x (7705.4, 8205.4)
INFO:root:Output region (153.67, 500.00) (26402.7, 26556.4) x (8175.4, 8675.4)
INFO:root:Output region (153.67, 500.00) (26402.7, 26556.4) x (8645.4, 9145.4)
INFO:root:Output region (153.67, 500.00) (26402.7, 26556.4) x (9115.4, 9615.4)
INFO:root:Output region (153.67, 500.00) (26402.7, 26556.4) x (9585.4, 10085.4)
INFO:root:Output region (153.67, 500.00) (26402.7, 26556.4) x (10055.4, 10555.4)
INFO:root:Output region (153.67, 500.00) (26402.7, 26556.4) x (10525.4, 11025.4)
INFO:root:Output region (153.67, 500.00) (26402.7, 26556.4) x (10995.4, 11495.4)
INFO:root:Output region (153.67, 588.10) (26402.7, 26556.4) x (11465.4, 12053.5)
['X', 'random_index', 'Y', 'gene', 'Count']
gzip -f /dcs05/lieber/marmaypag/xenium_NAC_LIBD4125/xenium_NAC/processed-data/HD_Full_Analysis/FICTURE/outputs/H1-XKYDCP3_D1/nF_12/batched.matrix.tsv
--------------------------------------------------------------
Creating DGE for 12um...
--------------------------------------------------------------
ficture make_dge --key Count --input /dcs05/lieber/marmaypag/xenium_NAC_LIBD4125/xenium_NAC/processed-data/HD_Full_Analysis/FICTURE/inputs/H1-XKYDCP3_D1/transcripts.sorted.tsv.gz --output /dcs05/lieber/marmaypag/xenium_NAC_LIBD4125/xenium_NAC/processed-data/HD_Full_Analysis/FICTURE/outputs/H1-XKYDCP3_D1/nF_12/hexagon.d_12.tsv --hex_width 12 --n_move 2 --min_ct_per_unit 50 --mu_scale 1.0 --precision 2 --major_axis X --fractional-count 0
INFO:root:Random seed 1772842951.5177975
WARNING:root:The designated major key is not one of the specified count columns, --count_header is ignored
INFO:root:Processing 295699 pixels (1000000 19764.124, 20487.194).
INFO:root:Sliding offset 0, 0. Add 5321 units, median count 96.0, 5321 units so far.
INFO:root:Sliding offset 0, 1. Add 5232 units, median count 96.0, 10553 units so far.
INFO:root:Sliding offset 1, 0. Add 5284 units, median count 96.0, 15837 units so far.
INFO:root:Sliding offset 1, 1. Add 5237 units, median count 95.0, 21074 units so far.
INFO:root:Left over size 163747 (20463, 20487).
INFO:root:Processing 183034 pixels (1163747 20463.2, 20584.877).
INFO:root:Sliding offset 0, 0. Add 4630 units, median count 123.0, 25704 units so far.
INFO:root:Sliding offset 0, 1. Add 4827 units, median count 123.0, 30531 units so far.
INFO:root:Sliding offset 1, 0. Add 4638 units, median count 123.0, 35169 units so far.
INFO:root:Sliding offset 1, 1. Add 4851 units, median count 122.0, 40020 units so far.
INFO:root:Left over size 287749 (20561, 20585).
INFO:root:Processing 159786 pixels (1287749 20560.882, 20662.296).
INFO:root:Sliding offset 0, 0. Add 3991 units, median count 152.0, 44011 units so far.
INFO:root:Sliding offset 0, 1. Add 3928 units, median count 154.0, 47939 units so far.
INFO:root:Sliding offset 1, 0. Add 3983 units, median count 151.0, 51922 units so far.
INFO:root:Sliding offset 1, 1. Add 3913 units, median count 152.0, 55835 units so far.
INFO:root:Left over size 319867 (20638, 20662).
INFO:root:Processing 151001 pixels (1319867 20638.302, 20732.15).
INFO:root:Sliding offset 0, 0. Add 3767 units, median count 174.0, 59602 units so far.
INFO:root:Sliding offset 0, 1. Add 3569 units, median count 173.0, 63171 units so far.
INFO:root:Sliding offset 1, 0. Add 3765 units, median count 173.0, 66936 units so far.
INFO:root:Sliding offset 1, 1. Add 3581 units, median count 173.0, 70517 units so far.
INFO:root:Left over size 361350 (20708, 20732).
INFO:root:Processing 134546 pixels (1361350 20708.156, 20790.892).
INFO:root:Sliding offset 0, 0. Add 2993 units, median count 196.0, 73510 units so far.
INFO:root:Sliding offset 0, 1. Add 3155 units, median count 195.0, 76665 units so far.
INFO:root:Sliding offset 1, 0. Add 3001 units, median count 195.0, 79666 units so far.
INFO:root:Sliding offset 1, 1. Add 3158 units, median count 195.0, 82824 units so far.
INFO:root:Left over size 436351 (20767, 20791).
INFO:root:Processing 135160 pixels (1436351 20766.899, 20849.605).
INFO:root:Sliding offset 0, 0. Add 3011 units, median count 210.0, 85835 units so far.
INFO:root:Sliding offset 0, 1. Add 3161 units, median count 209.0, 88996 units so far.
INFO:root:Sliding offset 1, 0. Add 3005 units, median count 209.0, 92001 units so far.
INFO:root:Sliding offset 1, 1. Add 3155 units, median count 209.0, 95156 units so far.
INFO:root:Left over size 390572 (20826, 20850).
INFO:root:Processing 146943 pixels (1390572 20825.612, 20915.461).
INFO:root:Sliding offset 0, 0. Add 3496 units, median count 192.0, 98652 units so far.
INFO:root:Sliding offset 0, 1. Add 3495 units, median count 194.0, 102147 units so far.
INFO:root:Sliding offset 1, 0. Add 3498 units, median count 193.0, 105645 units so far.
INFO:root:Sliding offset 1, 1. Add 3493 units, median count 192.0, 109138 units so far.
INFO:root:Left over size 355530 (20891, 20915).
INFO:root:Processing 141512 pixels (1355530 20891.467, 20978.191).
INFO:root:Sliding offset 0, 0. Add 3455 units, median count 194.0, 112593 units so far.
INFO:root:Sliding offset 0, 1. Add 3149 units, median count 193.0, 115742 units so far.
INFO:root:Sliding offset 1, 0. Add 3460 units, median count 194.5, 119202 units so far.
INFO:root:Sliding offset 1, 1. Add 3149 units, median count 193.0, 122351 units so far.
INFO:root:Left over size 421504 (20954, 20978).
INFO:root:Processing 133006 pixels (1421504 20954.198, 21036.145).
INFO:root:Sliding offset 0, 0. Add 2839 units, median count 206.0, 125190 units so far.
INFO:root:Sliding offset 0, 1. Add 3104 units, median count 208.0, 128294 units so far.
INFO:root:Sliding offset 1, 0. Add 2829 units, median count 208.0, 131123 units so far.
INFO:root:Sliding offset 1, 1. Add 3101 units, median count 209.0, 134224 units so far.
INFO:root:Left over size 407324 (21012, 21036).
INFO:root:Processing 122578 pixels (1407324 21012.151, 21088.628).
INFO:root:Sliding offset 0, 0. Add 2698 units, median count 223.0, 136922 units so far.
INFO:root:Sliding offset 0, 1. Add 2692 units, median count 227.0, 139614 units so far.
INFO:root:Sliding offset 1, 0. Add 2698 units, median count 224.0, 142312 units so far.
INFO:root:Sliding offset 1, 1. Add 2691 units, median count 225.0, 145003 units so far.
INFO:root:Left over size 444411 (21065, 21089).
INFO:root:Processing 128373 pixels (1444411 21064.635, 21145.633).
INFO:root:Sliding offset 0, 0. Add 2945 units, median count 237.0, 147948 units so far.
INFO:root:Sliding offset 0, 1. Add 2740 units, median count 234.0, 150688 units so far.
INFO:root:Sliding offset 1, 0. Add 2949 units, median count 236.0, 153637 units so far.
INFO:root:Sliding offset 1, 1. Add 2739 units, median count 232.0, 156376 units so far.
INFO:root:Left over size 417695 (21122, 21146).
INFO:root:Processing 123609 pixels (1417695 21121.637, 21200.422).
INFO:root:Sliding offset 0, 0. Add 2691 units, median count 238.0, 159067 units so far.
INFO:root:Sliding offset 0, 1. Add 2653 units, median count 241.0, 161720 units so far.
INFO:root:Sliding offset 1, 0. Add 2695 units, median count 238.0, 164415 units so far.
INFO:root:Sliding offset 1, 1. Add 2652 units, median count 238.0, 167067 units so far.
INFO:root:Left over size 443024 (21176, 21200).
INFO:root:Processing 117835 pixels (1443024 21176.428, 21251.023).
INFO:root:Sliding offset 0, 0. Add 2403 units, median count 244.0, 169470 units so far.
INFO:root:Sliding offset 0, 1. Add 2700 units, median count 249.0, 172170 units so far.
INFO:root:Sliding offset 1, 0. Add 2404 units, median count 245.0, 174574 units so far.
INFO:root:Sliding offset 1, 1. Add 2696 units, median count 251.0, 177270 units so far.
INFO:root:Left over size 495071 (21227, 21251).
INFO:root:Processing 119884 pixels (1495071 21227.027, 21302.634).
INFO:root:Sliding offset 0, 0. Add 2717 units, median count 259.0, 179987 units so far.
INFO:root:Sliding offset 0, 1. Add 2417 units, median count 256.0, 182404 units so far.
INFO:root:Sliding offset 1, 0. Add 2717 units, median count 257.0, 185121 units so far.
INFO:root:Sliding offset 1, 1. Add 2418 units, median count 256.0, 187539 units so far.
INFO:root:Left over size 465223 (21279, 21303).
INFO:root:Processing 119958 pixels (1465223 21278.636, 21354.06).
INFO:root:Sliding offset 0, 0. Add 2448 units, median count 249.0, 189987 units so far.
INFO:root:Sliding offset 0, 1. Add 2729 units, median count 251.0, 192716 units so far.
INFO:root:Sliding offset 1, 0. Add 2458 units, median count 248.0, 195174 units so far.
INFO:root:Sliding offset 1, 1. Add 2735 units, median count 250.0, 197909 units so far.
INFO:root:Left over size 445644 (21330, 21354).
INFO:root:Processing 127925 pixels (1445644 21330.063, 21409.781).
INFO:root:Sliding offset 0, 0. Add 3024 units, median count 233.0, 200933 units so far.
INFO:root:Sliding offset 0, 1. Add 2769 units, median count 230.0, 203702 units so far.
INFO:root:Sliding offset 1, 0. Add 3026 units, median count 231.0, 206728 units so far.
INFO:root:Sliding offset 1, 1. Add 2763 units, median count 231.0, 209491 units so far.
INFO:root:Left over size 423409 (21386, 21410).
INFO:root:Processing 122527 pixels (1423409 21385.782, 21461.334).
INFO:root:Sliding offset 0, 0. Add 2505 units, median count 238.0, 211996 units so far.
INFO:root:Sliding offset 0, 1. Add 2789 units, median count 238.0, 214785 units so far.
INFO:root:Sliding offset 1, 0. Add 2501 units, median count 237.0, 217286 units so far.
INFO:root:Sliding offset 1, 1. Add 2788 units, median count 239.0, 220074 units so far.
INFO:root:Left over size 498144 (21437, 21461).
INFO:root:Processing 116586 pixels (1498144 21437.335, 21508.602).
INFO:root:Sliding offset 0, 0. Add 2506 units, median count 261.0, 222580 units so far.
INFO:root:Sliding offset 0, 1. Add 2458 units, median count 256.5, 225038 units so far.
INFO:root:Sliding offset 1, 0. Add 2508 units, median count 259.0, 227546 units so far.
INFO:root:Sliding offset 1, 1. Add 2454 units, median count 258.0, 230000 units so far.
INFO:root:Left over size 512752 (21485, 21509).
INFO:root:Processing 114805 pixels (1512752 21484.603, 21554.617).
INFO:root:Sliding offset 0, 0. Add 2509 units, median count 266.0, 232509 units so far.
INFO:root:Sliding offset 0, 1. Add 2246 units, median count 264.0, 234755 units so far.
INFO:root:Sliding offset 1, 0. Add 2503 units, median count 264.0, 237258 units so far.
INFO:root:Sliding offset 1, 1. Add 2243 units, median count 269.5, 239501 units so far.
INFO:root:Left over size 515360 (21531, 21555).
INFO:root:Processing 117408 pixels (1515360 21530.618, 21602.07).
INFO:root:Sliding offset 0, 0. Add 2534 units, median count 249.0, 242035 units so far.
INFO:root:Sliding offset 0, 1. Add 2533 units, median count 253.0, 244568 units so far.
INFO:root:Sliding offset 1, 0. Add 2533 units, median count 251.0, 247101 units so far.
INFO:root:Sliding offset 1, 1. Add 2535 units, median count 251.0, 249636 units so far.
INFO:root:Left over size 488652 (21578, 21602).
INFO:root:Processing 127717 pixels (1488652 21578.071, 21655.783).
INFO:root:Sliding offset 0, 0. Add 2838 units, median count 237.0, 252474 units so far.
INFO:root:Sliding offset 0, 1. Add 2854 units, median count 235.0, 255328 units so far.
INFO:root:Sliding offset 1, 0. Add 2838 units, median count 237.0, 258166 units so far.
INFO:root:Sliding offset 1, 1. Add 2850 units, median count 238.0, 261016 units so far.
INFO:root:Left over size 426359 (21632, 21656).
INFO:root:Processing 128233 pixels (1426359 21631.784, 21709.761).
INFO:root:Sliding offset 0, 0. Add 2859 units, median count 234.0, 263875 units so far.
INFO:root:Sliding offset 0, 1. Add 2865 units, median count 233.0, 266740 units so far.
INFO:root:Sliding offset 1, 0. Add 2854 units, median count 234.0, 269594 units so far.
INFO:root:Sliding offset 1, 1. Add 2865 units, median count 234.0, 272459 units so far.
INFO:root:Left over size 444805 (21686, 21710).
INFO:root:Processing 122974 pixels (1444805 21685.762, 21760.579).
INFO:root:Sliding offset 0, 0. Add 2571 units, median count 232.0, 275030 units so far.
INFO:root:Sliding offset 0, 1. Add 2796 units, median count 232.0, 277826 units so far.
INFO:root:Sliding offset 1, 0. Add 2576 units, median count 229.0, 280402 units so far.
INFO:root:Sliding offset 1, 1. Add 2807 units, median count 234.5, 283209 units so far.
INFO:root:Left over size 452459 (21737, 21761).
INFO:root:Processing 127696 pixels (1452459 21736.58, 21814.538).
INFO:root:Sliding offset 0, 0. Add 2862 units, median count 220.0, 286071 units so far.
INFO:root:Sliding offset 0, 1. Add 2858 units, median count 220.0, 288929 units so far.
INFO:root:Sliding offset 1, 0. Add 2860 units, median count 218.0, 291789 units so far.
INFO:root:Sliding offset 1, 1. Add 2843 units, median count 218.0, 294632 units so far.
INFO:root:Left over size 437476 (21791, 21815).
INFO:root:Processing 121214 pixels (1437476 21790.539, 21865.169).
INFO:root:Sliding offset 0, 0. Add 2662 units, median count 241.0, 297294 units so far.
INFO:root:Sliding offset 0, 1. Add 2541 units, median count 237.0, 299835 units so far.
INFO:root:Sliding offset 1, 0. Add 2662 units, median count 241.5, 302497 units so far.
INFO:root:Sliding offset 1, 1. Add 2537 units, median count 240.0, 305034 units so far.
INFO:root:Left over size 487145 (21841, 21865).
INFO:root:Processing 120646 pixels (1487145 21841.17, 21915.871).
INFO:root:Sliding offset 0, 0. Add 2560 units, median count 245.0, 307594 units so far.
INFO:root:Sliding offset 0, 1. Add 2583 units, median count 250.0, 310177 units so far.
INFO:root:Sliding offset 1, 0. Add 2567 units, median count 244.0, 312744 units so far.
INFO:root:Sliding offset 1, 1. Add 2592 units, median count 251.0, 315336 units so far.
INFO:root:Left over size 475328 (21892, 21916).
INFO:root:Processing 114692 pixels (1475328 21891.872, 21962.341).
INFO:root:Sliding offset 0, 0. Add 2486 units, median count 256.0, 317822 units so far.
INFO:root:Sliding offset 0, 1. Add 2347 units, median count 253.0, 320169 units so far.
INFO:root:Sliding offset 1, 0. Add 2486 units, median count 254.0, 322655 units so far.
INFO:root:Sliding offset 1, 1. Add 2337 units, median count 255.0, 324992 units so far.
INFO:root:Left over size 532562 (21938, 21962).
INFO:root:Processing 121502 pixels (1532562 21938.342, 22012.74).
INFO:root:Sliding offset 0, 0. Add 2498 units, median count 253.0, 327490 units so far.
INFO:root:Sliding offset 0, 1. Add 2781 units, median count 258.0, 330271 units so far.
INFO:root:Sliding offset 1, 0. Add 2505 units, median count 254.0, 332776 units so far.
INFO:root:Sliding offset 1, 1. Add 2791 units, median count 257.0, 335567 units so far.
INFO:root:Left over size 444797 (21989, 22013).
INFO:root:Processing 125650 pixels (1444797 21988.742, 22065.566).
INFO:root:Sliding offset 0, 0. Add 2826 units, median count 245.0, 338393 units so far.
INFO:root:Sliding offset 0, 1. Add 2648 units, median count 245.0, 341041 units so far.
INFO:root:Sliding offset 1, 0. Add 2823 units, median count 243.0, 343864 units so far.
INFO:root:Sliding offset 1, 1. Add 2639 units, median count 245.0, 346503 units so far.
INFO:root:Left over size 480687 (22042, 22066).
INFO:root:Processing 119377 pixels (1480687 22041.567, 22114.397).
INFO:root:Sliding offset 0, 0. Add 2520 units, median count 256.0, 349023 units so far.
INFO:root:Sliding offset 0, 1. Add 2649 units, median count 259.0, 351672 units so far.
INFO:root:Sliding offset 1, 0. Add 2517 units, median count 257.0, 354189 units so far.
INFO:root:Sliding offset 1, 1. Add 2651 units, median count 256.0, 356840 units so far.
INFO:root:Left over size 507968 (22090, 22114).
INFO:root:Processing 121458 pixels (1507968 22090.398, 22164.492).
INFO:root:Sliding offset 0, 0. Add 2606 units, median count 251.0, 359446 units so far.
INFO:root:Sliding offset 0, 1. Add 2600 units, median count 249.0, 362046 units so far.
INFO:root:Sliding offset 1, 0. Add 2612 units, median count 251.5, 364658 units so far.
INFO:root:Sliding offset 1, 1. Add 2594 units, median count 247.0, 367252 units so far.
INFO:root:Left over size 471582 (22140, 22164).
INFO:root:Processing 123334 pixels (1471582 22140.493, 22215.942).
INFO:root:Sliding offset 0, 0. Add 2711 units, median count 255.0, 369963 units so far.
INFO:root:Sliding offset 0, 1. Add 2653 units, median count 258.0, 372616 units so far.
INFO:root:Sliding offset 1, 0. Add 2718 units, median count 254.0, 375334 units so far.
INFO:root:Sliding offset 1, 1. Add 2652 units, median count 256.0, 377986 units so far.
INFO:root:Left over size 466698 (22192, 22216).
INFO:root:Processing 117141 pixels (1466698 22191.943, 22263.621).
INFO:root:Sliding offset 0, 0. Add 2492 units, median count 264.0, 380478 units so far.
INFO:root:Sliding offset 0, 1. Add 2445 units, median count 271.0, 382923 units so far.
INFO:root:Sliding offset 1, 0. Add 2492 units, median count 267.0, 385415 units so far.
INFO:root:Sliding offset 1, 1. Add 2451 units, median count 270.0, 387866 units so far.
INFO:root:Left over size 492343 (22240, 22264).
INFO:root:Processing 115956 pixels (1492343 22239.622, 22310.313).
INFO:root:Sliding offset 0, 0. Add 2516 units, median count 260.0, 390382 units so far.
INFO:root:Sliding offset 0, 1. Add 2406 units, median count 262.0, 392788 units so far.
INFO:root:Sliding offset 1, 0. Add 2516 units, median count 260.0, 395304 units so far.
INFO:root:Sliding offset 1, 1. Add 2401 units, median count 261.0, 397705 units so far.
INFO:root:Left over size 529302 (22286, 22310).
INFO:root:Processing 109760 pixels (1529302 22286.314, 22352.982).
INFO:root:Sliding offset 0, 0. Add 2207 units, median count 284.0, 399912 units so far.
INFO:root:Sliding offset 0, 1. Add 2207 units, median count 291.0, 402119 units so far.
INFO:root:Sliding offset 1, 0. Add 2207 units, median count 283.0, 404326 units so far.
INFO:root:Sliding offset 1, 1. Add 2211 units, median count 292.0, 406537 units so far.
INFO:root:Left over size 569933 (22329, 22353).
INFO:root:Processing 107257 pixels (1569933 22328.983, 22394.013).
INFO:root:Sliding offset 0, 0. Add 2206 units, median count 299.0, 408743 units so far.
INFO:root:Sliding offset 0, 1. Add 2206 units, median count 302.0, 410949 units so far.
INFO:root:Sliding offset 1, 0. Add 2207 units, median count 295.0, 413156 units so far.
INFO:root:Sliding offset 1, 1. Add 2205 units, median count 304.0, 415361 units so far.
INFO:root:Left over size 572399 (22370, 22394).
INFO:root:Processing 106268 pixels (1572399 22370.014, 22434.528).
INFO:root:Sliding offset 0, 0. Add 1985 units, median count 307.0, 417346 units so far.
INFO:root:Sliding offset 0, 1. Add 2203 units, median count 305.0, 419549 units so far.
INFO:root:Sliding offset 1, 0. Add 1986 units, median count 306.0, 421535 units so far.
INFO:root:Sliding offset 1, 1. Add 2206 units, median count 306.0, 423741 units so far.
INFO:root:Left over size 622198 (22411, 22435).
INFO:root:Processing 111760 pixels (1622198 22410.529, 22478.492).
INFO:root:Sliding offset 0, 0. Add 2406 units, median count 306.0, 426147 units so far.
INFO:root:Sliding offset 0, 1. Add 2190 units, median count 304.0, 428337 units so far.
INFO:root:Sliding offset 1, 0. Add 2404 units, median count 301.5, 430741 units so far.
INFO:root:Sliding offset 1, 1. Add 2191 units, median count 302.0, 432932 units so far.
INFO:root:Left over size 540605 (22454, 22478).
INFO:root:Processing 106078 pixels (1540605 22454.493, 22519.157).
INFO:root:Sliding offset 0, 0. Add 2070 units, median count 301.0, 435002 units so far.
INFO:root:Sliding offset 0, 1. Add 2187 units, median count 306.0, 437189 units so far.
INFO:root:Sliding offset 1, 0. Add 2065 units, median count 305.0, 439254 units so far.
INFO:root:Sliding offset 1, 1. Add 2188 units, median count 304.0, 441442 units so far.
INFO:root:Left over size 585650 (22495, 22519).
INFO:root:Processing 106022 pixels (1585650 22495.158, 22559.708).
INFO:root:Sliding offset 0, 0. Add 2002 units, median count 325.0, 443444 units so far.
INFO:root:Sliding offset 0, 1. Add 2198 units, median count 322.0, 445642 units so far.
INFO:root:Sliding offset 1, 0. Add 2009 units, median count 325.0, 447651 units so far.
INFO:root:Sliding offset 1, 1. Add 2199 units, median count 318.0, 449850 units so far.
INFO:root:Left over size 583800 (22536, 22560).
INFO:root:Processing 104879 pixels (1583800 22535.71, 22599.693).
INFO:root:Sliding offset 0, 0. Add 2190 units, median count 309.0, 452040 units so far.
INFO:root:Sliding offset 0, 1. Add 1997 units, median count 308.0, 454037 units so far.
INFO:root:Sliding offset 1, 0. Add 2191 units, median count 307.0, 456228 units so far.
INFO:root:Sliding offset 1, 1. Add 2002 units, median count 309.0, 458230 units so far.
INFO:root:Left over size 581289 (22576, 22600).
INFO:root:Processing 109289 pixels (1581289 22575.694, 22642.534).
INFO:root:Sliding offset 0, 0. Add 2191 units, median count 297.0, 460421 units so far.
INFO:root:Sliding offset 0, 1. Add 2318 units, median count 303.0, 462739 units so far.
INFO:root:Sliding offset 1, 0. Add 2186 units, median count 297.0, 464925 units so far.
INFO:root:Sliding offset 1, 1. Add 2312 units, median count 300.0, 467237 units so far.
INFO:root:Left over size 555032 (22619, 22643).
INFO:root:Processing 104475 pixels (1555032 22618.535, 22682.377).
INFO:root:Sliding offset 0, 0. Add 2194 units, median count 298.0, 469431 units so far.
INFO:root:Sliding offset 0, 1. Add 1948 units, median count 296.0, 471379 units so far.
INFO:root:Sliding offset 1, 0. Add 2197 units, median count 296.0, 473576 units so far.
INFO:root:Sliding offset 1, 1. Add 1948 units, median count 293.0, 475524 units so far.
INFO:root:Left over size 618674 (22658, 22682).
INFO:root:Processing 105229 pixels (1618674 22658.378, 22722.72).
INFO:root:Sliding offset 0, 0. Add 1990 units, median count 312.5, 477514 units so far.
INFO:root:Sliding offset 0, 1. Add 2181 units, median count 305.0, 479695 units so far.
INFO:root:Sliding offset 1, 0. Add 1991 units, median count 308.0, 481686 units so far.
INFO:root:Sliding offset 1, 1. Add 2182 units, median count 305.5, 483868 units so far.
INFO:root:Left over size 595927 (22699, 22723).
INFO:root:Processing 108472 pixels (1595927 22698.721, 22765.321).
INFO:root:Sliding offset 0, 0. Add 2271 units, median count 297.5, 486139 units so far.
INFO:root:Sliding offset 0, 1. Add 2172 units, median count 290.0, 488311 units so far.
INFO:root:Sliding offset 1, 0. Add 2274 units, median count 298.0, 490585 units so far.
INFO:root:Sliding offset 1, 1. Add 2176 units, median count 291.0, 492761 units so far.
INFO:root:Left over size 567822 (22741, 22765).
INFO:root:Processing 110243 pixels (1567822 22741.322, 22809.134).
INFO:root:Sliding offset 0, 0. Add 2274 units, median count 286.0, 495035 units so far.
INFO:root:Sliding offset 0, 1. Add 2214 units, median count 288.0, 497249 units so far.
INFO:root:Sliding offset 1, 0. Add 2269 units, median count 284.0, 499518 units so far.
INFO:root:Sliding offset 1, 1. Add 2206 units, median count 290.0, 501724 units so far.
INFO:root:Left over size 572012 (22785, 22809).
INFO:root:Processing 110133 pixels (1572012 22785.135, 22852.877).
INFO:root:Sliding offset 0, 0. Add 2175 units, median count 286.0, 503899 units so far.
INFO:root:Sliding offset 0, 1. Add 2446 units, median count 294.0, 506345 units so far.
INFO:root:Sliding offset 1, 0. Add 2176 units, median count 287.0, 508521 units so far.
INFO:root:Sliding offset 1, 1. Add 2449 units, median count 291.0, 510970 units so far.
INFO:root:Left over size 515664 (22829, 22853).
INFO:root:Processing 106727 pixels (1515664 22828.879, 22894.769).
INFO:root:Sliding offset 0, 0. Add 2161 units, median count 288.0, 513131 units so far.
INFO:root:Sliding offset 0, 1. Add 2146 units, median count 288.0, 515277 units so far.
INFO:root:Sliding offset 1, 0. Add 2161 units, median count 293.0, 517438 units so far.
INFO:root:Sliding offset 1, 1. Add 2143 units, median count 286.0, 519581 units so far.
INFO:root:Left over size 603472 (22871, 22895).
INFO:root:Processing 105193 pixels (1603472 22870.77, 22935.965).
INFO:root:Sliding offset 0, 0. Add 2162 units, median count 285.0, 521743 units so far.
INFO:root:Sliding offset 0, 1. Add 2039 units, median count 286.0, 523782 units so far.
INFO:root:Sliding offset 1, 0. Add 2166 units, median count 283.0, 525948 units so far.
INFO:root:Sliding offset 1, 1. Add 2044 units, median count 286.0, 527992 units so far.
INFO:root:Left over size 576959 (22912, 22936).
INFO:root:Processing 104667 pixels (1576959 22911.966, 22976.754).
INFO:root:Sliding offset 0, 0. Add 2166 units, median count 285.0, 530158 units so far.
INFO:root:Sliding offset 0, 1. Add 2003 units, median count 293.0, 532161 units so far.
INFO:root:Sliding offset 1, 0. Add 2163 units, median count 287.5, 534324 units so far.
INFO:root:Sliding offset 1, 1. Add 2001 units, median count 293.0, 536325 units so far.
INFO:root:Left over size 570879 (22953, 22977).
INFO:root:Processing 106580 pixels (1570879 22952.755, 23018.633).
INFO:root:Sliding offset 0, 0. Add 2166 units, median count 289.0, 538491 units so far.
INFO:root:Sliding offset 0, 1. Add 2164 units, median count 297.0, 540655 units so far.
INFO:root:Sliding offset 1, 0. Add 2166 units, median count 292.0, 542821 units so far.
INFO:root:Sliding offset 1, 1. Add 2164 units, median count 296.0, 544985 units so far.
INFO:root:Left over size 568707 (22995, 23019).
INFO:root:Processing 108090 pixels (1568707 22994.634, 23061.294).
INFO:root:Sliding offset 0, 0. Add 2172 units, median count 275.0, 547157 units so far.
INFO:root:Sliding offset 0, 1. Add 2226 units, median count 285.0, 549383 units so far.
INFO:root:Sliding offset 1, 0. Add 2173 units, median count 278.0, 551556 units so far.
INFO:root:Sliding offset 1, 1. Add 2226 units, median count 284.0, 553782 units so far.
INFO:root:Left over size 567209 (23037, 23061).
INFO:root:Processing 105225 pixels (1567209 23037.295, 23102.082).
INFO:root:Sliding offset 0, 0. Add 2170 units, median count 280.0, 555952 units so far.
INFO:root:Sliding offset 0, 1. Add 2118 units, median count 283.0, 558070 units so far.
INFO:root:Sliding offset 1, 0. Add 2176 units, median count 281.0, 560246 units so far.
INFO:root:Sliding offset 1, 1. Add 2120 units, median count 283.0, 562366 units so far.
INFO:root:Left over size 592156 (23078, 23102).
INFO:root:Processing 108341 pixels (1592156 23078.083, 23144.855).
INFO:root:Sliding offset 0, 0. Add 2176 units, median count 273.0, 564542 units so far.
INFO:root:Sliding offset 0, 1. Add 2175 units, median count 283.0, 566717 units so far.
INFO:root:Sliding offset 1, 0. Add 2173 units, median count 274.0, 568890 units so far.
INFO:root:Sliding offset 1, 1. Add 2172 units, median count 282.0, 571062 units so far.
INFO:root:Left over size 568290 (23121, 23145).
INFO:root:Processing 104923 pixels (1568290 23120.856, 23185.568).
INFO:root:Sliding offset 0, 0. Add 2121 units, median count 275.0, 573183 units so far.
INFO:root:Sliding offset 0, 1. Add 2172 units, median count 280.0, 575355 units so far.
INFO:root:Sliding offset 1, 0. Add 2119 units, median count 276.0, 577474 units so far.
INFO:root:Sliding offset 1, 1. Add 2170 units, median count 282.0, 579644 units so far.
INFO:root:Left over size 608597 (23162, 23186).
INFO:root:Processing 106788 pixels (1608597 23161.569, 23227.541).
INFO:root:Sliding offset 0, 0. Add 2163 units, median count 274.0, 581807 units so far.
INFO:root:Sliding offset 0, 1. Add 2175 units, median count 275.5, 583982 units so far.
INFO:root:Sliding offset 1, 0. Add 2167 units, median count 272.0, 586149 units so far.
INFO:root:Sliding offset 1, 1. Add 2175 units, median count 274.0, 588324 units so far.
INFO:root:Left over size 562789 (23204, 23228).
INFO:root:Processing 110050 pixels (1562789 23203.542, 23271.478).
INFO:root:Sliding offset 0, 0. Add 2242 units, median count 280.0, 590566 units so far.
INFO:root:Sliding offset 0, 1. Add 2262 units, median count 289.0, 592828 units so far.
INFO:root:Sliding offset 1, 0. Add 2237 units, median count 282.0, 595065 units so far.
INFO:root:Sliding offset 1, 1. Add 2258 units, median count 289.0, 597323 units so far.
INFO:root:Left over size 549873 (23247, 23271).
INFO:root:Processing 106141 pixels (1549873 23247.479, 23312.981).
INFO:root:Sliding offset 0, 0. Add 2177 units, median count 285.0, 599500 units so far.
INFO:root:Sliding offset 0, 1. Add 2089 units, median count 290.0, 601589 units so far.
INFO:root:Sliding offset 1, 0. Add 2173 units, median count 285.0, 603762 units so far.
INFO:root:Sliding offset 1, 1. Add 2095 units, median count 292.0, 605857 units so far.
INFO:root:Left over size 565923 (23289, 23313).
INFO:root:Processing 113929 pixels (1565923 23288.982, 23359.254).
INFO:root:Sliding offset 0, 0. Add 2392 units, median count 279.0, 608249 units so far.
INFO:root:Sliding offset 0, 1. Add 2496 units, median count 278.0, 610745 units so far.
INFO:root:Sliding offset 1, 0. Add 2392 units, median count 281.0, 613137 units so far.
INFO:root:Sliding offset 1, 1. Add 2496 units, median count 278.0, 615633 units so far.
INFO:root:Left over size 511096 (23335, 23359).
INFO:root:Processing 111252 pixels (1511096 23335.255, 23403.763).
INFO:root:Sliding offset 0, 0. Add 2292 units, median count 266.0, 617925 units so far.
INFO:root:Sliding offset 0, 1. Add 2321 units, median count 265.0, 620246 units so far.
INFO:root:Sliding offset 1, 0. Add 2292 units, median count 258.0, 622538 units so far.
INFO:root:Sliding offset 1, 1. Add 2314 units, median count 265.0, 624852 units so far.
INFO:root:Left over size 525542 (23380, 23404).
INFO:root:Processing 118627 pixels (1525542 23379.764, 23453.03).
INFO:root:Sliding offset 0, 0. Add 2486 units, median count 248.0, 627338 units so far.
INFO:root:Sliding offset 0, 1. Add 2661 units, median count 247.0, 629999 units so far.
INFO:root:Sliding offset 1, 0. Add 2485 units, median count 250.0, 632484 units so far.
INFO:root:Sliding offset 1, 1. Add 2668 units, median count 249.0, 635152 units so far.
INFO:root:Left over size 483852 (23429, 23453).
INFO:root:Processing 113929 pixels (1483852 23429.031, 23499.65).
INFO:root:Sliding offset 0, 0. Add 2479 units, median count 251.0, 637631 units so far.
INFO:root:Sliding offset 0, 1. Add 2286 units, median count 251.0, 639917 units so far.
INFO:root:Sliding offset 1, 0. Add 2481 units, median count 251.0, 642398 units so far.
INFO:root:Sliding offset 1, 1. Add 2283 units, median count 250.0, 644681 units so far.
INFO:root:Left over size 536989 (23476, 23500).
INFO:root:Processing 113413 pixels (1536989 23475.651, 23545.846).
INFO:root:Sliding offset 0, 0. Add 2483 units, median count 259.0, 647164 units so far.
INFO:root:Sliding offset 0, 1. Add 2375 units, median count 259.0, 649539 units so far.
INFO:root:Sliding offset 1, 0. Add 2480 units, median count 260.0, 652019 units so far.
INFO:root:Sliding offset 1, 1. Add 2381 units, median count 258.5, 654400 units so far.
INFO:root:Left over size 530681 (23522, 23546).
INFO:root:Processing 118177 pixels (1530681 23521.847, 23595.093).
INFO:root:Sliding offset 0, 0. Add 2488 units, median count 255.0, 656888 units so far.
INFO:root:Sliding offset 0, 1. Add 2503 units, median count 259.0, 659391 units so far.
INFO:root:Sliding offset 1, 0. Add 2487 units, median count 255.0, 661878 units so far.
INFO:root:Sliding offset 1, 1. Add 2502 units, median count 259.0, 664380 units so far.
INFO:root:Left over size 502783 (23571, 23595).
INFO:root:Processing 115931 pixels (1502783 23571.094, 23642.875).
INFO:root:Sliding offset 0, 0. Add 2482 units, median count 241.0, 666862 units so far.
INFO:root:Sliding offset 0, 1. Add 2454 units, median count 242.0, 669316 units so far.
INFO:root:Sliding offset 1, 0. Add 2480 units, median count 241.0, 671796 units so far.
INFO:root:Sliding offset 1, 1. Add 2454 units, median count 242.0, 674250 units so far.
INFO:root:Left over size 490747 (23619, 23643).
INFO:root:Processing 115228 pixels (1490747 23618.876, 23689.613).
INFO:root:Sliding offset 0, 0. Add 2469 units, median count 254.0, 676719 units so far.
INFO:root:Sliding offset 0, 1. Add 2512 units, median count 256.0, 679231 units so far.
INFO:root:Sliding offset 1, 0. Add 2467 units, median count 252.0, 681698 units so far.
INFO:root:Sliding offset 1, 1. Add 2510 units, median count 252.0, 684208 units so far.
INFO:root:Left over size 529001 (23666, 23690).
INFO:root:Processing 110222 pixels (1529001 23665.614, 23732.87).
INFO:root:Sliding offset 0, 0. Add 2254 units, median count 257.0, 686462 units so far.
INFO:root:Sliding offset 0, 1. Add 2204 units, median count 263.0, 688666 units so far.
INFO:root:Sliding offset 1, 0. Add 2257 units, median count 255.5, 690923 units so far.
INFO:root:Sliding offset 1, 1. Add 2207 units, median count 261.0, 693130 units so far.
INFO:root:Left over size 560813 (23709, 23733).
INFO:root:Processing 118930 pixels (1560813 23708.871, 23781.402).
INFO:root:Sliding offset 0, 0. Add 2531 units, median count 239.0, 695661 units so far.
INFO:root:Sliding offset 0, 1. Add 2604 units, median count 243.0, 698265 units so far.
INFO:root:Sliding offset 1, 0. Add 2534 units, median count 238.0, 700799 units so far.
INFO:root:Sliding offset 1, 1. Add 2610 units, median count 242.0, 703409 units so far.
INFO:root:Left over size 494090 (23757, 23781).
INFO:root:Processing 118049 pixels (1494090 23757.403, 23829.566).
INFO:root:Sliding offset 0, 0. Add 2518 units, median count 244.0, 705927 units so far.
INFO:root:Sliding offset 0, 1. Add 2543 units, median count 245.0, 708470 units so far.
INFO:root:Sliding offset 1, 0. Add 2518 units, median count 242.0, 710988 units so far.
INFO:root:Sliding offset 1, 1. Add 2540 units, median count 246.0, 713528 units so far.
INFO:root:Left over size 504157 (23806, 23830).
INFO:root:Processing 115501 pixels (1504157 23805.567, 23876.315).
INFO:root:Sliding offset 0, 0. Add 2510 units, median count 260.0, 716038 units so far.
INFO:root:Sliding offset 0, 1. Add 2416 units, median count 260.0, 718454 units so far.
INFO:root:Sliding offset 1, 0. Add 2511 units, median count 258.0, 720965 units so far.
INFO:root:Sliding offset 1, 1. Add 2409 units, median count 261.0, 723374 units so far.
INFO:root:Left over size 529524 (23852, 23876).
INFO:root:Processing 104756 pixels (1529524 23852.317, 23916.36).
INFO:root:Sliding offset 0, 0. Add 1947 units, median count 268.0, 725321 units so far.
INFO:root:Sliding offset 0, 1. Add 2194 units, median count 269.0, 727515 units so far.
INFO:root:Sliding offset 1, 0. Add 1947 units, median count 270.0, 729462 units so far.
INFO:root:Sliding offset 1, 1. Add 2192 units, median count 269.0, 731654 units so far.
INFO:root:Left over size 615346 (23892, 23916).
INFO:root:Processing 102655 pixels (1615346 23892.362, 23955.2).
INFO:root:Sliding offset 0, 0. Add 2124 units, median count 271.0, 733778 units so far.
INFO:root:Sliding offset 0, 1. Add 1924 units, median count 274.0, 735702 units so far.
INFO:root:Sliding offset 1, 0. Add 2124 units, median count 272.0, 737826 units so far.
INFO:root:Sliding offset 1, 1. Add 1918 units, median count 276.0, 739744 units so far.
INFO:root:Left over size 607958 (23931, 23955).
INFO:root:Processing 110400 pixels (1607958 23931.202, 23998.885).
INFO:root:Sliding offset 0, 0. Add 2195 units, median count 258.0, 741939 units so far.
INFO:root:Sliding offset 0, 1. Add 2455 units, median count 263.0, 744394 units so far.
INFO:root:Sliding offset 1, 0. Add 2191 units, median count 260.0, 746585 units so far.
INFO:root:Sliding offset 1, 1. Add 2458 units, median count 265.0, 749043 units so far.
INFO:root:Left over size 546479 (23975, 23999).
INFO:root:Processing 112485 pixels (1546479 23974.887, 24043.524).
INFO:root:Sliding offset 0, 0. Add 2467 units, median count 250.0, 751510 units so far.
INFO:root:Sliding offset 0, 1. Add 2224 units, median count 247.0, 753734 units so far.
INFO:root:Sliding offset 1, 0. Add 2471 units, median count 250.0, 756205 units so far.
INFO:root:Sliding offset 1, 1. Add 2228 units, median count 245.0, 758433 units so far.
INFO:root:Left over size 542227 (24020, 24044).
INFO:root:Processing 111785 pixels (1542227 24019.526, 24087.668).
INFO:root:Sliding offset 0, 0. Add 2265 units, median count 259.0, 760698 units so far.
INFO:root:Sliding offset 0, 1. Add 2324 units, median count 260.0, 763022 units so far.
INFO:root:Sliding offset 1, 0. Add 2267 units, median count 257.0, 765289 units so far.
INFO:root:Sliding offset 1, 1. Add 2333 units, median count 262.0, 767622 units so far.
INFO:root:Left over size 560765 (24064, 24088).
INFO:root:Processing 115642 pixels (1560765 24063.669, 24134.135).
INFO:root:Sliding offset 0, 0. Add 2535 units, median count 255.0, 770157 units so far.
INFO:root:Sliding offset 0, 1. Add 2423 units, median count 258.0, 772580 units so far.
INFO:root:Sliding offset 1, 0. Add 2537 units, median count 255.0, 775117 units so far.
INFO:root:Sliding offset 1, 1. Add 2418 units, median count 258.0, 777535 units so far.
INFO:root:Left over size 535115 (24110, 24134).
INFO:root:Processing 104662 pixels (1535115 24110.136, 24173.933).
INFO:root:Sliding offset 0, 0. Add 1900 units, median count 279.0, 779435 units so far.
INFO:root:Sliding offset 0, 1. Add 2212 units, median count 275.0, 781647 units so far.
INFO:root:Sliding offset 1, 0. Add 1898 units, median count 275.0, 783545 units so far.
INFO:root:Sliding offset 1, 1. Add 2215 units, median count 275.0, 785760 units so far.
INFO:root:Left over size 599114 (24150, 24174).
INFO:root:Processing 106088 pixels (1599114 24149.934, 24214.648).
INFO:root:Sliding offset 0, 0. Add 2210 units, median count 293.0, 787970 units so far.
INFO:root:Sliding offset 0, 1. Add 2165 units, median count 282.0, 790135 units so far.
INFO:root:Sliding offset 1, 0. Add 2212 units, median count 288.0, 792347 units so far.
INFO:root:Sliding offset 1, 1. Add 2169 units, median count 284.0, 794516 units so far.
INFO:root:Left over size 587761 (24191, 24215).
INFO:root:Processing 109694 pixels (1587761 24190.649, 24257.583).
INFO:root:Sliding offset 0, 0. Add 2208 units, median count 272.0, 796724 units so far.
INFO:root:Sliding offset 0, 1. Add 2257 units, median count 264.5, 798981 units so far.
INFO:root:Sliding offset 1, 0. Add 2208 units, median count 276.0, 801189 units so far.
INFO:root:Sliding offset 1, 1. Add 2252 units, median count 268.0, 803441 units so far.
INFO:root:Left over size 552515 (24234, 24258).
INFO:root:Processing 108473 pixels (1552515 24233.584, 24299.622).
INFO:root:Sliding offset 0, 0. Add 2228 units, median count 270.0, 805669 units so far.
INFO:root:Sliding offset 0, 1. Add 2224 units, median count 260.5, 807893 units so far.
INFO:root:Sliding offset 1, 0. Add 2228 units, median count 267.0, 810121 units so far.
INFO:root:Sliding offset 1, 1. Add 2228 units, median count 262.0, 812349 units so far.
INFO:root:Left over size 560678 (24276, 24300).
INFO:root:Processing 111845 pixels (1560678 24275.623, 24343.749).
INFO:root:Sliding offset 0, 0. Add 2514 units, median count 259.0, 814863 units so far.
INFO:root:Sliding offset 0, 1. Add 2240 units, median count 254.0, 817103 units so far.
INFO:root:Sliding offset 1, 0. Add 2513 units, median count 259.0, 819616 units so far.
INFO:root:Sliding offset 1, 1. Add 2244 units, median count 254.0, 821860 units so far.
INFO:root:Left over size 547222 (24320, 24344).
INFO:root:Processing 112675 pixels (1547222 24319.75, 24388.467).
INFO:root:Sliding offset 0, 0. Add 2264 units, median count 250.0, 824124 units so far.
INFO:root:Sliding offset 0, 1. Add 2465 units, median count 253.0, 826589 units so far.
INFO:root:Sliding offset 1, 0. Add 2260 units, median count 249.0, 828849 units so far.
INFO:root:Sliding offset 1, 1. Add 2470 units, median count 253.0, 831319 units so far.
INFO:root:Left over size 539201 (24364, 24388).
INFO:root:Processing 104642 pixels (1539201 24364.468, 24428.339).
INFO:root:Sliding offset 0, 0. Add 2224 units, median count 257.0, 833543 units so far.
INFO:root:Sliding offset 0, 1. Add 1996 units, median count 264.0, 835539 units so far.
INFO:root:Sliding offset 1, 0. Add 2225 units, median count 261.0, 837764 units so far.
INFO:root:Sliding offset 1, 1. Add 1991 units, median count 266.0, 839755 units so far.
INFO:root:Left over size 610217 (24404, 24428).
INFO:root:Processing 104363 pixels (1610217 24404.34, 24468.211).
INFO:root:Sliding offset 0, 0. Add 1960 units, median count 270.5, 841715 units so far.
INFO:root:Sliding offset 0, 1. Add 2208 units, median count 271.0, 843923 units so far.
INFO:root:Sliding offset 1, 0. Add 1945 units, median count 272.0, 845868 units so far.
INFO:root:Sliding offset 1, 1. Add 2213 units, median count 272.0, 848081 units so far.
INFO:root:Left over size 611019 (24444, 24468).
INFO:root:Processing 110589 pixels (1611019 24444.213, 24511.993).
INFO:root:Sliding offset 0, 0. Add 2479 units, median count 251.0, 850560 units so far.
INFO:root:Sliding offset 0, 1. Add 2230 units, median count 249.0, 852790 units so far.
INFO:root:Sliding offset 1, 0. Add 2493 units, median count 253.0, 855283 units so far.
INFO:root:Sliding offset 1, 1. Add 2226 units, median count 252.0, 857509 units so far.
INFO:root:Left over size 521378 (24488, 24512).
INFO:root:Processing 117284 pixels (1521378 24487.994, 24559.781).
INFO:root:Sliding offset 0, 0. Add 2537 units, median count 232.0, 860046 units so far.
INFO:root:Sliding offset 0, 1. Add 2559 units, median count 238.0, 862605 units so far.
INFO:root:Sliding offset 1, 0. Add 2548 units, median count 232.0, 865153 units so far.
INFO:root:Sliding offset 1, 1. Add 2561 units, median count 239.0, 867714 units so far.
INFO:root:Left over size 510385 (24536, 24560).
INFO:root:Processing 114057 pixels (1510385 24535.782, 24605.365).
INFO:root:Sliding offset 0, 0. Add 2274 units, median count 238.0, 869988 units so far.
INFO:root:Sliding offset 0, 1. Add 2555 units, median count 240.0, 872543 units so far.
INFO:root:Sliding offset 1, 0. Add 2269 units, median count 240.0, 874812 units so far.
INFO:root:Sliding offset 1, 1. Add 2557 units, median count 240.0, 877369 units so far.
INFO:root:Left over size 553144 (24581, 24605).
INFO:root:Processing 119989 pixels (1553144 24581.366, 24654.942).
INFO:root:Sliding offset 0, 0. Add 2658 units, median count 229.0, 880027 units so far.
INFO:root:Sliding offset 0, 1. Add 2502 units, median count 227.0, 882529 units so far.
INFO:root:Sliding offset 1, 0. Add 2656 units, median count 232.5, 885185 units so far.
INFO:root:Sliding offset 1, 1. Add 2503 units, median count 228.0, 887688 units so far.
INFO:root:Left over size 463076 (24631, 24655).
INFO:root:Processing 124528 pixels (1463076 24630.943, 24707.591).
INFO:root:Sliding offset 0, 0. Add 2670 units, median count 215.0, 890358 units so far.
INFO:root:Sliding offset 0, 1. Add 2818 units, median count 212.0, 893176 units so far.
INFO:root:Sliding offset 1, 0. Add 2682 units, median count 212.5, 895858 units so far.
INFO:root:Sliding offset 1, 1. Add 2830 units, median count 213.0, 898688 units so far.
INFO:root:Left over size 479029 (24684, 24708).
INFO:root:Processing 118908 pixels (1479029 24683.592, 24756.613).
INFO:root:Sliding offset 0, 0. Add 2614 units, median count 226.0, 901302 units so far.
INFO:root:Sliding offset 0, 1. Add 2520 units, median count 220.0, 903822 units so far.
INFO:root:Sliding offset 1, 0. Add 2615 units, median count 226.0, 906437 units so far.
INFO:root:Sliding offset 1, 1. Add 2514 units, median count 222.0, 908951 units so far.
INFO:root:Left over size 485232 (24733, 24757).
INFO:root:Processing 123228 pixels (1485232 24732.614, 24808.43).
INFO:root:Sliding offset 0, 0. Add 2732 units, median count 225.0, 911683 units so far.
INFO:root:Sliding offset 0, 1. Add 2757 units, median count 222.5, 914440 units so far.
INFO:root:Sliding offset 1, 0. Add 2736 units, median count 221.0, 917176 units so far.
INFO:root:Sliding offset 1, 1. Add 2755 units, median count 223.0, 919931 units so far.
INFO:root:Left over size 463950 (24784, 24808).
INFO:root:Processing 121199 pixels (1463950 24784.431, 24858.715).
INFO:root:Sliding offset 0, 0. Add 2675 units, median count 217.0, 922606 units so far.
INFO:root:Sliding offset 0, 1. Add 2633 units, median count 216.0, 925239 units so far.
INFO:root:Sliding offset 1, 0. Add 2666 units, median count 216.0, 927905 units so far.
INFO:root:Sliding offset 1, 1. Add 2630 units, median count 214.0, 930535 units so far.
INFO:root:Left over size 474845 (24835, 24859).
INFO:root:Processing 128351 pixels (1474845 24834.716, 24913.625).
INFO:root:Sliding offset 0, 0. Add 2985 units, median count 200.0, 933520 units so far.
INFO:root:Sliding offset 0, 1. Add 2848 units, median count 195.0, 936368 units so far.
INFO:root:Sliding offset 1, 0. Add 2990 units, median count 196.0, 939358 units so far.
INFO:root:Sliding offset 1, 1. Add 2847 units, median count 195.0, 942205 units so far.
INFO:root:Left over size 443215 (24890, 24914).
INFO:root:Processing 136301 pixels (1443215 24889.627, 24974.117).
INFO:root:Sliding offset 0, 0. Add 3198 units, median count 175.0, 945403 units so far.
INFO:root:Sliding offset 0, 1. Add 3160 units, median count 177.0, 948563 units so far.
INFO:root:Sliding offset 1, 0. Add 3200 units, median count 176.0, 951763 units so far.
INFO:root:Sliding offset 1, 1. Add 3159 units, median count 175.0, 954922 units so far.
INFO:root:Left over size 355960 (24950, 24974).
INFO:root:Processing 138057 pixels (1355960 24950.118, 25035.979).
INFO:root:Sliding offset 0, 0. Add 3159 units, median count 165.0, 958081 units so far.
INFO:root:Sliding offset 0, 1. Add 3300 units, median count 167.0, 961381 units so far.
INFO:root:Sliding offset 1, 0. Add 3160 units, median count 167.0, 964541 units so far.
INFO:root:Sliding offset 1, 1. Add 3313 units, median count 164.0, 967854 units so far.
INFO:root:Left over size 419012 (25012, 25036).
INFO:root:Processing 151303 pixels (1419012 25011.982, 25105.899).
INFO:root:Sliding offset 0, 0. Add 3786 units, median count 163.0, 971640 units so far.
INFO:root:Sliding offset 0, 1. Add 3627 units, median count 163.0, 975267 units so far.
INFO:root:Sliding offset 1, 0. Add 3776 units, median count 161.0, 979043 units so far.
INFO:root:Sliding offset 1, 1. Add 3632 units, median count 163.0, 982675 units so far.
INFO:root:Left over size 360616 (25082, 25106).
INFO:root:Processing 133783 pixels (1360616 25081.903, 25164.731).
INFO:root:Sliding offset 0, 0. Add 3008 units, median count 160.0, 985683 units so far.
INFO:root:Sliding offset 0, 1. Add 3184 units, median count 160.0, 988867 units so far.
INFO:root:Sliding offset 1, 0. Add 3015 units, median count 161.5, 991882 units so far.
INFO:root:Sliding offset 1, 1. Add 3188 units, median count 160.0, 995070 units so far.
INFO:root:Left over size 422754 (25141, 25165).
INFO:root:Processing 154063 pixels (1422754 25140.735, 25237.023).
INFO:root:Sliding offset 0, 0. Add 3794 units, median count 149.0, 998864 units so far.
INFO:root:Sliding offset 0, 1. Add 3773 units, median count 148.0, 1002637 units so far.
INFO:root:Sliding offset 1, 0. Add 3809 units, median count 147.0, 1006446 units so far.
INFO:root:Sliding offset 1, 1. Add 3765 units, median count 148.0, 1010211 units so far.
INFO:root:Left over size 322753 (25213, 25237).
INFO:root:Processing 155459 pixels (1322753 25213.025, 25310.44).
INFO:root:Sliding offset 0, 0. Add 3929 units, median count 147.0, 1014140 units so far.
INFO:root:Sliding offset 0, 1. Add 3780 units, median count 147.0, 1017920 units so far.
INFO:root:Sliding offset 1, 0. Add 3918 units, median count 147.0, 1021838 units so far.
INFO:root:Sliding offset 1, 1. Add 3786 units, median count 148.0, 1025624 units so far.
INFO:root:Left over size 344085 (25286, 25310).
INFO:root:Processing 161478 pixels (1344085 25286.441, 25387.628).
INFO:root:Sliding offset 0, 0. Add 4023 units, median count 146.0, 1029647 units so far.
INFO:root:Sliding offset 0, 1. Add 4070 units, median count 147.0, 1033717 units so far.
INFO:root:Sliding offset 1, 0. Add 4017 units, median count 146.0, 1037734 units so far.
INFO:root:Sliding offset 1, 1. Add 4081 units, median count 147.0, 1041815 units so far.
INFO:root:Left over size 303955 (25364, 25388).
INFO:root:Processing 172590 pixels (1303955 25363.629, 25472.507).
INFO:root:Sliding offset 0, 0. Add 4402 units, median count 140.0, 1046217 units so far.
INFO:root:Sliding offset 0, 1. Add 4364 units, median count 139.0, 1050581 units so far.
INFO:root:Sliding offset 1, 0. Add 4410 units, median count 140.0, 1054991 units so far.
INFO:root:Sliding offset 1, 1. Add 4367 units, median count 139.0, 1059358 units so far.
INFO:root:Left over size 253352 (25449, 25473).
INFO:root:Processing 170389 pixels (1253352 25448.508, 25556.47).
INFO:root:Sliding offset 0, 0. Add 4289 units, median count 136.0, 1063647 units so far.
INFO:root:Sliding offset 0, 1. Add 4279 units, median count 136.0, 1067926 units so far.
INFO:root:Sliding offset 1, 0. Add 4293 units, median count 136.0, 1072219 units so far.
INFO:root:Sliding offset 1, 1. Add 4283 units, median count 135.0, 1076502 units so far.
INFO:root:Left over size 297554 (25532, 25556).
INFO:root:Processing 178213 pixels (1297554 25532.471, 25645.281).
INFO:root:Sliding offset 0, 0. Add 4568 units, median count 134.0, 1081070 units so far.
INFO:root:Sliding offset 0, 1. Add 4643 units, median count 133.0, 1085713 units so far.
INFO:root:Sliding offset 1, 0. Add 4547 units, median count 134.0, 1090260 units so far.
INFO:root:Sliding offset 1, 1. Add 4650 units, median count 133.0, 1094910 units so far.
INFO:root:Left over size 305120 (25621, 25645).
INFO:root:Processing 160202 pixels (1305120 25621.282, 25722.842).
INFO:root:Sliding offset 0, 0. Add 3935 units, median count 136.0, 1098845 units so far.
INFO:root:Sliding offset 0, 1. Add 4002 units, median count 136.0, 1102847 units so far.
INFO:root:Sliding offset 1, 0. Add 3920 units, median count 137.0, 1106767 units so far.
INFO:root:Sliding offset 1, 1. Add 4001 units, median count 136.0, 1110768 units so far.
INFO:root:Left over size 325931 (25699, 25723).
INFO:root:Processing 178418 pixels (1325931 25698.843, 25814.279).
INFO:root:Sliding offset 0, 0. Add 4568 units, median count 129.0, 1115336 units so far.
INFO:root:Sliding offset 0, 1. Add 4425 units, median count 128.0, 1119761 units so far.
INFO:root:Sliding offset 1, 0. Add 4564 units, median count 127.5, 1124325 units so far.
INFO:root:Sliding offset 1, 1. Add 4420 units, median count 128.0, 1128745 units so far.
INFO:root:Left over size 233075 (25790, 25814).
INFO:root:Processing 201111 pixels (1233075 25790.28, 25923.64).
INFO:root:Sliding offset 0, 0. Add 5119 units, median count 116.0, 1133864 units so far.
INFO:root:Sliding offset 0, 1. Add 5197 units, median count 116.0, 1139061 units so far.
INFO:root:Sliding offset 1, 0. Add 5138 units, median count 116.0, 1144199 units so far.
INFO:root:Sliding offset 1, 1. Add 5187 units, median count 117.0, 1149386 units so far.
INFO:root:Left over size 231651 (25900, 25924).
INFO:root:Processing 217010 pixels (1231651 25899.641, 26044.021).
INFO:root:Sliding offset 0, 0. Add 5678 units, median count 110.0, 1155064 units so far.
INFO:root:Sliding offset 0, 1. Add 5723 units, median count 111.0, 1160787 units so far.
INFO:root:Sliding offset 1, 0. Add 5686 units, median count 111.0, 1166473 units so far.
INFO:root:Sliding offset 1, 1. Add 5736 units, median count 110.0, 1172209 units so far.
INFO:root:Left over size 194510 (26020, 26044).
INFO:root:Processing 195234 pixels (1194510 26020.022, 26152.442).
INFO:root:Sliding offset 0, 0. Add 4845 units, median count 113.0, 1177054 units so far.
INFO:root:Sliding offset 0, 1. Add 4909 units, median count 113.0, 1181963 units so far.
INFO:root:Sliding offset 1, 0. Add 4859 units, median count 113.0, 1186822 units so far.
INFO:root:Sliding offset 1, 1. Add 4900 units, median count 113.0, 1191722 units so far.
INFO:root:Left over size 200975 (26128, 26152).
INFO:root:Processing 227686 pixels (1200975 26128.443, 26286.788).
INFO:root:Sliding offset 0, 0. Add 5731 units, median count 100.0, 1197453 units so far.
INFO:root:Sliding offset 0, 1. Add 5689 units, median count 101.0, 1203142 units so far.
INFO:root:Sliding offset 1, 0. Add 5710 units, median count 101.0, 1208852 units so far.
INFO:root:Sliding offset 1, 1. Add 5678 units, median count 102.0, 1214530 units so far.
INFO:root:Left over size 182539 (26263, 26287).
INFO:root:Processing 237523 pixels (1182539 26262.789, 26433.707).
INFO:root:Sliding offset 0, 0. Add 5817 units, median count 96.0, 1220347 units so far.
INFO:root:Sliding offset 0, 1. Add 5756 units, median count 95.0, 1226103 units so far.
INFO:root:Sliding offset 1, 0. Add 5809 units, median count 96.0, 1231912 units so far.
INFO:root:Sliding offset 1, 1. Add 5802 units, median count 96.0, 1237714 units so far.
INFO:root:Left over size 158029 (26410, 26434).
INFO:root:Processing 133536 pixels (640840 26409.708, 26556.379).
INFO:root:Sliding offset 0, 0. Add 2653 units, median count 87.0, 1240367 units so far.
INFO:root:Sliding offset 0, 1. Add 2686 units, median count 88.0, 1243053 units so far.
INFO:root:Sliding offset 1, 0. Add 2648 units, median count 87.0, 1245701 units so far.
INFO:root:Sliding offset 1, 1. Add 2670 units, median count 88.0, 1248371 units so far.
INFO:root:Left over size 11533 (26532, 26556).
['X', 'Y', 'gene', 'Count']
sort -k 1,1n /dcs05/lieber/marmaypag/xenium_NAC_LIBD4125/xenium_NAC/processed-data/HD_Full_Analysis/FICTURE/outputs/H1-XKYDCP3_D1/nF_12/hexagon.d_12.tsv | gzip -c > /dcs05/lieber/marmaypag/xenium_NAC_LIBD4125/xenium_NAC/processed-data/HD_Full_Analysis/FICTURE/outputs/H1-XKYDCP3_D1/nF_12/hexagon.d_12.tsv.gz
rm /dcs05/lieber/marmaypag/xenium_NAC_LIBD4125/xenium_NAC/processed-data/HD_Full_Analysis/FICTURE/outputs/H1-XKYDCP3_D1/nF_12/hexagon.d_12.tsv
--------------------------------------------------------------
Creating LDA for 12um and 12 factors...
--------------------------------------------------------------
mkdir -p /dcs05/lieber/marmaypag/xenium_NAC_LIBD4125/xenium_NAC/processed-data/HD_Full_Analysis/FICTURE/outputs/H1-XKYDCP3_D1/nF_12/analysis/nF12.d_12/figure
ficture fit_model --input /dcs05/lieber/marmaypag/xenium_NAC_LIBD4125/xenium_NAC/processed-data/HD_Full_Analysis/FICTURE/outputs/H1-XKYDCP3_D1/nF_12/hexagon.d_12.tsv.gz --output /dcs05/lieber/marmaypag/xenium_NAC_LIBD4125/xenium_NAC/processed-data/HD_Full_Analysis/FICTURE/outputs/H1-XKYDCP3_D1/nF_12/analysis/nF12.d_12/nF12.d_12  --nFactor 12 --epoch 3 --epoch_id_length 2 --unit_attr X Y --key Count --min_ct_per_feature 20 --test_split 0.5 --R 10 --fractional-count 0 --thread 1
INFO:root:Read data with 310141 units, 15921 features
INFO:root:0: -2893.54, -2893.06
INFO:root:Counter({10: 27930, 6: 18190, 11: 16097, 1: 15736, 0: 15714, 7: 12649, 2: 12110, 5: 9583, 8: 8471, 4: 7606, 9: 5520, 3: 5465})
INFO:root:Computing naive DE for 14025 genes
INFO:root:R=0, 10.77, 8.29, 310.15s
INFO:root:1: -2893.68, -2893.20
INFO:root:Counter({2: 38273, 5: 21841, 0: 19549, 1: 13968, 10: 13859, 11: 11506, 6: 11023, 7: 7172, 3: 5475, 4: 5401, 9: 4777, 8: 2227})
INFO:root:Computing naive DE for 14028 genes
INFO:root:R=1, 8.95, 7.16, 258.37s
INFO:root:2: -2895.33, -2894.82
INFO:root:Counter({2: 32312, 5: 20938, 0: 19636, 3: 16278, 10: 15497, 9: 13983, 8: 12397, 7: 6013, 11: 5831, 6: 5744, 4: 3235, 1: 3207})
INFO:root:Computing naive DE for 14024 genes
INFO:root:R=2, 12.69, 11.61, 262.57s
INFO:root:3: -2893.80, -2893.34
INFO:root:Counter({10: 22974, 2: 20398, 5: 19635, 3: 16291, 0: 16122, 4: 15271, 8: 12157, 7: 7480, 1: 6603, 9: 6555, 6: 6221, 11: 5364})
INFO:root:Computing naive DE for 14027 genes
INFO:root:R=3, 11.11, 9.48, 260.75s
INFO:root:4: -2894.05, -2893.58
INFO:root:Counter({0: 35099, 10: 20711, 5: 15217, 3: 14930, 8: 14430, 11: 14241, 6: 9094, 7: 7956, 1: 6372, 9: 6001, 4: 5818, 2: 5202})
INFO:root:Computing naive DE for 14028 genes
INFO:root:R=4, 10.48, 9.11, 261.28s
INFO:root:5: -2893.86, -2893.38
INFO:root:Counter({5: 23212, 2: 22164, 3: 15806, 10: 15771, 1: 15681, 11: 13978, 0: 12543, 9: 8192, 7: 8174, 6: 6783, 8: 6753, 4: 6014})
INFO:root:Computing naive DE for 14024 genes
INFO:root:R=5, 11.00, 9.51, 261.79s
INFO:root:6: -2894.28, -2893.79
INFO:root:Counter({0: 32263, 10: 21014, 5: 18371, 3: 16626, 11: 13920, 1: 13364, 6: 8926, 7: 7730, 8: 7608, 9: 7377, 4: 5686, 2: 2186})
INFO:root:Computing naive DE for 14025 genes
INFO:root:R=6, 11.45, 10.81, 263.17s
INFO:root:7: -2893.63, -2893.10
INFO:root:Counter({5: 34765, 0: 25972, 11: 16425, 3: 14460, 9: 13312, 10: 11098, 2: 10131, 7: 7401, 1: 5956, 8: 5698, 4: 5343, 6: 4510})
INFO:root:Computing naive DE for 14023 genes
INFO:root:R=7, 12.48, 9.73, 259.04s
INFO:root:8: -2895.09, -2894.61
INFO:root:Counter({2: 36159, 10: 28163, 3: 17035, 0: 15132, 6: 13716, 8: 13092, 5: 7604, 4: 7318, 11: 5946, 1: 3746, 7: 3741, 9: 3419})
INFO:root:Computing naive DE for 14023 genes
INFO:root:R=8, 10.92, 8.88, 262.03s
INFO:root:9: -2893.72, -2893.25
INFO:root:Counter({5: 26918, 0: 19245, 10: 17975, 2: 16938, 11: 15938, 1: 15937, 8: 13374, 4: 7541, 9: 7293, 6: 5764, 3: 5581, 7: 2567})
INFO:root:Computing naive DE for 14028 genes
INFO:root:R=9, 10.82, 9.35, 259.96s
INFO:root:Result file /dcs05/lieber/marmaypag/xenium_NAC_LIBD4125/xenium_NAC/processed-data/HD_Full_Analysis/FICTURE/outputs/H1-XKYDCP3_D1/nF_12/analysis/nF12.d_12/nF12.d_12.fit_result.tsv.gz
R
2    12.690484
7    12.484500
6    11.454726
3    11.110285
5    10.995927
8    10.918132
9    10.817561
0    10.770040
4    10.475425
1     8.950675
Name: Score, dtype: float64
ficture choose_color --input /dcs05/lieber/marmaypag/xenium_NAC_LIBD4125/xenium_NAC/processed-data/HD_Full_Analysis/FICTURE/outputs/H1-XKYDCP3_D1/nF_12/analysis/nF12.d_12/nF12.d_12.fit_result.tsv.gz --output /dcs05/lieber/marmaypag/xenium_NAC_LIBD4125/xenium_NAC/processed-data/HD_Full_Analysis/FICTURE/outputs/H1-XKYDCP3_D1/nF_12/analysis/nF12.d_12/figure/nF12.d_12 --cmap_name turbo
ficture plot_base --input /dcs05/lieber/marmaypag/xenium_NAC_LIBD4125/xenium_NAC/processed-data/HD_Full_Analysis/FICTURE/outputs/H1-XKYDCP3_D1/nF_12/analysis/nF12.d_12/nF12.d_12.fit_result.tsv.gz --output /dcs05/lieber/marmaypag/xenium_NAC_LIBD4125/xenium_NAC/processed-data/HD_Full_Analysis/FICTURE/outputs/H1-XKYDCP3_D1/nF_12/analysis/nF12.d_12/figure/nF12.d_12.coarse --fill_range 7.0 --color_table /dcs05/lieber/marmaypag/xenium_NAC_LIBD4125/xenium_NAC/processed-data/HD_Full_Analysis/FICTURE/outputs/H1-XKYDCP3_D1/nF_12/analysis/nF12.d_12/figure/nF12.d_12.rgb.tsv --plot_um_per_pixel 1 --plot_discretized
/jhpce/shared/libd/core/visium_hd/1.0/hd_env/lib/python3.9/site-packages/ficture/scripts/plot_base.py:131: FutureWarning: The provided callable <function mean at 0x7f652bcb9e50> is currently using SeriesGroupBy.mean. In a future version of pandas, the provided callable will be used directly. To keep current behavior pass the string "mean" instead.
  chunk = chunk.groupby(by = ['x_indx', 'y_indx']).agg({ x:np.mean for x in factor_header }).reset_index()
/jhpce/shared/libd/core/visium_hd/1.0/hd_env/lib/python3.9/site-packages/ficture/scripts/plot_base.py:134: FutureWarning: The provided callable <function mean at 0x7f652bcb9e50> is currently using SeriesGroupBy.mean. In a future version of pandas, the provided callable will be used directly. To keep current behavior pass the string "mean" instead.
  df = df.groupby(by = ['x_indx', 'y_indx']).agg({ x:np.mean for x in factor_header }).reset_index()
INFO:root:Read region 310141 pixels in region 6301.0 x 6777.0
INFO:root:Filling pixels 0 - 500 / 6776
INFO:root:Filling pixels 500 - 1000 / 6776
INFO:root:Filling pixels 1000 - 1500 / 6776
INFO:root:Filling pixels 1500 - 2000 / 6776
INFO:root:Filling pixels 2000 - 2500 / 6776
INFO:root:Filling pixels 2500 - 3000 / 6776
INFO:root:Filling pixels 3000 - 3500 / 6776
INFO:root:Filling pixels 3500 - 4000 / 6776
INFO:root:Filling pixels 4000 - 4500 / 6776
INFO:root:Filling pixels 4500 - 5000 / 6776
INFO:root:Filling pixels 5000 - 5500 / 6776
INFO:root:Filling pixels 5500 - 6000 / 6776
INFO:root:Filling pixels 6000 - 6500 / 6776
INFO:root:Filling pixels 6500 - 6776 / 6776
INFO:root:Start constructing RGB image
INFO:root:Made fractional image
/dcs05/lieber/marmaypag/xenium_NAC_LIBD4125/xenium_NAC/processed-data/HD_Full_Analysis/FICTURE/outputs/H1-XKYDCP3_D1/nF_12/analysis/nF12.d_12/figure/nF12.d_12.coarse.png
INFO:root:Made hard threshold image
/dcs05/lieber/marmaypag/xenium_NAC_LIBD4125/xenium_NAC/processed-data/HD_Full_Analysis/FICTURE/outputs/H1-XKYDCP3_D1/nF_12/analysis/nF12.d_12/figure/nF12.d_12.coarse.top.png
6777 500
touch /dcs05/lieber/marmaypag/xenium_NAC_LIBD4125/xenium_NAC/processed-data/HD_Full_Analysis/FICTURE/outputs/H1-XKYDCP3_D1/nF_12/analysis/nF12.d_12/nF12.d_12.done
--------------------------------------------------------------
Creating projection for 12um and 12 factors, at 12um
--------------------------------------------------------------
--------------------------------------------------------------
Performing pixel-level decoding..
--------------------------------------------------------------
--------------------------------------------------------------
Sorting and reformatting the pixel-level output..
--------------------------------------------------------------
--------------------------------------------------------------
Performing pseudo-bulk differential expression analysis..
--------------------------------------------------------------
--------------------------------------------------------------
Drawing pixel-level output image...
--------------------------------------------------------------
ficture transform --input /dcs05/lieber/marmaypag/xenium_NAC_LIBD4125/xenium_NAC/processed-data/HD_Full_Analysis/FICTURE/inputs/H1-XKYDCP3_D1/transcripts.sorted.tsv.gz --output_pref /dcs05/lieber/marmaypag/xenium_NAC_LIBD4125/xenium_NAC/processed-data/HD_Full_Analysis/FICTURE/outputs/H1-XKYDCP3_D1/nF_12/analysis/nF12.d_12/nF12.d_12.prj_12.r_4 --model /dcs05/lieber/marmaypag/xenium_NAC_LIBD4125/xenium_NAC/processed-data/HD_Full_Analysis/FICTURE/outputs/H1-XKYDCP3_D1/nF_12/analysis/nF12.d_12/nF12.d_12.model.p --key Count --major_axis X --hex_width 12 --n_move 3 --min_ct_per_unit 20 --mu_scale 1.0 --thread 1 --precision 2
INFO:root:Model loaded with 15921 features and 12 factors
INFO:root:Transformed 1 batches with total 79162 units, 0.390560min
INFO:root:Transformed 2 batches with total 163485 units, 1.315338min
INFO:root:Transformed 3 batches with total 225808 units, 2.224711min
INFO:root:Transformed 4 batches with total 317398 units, 3.490494min
INFO:root:Transformed 5 batches with total 396135 units, 4.716493min
INFO:root:Transformed 6 batches with total 469582 units, 5.843713min
INFO:root:Transformed 7 batches with total 544479 units, 7.107748min
INFO:root:Transformed 8 batches with total 613769 units, 8.338357min
INFO:root:Transformed 9 batches with total 691105 units, 9.543976min
INFO:root:Transformed 10 batches with total 766395 units, 10.586436min
INFO:root:Transformed 11 batches with total 838660 units, 11.614691min
INFO:root:Transformed 12 batches with total 912147 units, 12.709730min
INFO:root:Transformed 13 batches with total 978689 units, 13.904197min
INFO:root:Transformed 14 batches with total 1040203 units, 15.095176min
INFO:root:Transformed 15 batches with total 1119460 units, 16.635714min
INFO:root:Transformed 16 batches with total 1199177 units, 18.167290min
INFO:root:Transformed 17 batches with total 1259308 units, 19.380104min
INFO:root:Transformed 18 batches with total 1318382 units, 20.550025min
INFO:root:Transformed 19 batches with total 1397644 units, 22.033227min
INFO:root:Transformed 20 batches with total 1460880 units, 23.066923min
INFO:root:Transformed 21 batches with total 1527574 units, 24.201871min
INFO:root:Transformed 22 batches with total 1596146 units, 25.444910min
INFO:root:Transformed 23 batches with total 1662902 units, 26.632089min
INFO:root:Transformed 24 batches with total 1728713 units, 27.830431min
INFO:root:Transformed 25 batches with total 1789874 units, 28.886289min
INFO:root:Transformed 26 batches with total 1853469 units, 29.997661min
INFO:root:Transformed 27 batches with total 1914163 units, 31.186335min
INFO:root:Transformed 28 batches with total 1978004 units, 32.354561min
INFO:root:Transformed 29 batches with total 2041840 units, 33.537666min
INFO:root:Transformed 30 batches with total 2114304 units, 34.630324min
INFO:root:Transformed 31 batches with total 2188733 units, 35.844489min
INFO:root:Transformed 32 batches with total 2274783 units, 37.097738min
INFO:root:Transformed 33 batches with total 2337557 units, 38.003096min
INFO:root:Transformed 34 batches with total 2409030 units, 38.869974min
INFO:root:Transformed 35 batches with total 2488021 units, 39.679607min
INFO:root:Transformed 36 batches with total 2572014 units, 40.408011min
INFO:root:Transformed 37 batches with total 2654602 units, 41.149255min
INFO:root:Transformed 38 batches with total 2765434 units, 42.009812min
INFO:root:Transformed 39 batches with total 2880519 units, 42.996948min
INFO:root:Transformed 40 batches with total 2948903 units, 43.579643min
INFO:root:Transformed 41 batches with total 2988512 units, 43.889880min
ficture slda_decode --input /dcs05/lieber/marmaypag/xenium_NAC_LIBD4125/xenium_NAC/processed-data/HD_Full_Analysis/FICTURE/outputs/H1-XKYDCP3_D1/nF_12/batched.matrix.tsv.gz --output /dcs05/lieber/marmaypag/xenium_NAC_LIBD4125/xenium_NAC/processed-data/HD_Full_Analysis/FICTURE/outputs/H1-XKYDCP3_D1/nF_12/analysis/nF12.d_12/nF12.d_12.decode.prj_12.r_4_5 --model /dcs05/lieber/marmaypag/xenium_NAC_LIBD4125/xenium_NAC/processed-data/HD_Full_Analysis/FICTURE/outputs/H1-XKYDCP3_D1/nF_12/analysis/nF12.d_12/nF12.d_12.model.p --anchor /dcs05/lieber/marmaypag/xenium_NAC_LIBD4125/xenium_NAC/processed-data/HD_Full_Analysis/FICTURE/outputs/H1-XKYDCP3_D1/nF_12/analysis/nF12.d_12/nF12.d_12.prj_12.r_4.fit_result.tsv.gz --anchor_in_um --neighbor_radius 5 --mu_scale 1.0 --key Count --precision 0.1 --lite_topk_output_pixel 3 --lite_topk_output_anchor 3 --thread 1
INFO:root:15921 genes and 12 factors are read from input model
INFO:root:Read 2955110 grid points
INFO:root:Read 66034 pixels, forming 12 batches.
INFO:root:Read 12 batches ((66034, 15921))
INFO:root:Output 70043 pixels and 21495 anchors
INFO:root:Read 142388 pixels, forming 9 batches.
INFO:root:Read 9 batches ((142388, 15921))
INFO:root:Output 154782 pixels and 50362 anchors
INFO:root:Read 58511 pixels, forming 2 batches.
INFO:root:Read 2 batches ((58511, 15921))
INFO:root:Output 58236 pixels and 19156 anchors
INFO:root:Read 45740 pixels, forming 2 batches.
INFO:root:Read 2 batches ((45740, 15921))
INFO:root:Output 45579 pixels and 15124 anchors
INFO:root:Read 53810 pixels, forming 1 batches.
INFO:root:Read 1 batches ((53810, 15921))
INFO:root:Output 53637 pixels and 16629 anchors
INFO:root:Read 24201 pixels, forming 1 batches.
INFO:root:Read 1 batches ((24201, 15921))
INFO:root:Output 24145 pixels and 7128 anchors
INFO:root:Read 104230 pixels, forming 2 batches.
INFO:root:Read 2 batches ((104230, 15921))
INFO:root:Output 108903 pixels and 30397 anchors
INFO:root:Read 50417 pixels, forming 1 batches.
INFO:root:Read 1 batches ((50417, 15921))
INFO:root:Output 50176 pixels and 14872 anchors
INFO:root:Read 77040 pixels, forming 2 batches.
INFO:root:Read 2 batches ((77040, 15921))
INFO:root:Output 78312 pixels and 22523 anchors
INFO:root:Read 64365 pixels, forming 1 batches.
INFO:root:Read 1 batches ((64365, 15921))
INFO:root:Output 64315 pixels and 18792 anchors
INFO:root:Read 15051 pixels, forming 1 batches.
INFO:root:Read 1 batches ((15051, 15921))
INFO:root:Output 14973 pixels and 5029 anchors
INFO:root:Read 166559 pixels, forming 3 batches.
INFO:root:Read 3 batches ((166559, 15921))
INFO:root:Output 177395 pixels and 49892 anchors
INFO:root:Read 61381 pixels, forming 1 batches.
INFO:root:Read 1 batches ((61381, 15921))
INFO:root:Output 61184 pixels and 18662 anchors
INFO:root:Read 33896 pixels, forming 1 batches.
INFO:root:Read 1 batches ((33896, 15921))
INFO:root:Output 33868 pixels and 10983 anchors
INFO:root:Read 88051 pixels, forming 2 batches.
INFO:root:Read 2 batches ((88051, 15921))
INFO:root:Output 90997 pixels and 26509 anchors
INFO:root:Read 115328 pixels, forming 2 batches.
INFO:root:Read 2 batches ((115328, 15921))
INFO:root:Output 115172 pixels and 35369 anchors
INFO:root:Read 13372 pixels, forming 1 batches.
INFO:root:Read 1 batches ((13372, 15921))
INFO:root:Output 13269 pixels and 3933 anchors
INFO:root:Read 93913 pixels, forming 2 batches.
INFO:root:Read 2 batches ((93913, 15921))
INFO:root:Output 99449 pixels and 28477 anchors
INFO:root:Read 63876 pixels, forming 1 batches.
INFO:root:Read 1 batches ((63876, 15921))
INFO:root:Output 63876 pixels and 18576 anchors
INFO:root:Read 14499 pixels, forming 1 batches.
INFO:root:Read 1 batches ((14499, 15921))
INFO:root:Output 14454 pixels and 4290 anchors
INFO:root:Read 85106 pixels, forming 2 batches.
INFO:root:Read 2 batches ((85106, 15921))
INFO:root:Output 84960 pixels and 24711 anchors
INFO:root:Read 91953 pixels, forming 2 batches.
INFO:root:Read 2 batches ((91953, 15921))
INFO:root:Output 97015 pixels and 26685 anchors
INFO:root:Read 63416 pixels, forming 1 batches.
INFO:root:Read 1 batches ((63416, 15921))
INFO:root:Output 63269 pixels and 18447 anchors
INFO:root:Read 28123 pixels, forming 1 batches.
INFO:root:Read 1 batches ((28123, 15921))
INFO:root:Output 28123 pixels and 8208 anchors
INFO:root:Read 97783 pixels, forming 2 batches.
INFO:root:Read 2 batches ((97783, 15921))
INFO:root:Output 97543 pixels and 28385 anchors
INFO:root:Read 65458 pixels, forming 2 batches.
INFO:root:Read 2 batches ((65458, 15921))
INFO:root:Output 69035 pixels and 19020 anchors
INFO:root:Read 40570 pixels, forming 1 batches.
INFO:root:Read 1 batches ((40570, 15921))
INFO:root:Output 40570 pixels and 11952 anchors
INFO:root:Read 86004 pixels, forming 2 batches.
INFO:root:Read 2 batches ((86004, 15921))
INFO:root:Output 88624 pixels and 25143 anchors
INFO:root:Read 32189 pixels, forming 1 batches.
INFO:root:Read 1 batches ((32189, 15921))
INFO:root:Output 32155 pixels and 10335 anchors
INFO:root:Read 108572 pixels, forming 2 batches.
INFO:root:Read 2 batches ((108572, 15921))
INFO:root:Output 108417 pixels and 32385 anchors
INFO:root:Read 54094 pixels, forming 2 batches.
INFO:root:Read 2 batches ((54094, 15921))
INFO:root:Output 57485 pixels and 16536 anchors
INFO:root:Read 13930 pixels, forming 1 batches.
INFO:root:Read 1 batches ((13930, 15921))
INFO:root:Output 13893 pixels and 4104 anchors
INFO:root:Read 118398 pixels, forming 2 batches.
INFO:root:Read 2 batches ((118398, 15921))
INFO:root:Output 124587 pixels and 34211 anchors
INFO:root:Read 66094 pixels, forming 1 batches.
INFO:root:Read 1 batches ((66094, 15921))
INFO:root:Output 65895 pixels and 19019 anchors
INFO:root:Read 66238 pixels, forming 1 batches.
INFO:root:Read 1 batches ((66238, 15921))
INFO:root:Output 66019 pixels and 19019 anchors
INFO:root:Read 22745 pixels, forming 1 batches.
INFO:root:Read 1 batches ((22745, 15921))
INFO:root:Output 22656 pixels and 6578 anchors
INFO:root:Read 109649 pixels, forming 2 batches.
INFO:root:Read 2 batches ((109649, 15921))
INFO:root:Output 114819 pixels and 31664 anchors
INFO:root:Read 30205 pixels, forming 1 batches.
INFO:root:Read 1 batches ((30205, 15921))
INFO:root:Output 30176 pixels and 8784 anchors
INFO:root:Read 74407 pixels, forming 2 batches.
INFO:root:Read 2 batches ((74407, 15921))
INFO:root:Output 74132 pixels and 21450 anchors
INFO:root:Read 36224 pixels, forming 2 batches.
INFO:root:Read 2 batches ((36224, 15921))
INFO:root:Output 36113 pixels and 10583 anchors
INFO:root:Read 55875 pixels, forming 2 batches.
INFO:root:Read 2 batches ((55875, 15921))
INFO:root:Output 55695 pixels and 16929 anchors
INFO:root:Read 132069 pixels, forming 2 batches.
INFO:root:Read 2 batches ((132069, 15921))
INFO:root:Output 131871 pixels and 39376 anchors
INFO:root:Read 71961 pixels, forming 2 batches.
INFO:root:Read 2 batches ((71961, 15921))
INFO:root:Output 72758 pixels and 21330 anchors
INFO:root:Read 53598 pixels, forming 1 batches.
INFO:root:Read 1 batches ((53598, 15921))
INFO:root:Output 53595 pixels and 17328 anchors
INFO:root:Read 59301 pixels, forming 1 batches.
INFO:root:Read 1 batches ((59301, 15921))
INFO:root:Output 59148 pixels and 18016 anchors
INFO:root:Read 19825 pixels, forming 1 batches.
INFO:root:Read 1 batches ((19825, 15921))
INFO:root:Output 19825 pixels and 5832 anchors
INFO:root:Read 79338 pixels, forming 2 batches.
INFO:root:Read 2 batches ((79338, 15921))
INFO:root:Output 79094 pixels and 22951 anchors
INFO:root:Read 56446 pixels, forming 2 batches.
INFO:root:Read 2 batches ((56446, 15921))
INFO:root:Output 56397 pixels and 16460 anchors
INFO:root:Read 56524 pixels, forming 2 batches.
INFO:root:Read 2 batches ((56524, 15921))
INFO:root:Output 56396 pixels and 16396 anchors
INFO:root:Read 100962 pixels, forming 2 batches.
INFO:root:Read 2 batches ((100962, 15921))
INFO:root:Output 106741 pixels and 29134 anchors
INFO:root:Read 12641 pixels, forming 1 batches.
INFO:root:Read 1 batches ((12641, 15921))
INFO:root:Output 12596 pixels and 3718 anchors
INFO:root:Read 86446 pixels, forming 2 batches.
INFO:root:Read 2 batches ((86446, 15921))
INFO:root:Output 86115 pixels and 24882 anchors
INFO:root:Read 92733 pixels, forming 2 batches.
INFO:root:Read 2 batches ((92733, 15921))
INFO:root:Output 92448 pixels and 27022 anchors
INFO:root:Read 64457 pixels, forming 2 batches.
INFO:root:Read 2 batches ((64457, 15921))
INFO:root:Output 64195 pixels and 18661 anchors
INFO:root:Read 54916 pixels, forming 2 batches.
INFO:root:Read 2 batches ((54916, 15921))
INFO:root:Output 56858 pixels and 16088 anchors
INFO:root:Read 23473 pixels, forming 1 batches.
INFO:root:Read 1 batches ((23473, 15921))
INFO:root:Output 23430 pixels and 6929 anchors
INFO:root:Read 110825 pixels, forming 2 batches.
INFO:root:Read 2 batches ((110825, 15921))
INFO:root:Output 115645 pixels and 32637 anchors
INFO:root:Read 45133 pixels, forming 1 batches.
INFO:root:Read 1 batches ((45133, 15921))
INFO:root:Output 45133 pixels and 14309 anchors
INFO:root:Read 66313 pixels, forming 1 batches.
INFO:root:Read 1 batches ((66313, 15921))
INFO:root:Output 66158 pixels and 19091 anchors
INFO:root:Read 12463 pixels, forming 1 batches.
INFO:root:Read 1 batches ((12463, 15921))
INFO:root:Output 12463 pixels and 3672 anchors
INFO:root:Read 66905 pixels, forming 2 batches.
INFO:root:Read 2 batches ((66905, 15921))
INFO:root:Output 66714 pixels and 19304 anchors
INFO:root:Read 119772 pixels, forming 2 batches.
INFO:root:Read 2 batches ((119772, 15921))
INFO:root:Output 126197 pixels and 34571 anchors
INFO:root:Read 4758 pixels, forming 1 batches.
INFO:root:Read 1 batches ((4758, 15921))
INFO:root:Output 4746 pixels and 1440 anchors
INFO:root:Read 128026 pixels, forming 2 batches.
INFO:root:Read 2 batches ((128026, 15921))
INFO:root:Output 135393 pixels and 36946 anchors
INFO:root:Read 10895 pixels, forming 1 batches.
INFO:root:Read 1 batches ((10895, 15921))
INFO:root:Output 10857 pixels and 3218 anchors
INFO:root:Read 121786 pixels, forming 2 batches.
INFO:root:Read 2 batches ((121786, 15921))
INFO:root:Output 127858 pixels and 35036 anchors
INFO:root:Read 14292 pixels, forming 1 batches.
INFO:root:Read 1 batches ((14292, 15921))
INFO:root:Output 14249 pixels and 4218 anchors
INFO:root:Read 118128 pixels, forming 2 batches.
INFO:root:Read 2 batches ((118128, 15921))
INFO:root:Output 124314 pixels and 34167 anchors
INFO:root:Read 16377 pixels, forming 1 batches.
INFO:root:Read 1 batches ((16377, 15921))
INFO:root:Output 16340 pixels and 4824 anchors
INFO:root:Read 114441 pixels, forming 2 batches.
INFO:root:Read 2 batches ((114441, 15921))
INFO:root:Output 120202 pixels and 33562 anchors
INFO:root:Read 7101 pixels, forming 1 batches.
INFO:root:Read 1 batches ((7101, 15921))
INFO:root:Output 7084 pixels and 2273 anchors
INFO:root:Read 109688 pixels, forming 2 batches.
INFO:root:Read 2 batches ((109688, 15921))
INFO:root:Output 109632 pixels and 33123 anchors
INFO:root:Read 17990 pixels, forming 1 batches.
INFO:root:Read 1 batches ((17990, 15921))
INFO:root:Output 17943 pixels and 5219 anchors
INFO:root:Read 117649 pixels, forming 2 batches.
INFO:root:Read 2 batches ((117649, 15921))
INFO:root:Output 123058 pixels and 34176 anchors
INFO:root:Read 68341 pixels, forming 1 batches.
INFO:root:Read 1 batches ((68341, 15921))
INFO:root:Output 68068 pixels and 19662 anchors
INFO:root:Read 19922 pixels, forming 1 batches.
INFO:root:Read 1 batches ((19922, 15921))
INFO:root:Output 19869 pixels and 5792 anchors
INFO:root:Read 76244 pixels, forming 2 batches.
INFO:root:Read 2 batches ((76244, 15921))
INFO:root:Output 75937 pixels and 21951 anchors
INFO:root:Read 108772 pixels, forming 2 batches.
INFO:root:Read 2 batches ((108772, 15921))
INFO:root:Output 114009 pixels and 31389 anchors
INFO:root:Read 25726 pixels, forming 1 batches.
INFO:root:Read 1 batches ((25726, 15921))
INFO:root:Output 25648 pixels and 7436 anchors
INFO:root:Read 110654 pixels, forming 2 batches.
INFO:root:Read 2 batches ((110654, 15921))
INFO:root:Output 115232 pixels and 31960 anchors
INFO:root:Read 2136 pixels, forming 1 batches.
INFO:root:Read 1 batches ((2136, 15921))
INFO:root:Output 2119 pixels and 710 anchors
INFO:root:Read 100120 pixels, forming 2 batches.
INFO:root:Read 2 batches ((100120, 15921))
INFO:root:Output 99795 pixels and 29100 anchors
INFO:root:Read 107260 pixels, forming 2 batches.
INFO:root:Read 2 batches ((107260, 15921))
INFO:root:Output 106837 pixels and 31603 anchors
INFO:root:Read 58683 pixels, forming 2 batches.
INFO:root:Read 2 batches ((58683, 15921))
INFO:root:Output 61327 pixels and 17446 anchors
INFO:root:Read 64747 pixels, forming 2 batches.
INFO:root:Read 2 batches ((64747, 15921))
INFO:root:Output 67308 pixels and 20073 anchors
INFO:root:Read 109343 pixels, forming 2 batches.
INFO:root:Read 2 batches ((109343, 15921))
INFO:root:Output 109254 pixels and 32091 anchors
INFO:root:Read 81219 pixels, forming 2 batches.
INFO:root:Read 2 batches ((81219, 15921))
INFO:root:Output 85624 pixels and 23830 anchors
INFO:root:Read 66480 pixels, forming 1 batches.
INFO:root:Read 1 batches ((66480, 15921))
INFO:root:Output 66277 pixels and 19162 anchors
INFO:root:Read 25448 pixels, forming 1 batches.
INFO:root:Read 1 batches ((25448, 15921))
INFO:root:Output 25383 pixels and 7436 anchors
INFO:root:Read 107260 pixels, forming 2 batches.
INFO:root:Read 2 batches ((107260, 15921))
INFO:root:Output 112135 pixels and 31093 anchors
INFO:root:Read 17537 pixels, forming 1 batches.
INFO:root:Read 1 batches ((17537, 15921))
INFO:root:Output 17537 pixels and 5184 anchors
INFO:root:Read 115130 pixels, forming 2 batches.
INFO:root:Read 2 batches ((115130, 15921))
INFO:root:Output 120911 pixels and 33346 anchors
INFO:root:Read 28623 pixels, forming 1 batches.
INFO:root:Read 1 batches ((28623, 15921))
INFO:root:Output 28548 pixels and 8365 anchors
INFO:root:Read 103305 pixels, forming 2 batches.
INFO:root:Read 2 batches ((103305, 15921))
INFO:root:Output 107212 pixels and 30030 anchors
INFO:root:Read 37866 pixels, forming 1 batches.
INFO:root:Read 1 batches ((37866, 15921))
INFO:root:Output 37744 pixels and 11083 anchors
INFO:root:Read 93715 pixels, forming 2 batches.
INFO:root:Read 2 batches ((93715, 15921))
INFO:root:Output 97088 pixels and 27447 anchors
INFO:root:Read 65708 pixels, forming 1 batches.
INFO:root:Read 1 batches ((65708, 15921))
INFO:root:Output 65531 pixels and 19162 anchors
INFO:root:Read 77246 pixels, forming 1 batches.
INFO:root:Read 1 batches ((77246, 15921))
INFO:root:Output 77231 pixels and 22901 anchors
INFO:root:Read 25498 pixels, forming 1 batches.
INFO:root:Read 1 batches ((25498, 15921))
INFO:root:Output 25451 pixels and 7488 anchors
INFO:root:Read 89560 pixels, forming 2 batches.
INFO:root:Read 2 batches ((89560, 15921))
INFO:root:Output 94043 pixels and 27560 anchors
INFO:root:Read 61940 pixels, forming 1 batches.
INFO:root:Read 1 batches ((61940, 15921))
INFO:root:Output 61743 pixels and 18017 anchors
INFO:root:Read 27651 pixels, forming 1 batches.
INFO:root:Read 1 batches ((27651, 15921))
INFO:root:Output 27595 pixels and 8064 anchors
INFO:root:Read 97835 pixels, forming 2 batches.
INFO:root:Read 2 batches ((97835, 15921))
INFO:root:Output 101873 pixels and 28170 anchors
INFO:root:Read 4010 pixels, forming 1 batches.
INFO:root:Read 1 batches ((4010, 15921))
INFO:root:Output 3952 pixels and 1216 anchors
INFO:root:Read 121165 pixels, forming 2 batches.
INFO:root:Read 2 batches ((121165, 15921))
INFO:root:Output 127513 pixels and 34892 anchors
INFO:root:Read 3748 pixels, forming 1 batches.
INFO:root:Read 1 batches ((3748, 15921))
INFO:root:Output 3691 pixels and 1144 anchors
INFO:root:Read 121716 pixels, forming 2 batches.
INFO:root:Read 2 batches ((121716, 15921))
INFO:root:Output 128734 pixels and 35090 anchors
INFO:root:Read 27811 pixels, forming 1 batches.
INFO:root:Read 1 batches ((27811, 15921))
INFO:root:Output 27755 pixels and 8136 anchors
INFO:root:Read 97260 pixels, forming 2 batches.
INFO:root:Read 2 batches ((97260, 15921))
INFO:root:Output 101292 pixels and 28098 anchors
INFO:root:Read 13829 pixels, forming 1 batches.
INFO:root:Read 1 batches ((13829, 15921))
INFO:root:Output 13707 pixels and 4004 anchors
INFO:root:Read 86935 pixels, forming 2 batches.
INFO:root:Read 2 batches ((86935, 15921))
INFO:root:Output 86520 pixels and 25623 anchors
INFO:root:Read 93370 pixels, forming 2 batches.
INFO:root:Read 2 batches ((93370, 15921))
INFO:root:Output 98041 pixels and 28022 anchors
INFO:root:Read 58283 pixels, forming 1 batches.
INFO:root:Read 1 batches ((58283, 15921))
INFO:root:Output 58252 pixels and 18406 anchors
INFO:root:Read 12025 pixels, forming 1 batches.
INFO:root:Read 1 batches ((12025, 15921))
INFO:root:Output 12001 pixels and 3575 anchors
INFO:root:Read 114445 pixels, forming 2 batches.
INFO:root:Read 2 batches ((114445, 15921))
INFO:root:Output 120648 pixels and 33663 anchors
INFO:root:Read 63166 pixels, forming 1 batches.
INFO:root:Read 1 batches ((63166, 15921))
INFO:root:Output 62989 pixels and 18514 anchors
INFO:root:Read 3255 pixels, forming 1 batches.
INFO:root:Read 1 batches ((3255, 15921))
INFO:root:Output 3242 pixels and 1001 anchors
INFO:root:Read 99223 pixels, forming 2 batches.
INFO:root:Read 2 batches ((99223, 15921))
INFO:root:Output 99134 pixels and 28873 anchors
INFO:root:Read 89688 pixels, forming 2 batches.
INFO:root:Read 2 batches ((89688, 15921))
INFO:root:Output 92725 pixels and 25955 anchors
INFO:root:Read 4786 pixels, forming 1 batches.
INFO:root:Read 1 batches ((4786, 15921))
INFO:root:Output 4757 pixels and 1430 anchors
INFO:root:Read 63365 pixels, forming 2 batches.
INFO:root:Read 2 batches ((63365, 15921))
INFO:root:Output 63356 pixels and 18784 anchors
INFO:root:Read 59942 pixels, forming 2 batches.
INFO:root:Read 2 batches ((59942, 15921))
INFO:root:Output 59753 pixels and 17374 anchors
INFO:root:Read 126297 pixels, forming 2 batches.
INFO:root:Read 2 batches ((126297, 15921))
INFO:root:Output 133871 pixels and 36879 anchors
INFO:root:Read 62507 pixels, forming 1 batches.
INFO:root:Read 1 batches ((62507, 15921))
INFO:root:Output 62335 pixels and 18519 anchors
INFO:root:Read 33581 pixels, forming 1 batches.
INFO:root:Read 1 batches ((33581, 15921))
INFO:root:Output 33518 pixels and 10285 anchors
INFO:root:Read 106470 pixels, forming 2 batches.
INFO:root:Read 2 batches ((106470, 15921))
INFO:root:Output 106288 pixels and 33272 anchors
INFO:root:Read 55991 pixels, forming 3 batches.
INFO:root:Read 3 batches ((55991, 15921))
INFO:root:Output 55965 pixels and 17663 anchors
INFO:root:Read 111854 pixels, forming 2 batches.
INFO:root:Read 2 batches ((111854, 15921))
INFO:root:Output 117967 pixels and 33597 anchors
INFO:root:Read 1527 pixels, forming 1 batches.
INFO:root:Read 1 batches ((1527, 15921))
INFO:root:Output 1521 pixels and 501 anchors
INFO:root:Read 120597 pixels, forming 2 batches.
INFO:root:Read 2 batches ((120597, 15921))
INFO:root:Output 127663 pixels and 35870 anchors
INFO:root:Read 13250 pixels, forming 1 batches.
INFO:root:Read 1 batches ((13250, 15921))
INFO:root:Output 13197 pixels and 3861 anchors
INFO:root:Read 68713 pixels, forming 2 batches.
INFO:root:Read 2 batches ((68713, 15921))
INFO:root:Output 68554 pixels and 20321 anchors
INFO:root:Read 102603 pixels, forming 2 batches.
INFO:root:Read 2 batches ((102603, 15921))
INFO:root:Output 108365 pixels and 30356 anchors
INFO:root:Read 33927 pixels, forming 1 batches.
INFO:root:Read 1 batches ((33927, 15921))
INFO:root:Output 33841 pixels and 9939 anchors
INFO:root:Read 81086 pixels, forming 2 batches.
INFO:root:Read 2 batches ((81086, 15921))
INFO:root:Output 80913 pixels and 23850 anchors
INFO:root:Read 69342 pixels, forming 2 batches.
INFO:root:Read 2 batches ((69342, 15921))
INFO:root:Output 72640 pixels and 20751 anchors
INFO:root:Read 59574 pixels, forming 1 batches.
INFO:root:Read 1 batches ((59574, 15921))
INFO:root:Output 59394 pixels and 18089 anchors
INFO:root:Read 37357 pixels, forming 1 batches.
INFO:root:Read 1 batches ((37357, 15921))
INFO:root:Output 37204 pixels and 11661 anchors
INFO:root:Read 108886 pixels, forming 2 batches.
INFO:root:Read 2 batches ((108886, 15921))
INFO:root:Output 108678 pixels and 34086 anchors
INFO:root:Read 43328 pixels, forming 3 batches.
INFO:root:Read 3 batches ((43328, 15921))
INFO:root:Output 43185 pixels and 13646 anchors
INFO:root:Read 132794 pixels, forming 2 batches.
INFO:root:Read 2 batches ((132794, 15921))
INFO:root:Output 140686 pixels and 40231 anchors
INFO:root:Read 67452 pixels, forming 1 batches.
INFO:root:Read 1 batches ((67452, 15921))
INFO:root:Output 67290 pixels and 20306 anchors
INFO:root:Read 68038 pixels, forming 1 batches.
INFO:root:Read 1 batches ((68038, 15921))
INFO:root:Output 68038 pixels and 20448 anchors
INFO:root:Read 68909 pixels, forming 1 batches.
INFO:root:Read 1 batches ((68909, 15921))
INFO:root:Output 68725 pixels and 20306 anchors
INFO:root:Read 36560 pixels, forming 1 batches.
INFO:root:Read 1 batches ((36560, 15921))
INFO:root:Output 36519 pixels and 10944 anchors
INFO:root:Read 104845 pixels, forming 2 batches.
INFO:root:Read 2 batches ((104845, 15921))
INFO:root:Output 104586 pixels and 31102 anchors
INFO:root:Read 62618 pixels, forming 2 batches.
INFO:root:Read 2 batches ((62618, 15921))
INFO:root:Output 66438 pixels and 19157 anchors
INFO:root:Read 42090 pixels, forming 1 batches.
INFO:root:Read 1 batches ((42090, 15921))
INFO:root:Output 42046 pixels and 12744 anchors
INFO:root:Read 92489 pixels, forming 2 batches.
INFO:root:Read 2 batches ((92489, 15921))
INFO:root:Output 95435 pixels and 28082 anchors
INFO:root:Read 49791 pixels, forming 1 batches.
INFO:root:Read 1 batches ((49791, 15921))
INFO:root:Output 49663 pixels and 15442 anchors
INFO:root:Read 148687 pixels, forming 3 batches.
INFO:root:Read 3 batches ((148687, 15921))
INFO:root:Output 151546 pixels and 48875 anchors
INFO:root:Read 59843 pixels, forming 2 batches.
INFO:root:Read 2 batches ((59843, 15921))
INFO:root:Output 59673 pixels and 19421 anchors
INFO:root:Read 78112 pixels, forming 2 batches.
INFO:root:Read 2 batches ((78112, 15921))
INFO:root:Output 77933 pixels and 26209 anchors
INFO:root:Read 97942 pixels, forming 3 batches.
INFO:root:Read 3 batches ((97942, 15921))
INFO:root:Output 101764 pixels and 30946 anchors
INFO:root:Read 69153 pixels, forming 2 batches.
INFO:root:Read 2 batches ((69153, 15921))
INFO:root:Output 68921 pixels and 21482 anchors
INFO:root:Read 119309 pixels, forming 2 batches.
INFO:root:Read 2 batches ((119309, 15921))
INFO:root:Output 125947 pixels and 36448 anchors
INFO:root:Read 32816 pixels, forming 1 batches.
INFO:root:Read 1 batches ((32816, 15921))
INFO:root:Output 32816 pixels and 10296 anchors
INFO:root:Read 102278 pixels, forming 2 batches.
INFO:root:Read 2 batches ((102278, 15921))
INFO:root:Output 101937 pixels and 31395 anchors
INFO:root:Read 102045 pixels, forming 3 batches.
INFO:root:Read 3 batches ((102045, 15921))
INFO:root:Output 103806 pixels and 33458 anchors
INFO:root:Read 103027 pixels, forming 3 batches.
INFO:root:Read 3 batches ((103027, 15921))
INFO:root:Output 105926 pixels and 37070 anchors
INFO:root:Read 147717 pixels, forming 9 batches.
INFO:root:Read 9 batches ((147717, 15921))
INFO:root:Output 154200 pixels and 51333 anchors
INFO:root:Read 53206 pixels, forming 7 batches.
INFO:root:Read 7 batches ((53206, 15921))
INFO:root:Output 56652 pixels and 19486 anchors
INFO:root:Read 10248 pixels, forming 1 batches.
INFO:root:Read 1 batches ((10248, 15921))
INFO:root:Output 10248 pixels and 3766 anchors
bash /dcs05/lieber/marmaypag/xenium_NAC_LIBD4125/xenium_NAC/processed-data/HD_Full_Analysis/FICTURE/outputs/H1-XKYDCP3_D1/nF_12/sort_decode.sh /dcs05/lieber/marmaypag/xenium_NAC_LIBD4125/xenium_NAC/processed-data/HD_Full_Analysis/FICTURE/outputs/H1-XKYDCP3_D1/nF_12/analysis/nF12.d_12/nF12.d_12.decode.prj_12.r_4_5.pixel.tsv.gz /dcs05/lieber/marmaypag/xenium_NAC_LIBD4125/xenium_NAC/processed-data/HD_Full_Analysis/FICTURE/outputs/H1-XKYDCP3_D1/nF_12/analysis/nF12.d_12/nF12.d_12.decode.prj_12.r_4_5.pixel.sorted.tsv.gz /dcs05/lieber/marmaypag/xenium_NAC_LIBD4125/xenium_NAC/processed-data/HD_Full_Analysis/FICTURE/inputs/H1-XKYDCP3_D1/minmax.tsv nF12.d_12 100 100 3 gzip
19764.124, 26556.379; 5261.086, 12053.536
ficture de_bulk --input /dcs05/lieber/marmaypag/xenium_NAC_LIBD4125/xenium_NAC/processed-data/HD_Full_Analysis/FICTURE/outputs/H1-XKYDCP3_D1/nF_12/analysis/nF12.d_12/nF12.d_12.decode.prj_12.r_4_5.posterior.count.tsv.gz --output /dcs05/lieber/marmaypag/xenium_NAC_LIBD4125/xenium_NAC/processed-data/HD_Full_Analysis/FICTURE/outputs/H1-XKYDCP3_D1/nF_12/analysis/nF12.d_12/nF12.d_12.decode.prj_12.r_4_5.bulk_chisq.tsv --min_ct_per_feature 20 --max_pval_output 0.001 --min_fold_output 1.5
/jhpce/shared/libd/core/visium_hd/1.0/hd_env/lib/python3.9/site-packages/ficture/scripts/de_bulk.py:117: RuntimeWarning: divide by zero encountered in scalar divide
  fd=tab[0,0]/total_k[k]/tab[0,1]*(total_umi-total_k[k])
Read posterior count over 15921 genes and 12 factors
Testing 15918 genes over 12 factors
ficture factor_report --path /dcs05/lieber/marmaypag/xenium_NAC_LIBD4125/xenium_NAC/processed-data/HD_Full_Analysis/FICTURE/outputs/H1-XKYDCP3_D1/nF_12/analysis/nF12.d_12 --pref nF12.d_12.decode.prj_12.r_4_5 --color_table /dcs05/lieber/marmaypag/xenium_NAC_LIBD4125/xenium_NAC/processed-data/HD_Full_Analysis/FICTURE/outputs/H1-XKYDCP3_D1/nF_12/analysis/nF12.d_12/figure/nF12.d_12.rgb.tsv
['0' '1' '2' '3' '4' '5' '6' '7' '8' '9' '10' '11']
/dcs05/lieber/marmaypag/xenium_NAC_LIBD4125/xenium_NAC/processed-data/HD_Full_Analysis/FICTURE/outputs/H1-XKYDCP3_D1/nF_12/analysis/nF12.d_12/nF12.d_12.decode.prj_12.r_4_5.factor.info.html
ficture plot_pixel_full --input /dcs05/lieber/marmaypag/xenium_NAC_LIBD4125/xenium_NAC/processed-data/HD_Full_Analysis/FICTURE/outputs/H1-XKYDCP3_D1/nF_12/analysis/nF12.d_12/nF12.d_12.decode.prj_12.r_4_5.pixel.sorted.tsv.gz --color_table /dcs05/lieber/marmaypag/xenium_NAC_LIBD4125/xenium_NAC/processed-data/HD_Full_Analysis/FICTURE/outputs/H1-XKYDCP3_D1/nF_12/analysis/nF12.d_12/figure/nF12.d_12.rgb.tsv --output /dcs05/lieber/marmaypag/xenium_NAC_LIBD4125/xenium_NAC/processed-data/HD_Full_Analysis/FICTURE/outputs/H1-XKYDCP3_D1/nF_12/analysis/nF12.d_12/figure/nF12.d_12.decode.prj_12.r_4_5.pixel.png --plot_um_per_pixel 0.5 --full
10:21:29 PM Background color 000000
10:21:29 PM Read color table (12)
10:21:29 PM Read header {'K': 12, 'TOPK': 3, 'BLOCK_SIZE': 2000, 'BLOCK_AXIS': 'X', 'INDEX_AXIS': 'Y', 'OFFSET_X': 19764.124, 'OFFSET_Y': 5261.086, 'SIZE_X': 6793, 'SIZE_Y': 6793, 'SCALE': 100}
10:21:29 PM Image size 13588 x 13588
10:21:31 PM Reading pixels... 3999, 5094, 874265
10:21:32 PM Reading pixels... 3999, 10297, 862034
10:21:34 PM Reading pixels... 7999, 1736, 883682
10:21:35 PM Reading pixels... 7999, 5063, 868306
10:21:37 PM Reading pixels... 7999, 8635, 850077
10:21:39 PM Reading pixels... 7999, 12239, 884347
10:21:40 PM Reading pixels... 11999, 2537, 869968
10:21:42 PM Reading pixels... 11999, 6105, 864231
10:21:44 PM Reading pixels... 11999, 9477, 856382
10:21:45 PM Reading pixels... 11999, 13300, 889295
10:21:47 PM Reading pixels... 13564, 1616, 855628
10:21:47 PM Reading pixels... 13448, 9674, 270161
10:21:50 PM Finished
/dcs05/lieber/marmaypag/xenium_NAC_LIBD4125/xenium_NAC/processed-data/HD_Full_Analysis/FICTURE/outputs/H1-XKYDCP3_D1/nF_12/analysis/nF12.d_12/figure/nF12.d_12.decode.prj_12.r_4_5.pixel.png
Index(['0', '1', '2', '3', '4', '5', '6', '7', '8', '9', '10', '11'], dtype='object', name='Name')
['BLOCK', 'X', 'Y', 'K1', 'K2', 'K3', 'P1', 'P2', 'P3']
touch /dcs05/lieber/marmaypag/xenium_NAC_LIBD4125/xenium_NAC/processed-data/HD_Full_Analysis/FICTURE/outputs/H1-XKYDCP3_D1/nF_12/analysis/nF12.d_12/nF12.d_12.decode.prj_12.r_4_5.done
Finished nFactor=12 for H1-XKYDCP3_D1
Fri Mar  6 10:21:50 PM EST 2026
--------------------------------------------------------------
Running FICTURE with nFactor=16 for H1-XKYDCP3_D1
--------------------------------------------------------------
Fri Mar  6 10:21:50 PM EST 2026
--------------------------------------------------------------
Creating minibatch from /dcs05/lieber/marmaypag/xenium_NAC_LIBD4125/xenium_NAC/processed-data/HD_Full_Analysis/FICTURE/inputs/H1-XKYDCP3_D1/transcripts.sorted.tsv.gz...
--------------------------------------------------------------
ficture make_spatial_minibatch --input /dcs05/lieber/marmaypag/xenium_NAC_LIBD4125/xenium_NAC/processed-data/HD_Full_Analysis/FICTURE/inputs/H1-XKYDCP3_D1/transcripts.sorted.tsv.gz --output /dcs05/lieber/marmaypag/xenium_NAC_LIBD4125/xenium_NAC/processed-data/HD_Full_Analysis/FICTURE/outputs/H1-XKYDCP3_D1/nF_16/batched.matrix.tsv --mu_scale 1.0 --batch_size 500 --batch_buff 30 --major_axis X
INFO:root:Random seed 1772853711.161629
INFO:root:Read blocks of pixels: 723.07 x 6706.27
INFO:root:Output region (501.00, 501.00) (19763.1, 20264.1) x (5260.1, 5761.1)
INFO:root:Output region (501.00, 500.00) (19763.1, 20264.1) x (5731.1, 6231.1)
INFO:root:Output region (501.00, 500.00) (19763.1, 20264.1) x (6201.1, 6701.1)
INFO:root:Output region (501.00, 500.00) (19763.1, 20264.1) x (6671.1, 7171.1)
INFO:root:Output region (501.00, 500.00) (19763.1, 20264.1) x (7141.1, 7641.1)
INFO:root:Output region (501.00, 500.00) (19763.1, 20264.1) x (7611.1, 8111.1)
INFO:root:Output region (501.00, 500.00) (19763.1, 20264.1) x (8081.1, 8581.1)
INFO:root:Output region (501.00, 500.00) (19763.1, 20264.1) x (8551.1, 9051.1)
INFO:root:Output region (501.00, 500.00) (19763.1, 20264.1) x (9021.1, 9521.1)
INFO:root:Output region (501.00, 500.00) (19763.1, 20264.1) x (9491.1, 9991.1)
INFO:root:Output region (501.00, 500.00) (19763.1, 20264.1) x (9961.1, 10461.1)
INFO:root:Output region (501.00, 500.00) (19763.1, 20264.1) x (10431.1, 10931.1)
INFO:root:Output region (501.00, 500.00) (19763.1, 20264.1) x (10901.1, 11401.1)
INFO:root:Output region (501.00, 596.27) (19763.1, 20264.1) x (11371.1, 11967.4)
INFO:root:Output region (253.07, 501.00) (20234.1, 20487.2) x (5260.1, 5761.1)
INFO:root:Output region (253.07, 500.00) (20234.1, 20487.2) x (5731.1, 6231.1)
INFO:root:Output region (253.07, 500.00) (20234.1, 20487.2) x (6201.1, 6701.1)
INFO:root:Output region (253.07, 500.00) (20234.1, 20487.2) x (6671.1, 7171.1)
INFO:root:Output region (253.07, 500.00) (20234.1, 20487.2) x (7141.1, 7641.1)
INFO:root:Output region (253.07, 500.00) (20234.1, 20487.2) x (7611.1, 8111.1)
INFO:root:Output region (253.07, 500.00) (20234.1, 20487.2) x (8081.1, 8581.1)
INFO:root:Output region (253.07, 500.00) (20234.1, 20487.2) x (8551.1, 9051.1)
INFO:root:Output region (253.07, 500.00) (20234.1, 20487.2) x (9021.1, 9521.1)
INFO:root:Output region (253.07, 500.00) (20234.1, 20487.2) x (9491.1, 9991.1)
INFO:root:Output region (253.07, 500.00) (20234.1, 20487.2) x (9961.1, 10461.1)
INFO:root:Output region (253.07, 500.00) (20234.1, 20487.2) x (10431.1, 10931.1)
INFO:root:Output region (253.07, 500.00) (20234.1, 20487.2) x (10901.1, 11401.1)
INFO:root:Output region (253.07, 596.27) (20234.1, 20487.2) x (11371.1, 11967.4)
INFO:root:Left over size 203652 (203652, 30.00)
INFO:root:Read blocks of pixels: 127.68 x 6699.17
INFO:root:Read blocks of pixels: 205.10 x 6700.30
INFO:root:Read blocks of pixels: 274.96 x 6701.31
INFO:root:Read blocks of pixels: 333.70 x 6702.14
INFO:root:Read blocks of pixels: 392.41 x 6702.98
INFO:root:Read blocks of pixels: 458.27 x 6703.93
INFO:root:Read blocks of pixels: 521.00 x 6704.85
INFO:root:Output region (522.00, 501.00) (20456.2, 20978.2) x (5268.6, 5769.6)
INFO:root:Output region (522.00, 500.00) (20456.2, 20978.2) x (5739.6, 6239.6)
INFO:root:Output region (522.00, 500.00) (20456.2, 20978.2) x (6209.6, 6709.6)
INFO:root:Output region (522.00, 500.00) (20456.2, 20978.2) x (6679.6, 7179.6)
INFO:root:Output region (522.00, 500.00) (20456.2, 20978.2) x (7149.6, 7649.6)
INFO:root:Output region (522.00, 500.00) (20456.2, 20978.2) x (7619.6, 8119.6)
INFO:root:Output region (522.00, 500.00) (20456.2, 20978.2) x (8089.6, 8589.6)
INFO:root:Output region (522.00, 500.00) (20456.2, 20978.2) x (8559.6, 9059.6)
INFO:root:Output region (522.00, 500.00) (20456.2, 20978.2) x (9029.6, 9529.6)
INFO:root:Output region (522.00, 500.00) (20456.2, 20978.2) x (9499.6, 9999.6)
INFO:root:Output region (522.00, 500.00) (20456.2, 20978.2) x (9969.6, 10469.6)
INFO:root:Output region (522.00, 500.00) (20456.2, 20978.2) x (10439.6, 10939.6)
INFO:root:Output region (522.00, 500.00) (20456.2, 20978.2) x (10909.6, 11409.6)
INFO:root:Output region (522.00, 594.85) (20456.2, 20978.2) x (11379.6, 11974.5)
INFO:root:Left over size 515883 (515883, 30.00)
INFO:root:Read blocks of pixels: 87.95 x 6698.62
INFO:root:Read blocks of pixels: 140.44 x 6699.34
INFO:root:Read blocks of pixels: 197.44 x 6700.18
INFO:root:Read blocks of pixels: 252.23 x 6700.98
INFO:root:Read blocks of pixels: 302.83 x 6701.70
INFO:root:Read blocks of pixels: 354.44 x 6702.45
INFO:root:Read blocks of pixels: 405.87 x 6703.20
INFO:root:Read blocks of pixels: 461.59 x 6704.01
INFO:root:Read blocks of pixels: 513.14 x 6704.73
INFO:root:Output region (514.14, 501.00) (20947.2, 21461.3) x (5275.7, 5776.7)
INFO:root:Output region (514.14, 500.00) (20947.2, 21461.3) x (5746.7, 6246.7)
INFO:root:Output region (514.14, 500.00) (20947.2, 21461.3) x (6216.7, 6716.7)
INFO:root:Output region (514.14, 500.00) (20947.2, 21461.3) x (6686.7, 7186.7)
INFO:root:Output region (514.14, 500.00) (20947.2, 21461.3) x (7156.7, 7656.7)
INFO:root:Output region (514.14, 500.00) (20947.2, 21461.3) x (7626.7, 8126.7)
INFO:root:Output region (514.14, 500.00) (20947.2, 21461.3) x (8096.7, 8596.7)
INFO:root:Output region (514.14, 500.00) (20947.2, 21461.3) x (8566.7, 9066.7)
INFO:root:Output region (514.14, 500.00) (20947.2, 21461.3) x (9036.7, 9536.7)
INFO:root:Output region (514.14, 500.00) (20947.2, 21461.3) x (9506.7, 10006.7)
INFO:root:Output region (514.14, 500.00) (20947.2, 21461.3) x (9976.7, 10476.7)
INFO:root:Output region (514.14, 500.00) (20947.2, 21461.3) x (10446.7, 10946.7)
INFO:root:Output region (514.14, 500.00) (20947.2, 21461.3) x (10916.7, 11416.7)
INFO:root:Output region (514.14, 594.73) (20947.2, 21461.3) x (11386.7, 11981.4)
INFO:root:Left over size 617390 (617390, 30.00)
INFO:root:Read blocks of pixels: 77.27 x 6698.44
INFO:root:Read blocks of pixels: 123.28 x 6699.10
INFO:root:Read blocks of pixels: 170.74 x 6699.80
INFO:root:Read blocks of pixels: 224.45 x 6700.58
INFO:root:Read blocks of pixels: 278.43 x 6701.35
INFO:root:Read blocks of pixels: 329.24 x 6702.08
INFO:root:Read blocks of pixels: 383.20 x 6702.85
INFO:root:Read blocks of pixels: 433.83 x 6703.57
INFO:root:Read blocks of pixels: 484.54 x 6704.32
INFO:root:Read blocks of pixels: 531.01 x 6704.99
INFO:root:Output region (532.01, 501.00) (21430.3, 21962.3) x (5282.7, 5783.7)
INFO:root:Output region (532.01, 500.00) (21430.3, 21962.3) x (5753.7, 6253.7)
INFO:root:Output region (532.01, 500.00) (21430.3, 21962.3) x (6223.7, 6723.7)
INFO:root:Output region (532.01, 500.00) (21430.3, 21962.3) x (6693.7, 7193.7)
INFO:root:Output region (532.01, 500.00) (21430.3, 21962.3) x (7163.7, 7663.7)
INFO:root:Output region (532.01, 500.00) (21430.3, 21962.3) x (7633.7, 8133.7)
INFO:root:Output region (532.01, 500.00) (21430.3, 21962.3) x (8103.7, 8603.7)
INFO:root:Output region (532.01, 500.00) (21430.3, 21962.3) x (8573.7, 9073.7)
INFO:root:Output region (532.01, 500.00) (21430.3, 21962.3) x (9043.7, 9543.7)
INFO:root:Output region (532.01, 500.00) (21430.3, 21962.3) x (9513.7, 10013.7)
INFO:root:Output region (532.01, 500.00) (21430.3, 21962.3) x (9983.7, 10483.7)
INFO:root:Output region (532.01, 500.00) (21430.3, 21962.3) x (10453.7, 10953.7)
INFO:root:Output region (532.01, 500.00) (21430.3, 21962.3) x (10923.7, 11423.7)
INFO:root:Output region (532.01, 594.99) (21430.3, 21962.3) x (11393.7, 11988.7)
INFO:root:Left over size 667783 (667783, 30.00)
INFO:root:Read blocks of pixels: 80.40 x 6698.47
INFO:root:Read blocks of pixels: 133.22 x 6699.24
INFO:root:Read blocks of pixels: 182.06 x 6699.94
INFO:root:Read blocks of pixels: 232.15 x 6700.66
INFO:root:Read blocks of pixels: 283.60 x 6701.38
INFO:root:Read blocks of pixels: 331.28 x 6702.10
INFO:root:Read blocks of pixels: 377.97 x 6702.76
INFO:root:Read blocks of pixels: 420.64 x 6703.37
INFO:root:Read blocks of pixels: 461.67 x 6703.97
INFO:root:Read blocks of pixels: 502.19 x 6704.55
INFO:root:Output region (503.19, 501.00) (21931.3, 22434.5) x (5289.9, 5790.9)
INFO:root:Output region (503.19, 500.00) (21931.3, 22434.5) x (5760.9, 6260.9)
INFO:root:Output region (503.19, 500.00) (21931.3, 22434.5) x (6230.9, 6730.9)
INFO:root:Output region (503.19, 500.00) (21931.3, 22434.5) x (6700.9, 7200.9)
INFO:root:Output region (503.19, 500.00) (21931.3, 22434.5) x (7170.9, 7670.9)
INFO:root:Output region (503.19, 500.00) (21931.3, 22434.5) x (7640.9, 8140.9)
INFO:root:Output region (503.19, 500.00) (21931.3, 22434.5) x (8110.9, 8610.9)
INFO:root:Output region (503.19, 500.00) (21931.3, 22434.5) x (8580.9, 9080.9)
INFO:root:Output region (503.19, 500.00) (21931.3, 22434.5) x (9050.9, 9550.9)
INFO:root:Output region (503.19, 500.00) (21931.3, 22434.5) x (9520.9, 10020.9)
INFO:root:Output region (503.19, 500.00) (21931.3, 22434.5) x (9990.9, 10490.9)
INFO:root:Output region (503.19, 500.00) (21931.3, 22434.5) x (10460.9, 10960.9)
INFO:root:Output region (503.19, 500.00) (21931.3, 22434.5) x (10930.9, 11430.9)
INFO:root:Output region (503.19, 594.55) (21931.3, 22434.5) x (11400.9, 11995.5)
INFO:root:Left over size 764834 (764834, 30.00)
INFO:root:Read blocks of pixels: 73.96 x 6698.35
INFO:root:Read blocks of pixels: 114.63 x 6698.92
INFO:root:Read blocks of pixels: 155.18 x 6699.53
INFO:root:Read blocks of pixels: 195.16 x 6700.10
INFO:root:Read blocks of pixels: 238.01 x 6700.71
INFO:root:Read blocks of pixels: 277.85 x 6701.29
INFO:root:Read blocks of pixels: 318.19 x 6701.86
INFO:root:Read blocks of pixels: 360.79 x 6702.50
INFO:root:Read blocks of pixels: 404.60 x 6703.10
INFO:root:Read blocks of pixels: 448.35 x 6703.74
INFO:root:Read blocks of pixels: 490.24 x 6704.34
INFO:root:Read blocks of pixels: 531.44 x 6704.95
INFO:root:Output region (532.44, 501.00) (22403.5, 22936.0) x (5296.8, 5797.8)
INFO:root:Output region (532.44, 500.00) (22403.5, 22936.0) x (5767.8, 6267.8)
INFO:root:Output region (532.44, 500.00) (22403.5, 22936.0) x (6237.8, 6737.8)
INFO:root:Output region (532.44, 500.00) (22403.5, 22936.0) x (6707.8, 7207.8)
INFO:root:Output region (532.44, 500.00) (22403.5, 22936.0) x (7177.8, 7677.8)
INFO:root:Output region (532.44, 500.00) (22403.5, 22936.0) x (7647.8, 8147.8)
INFO:root:Output region (532.44, 500.00) (22403.5, 22936.0) x (8117.8, 8617.8)
INFO:root:Output region (532.44, 500.00) (22403.5, 22936.0) x (8587.8, 9087.8)
INFO:root:Output region (532.44, 500.00) (22403.5, 22936.0) x (9057.8, 9557.8)
INFO:root:Output region (532.44, 500.00) (22403.5, 22936.0) x (9527.8, 10027.8)
INFO:root:Output region (532.44, 500.00) (22403.5, 22936.0) x (9997.8, 10497.8)
INFO:root:Output region (532.44, 500.00) (22403.5, 22936.0) x (10467.8, 10967.8)
INFO:root:Output region (532.44, 500.00) (22403.5, 22936.0) x (10937.8, 11437.8)
INFO:root:Output region (532.44, 594.95) (22403.5, 22936.0) x (11407.8, 12002.7)
INFO:root:Left over size 726566 (726566, 30.00)
INFO:root:Read blocks of pixels: 70.79 x 6698.28
INFO:root:Read blocks of pixels: 112.67 x 6698.89
INFO:root:Read blocks of pixels: 155.33 x 6699.52
INFO:root:Read blocks of pixels: 196.12 x 6700.10
INFO:root:Read blocks of pixels: 238.89 x 6700.68
INFO:root:Read blocks of pixels: 279.60 x 6701.31
INFO:root:Read blocks of pixels: 321.58 x 6701.92
INFO:root:Read blocks of pixels: 365.51 x 6702.55
INFO:root:Read blocks of pixels: 407.01 x 6703.13
INFO:root:Read blocks of pixels: 453.29 x 6703.82
INFO:root:Read blocks of pixels: 497.80 x 6704.45
INFO:root:Read blocks of pixels: 547.06 x 6705.17
INFO:root:Output region (548.06, 501.00) (22905.0, 23453.0) x (5304.0, 5805.0)
INFO:root:Output region (548.06, 500.00) (22905.0, 23453.0) x (5775.0, 6275.0)
INFO:root:Output region (548.06, 500.00) (22905.0, 23453.0) x (6245.0, 6745.0)
INFO:root:Output region (548.06, 500.00) (22905.0, 23453.0) x (6715.0, 7215.0)
INFO:root:Output region (548.06, 500.00) (22905.0, 23453.0) x (7185.0, 7685.0)
INFO:root:Output region (548.06, 500.00) (22905.0, 23453.0) x (7655.0, 8155.0)
INFO:root:Output region (548.06, 500.00) (22905.0, 23453.0) x (8125.0, 8625.0)
INFO:root:Output region (548.06, 500.00) (22905.0, 23453.0) x (8595.0, 9095.0)
INFO:root:Output region (548.06, 500.00) (22905.0, 23453.0) x (9065.0, 9565.0)
INFO:root:Output region (548.06, 500.00) (22905.0, 23453.0) x (9535.0, 10035.0)
INFO:root:Output region (548.06, 500.00) (22905.0, 23453.0) x (10005.0, 10505.0)
INFO:root:Output region (548.06, 500.00) (22905.0, 23453.0) x (10475.0, 10975.0)
INFO:root:Output region (548.06, 500.00) (22905.0, 23453.0) x (10945.0, 11445.0)
INFO:root:Output region (548.06, 595.17) (22905.0, 23453.0) x (11415.0, 12010.2)
INFO:root:Left over size 604682 (604682, 30.00)
INFO:root:Read blocks of pixels: 76.62 x 6698.39
INFO:root:Read blocks of pixels: 122.82 x 6699.06
INFO:root:Read blocks of pixels: 172.06 x 6699.78
INFO:root:Read blocks of pixels: 219.84 x 6700.44
INFO:root:Read blocks of pixels: 266.58 x 6701.10
INFO:root:Read blocks of pixels: 309.84 x 6701.77
INFO:root:Read blocks of pixels: 358.37 x 6702.46
INFO:root:Read blocks of pixels: 406.53 x 6703.15
INFO:root:Read blocks of pixels: 453.28 x 6703.81
INFO:root:Read blocks of pixels: 493.33 x 6704.39
INFO:root:Read blocks of pixels: 532.17 x 6704.97
INFO:root:Output region (533.17, 501.00) (23422.0, 23955.2) x (5311.4, 5812.4)
INFO:root:Output region (533.17, 500.00) (23422.0, 23955.2) x (5782.4, 6282.4)
INFO:root:Output region (533.17, 500.00) (23422.0, 23955.2) x (6252.4, 6752.4)
INFO:root:Output region (533.17, 500.00) (23422.0, 23955.2) x (6722.4, 7222.4)
INFO:root:Output region (533.17, 500.00) (23422.0, 23955.2) x (7192.4, 7692.4)
INFO:root:Output region (533.17, 500.00) (23422.0, 23955.2) x (7662.4, 8162.4)
INFO:root:Output region (533.17, 500.00) (23422.0, 23955.2) x (8132.4, 8632.4)
INFO:root:Output region (533.17, 500.00) (23422.0, 23955.2) x (8602.4, 9102.4)
INFO:root:Output region (533.17, 500.00) (23422.0, 23955.2) x (9072.4, 9572.4)
INFO:root:Output region (533.17, 500.00) (23422.0, 23955.2) x (9542.4, 10042.4)
INFO:root:Output region (533.17, 500.00) (23422.0, 23955.2) x (10012.4, 10512.4)
INFO:root:Output region (533.17, 500.00) (23422.0, 23955.2) x (10482.4, 10982.4)
INFO:root:Output region (533.17, 500.00) (23422.0, 23955.2) x (10952.4, 11452.4)
INFO:root:Output region (533.17, 594.97) (23422.0, 23955.2) x (11422.4, 12017.4)
INFO:root:Left over size 770808 (770808, 30.00)
INFO:root:Read blocks of pixels: 73.68 x 6698.33
INFO:root:Read blocks of pixels: 118.32 x 6698.99
INFO:root:Read blocks of pixels: 162.47 x 6699.63
INFO:root:Read blocks of pixels: 208.93 x 6700.29
INFO:root:Read blocks of pixels: 248.73 x 6700.87
INFO:root:Read blocks of pixels: 289.45 x 6701.44
INFO:root:Read blocks of pixels: 332.38 x 6702.08
INFO:root:Read blocks of pixels: 374.42 x 6702.68
INFO:root:Read blocks of pixels: 418.55 x 6703.32
INFO:root:Read blocks of pixels: 463.27 x 6703.95
INFO:root:Read blocks of pixels: 503.14 x 6704.53
INFO:root:Output region (504.14, 501.00) (23924.2, 24428.3) x (5318.7, 5819.7)
INFO:root:Output region (504.14, 500.00) (23924.2, 24428.3) x (5789.7, 6289.7)
INFO:root:Output region (504.14, 500.00) (23924.2, 24428.3) x (6259.7, 6759.7)
INFO:root:Output region (504.14, 500.00) (23924.2, 24428.3) x (6729.7, 7229.7)
INFO:root:Output region (504.14, 500.00) (23924.2, 24428.3) x (7199.7, 7699.7)
INFO:root:Output region (504.14, 500.00) (23924.2, 24428.3) x (7669.7, 8169.7)
INFO:root:Output region (504.14, 500.00) (23924.2, 24428.3) x (8139.7, 8639.7)
INFO:root:Output region (504.14, 500.00) (23924.2, 24428.3) x (8609.7, 9109.7)
INFO:root:Output region (504.14, 500.00) (23924.2, 24428.3) x (9079.7, 9579.7)
INFO:root:Output region (504.14, 500.00) (23924.2, 24428.3) x (9549.7, 10049.7)
INFO:root:Output region (504.14, 500.00) (23924.2, 24428.3) x (10019.7, 10519.7)
INFO:root:Output region (504.14, 500.00) (23924.2, 24428.3) x (10489.7, 10989.7)
INFO:root:Output region (504.14, 500.00) (23924.2, 24428.3) x (10959.7, 11459.7)
INFO:root:Output region (504.14, 594.53) (23924.2, 24428.3) x (11429.7, 12024.2)
INFO:root:Left over size 758312 (758312, 30.00)
INFO:root:Read blocks of pixels: 69.87 x 6698.24
INFO:root:Read blocks of pixels: 113.65 x 6698.87
INFO:root:Read blocks of pixels: 161.44 x 6699.57
INFO:root:Read blocks of pixels: 207.02 x 6700.23
INFO:root:Read blocks of pixels: 256.60 x 6700.95
INFO:root:Read blocks of pixels: 309.25 x 6701.70
INFO:root:Read blocks of pixels: 358.27 x 6702.30
INFO:root:Read blocks of pixels: 410.09 x 6703.14
INFO:root:Read blocks of pixels: 460.37 x 6703.89
INFO:root:Read blocks of pixels: 515.28 x 6704.67
INFO:root:Output region (516.28, 501.00) (24397.3, 24913.6) x (5325.6, 5826.6)
INFO:root:Output region (516.28, 500.00) (24397.3, 24913.6) x (5796.6, 6296.6)
INFO:root:Output region (516.28, 500.00) (24397.3, 24913.6) x (6266.6, 6766.6)
INFO:root:Output region (516.28, 500.00) (24397.3, 24913.6) x (6736.6, 7236.6)
INFO:root:Output region (516.28, 500.00) (24397.3, 24913.6) x (7206.6, 7706.6)
INFO:root:Output region (516.28, 500.00) (24397.3, 24913.6) x (7676.6, 8176.6)
INFO:root:Output region (516.28, 500.00) (24397.3, 24913.6) x (8146.6, 8646.6)
INFO:root:Output region (516.28, 500.00) (24397.3, 24913.6) x (8616.6, 9116.6)
INFO:root:Output region (516.28, 500.00) (24397.3, 24913.6) x (9086.6, 9586.6)
INFO:root:Output region (516.28, 500.00) (24397.3, 24913.6) x (9556.6, 10056.6)
INFO:root:Output region (516.28, 500.00) (24397.3, 24913.6) x (10026.6, 10526.6)
INFO:root:Output region (516.28, 500.00) (24397.3, 24913.6) x (10496.6, 10996.6)
INFO:root:Output region (516.28, 500.00) (24397.3, 24913.6) x (10966.6, 11466.6)
INFO:root:Output region (516.28, 594.67) (24397.3, 24913.6) x (11436.6, 12031.2)
INFO:root:Left over size 549019 (549019, 30.00)
INFO:root:Read blocks of pixels: 90.49 x 6698.55
INFO:root:Read blocks of pixels: 152.35 x 6699.44
INFO:root:Read blocks of pixels: 222.27 x 6700.43
INFO:root:Read blocks of pixels: 281.10 x 6701.32
INFO:root:Read blocks of pixels: 353.40 x 6702.36
INFO:root:Read blocks of pixels: 426.81 x 6703.42
INFO:root:Read blocks of pixels: 504.00 x 6704.52
INFO:root:Output region (505.00, 501.00) (24882.6, 25387.6) x (5332.5, 5833.5)
INFO:root:Output region (505.00, 500.00) (24882.6, 25387.6) x (5803.5, 6303.5)
INFO:root:Output region (505.00, 500.00) (24882.6, 25387.6) x (6273.5, 6773.5)
INFO:root:Output region (505.00, 500.00) (24882.6, 25387.6) x (6743.5, 7243.5)
INFO:root:Output region (505.00, 500.00) (24882.6, 25387.6) x (7213.5, 7713.5)
INFO:root:Output region (505.00, 500.00) (24882.6, 25387.6) x (7683.5, 8183.5)
INFO:root:Output region (505.00, 500.00) (24882.6, 25387.6) x (8153.5, 8653.5)
INFO:root:Output region (505.00, 500.00) (24882.6, 25387.6) x (8623.5, 9123.5)
INFO:root:Output region (505.00, 500.00) (24882.6, 25387.6) x (9093.5, 9593.5)
INFO:root:Output region (505.00, 500.00) (24882.6, 25387.6) x (9563.5, 10063.5)
INFO:root:Output region (505.00, 500.00) (24882.6, 25387.6) x (10033.5, 10533.5)
INFO:root:Output region (505.00, 500.00) (24882.6, 25387.6) x (10503.5, 11003.5)
INFO:root:Output region (505.00, 500.00) (24882.6, 25387.6) x (10973.5, 11473.5)
INFO:root:Output region (505.00, 594.52) (24882.6, 25387.6) x (11443.5, 12038.1)
INFO:root:Left over size 386110 (386110, 30.00)
INFO:root:Read blocks of pixels: 114.88 x 6698.89
INFO:root:Read blocks of pixels: 198.84 x 6700.13
INFO:root:Read blocks of pixels: 287.65 x 6701.40
INFO:root:Read blocks of pixels: 365.21 x 6702.53
INFO:root:Read blocks of pixels: 456.65 x 6703.85
INFO:root:Read blocks of pixels: 566.01 x 6705.38
INFO:root:Output region (567.01, 501.00) (25356.6, 25923.6) x (5339.4, 5840.4)
INFO:root:Output region (567.01, 500.00) (25356.6, 25923.6) x (5810.4, 6310.4)
INFO:root:Output region (567.01, 500.00) (25356.6, 25923.6) x (6280.4, 6780.4)
INFO:root:Output region (567.01, 500.00) (25356.6, 25923.6) x (6750.4, 7250.4)
INFO:root:Output region (567.01, 500.00) (25356.6, 25923.6) x (7220.4, 7720.4)
INFO:root:Output region (567.01, 500.00) (25356.6, 25923.6) x (7690.4, 8190.4)
INFO:root:Output region (567.01, 500.00) (25356.6, 25923.6) x (8160.4, 8660.4)
INFO:root:Output region (567.01, 500.00) (25356.6, 25923.6) x (8630.4, 9130.4)
INFO:root:Output region (567.01, 500.00) (25356.6, 25923.6) x (9100.4, 9600.4)
INFO:root:Output region (567.01, 500.00) (25356.6, 25923.6) x (9570.4, 10070.4)
INFO:root:Output region (567.01, 500.00) (25356.6, 25923.6) x (10040.4, 10540.4)
INFO:root:Output region (567.01, 500.00) (25356.6, 25923.6) x (10510.4, 11010.4)
INFO:root:Output region (567.01, 500.00) (25356.6, 25923.6) x (10980.4, 11480.4)
INFO:root:Output region (567.01, 595.38) (25356.6, 25923.6) x (11450.4, 12045.8)
INFO:root:Left over size 296499 (296499, 30.00)
INFO:root:Read blocks of pixels: 150.38 x 6699.44
INFO:root:Read blocks of pixels: 258.80 x 6701.02
INFO:root:Read blocks of pixels: 393.15 x 6702.87
INFO:root:Read blocks of pixels: 540.07 x 6705.03
INFO:root:Output region (541.07, 501.00) (25892.6, 26433.7) x (5347.1, 5848.1)
INFO:root:Output region (541.07, 500.00) (25892.6, 26433.7) x (5818.1, 6318.1)
INFO:root:Output region (541.07, 500.00) (25892.6, 26433.7) x (6288.1, 6788.1)
INFO:root:Output region (541.07, 500.00) (25892.6, 26433.7) x (6758.1, 7258.1)
INFO:root:Output region (541.07, 500.00) (25892.6, 26433.7) x (7228.1, 7728.1)
INFO:root:Output region (541.07, 500.00) (25892.6, 26433.7) x (7698.1, 8198.1)
INFO:root:Output region (541.07, 500.00) (25892.6, 26433.7) x (8168.1, 8668.1)
INFO:root:Output region (541.07, 500.00) (25892.6, 26433.7) x (8638.1, 9138.1)
INFO:root:Output region (541.07, 500.00) (25892.6, 26433.7) x (9108.1, 9608.1)
INFO:root:Output region (541.07, 500.00) (25892.6, 26433.7) x (9578.1, 10078.1)
INFO:root:Output region (541.07, 500.00) (25892.6, 26433.7) x (10048.1, 10548.1)
INFO:root:Output region (541.07, 500.00) (25892.6, 26433.7) x (10518.1, 11018.1)
INFO:root:Output region (541.07, 500.00) (25892.6, 26433.7) x (10988.1, 11488.1)
INFO:root:Output region (541.07, 595.03) (25892.6, 26433.7) x (11458.1, 12053.1)
INFO:root:Left over size 202168 (202168, 30.00)
INFO:root:Read blocks of pixels: 152.67 x 6698.10
INFO:root:Read blocks of pixels: 152.67 x 6698.10
INFO:root:Output region (153.67, 501.00) (26402.7, 26556.4) x (5354.4, 5855.4)
INFO:root:Output region (153.67, 500.00) (26402.7, 26556.4) x (5825.4, 6325.4)
INFO:root:Output region (153.67, 500.00) (26402.7, 26556.4) x (6295.4, 6795.4)
INFO:root:Output region (153.67, 500.00) (26402.7, 26556.4) x (6765.4, 7265.4)
INFO:root:Output region (153.67, 500.00) (26402.7, 26556.4) x (7235.4, 7735.4)
INFO:root:Output region (153.67, 500.00) (26402.7, 26556.4) x (7705.4, 8205.4)
INFO:root:Output region (153.67, 500.00) (26402.7, 26556.4) x (8175.4, 8675.4)
INFO:root:Output region (153.67, 500.00) (26402.7, 26556.4) x (8645.4, 9145.4)
INFO:root:Output region (153.67, 500.00) (26402.7, 26556.4) x (9115.4, 9615.4)
INFO:root:Output region (153.67, 500.00) (26402.7, 26556.4) x (9585.4, 10085.4)
INFO:root:Output region (153.67, 500.00) (26402.7, 26556.4) x (10055.4, 10555.4)
INFO:root:Output region (153.67, 500.00) (26402.7, 26556.4) x (10525.4, 11025.4)
INFO:root:Output region (153.67, 500.00) (26402.7, 26556.4) x (10995.4, 11495.4)
INFO:root:Output region (153.67, 588.10) (26402.7, 26556.4) x (11465.4, 12053.5)
['X', 'random_index', 'Y', 'gene', 'Count']
gzip -f /dcs05/lieber/marmaypag/xenium_NAC_LIBD4125/xenium_NAC/processed-data/HD_Full_Analysis/FICTURE/outputs/H1-XKYDCP3_D1/nF_16/batched.matrix.tsv
--------------------------------------------------------------
Creating DGE for 12um...
--------------------------------------------------------------
ficture make_dge --key Count --input /dcs05/lieber/marmaypag/xenium_NAC_LIBD4125/xenium_NAC/processed-data/HD_Full_Analysis/FICTURE/inputs/H1-XKYDCP3_D1/transcripts.sorted.tsv.gz --output /dcs05/lieber/marmaypag/xenium_NAC_LIBD4125/xenium_NAC/processed-data/HD_Full_Analysis/FICTURE/outputs/H1-XKYDCP3_D1/nF_16/hexagon.d_12.tsv --hex_width 12 --n_move 2 --min_ct_per_unit 50 --mu_scale 1.0 --precision 2 --major_axis X --fractional-count 0
INFO:root:Random seed 1772854319.8333292
WARNING:root:The designated major key is not one of the specified count columns, --count_header is ignored
INFO:root:Processing 295699 pixels (1000000 19764.124, 20487.194).
INFO:root:Sliding offset 0, 0. Add 5321 units, median count 96.0, 5321 units so far.
INFO:root:Sliding offset 0, 1. Add 5232 units, median count 96.0, 10553 units so far.
INFO:root:Sliding offset 1, 0. Add 5284 units, median count 96.0, 15837 units so far.
INFO:root:Sliding offset 1, 1. Add 5237 units, median count 95.0, 21074 units so far.
INFO:root:Left over size 163747 (20463, 20487).
INFO:root:Processing 183034 pixels (1163747 20463.2, 20584.877).
INFO:root:Sliding offset 0, 0. Add 4630 units, median count 123.0, 25704 units so far.
INFO:root:Sliding offset 0, 1. Add 4827 units, median count 123.0, 30531 units so far.
INFO:root:Sliding offset 1, 0. Add 4638 units, median count 123.0, 35169 units so far.
INFO:root:Sliding offset 1, 1. Add 4851 units, median count 122.0, 40020 units so far.
INFO:root:Left over size 287749 (20561, 20585).
INFO:root:Processing 159786 pixels (1287749 20560.882, 20662.296).
INFO:root:Sliding offset 0, 0. Add 3991 units, median count 152.0, 44011 units so far.
INFO:root:Sliding offset 0, 1. Add 3928 units, median count 154.0, 47939 units so far.
INFO:root:Sliding offset 1, 0. Add 3983 units, median count 151.0, 51922 units so far.
INFO:root:Sliding offset 1, 1. Add 3913 units, median count 152.0, 55835 units so far.
INFO:root:Left over size 319867 (20638, 20662).
INFO:root:Processing 151001 pixels (1319867 20638.302, 20732.15).
INFO:root:Sliding offset 0, 0. Add 3767 units, median count 174.0, 59602 units so far.
INFO:root:Sliding offset 0, 1. Add 3569 units, median count 173.0, 63171 units so far.
INFO:root:Sliding offset 1, 0. Add 3765 units, median count 173.0, 66936 units so far.
INFO:root:Sliding offset 1, 1. Add 3581 units, median count 173.0, 70517 units so far.
INFO:root:Left over size 361350 (20708, 20732).
INFO:root:Processing 134546 pixels (1361350 20708.156, 20790.892).
INFO:root:Sliding offset 0, 0. Add 2993 units, median count 196.0, 73510 units so far.
INFO:root:Sliding offset 0, 1. Add 3155 units, median count 195.0, 76665 units so far.
INFO:root:Sliding offset 1, 0. Add 3001 units, median count 195.0, 79666 units so far.
INFO:root:Sliding offset 1, 1. Add 3158 units, median count 195.0, 82824 units so far.
INFO:root:Left over size 436351 (20767, 20791).
INFO:root:Processing 135160 pixels (1436351 20766.899, 20849.605).
INFO:root:Sliding offset 0, 0. Add 3011 units, median count 210.0, 85835 units so far.
INFO:root:Sliding offset 0, 1. Add 3161 units, median count 209.0, 88996 units so far.
INFO:root:Sliding offset 1, 0. Add 3005 units, median count 209.0, 92001 units so far.
INFO:root:Sliding offset 1, 1. Add 3155 units, median count 209.0, 95156 units so far.
INFO:root:Left over size 390572 (20826, 20850).
INFO:root:Processing 146943 pixels (1390572 20825.612, 20915.461).
INFO:root:Sliding offset 0, 0. Add 3496 units, median count 192.0, 98652 units so far.
INFO:root:Sliding offset 0, 1. Add 3495 units, median count 194.0, 102147 units so far.
INFO:root:Sliding offset 1, 0. Add 3498 units, median count 193.0, 105645 units so far.
INFO:root:Sliding offset 1, 1. Add 3493 units, median count 192.0, 109138 units so far.
INFO:root:Left over size 355530 (20891, 20915).
INFO:root:Processing 141512 pixels (1355530 20891.467, 20978.191).
INFO:root:Sliding offset 0, 0. Add 3455 units, median count 194.0, 112593 units so far.
INFO:root:Sliding offset 0, 1. Add 3149 units, median count 193.0, 115742 units so far.
INFO:root:Sliding offset 1, 0. Add 3460 units, median count 194.5, 119202 units so far.
INFO:root:Sliding offset 1, 1. Add 3149 units, median count 193.0, 122351 units so far.
INFO:root:Left over size 421504 (20954, 20978).
INFO:root:Processing 133006 pixels (1421504 20954.198, 21036.145).
INFO:root:Sliding offset 0, 0. Add 2839 units, median count 206.0, 125190 units so far.
INFO:root:Sliding offset 0, 1. Add 3104 units, median count 208.0, 128294 units so far.
INFO:root:Sliding offset 1, 0. Add 2829 units, median count 208.0, 131123 units so far.
INFO:root:Sliding offset 1, 1. Add 3101 units, median count 209.0, 134224 units so far.
INFO:root:Left over size 407324 (21012, 21036).
INFO:root:Processing 122578 pixels (1407324 21012.151, 21088.628).
INFO:root:Sliding offset 0, 0. Add 2698 units, median count 223.0, 136922 units so far.
INFO:root:Sliding offset 0, 1. Add 2692 units, median count 227.0, 139614 units so far.
INFO:root:Sliding offset 1, 0. Add 2698 units, median count 224.0, 142312 units so far.
INFO:root:Sliding offset 1, 1. Add 2691 units, median count 225.0, 145003 units so far.
INFO:root:Left over size 444411 (21065, 21089).
INFO:root:Processing 128373 pixels (1444411 21064.635, 21145.633).
INFO:root:Sliding offset 0, 0. Add 2945 units, median count 237.0, 147948 units so far.
INFO:root:Sliding offset 0, 1. Add 2740 units, median count 234.0, 150688 units so far.
INFO:root:Sliding offset 1, 0. Add 2949 units, median count 236.0, 153637 units so far.
INFO:root:Sliding offset 1, 1. Add 2739 units, median count 232.0, 156376 units so far.
INFO:root:Left over size 417695 (21122, 21146).
INFO:root:Processing 123609 pixels (1417695 21121.637, 21200.422).
INFO:root:Sliding offset 0, 0. Add 2691 units, median count 238.0, 159067 units so far.
INFO:root:Sliding offset 0, 1. Add 2653 units, median count 241.0, 161720 units so far.
INFO:root:Sliding offset 1, 0. Add 2695 units, median count 238.0, 164415 units so far.
INFO:root:Sliding offset 1, 1. Add 2652 units, median count 238.0, 167067 units so far.
INFO:root:Left over size 443024 (21176, 21200).
INFO:root:Processing 117835 pixels (1443024 21176.428, 21251.023).
INFO:root:Sliding offset 0, 0. Add 2403 units, median count 244.0, 169470 units so far.
INFO:root:Sliding offset 0, 1. Add 2700 units, median count 249.0, 172170 units so far.
INFO:root:Sliding offset 1, 0. Add 2404 units, median count 245.0, 174574 units so far.
INFO:root:Sliding offset 1, 1. Add 2696 units, median count 251.0, 177270 units so far.
INFO:root:Left over size 495071 (21227, 21251).
INFO:root:Processing 119884 pixels (1495071 21227.027, 21302.634).
INFO:root:Sliding offset 0, 0. Add 2717 units, median count 259.0, 179987 units so far.
INFO:root:Sliding offset 0, 1. Add 2417 units, median count 256.0, 182404 units so far.
INFO:root:Sliding offset 1, 0. Add 2717 units, median count 257.0, 185121 units so far.
INFO:root:Sliding offset 1, 1. Add 2418 units, median count 256.0, 187539 units so far.
INFO:root:Left over size 465223 (21279, 21303).
INFO:root:Processing 119958 pixels (1465223 21278.636, 21354.06).
INFO:root:Sliding offset 0, 0. Add 2448 units, median count 249.0, 189987 units so far.
INFO:root:Sliding offset 0, 1. Add 2729 units, median count 251.0, 192716 units so far.
INFO:root:Sliding offset 1, 0. Add 2458 units, median count 248.0, 195174 units so far.
INFO:root:Sliding offset 1, 1. Add 2735 units, median count 250.0, 197909 units so far.
INFO:root:Left over size 445644 (21330, 21354).
INFO:root:Processing 127925 pixels (1445644 21330.063, 21409.781).
INFO:root:Sliding offset 0, 0. Add 3024 units, median count 233.0, 200933 units so far.
INFO:root:Sliding offset 0, 1. Add 2769 units, median count 230.0, 203702 units so far.
INFO:root:Sliding offset 1, 0. Add 3026 units, median count 231.0, 206728 units so far.
INFO:root:Sliding offset 1, 1. Add 2763 units, median count 231.0, 209491 units so far.
INFO:root:Left over size 423409 (21386, 21410).
INFO:root:Processing 122527 pixels (1423409 21385.782, 21461.334).
INFO:root:Sliding offset 0, 0. Add 2505 units, median count 238.0, 211996 units so far.
INFO:root:Sliding offset 0, 1. Add 2789 units, median count 238.0, 214785 units so far.
INFO:root:Sliding offset 1, 0. Add 2501 units, median count 237.0, 217286 units so far.
INFO:root:Sliding offset 1, 1. Add 2788 units, median count 239.0, 220074 units so far.
INFO:root:Left over size 498144 (21437, 21461).
INFO:root:Processing 116586 pixels (1498144 21437.335, 21508.602).
INFO:root:Sliding offset 0, 0. Add 2506 units, median count 261.0, 222580 units so far.
INFO:root:Sliding offset 0, 1. Add 2458 units, median count 256.5, 225038 units so far.
INFO:root:Sliding offset 1, 0. Add 2508 units, median count 259.0, 227546 units so far.
INFO:root:Sliding offset 1, 1. Add 2454 units, median count 258.0, 230000 units so far.
INFO:root:Left over size 512752 (21485, 21509).
INFO:root:Processing 114805 pixels (1512752 21484.603, 21554.617).
INFO:root:Sliding offset 0, 0. Add 2509 units, median count 266.0, 232509 units so far.
INFO:root:Sliding offset 0, 1. Add 2246 units, median count 264.0, 234755 units so far.
INFO:root:Sliding offset 1, 0. Add 2503 units, median count 264.0, 237258 units so far.
INFO:root:Sliding offset 1, 1. Add 2243 units, median count 269.5, 239501 units so far.
INFO:root:Left over size 515360 (21531, 21555).
INFO:root:Processing 117408 pixels (1515360 21530.618, 21602.07).
INFO:root:Sliding offset 0, 0. Add 2534 units, median count 249.0, 242035 units so far.
INFO:root:Sliding offset 0, 1. Add 2533 units, median count 253.0, 244568 units so far.
INFO:root:Sliding offset 1, 0. Add 2533 units, median count 251.0, 247101 units so far.
INFO:root:Sliding offset 1, 1. Add 2535 units, median count 251.0, 249636 units so far.
INFO:root:Left over size 488652 (21578, 21602).
INFO:root:Processing 127717 pixels (1488652 21578.071, 21655.783).
INFO:root:Sliding offset 0, 0. Add 2838 units, median count 237.0, 252474 units so far.
INFO:root:Sliding offset 0, 1. Add 2854 units, median count 235.0, 255328 units so far.
INFO:root:Sliding offset 1, 0. Add 2838 units, median count 237.0, 258166 units so far.
INFO:root:Sliding offset 1, 1. Add 2850 units, median count 238.0, 261016 units so far.
INFO:root:Left over size 426359 (21632, 21656).
INFO:root:Processing 128233 pixels (1426359 21631.784, 21709.761).
INFO:root:Sliding offset 0, 0. Add 2859 units, median count 234.0, 263875 units so far.
INFO:root:Sliding offset 0, 1. Add 2865 units, median count 233.0, 266740 units so far.
INFO:root:Sliding offset 1, 0. Add 2854 units, median count 234.0, 269594 units so far.
INFO:root:Sliding offset 1, 1. Add 2865 units, median count 234.0, 272459 units so far.
INFO:root:Left over size 444805 (21686, 21710).
INFO:root:Processing 122974 pixels (1444805 21685.762, 21760.579).
INFO:root:Sliding offset 0, 0. Add 2571 units, median count 232.0, 275030 units so far.
INFO:root:Sliding offset 0, 1. Add 2796 units, median count 232.0, 277826 units so far.
INFO:root:Sliding offset 1, 0. Add 2576 units, median count 229.0, 280402 units so far.
INFO:root:Sliding offset 1, 1. Add 2807 units, median count 234.5, 283209 units so far.
INFO:root:Left over size 452459 (21737, 21761).
INFO:root:Processing 127696 pixels (1452459 21736.58, 21814.538).
INFO:root:Sliding offset 0, 0. Add 2862 units, median count 220.0, 286071 units so far.
INFO:root:Sliding offset 0, 1. Add 2858 units, median count 220.0, 288929 units so far.
INFO:root:Sliding offset 1, 0. Add 2860 units, median count 218.0, 291789 units so far.
INFO:root:Sliding offset 1, 1. Add 2843 units, median count 218.0, 294632 units so far.
INFO:root:Left over size 437476 (21791, 21815).
INFO:root:Processing 121214 pixels (1437476 21790.539, 21865.169).
INFO:root:Sliding offset 0, 0. Add 2662 units, median count 241.0, 297294 units so far.
INFO:root:Sliding offset 0, 1. Add 2541 units, median count 237.0, 299835 units so far.
INFO:root:Sliding offset 1, 0. Add 2662 units, median count 241.5, 302497 units so far.
INFO:root:Sliding offset 1, 1. Add 2537 units, median count 240.0, 305034 units so far.
INFO:root:Left over size 487145 (21841, 21865).
INFO:root:Processing 120646 pixels (1487145 21841.17, 21915.871).
INFO:root:Sliding offset 0, 0. Add 2560 units, median count 245.0, 307594 units so far.
INFO:root:Sliding offset 0, 1. Add 2583 units, median count 250.0, 310177 units so far.
INFO:root:Sliding offset 1, 0. Add 2567 units, median count 244.0, 312744 units so far.
INFO:root:Sliding offset 1, 1. Add 2592 units, median count 251.0, 315336 units so far.
INFO:root:Left over size 475328 (21892, 21916).
INFO:root:Processing 114692 pixels (1475328 21891.872, 21962.341).
INFO:root:Sliding offset 0, 0. Add 2486 units, median count 256.0, 317822 units so far.
INFO:root:Sliding offset 0, 1. Add 2347 units, median count 253.0, 320169 units so far.
INFO:root:Sliding offset 1, 0. Add 2486 units, median count 254.0, 322655 units so far.
INFO:root:Sliding offset 1, 1. Add 2337 units, median count 255.0, 324992 units so far.
INFO:root:Left over size 532562 (21938, 21962).
INFO:root:Processing 121502 pixels (1532562 21938.342, 22012.74).
INFO:root:Sliding offset 0, 0. Add 2498 units, median count 253.0, 327490 units so far.
INFO:root:Sliding offset 0, 1. Add 2781 units, median count 258.0, 330271 units so far.
INFO:root:Sliding offset 1, 0. Add 2505 units, median count 254.0, 332776 units so far.
INFO:root:Sliding offset 1, 1. Add 2791 units, median count 257.0, 335567 units so far.
INFO:root:Left over size 444797 (21989, 22013).
INFO:root:Processing 125650 pixels (1444797 21988.742, 22065.566).
INFO:root:Sliding offset 0, 0. Add 2826 units, median count 245.0, 338393 units so far.
INFO:root:Sliding offset 0, 1. Add 2648 units, median count 245.0, 341041 units so far.
INFO:root:Sliding offset 1, 0. Add 2823 units, median count 243.0, 343864 units so far.
INFO:root:Sliding offset 1, 1. Add 2639 units, median count 245.0, 346503 units so far.
INFO:root:Left over size 480687 (22042, 22066).
INFO:root:Processing 119377 pixels (1480687 22041.567, 22114.397).
INFO:root:Sliding offset 0, 0. Add 2520 units, median count 256.0, 349023 units so far.
INFO:root:Sliding offset 0, 1. Add 2649 units, median count 259.0, 351672 units so far.
INFO:root:Sliding offset 1, 0. Add 2517 units, median count 257.0, 354189 units so far.
INFO:root:Sliding offset 1, 1. Add 2651 units, median count 256.0, 356840 units so far.
INFO:root:Left over size 507968 (22090, 22114).
INFO:root:Processing 121458 pixels (1507968 22090.398, 22164.492).
INFO:root:Sliding offset 0, 0. Add 2606 units, median count 251.0, 359446 units so far.
INFO:root:Sliding offset 0, 1. Add 2600 units, median count 249.0, 362046 units so far.
INFO:root:Sliding offset 1, 0. Add 2612 units, median count 251.5, 364658 units so far.
INFO:root:Sliding offset 1, 1. Add 2594 units, median count 247.0, 367252 units so far.
INFO:root:Left over size 471582 (22140, 22164).
INFO:root:Processing 123334 pixels (1471582 22140.493, 22215.942).
INFO:root:Sliding offset 0, 0. Add 2711 units, median count 255.0, 369963 units so far.
INFO:root:Sliding offset 0, 1. Add 2653 units, median count 258.0, 372616 units so far.
INFO:root:Sliding offset 1, 0. Add 2718 units, median count 254.0, 375334 units so far.
INFO:root:Sliding offset 1, 1. Add 2652 units, median count 256.0, 377986 units so far.
INFO:root:Left over size 466698 (22192, 22216).
INFO:root:Processing 117141 pixels (1466698 22191.943, 22263.621).
INFO:root:Sliding offset 0, 0. Add 2492 units, median count 264.0, 380478 units so far.
INFO:root:Sliding offset 0, 1. Add 2445 units, median count 271.0, 382923 units so far.
INFO:root:Sliding offset 1, 0. Add 2492 units, median count 267.0, 385415 units so far.
INFO:root:Sliding offset 1, 1. Add 2451 units, median count 270.0, 387866 units so far.
INFO:root:Left over size 492343 (22240, 22264).
INFO:root:Processing 115956 pixels (1492343 22239.622, 22310.313).
INFO:root:Sliding offset 0, 0. Add 2516 units, median count 260.0, 390382 units so far.
INFO:root:Sliding offset 0, 1. Add 2406 units, median count 262.0, 392788 units so far.
INFO:root:Sliding offset 1, 0. Add 2516 units, median count 260.0, 395304 units so far.
INFO:root:Sliding offset 1, 1. Add 2401 units, median count 261.0, 397705 units so far.
INFO:root:Left over size 529302 (22286, 22310).
INFO:root:Processing 109760 pixels (1529302 22286.314, 22352.982).
INFO:root:Sliding offset 0, 0. Add 2207 units, median count 284.0, 399912 units so far.
INFO:root:Sliding offset 0, 1. Add 2207 units, median count 291.0, 402119 units so far.
INFO:root:Sliding offset 1, 0. Add 2207 units, median count 283.0, 404326 units so far.
INFO:root:Sliding offset 1, 1. Add 2211 units, median count 292.0, 406537 units so far.
INFO:root:Left over size 569933 (22329, 22353).
INFO:root:Processing 107257 pixels (1569933 22328.983, 22394.013).
INFO:root:Sliding offset 0, 0. Add 2206 units, median count 299.0, 408743 units so far.
INFO:root:Sliding offset 0, 1. Add 2206 units, median count 302.0, 410949 units so far.
INFO:root:Sliding offset 1, 0. Add 2207 units, median count 295.0, 413156 units so far.
INFO:root:Sliding offset 1, 1. Add 2205 units, median count 304.0, 415361 units so far.
INFO:root:Left over size 572399 (22370, 22394).
INFO:root:Processing 106268 pixels (1572399 22370.014, 22434.528).
INFO:root:Sliding offset 0, 0. Add 1985 units, median count 307.0, 417346 units so far.
INFO:root:Sliding offset 0, 1. Add 2203 units, median count 305.0, 419549 units so far.
INFO:root:Sliding offset 1, 0. Add 1986 units, median count 306.0, 421535 units so far.
INFO:root:Sliding offset 1, 1. Add 2206 units, median count 306.0, 423741 units so far.
INFO:root:Left over size 622198 (22411, 22435).
INFO:root:Processing 111760 pixels (1622198 22410.529, 22478.492).
INFO:root:Sliding offset 0, 0. Add 2406 units, median count 306.0, 426147 units so far.
INFO:root:Sliding offset 0, 1. Add 2190 units, median count 304.0, 428337 units so far.
INFO:root:Sliding offset 1, 0. Add 2404 units, median count 301.5, 430741 units so far.
INFO:root:Sliding offset 1, 1. Add 2191 units, median count 302.0, 432932 units so far.
INFO:root:Left over size 540605 (22454, 22478).
INFO:root:Processing 106078 pixels (1540605 22454.493, 22519.157).
INFO:root:Sliding offset 0, 0. Add 2070 units, median count 301.0, 435002 units so far.
INFO:root:Sliding offset 0, 1. Add 2187 units, median count 306.0, 437189 units so far.
INFO:root:Sliding offset 1, 0. Add 2065 units, median count 305.0, 439254 units so far.
INFO:root:Sliding offset 1, 1. Add 2188 units, median count 304.0, 441442 units so far.
INFO:root:Left over size 585650 (22495, 22519).
INFO:root:Processing 106022 pixels (1585650 22495.158, 22559.708).
INFO:root:Sliding offset 0, 0. Add 2002 units, median count 325.0, 443444 units so far.
INFO:root:Sliding offset 0, 1. Add 2198 units, median count 322.0, 445642 units so far.
INFO:root:Sliding offset 1, 0. Add 2009 units, median count 325.0, 447651 units so far.
INFO:root:Sliding offset 1, 1. Add 2199 units, median count 318.0, 449850 units so far.
INFO:root:Left over size 583800 (22536, 22560).
INFO:root:Processing 104879 pixels (1583800 22535.71, 22599.693).
INFO:root:Sliding offset 0, 0. Add 2190 units, median count 309.0, 452040 units so far.
INFO:root:Sliding offset 0, 1. Add 1997 units, median count 308.0, 454037 units so far.
INFO:root:Sliding offset 1, 0. Add 2191 units, median count 307.0, 456228 units so far.
INFO:root:Sliding offset 1, 1. Add 2002 units, median count 309.0, 458230 units so far.
INFO:root:Left over size 581289 (22576, 22600).
INFO:root:Processing 109289 pixels (1581289 22575.694, 22642.534).
INFO:root:Sliding offset 0, 0. Add 2191 units, median count 297.0, 460421 units so far.
INFO:root:Sliding offset 0, 1. Add 2318 units, median count 303.0, 462739 units so far.
INFO:root:Sliding offset 1, 0. Add 2186 units, median count 297.0, 464925 units so far.
INFO:root:Sliding offset 1, 1. Add 2312 units, median count 300.0, 467237 units so far.
INFO:root:Left over size 555032 (22619, 22643).
INFO:root:Processing 104475 pixels (1555032 22618.535, 22682.377).
INFO:root:Sliding offset 0, 0. Add 2194 units, median count 298.0, 469431 units so far.
INFO:root:Sliding offset 0, 1. Add 1948 units, median count 296.0, 471379 units so far.
INFO:root:Sliding offset 1, 0. Add 2197 units, median count 296.0, 473576 units so far.
INFO:root:Sliding offset 1, 1. Add 1948 units, median count 293.0, 475524 units so far.
INFO:root:Left over size 618674 (22658, 22682).
INFO:root:Processing 105229 pixels (1618674 22658.378, 22722.72).
INFO:root:Sliding offset 0, 0. Add 1990 units, median count 312.5, 477514 units so far.
INFO:root:Sliding offset 0, 1. Add 2181 units, median count 305.0, 479695 units so far.
INFO:root:Sliding offset 1, 0. Add 1991 units, median count 308.0, 481686 units so far.
INFO:root:Sliding offset 1, 1. Add 2182 units, median count 305.5, 483868 units so far.
INFO:root:Left over size 595927 (22699, 22723).
INFO:root:Processing 108472 pixels (1595927 22698.721, 22765.321).
INFO:root:Sliding offset 0, 0. Add 2271 units, median count 297.5, 486139 units so far.
INFO:root:Sliding offset 0, 1. Add 2172 units, median count 290.0, 488311 units so far.
INFO:root:Sliding offset 1, 0. Add 2274 units, median count 298.0, 490585 units so far.
INFO:root:Sliding offset 1, 1. Add 2176 units, median count 291.0, 492761 units so far.
INFO:root:Left over size 567822 (22741, 22765).
INFO:root:Processing 110243 pixels (1567822 22741.322, 22809.134).
INFO:root:Sliding offset 0, 0. Add 2274 units, median count 286.0, 495035 units so far.
INFO:root:Sliding offset 0, 1. Add 2214 units, median count 288.0, 497249 units so far.
INFO:root:Sliding offset 1, 0. Add 2269 units, median count 284.0, 499518 units so far.
INFO:root:Sliding offset 1, 1. Add 2206 units, median count 290.0, 501724 units so far.
INFO:root:Left over size 572012 (22785, 22809).
INFO:root:Processing 110133 pixels (1572012 22785.135, 22852.877).
INFO:root:Sliding offset 0, 0. Add 2175 units, median count 286.0, 503899 units so far.
INFO:root:Sliding offset 0, 1. Add 2446 units, median count 294.0, 506345 units so far.
INFO:root:Sliding offset 1, 0. Add 2176 units, median count 287.0, 508521 units so far.
INFO:root:Sliding offset 1, 1. Add 2449 units, median count 291.0, 510970 units so far.
INFO:root:Left over size 515664 (22829, 22853).
INFO:root:Processing 106727 pixels (1515664 22828.879, 22894.769).
INFO:root:Sliding offset 0, 0. Add 2161 units, median count 288.0, 513131 units so far.
INFO:root:Sliding offset 0, 1. Add 2146 units, median count 288.0, 515277 units so far.
INFO:root:Sliding offset 1, 0. Add 2161 units, median count 293.0, 517438 units so far.
INFO:root:Sliding offset 1, 1. Add 2143 units, median count 286.0, 519581 units so far.
INFO:root:Left over size 603472 (22871, 22895).
INFO:root:Processing 105193 pixels (1603472 22870.77, 22935.965).
INFO:root:Sliding offset 0, 0. Add 2162 units, median count 285.0, 521743 units so far.
INFO:root:Sliding offset 0, 1. Add 2039 units, median count 286.0, 523782 units so far.
INFO:root:Sliding offset 1, 0. Add 2166 units, median count 283.0, 525948 units so far.
INFO:root:Sliding offset 1, 1. Add 2044 units, median count 286.0, 527992 units so far.
INFO:root:Left over size 576959 (22912, 22936).
INFO:root:Processing 104667 pixels (1576959 22911.966, 22976.754).
INFO:root:Sliding offset 0, 0. Add 2166 units, median count 285.0, 530158 units so far.
INFO:root:Sliding offset 0, 1. Add 2003 units, median count 293.0, 532161 units so far.
INFO:root:Sliding offset 1, 0. Add 2163 units, median count 287.5, 534324 units so far.
INFO:root:Sliding offset 1, 1. Add 2001 units, median count 293.0, 536325 units so far.
INFO:root:Left over size 570879 (22953, 22977).
INFO:root:Processing 106580 pixels (1570879 22952.755, 23018.633).
INFO:root:Sliding offset 0, 0. Add 2166 units, median count 289.0, 538491 units so far.
INFO:root:Sliding offset 0, 1. Add 2164 units, median count 297.0, 540655 units so far.
INFO:root:Sliding offset 1, 0. Add 2166 units, median count 292.0, 542821 units so far.
INFO:root:Sliding offset 1, 1. Add 2164 units, median count 296.0, 544985 units so far.
INFO:root:Left over size 568707 (22995, 23019).
INFO:root:Processing 108090 pixels (1568707 22994.634, 23061.294).
INFO:root:Sliding offset 0, 0. Add 2172 units, median count 275.0, 547157 units so far.
INFO:root:Sliding offset 0, 1. Add 2226 units, median count 285.0, 549383 units so far.
INFO:root:Sliding offset 1, 0. Add 2173 units, median count 278.0, 551556 units so far.
INFO:root:Sliding offset 1, 1. Add 2226 units, median count 284.0, 553782 units so far.
INFO:root:Left over size 567209 (23037, 23061).
INFO:root:Processing 105225 pixels (1567209 23037.295, 23102.082).
INFO:root:Sliding offset 0, 0. Add 2170 units, median count 280.0, 555952 units so far.
INFO:root:Sliding offset 0, 1. Add 2118 units, median count 283.0, 558070 units so far.
INFO:root:Sliding offset 1, 0. Add 2176 units, median count 281.0, 560246 units so far.
INFO:root:Sliding offset 1, 1. Add 2120 units, median count 283.0, 562366 units so far.
INFO:root:Left over size 592156 (23078, 23102).
INFO:root:Processing 108341 pixels (1592156 23078.083, 23144.855).
INFO:root:Sliding offset 0, 0. Add 2176 units, median count 273.0, 564542 units so far.
INFO:root:Sliding offset 0, 1. Add 2175 units, median count 283.0, 566717 units so far.
INFO:root:Sliding offset 1, 0. Add 2173 units, median count 274.0, 568890 units so far.
INFO:root:Sliding offset 1, 1. Add 2172 units, median count 282.0, 571062 units so far.
INFO:root:Left over size 568290 (23121, 23145).
INFO:root:Processing 104923 pixels (1568290 23120.856, 23185.568).
INFO:root:Sliding offset 0, 0. Add 2121 units, median count 275.0, 573183 units so far.
INFO:root:Sliding offset 0, 1. Add 2172 units, median count 280.0, 575355 units so far.
INFO:root:Sliding offset 1, 0. Add 2119 units, median count 276.0, 577474 units so far.
INFO:root:Sliding offset 1, 1. Add 2170 units, median count 282.0, 579644 units so far.
INFO:root:Left over size 608597 (23162, 23186).
INFO:root:Processing 106788 pixels (1608597 23161.569, 23227.541).
INFO:root:Sliding offset 0, 0. Add 2163 units, median count 274.0, 581807 units so far.
INFO:root:Sliding offset 0, 1. Add 2175 units, median count 275.5, 583982 units so far.
INFO:root:Sliding offset 1, 0. Add 2167 units, median count 272.0, 586149 units so far.
INFO:root:Sliding offset 1, 1. Add 2175 units, median count 274.0, 588324 units so far.
INFO:root:Left over size 562789 (23204, 23228).
INFO:root:Processing 110050 pixels (1562789 23203.542, 23271.478).
INFO:root:Sliding offset 0, 0. Add 2242 units, median count 280.0, 590566 units so far.
INFO:root:Sliding offset 0, 1. Add 2262 units, median count 289.0, 592828 units so far.
INFO:root:Sliding offset 1, 0. Add 2237 units, median count 282.0, 595065 units so far.
INFO:root:Sliding offset 1, 1. Add 2258 units, median count 289.0, 597323 units so far.
INFO:root:Left over size 549873 (23247, 23271).
INFO:root:Processing 106141 pixels (1549873 23247.479, 23312.981).
INFO:root:Sliding offset 0, 0. Add 2177 units, median count 285.0, 599500 units so far.
INFO:root:Sliding offset 0, 1. Add 2089 units, median count 290.0, 601589 units so far.
INFO:root:Sliding offset 1, 0. Add 2173 units, median count 285.0, 603762 units so far.
INFO:root:Sliding offset 1, 1. Add 2095 units, median count 292.0, 605857 units so far.
INFO:root:Left over size 565923 (23289, 23313).
INFO:root:Processing 113929 pixels (1565923 23288.982, 23359.254).
INFO:root:Sliding offset 0, 0. Add 2392 units, median count 279.0, 608249 units so far.
INFO:root:Sliding offset 0, 1. Add 2496 units, median count 278.0, 610745 units so far.
INFO:root:Sliding offset 1, 0. Add 2392 units, median count 281.0, 613137 units so far.
INFO:root:Sliding offset 1, 1. Add 2496 units, median count 278.0, 615633 units so far.
INFO:root:Left over size 511096 (23335, 23359).
INFO:root:Processing 111252 pixels (1511096 23335.255, 23403.763).
INFO:root:Sliding offset 0, 0. Add 2292 units, median count 266.0, 617925 units so far.
INFO:root:Sliding offset 0, 1. Add 2321 units, median count 265.0, 620246 units so far.
INFO:root:Sliding offset 1, 0. Add 2292 units, median count 258.0, 622538 units so far.
INFO:root:Sliding offset 1, 1. Add 2314 units, median count 265.0, 624852 units so far.
INFO:root:Left over size 525542 (23380, 23404).
INFO:root:Processing 118627 pixels (1525542 23379.764, 23453.03).
INFO:root:Sliding offset 0, 0. Add 2486 units, median count 248.0, 627338 units so far.
INFO:root:Sliding offset 0, 1. Add 2661 units, median count 247.0, 629999 units so far.
INFO:root:Sliding offset 1, 0. Add 2485 units, median count 250.0, 632484 units so far.
INFO:root:Sliding offset 1, 1. Add 2668 units, median count 249.0, 635152 units so far.
INFO:root:Left over size 483852 (23429, 23453).
INFO:root:Processing 113929 pixels (1483852 23429.031, 23499.65).
INFO:root:Sliding offset 0, 0. Add 2479 units, median count 251.0, 637631 units so far.
INFO:root:Sliding offset 0, 1. Add 2286 units, median count 251.0, 639917 units so far.
INFO:root:Sliding offset 1, 0. Add 2481 units, median count 251.0, 642398 units so far.
INFO:root:Sliding offset 1, 1. Add 2283 units, median count 250.0, 644681 units so far.
INFO:root:Left over size 536989 (23476, 23500).
INFO:root:Processing 113413 pixels (1536989 23475.651, 23545.846).
INFO:root:Sliding offset 0, 0. Add 2483 units, median count 259.0, 647164 units so far.
INFO:root:Sliding offset 0, 1. Add 2375 units, median count 259.0, 649539 units so far.
INFO:root:Sliding offset 1, 0. Add 2480 units, median count 260.0, 652019 units so far.
INFO:root:Sliding offset 1, 1. Add 2381 units, median count 258.5, 654400 units so far.
INFO:root:Left over size 530681 (23522, 23546).
INFO:root:Processing 118177 pixels (1530681 23521.847, 23595.093).
INFO:root:Sliding offset 0, 0. Add 2488 units, median count 255.0, 656888 units so far.
INFO:root:Sliding offset 0, 1. Add 2503 units, median count 259.0, 659391 units so far.
INFO:root:Sliding offset 1, 0. Add 2487 units, median count 255.0, 661878 units so far.
INFO:root:Sliding offset 1, 1. Add 2502 units, median count 259.0, 664380 units so far.
INFO:root:Left over size 502783 (23571, 23595).
INFO:root:Processing 115931 pixels (1502783 23571.094, 23642.875).
INFO:root:Sliding offset 0, 0. Add 2482 units, median count 241.0, 666862 units so far.
INFO:root:Sliding offset 0, 1. Add 2454 units, median count 242.0, 669316 units so far.
INFO:root:Sliding offset 1, 0. Add 2480 units, median count 241.0, 671796 units so far.
INFO:root:Sliding offset 1, 1. Add 2454 units, median count 242.0, 674250 units so far.
INFO:root:Left over size 490747 (23619, 23643).
INFO:root:Processing 115228 pixels (1490747 23618.876, 23689.613).
INFO:root:Sliding offset 0, 0. Add 2469 units, median count 254.0, 676719 units so far.
INFO:root:Sliding offset 0, 1. Add 2512 units, median count 256.0, 679231 units so far.
INFO:root:Sliding offset 1, 0. Add 2467 units, median count 252.0, 681698 units so far.
INFO:root:Sliding offset 1, 1. Add 2510 units, median count 252.0, 684208 units so far.
INFO:root:Left over size 529001 (23666, 23690).
INFO:root:Processing 110222 pixels (1529001 23665.614, 23732.87).
INFO:root:Sliding offset 0, 0. Add 2254 units, median count 257.0, 686462 units so far.
INFO:root:Sliding offset 0, 1. Add 2204 units, median count 263.0, 688666 units so far.
INFO:root:Sliding offset 1, 0. Add 2257 units, median count 255.5, 690923 units so far.
INFO:root:Sliding offset 1, 1. Add 2207 units, median count 261.0, 693130 units so far.
INFO:root:Left over size 560813 (23709, 23733).
INFO:root:Processing 118930 pixels (1560813 23708.871, 23781.402).
INFO:root:Sliding offset 0, 0. Add 2531 units, median count 239.0, 695661 units so far.
INFO:root:Sliding offset 0, 1. Add 2604 units, median count 243.0, 698265 units so far.
INFO:root:Sliding offset 1, 0. Add 2534 units, median count 238.0, 700799 units so far.
INFO:root:Sliding offset 1, 1. Add 2610 units, median count 242.0, 703409 units so far.
INFO:root:Left over size 494090 (23757, 23781).
INFO:root:Processing 118049 pixels (1494090 23757.403, 23829.566).
INFO:root:Sliding offset 0, 0. Add 2518 units, median count 244.0, 705927 units so far.
INFO:root:Sliding offset 0, 1. Add 2543 units, median count 245.0, 708470 units so far.
INFO:root:Sliding offset 1, 0. Add 2518 units, median count 242.0, 710988 units so far.
INFO:root:Sliding offset 1, 1. Add 2540 units, median count 246.0, 713528 units so far.
INFO:root:Left over size 504157 (23806, 23830).
INFO:root:Processing 115501 pixels (1504157 23805.567, 23876.315).
INFO:root:Sliding offset 0, 0. Add 2510 units, median count 260.0, 716038 units so far.
INFO:root:Sliding offset 0, 1. Add 2416 units, median count 260.0, 718454 units so far.
INFO:root:Sliding offset 1, 0. Add 2511 units, median count 258.0, 720965 units so far.
INFO:root:Sliding offset 1, 1. Add 2409 units, median count 261.0, 723374 units so far.
INFO:root:Left over size 529524 (23852, 23876).
INFO:root:Processing 104756 pixels (1529524 23852.317, 23916.36).
INFO:root:Sliding offset 0, 0. Add 1947 units, median count 268.0, 725321 units so far.
INFO:root:Sliding offset 0, 1. Add 2194 units, median count 269.0, 727515 units so far.
INFO:root:Sliding offset 1, 0. Add 1947 units, median count 270.0, 729462 units so far.
INFO:root:Sliding offset 1, 1. Add 2192 units, median count 269.0, 731654 units so far.
INFO:root:Left over size 615346 (23892, 23916).
INFO:root:Processing 102655 pixels (1615346 23892.362, 23955.2).
INFO:root:Sliding offset 0, 0. Add 2124 units, median count 271.0, 733778 units so far.
INFO:root:Sliding offset 0, 1. Add 1924 units, median count 274.0, 735702 units so far.
INFO:root:Sliding offset 1, 0. Add 2124 units, median count 272.0, 737826 units so far.
INFO:root:Sliding offset 1, 1. Add 1918 units, median count 276.0, 739744 units so far.
INFO:root:Left over size 607958 (23931, 23955).
INFO:root:Processing 110400 pixels (1607958 23931.202, 23998.885).
INFO:root:Sliding offset 0, 0. Add 2195 units, median count 258.0, 741939 units so far.
INFO:root:Sliding offset 0, 1. Add 2455 units, median count 263.0, 744394 units so far.
INFO:root:Sliding offset 1, 0. Add 2191 units, median count 260.0, 746585 units so far.
INFO:root:Sliding offset 1, 1. Add 2458 units, median count 265.0, 749043 units so far.
INFO:root:Left over size 546479 (23975, 23999).
INFO:root:Processing 112485 pixels (1546479 23974.887, 24043.524).
INFO:root:Sliding offset 0, 0. Add 2467 units, median count 250.0, 751510 units so far.
INFO:root:Sliding offset 0, 1. Add 2224 units, median count 247.0, 753734 units so far.
INFO:root:Sliding offset 1, 0. Add 2471 units, median count 250.0, 756205 units so far.
INFO:root:Sliding offset 1, 1. Add 2228 units, median count 245.0, 758433 units so far.
INFO:root:Left over size 542227 (24020, 24044).
INFO:root:Processing 111785 pixels (1542227 24019.526, 24087.668).
INFO:root:Sliding offset 0, 0. Add 2265 units, median count 259.0, 760698 units so far.
INFO:root:Sliding offset 0, 1. Add 2324 units, median count 260.0, 763022 units so far.
INFO:root:Sliding offset 1, 0. Add 2267 units, median count 257.0, 765289 units so far.
INFO:root:Sliding offset 1, 1. Add 2333 units, median count 262.0, 767622 units so far.
INFO:root:Left over size 560765 (24064, 24088).
INFO:root:Processing 115642 pixels (1560765 24063.669, 24134.135).
INFO:root:Sliding offset 0, 0. Add 2535 units, median count 255.0, 770157 units so far.
INFO:root:Sliding offset 0, 1. Add 2423 units, median count 258.0, 772580 units so far.
INFO:root:Sliding offset 1, 0. Add 2537 units, median count 255.0, 775117 units so far.
INFO:root:Sliding offset 1, 1. Add 2418 units, median count 258.0, 777535 units so far.
INFO:root:Left over size 535115 (24110, 24134).
INFO:root:Processing 104662 pixels (1535115 24110.136, 24173.933).
INFO:root:Sliding offset 0, 0. Add 1900 units, median count 279.0, 779435 units so far.
INFO:root:Sliding offset 0, 1. Add 2212 units, median count 275.0, 781647 units so far.
INFO:root:Sliding offset 1, 0. Add 1898 units, median count 275.0, 783545 units so far.
INFO:root:Sliding offset 1, 1. Add 2215 units, median count 275.0, 785760 units so far.
INFO:root:Left over size 599114 (24150, 24174).
INFO:root:Processing 106088 pixels (1599114 24149.934, 24214.648).
INFO:root:Sliding offset 0, 0. Add 2210 units, median count 293.0, 787970 units so far.
INFO:root:Sliding offset 0, 1. Add 2165 units, median count 282.0, 790135 units so far.
INFO:root:Sliding offset 1, 0. Add 2212 units, median count 288.0, 792347 units so far.
INFO:root:Sliding offset 1, 1. Add 2169 units, median count 284.0, 794516 units so far.
INFO:root:Left over size 587761 (24191, 24215).
INFO:root:Processing 109694 pixels (1587761 24190.649, 24257.583).
INFO:root:Sliding offset 0, 0. Add 2208 units, median count 272.0, 796724 units so far.
INFO:root:Sliding offset 0, 1. Add 2257 units, median count 264.5, 798981 units so far.
INFO:root:Sliding offset 1, 0. Add 2208 units, median count 276.0, 801189 units so far.
INFO:root:Sliding offset 1, 1. Add 2252 units, median count 268.0, 803441 units so far.
INFO:root:Left over size 552515 (24234, 24258).
INFO:root:Processing 108473 pixels (1552515 24233.584, 24299.622).
INFO:root:Sliding offset 0, 0. Add 2228 units, median count 270.0, 805669 units so far.
INFO:root:Sliding offset 0, 1. Add 2224 units, median count 260.5, 807893 units so far.
INFO:root:Sliding offset 1, 0. Add 2228 units, median count 267.0, 810121 units so far.
INFO:root:Sliding offset 1, 1. Add 2228 units, median count 262.0, 812349 units so far.
INFO:root:Left over size 560678 (24276, 24300).
INFO:root:Processing 111845 pixels (1560678 24275.623, 24343.749).
INFO:root:Sliding offset 0, 0. Add 2514 units, median count 259.0, 814863 units so far.
INFO:root:Sliding offset 0, 1. Add 2240 units, median count 254.0, 817103 units so far.
INFO:root:Sliding offset 1, 0. Add 2513 units, median count 259.0, 819616 units so far.
INFO:root:Sliding offset 1, 1. Add 2244 units, median count 254.0, 821860 units so far.
INFO:root:Left over size 547222 (24320, 24344).
INFO:root:Processing 112675 pixels (1547222 24319.75, 24388.467).
INFO:root:Sliding offset 0, 0. Add 2264 units, median count 250.0, 824124 units so far.
INFO:root:Sliding offset 0, 1. Add 2465 units, median count 253.0, 826589 units so far.
INFO:root:Sliding offset 1, 0. Add 2260 units, median count 249.0, 828849 units so far.
INFO:root:Sliding offset 1, 1. Add 2470 units, median count 253.0, 831319 units so far.
INFO:root:Left over size 539201 (24364, 24388).
INFO:root:Processing 104642 pixels (1539201 24364.468, 24428.339).
INFO:root:Sliding offset 0, 0. Add 2224 units, median count 257.0, 833543 units so far.
INFO:root:Sliding offset 0, 1. Add 1996 units, median count 264.0, 835539 units so far.
INFO:root:Sliding offset 1, 0. Add 2225 units, median count 261.0, 837764 units so far.
INFO:root:Sliding offset 1, 1. Add 1991 units, median count 266.0, 839755 units so far.
INFO:root:Left over size 610217 (24404, 24428).
INFO:root:Processing 104363 pixels (1610217 24404.34, 24468.211).
INFO:root:Sliding offset 0, 0. Add 1960 units, median count 270.5, 841715 units so far.
INFO:root:Sliding offset 0, 1. Add 2208 units, median count 271.0, 843923 units so far.
INFO:root:Sliding offset 1, 0. Add 1945 units, median count 272.0, 845868 units so far.
INFO:root:Sliding offset 1, 1. Add 2213 units, median count 272.0, 848081 units so far.
INFO:root:Left over size 611019 (24444, 24468).
INFO:root:Processing 110589 pixels (1611019 24444.213, 24511.993).
INFO:root:Sliding offset 0, 0. Add 2479 units, median count 251.0, 850560 units so far.
INFO:root:Sliding offset 0, 1. Add 2230 units, median count 249.0, 852790 units so far.
INFO:root:Sliding offset 1, 0. Add 2493 units, median count 253.0, 855283 units so far.
INFO:root:Sliding offset 1, 1. Add 2226 units, median count 252.0, 857509 units so far.
INFO:root:Left over size 521378 (24488, 24512).
INFO:root:Processing 117284 pixels (1521378 24487.994, 24559.781).
INFO:root:Sliding offset 0, 0. Add 2537 units, median count 232.0, 860046 units so far.
INFO:root:Sliding offset 0, 1. Add 2559 units, median count 238.0, 862605 units so far.
INFO:root:Sliding offset 1, 0. Add 2548 units, median count 232.0, 865153 units so far.
INFO:root:Sliding offset 1, 1. Add 2561 units, median count 239.0, 867714 units so far.
INFO:root:Left over size 510385 (24536, 24560).
INFO:root:Processing 114057 pixels (1510385 24535.782, 24605.365).
INFO:root:Sliding offset 0, 0. Add 2274 units, median count 238.0, 869988 units so far.
INFO:root:Sliding offset 0, 1. Add 2555 units, median count 240.0, 872543 units so far.
INFO:root:Sliding offset 1, 0. Add 2269 units, median count 240.0, 874812 units so far.
INFO:root:Sliding offset 1, 1. Add 2557 units, median count 240.0, 877369 units so far.
INFO:root:Left over size 553144 (24581, 24605).
INFO:root:Processing 119989 pixels (1553144 24581.366, 24654.942).
INFO:root:Sliding offset 0, 0. Add 2658 units, median count 229.0, 880027 units so far.
INFO:root:Sliding offset 0, 1. Add 2502 units, median count 227.0, 882529 units so far.
INFO:root:Sliding offset 1, 0. Add 2656 units, median count 232.5, 885185 units so far.
INFO:root:Sliding offset 1, 1. Add 2503 units, median count 228.0, 887688 units so far.
INFO:root:Left over size 463076 (24631, 24655).
INFO:root:Processing 124528 pixels (1463076 24630.943, 24707.591).
INFO:root:Sliding offset 0, 0. Add 2670 units, median count 215.0, 890358 units so far.
INFO:root:Sliding offset 0, 1. Add 2818 units, median count 212.0, 893176 units so far.
INFO:root:Sliding offset 1, 0. Add 2682 units, median count 212.5, 895858 units so far.
INFO:root:Sliding offset 1, 1. Add 2830 units, median count 213.0, 898688 units so far.
INFO:root:Left over size 479029 (24684, 24708).
INFO:root:Processing 118908 pixels (1479029 24683.592, 24756.613).
INFO:root:Sliding offset 0, 0. Add 2614 units, median count 226.0, 901302 units so far.
INFO:root:Sliding offset 0, 1. Add 2520 units, median count 220.0, 903822 units so far.
INFO:root:Sliding offset 1, 0. Add 2615 units, median count 226.0, 906437 units so far.
INFO:root:Sliding offset 1, 1. Add 2514 units, median count 222.0, 908951 units so far.
INFO:root:Left over size 485232 (24733, 24757).
INFO:root:Processing 123228 pixels (1485232 24732.614, 24808.43).
INFO:root:Sliding offset 0, 0. Add 2732 units, median count 225.0, 911683 units so far.
INFO:root:Sliding offset 0, 1. Add 2757 units, median count 222.5, 914440 units so far.
INFO:root:Sliding offset 1, 0. Add 2736 units, median count 221.0, 917176 units so far.
INFO:root:Sliding offset 1, 1. Add 2755 units, median count 223.0, 919931 units so far.
INFO:root:Left over size 463950 (24784, 24808).
INFO:root:Processing 121199 pixels (1463950 24784.431, 24858.715).
INFO:root:Sliding offset 0, 0. Add 2675 units, median count 217.0, 922606 units so far.
INFO:root:Sliding offset 0, 1. Add 2633 units, median count 216.0, 925239 units so far.
INFO:root:Sliding offset 1, 0. Add 2666 units, median count 216.0, 927905 units so far.
INFO:root:Sliding offset 1, 1. Add 2630 units, median count 214.0, 930535 units so far.
INFO:root:Left over size 474845 (24835, 24859).
INFO:root:Processing 128351 pixels (1474845 24834.716, 24913.625).
INFO:root:Sliding offset 0, 0. Add 2985 units, median count 200.0, 933520 units so far.
INFO:root:Sliding offset 0, 1. Add 2848 units, median count 195.0, 936368 units so far.
INFO:root:Sliding offset 1, 0. Add 2990 units, median count 196.0, 939358 units so far.
INFO:root:Sliding offset 1, 1. Add 2847 units, median count 195.0, 942205 units so far.
INFO:root:Left over size 443215 (24890, 24914).
INFO:root:Processing 136301 pixels (1443215 24889.627, 24974.117).
INFO:root:Sliding offset 0, 0. Add 3198 units, median count 175.0, 945403 units so far.
INFO:root:Sliding offset 0, 1. Add 3160 units, median count 177.0, 948563 units so far.
INFO:root:Sliding offset 1, 0. Add 3200 units, median count 176.0, 951763 units so far.
INFO:root:Sliding offset 1, 1. Add 3159 units, median count 175.0, 954922 units so far.
INFO:root:Left over size 355960 (24950, 24974).
INFO:root:Processing 138057 pixels (1355960 24950.118, 25035.979).
INFO:root:Sliding offset 0, 0. Add 3159 units, median count 165.0, 958081 units so far.
INFO:root:Sliding offset 0, 1. Add 3300 units, median count 167.0, 961381 units so far.
INFO:root:Sliding offset 1, 0. Add 3160 units, median count 167.0, 964541 units so far.
INFO:root:Sliding offset 1, 1. Add 3313 units, median count 164.0, 967854 units so far.
INFO:root:Left over size 419012 (25012, 25036).
INFO:root:Processing 151303 pixels (1419012 25011.982, 25105.899).
INFO:root:Sliding offset 0, 0. Add 3786 units, median count 163.0, 971640 units so far.
INFO:root:Sliding offset 0, 1. Add 3627 units, median count 163.0, 975267 units so far.
INFO:root:Sliding offset 1, 0. Add 3776 units, median count 161.0, 979043 units so far.
INFO:root:Sliding offset 1, 1. Add 3632 units, median count 163.0, 982675 units so far.
INFO:root:Left over size 360616 (25082, 25106).
INFO:root:Processing 133783 pixels (1360616 25081.903, 25164.731).
INFO:root:Sliding offset 0, 0. Add 3008 units, median count 160.0, 985683 units so far.
INFO:root:Sliding offset 0, 1. Add 3184 units, median count 160.0, 988867 units so far.
INFO:root:Sliding offset 1, 0. Add 3015 units, median count 161.5, 991882 units so far.
INFO:root:Sliding offset 1, 1. Add 3188 units, median count 160.0, 995070 units so far.
INFO:root:Left over size 422754 (25141, 25165).
INFO:root:Processing 154063 pixels (1422754 25140.735, 25237.023).
INFO:root:Sliding offset 0, 0. Add 3794 units, median count 149.0, 998864 units so far.
INFO:root:Sliding offset 0, 1. Add 3773 units, median count 148.0, 1002637 units so far.
INFO:root:Sliding offset 1, 0. Add 3809 units, median count 147.0, 1006446 units so far.
INFO:root:Sliding offset 1, 1. Add 3765 units, median count 148.0, 1010211 units so far.
INFO:root:Left over size 322753 (25213, 25237).
INFO:root:Processing 155459 pixels (1322753 25213.025, 25310.44).
INFO:root:Sliding offset 0, 0. Add 3929 units, median count 147.0, 1014140 units so far.
INFO:root:Sliding offset 0, 1. Add 3780 units, median count 147.0, 1017920 units so far.
INFO:root:Sliding offset 1, 0. Add 3918 units, median count 147.0, 1021838 units so far.
INFO:root:Sliding offset 1, 1. Add 3786 units, median count 148.0, 1025624 units so far.
INFO:root:Left over size 344085 (25286, 25310).
INFO:root:Processing 161478 pixels (1344085 25286.441, 25387.628).
INFO:root:Sliding offset 0, 0. Add 4023 units, median count 146.0, 1029647 units so far.
INFO:root:Sliding offset 0, 1. Add 4070 units, median count 147.0, 1033717 units so far.
INFO:root:Sliding offset 1, 0. Add 4017 units, median count 146.0, 1037734 units so far.
INFO:root:Sliding offset 1, 1. Add 4081 units, median count 147.0, 1041815 units so far.
INFO:root:Left over size 303955 (25364, 25388).
INFO:root:Processing 172590 pixels (1303955 25363.629, 25472.507).
INFO:root:Sliding offset 0, 0. Add 4402 units, median count 140.0, 1046217 units so far.
INFO:root:Sliding offset 0, 1. Add 4364 units, median count 139.0, 1050581 units so far.
INFO:root:Sliding offset 1, 0. Add 4410 units, median count 140.0, 1054991 units so far.
INFO:root:Sliding offset 1, 1. Add 4367 units, median count 139.0, 1059358 units so far.
INFO:root:Left over size 253352 (25449, 25473).
INFO:root:Processing 170389 pixels (1253352 25448.508, 25556.47).
INFO:root:Sliding offset 0, 0. Add 4289 units, median count 136.0, 1063647 units so far.
INFO:root:Sliding offset 0, 1. Add 4279 units, median count 136.0, 1067926 units so far.
INFO:root:Sliding offset 1, 0. Add 4293 units, median count 136.0, 1072219 units so far.
INFO:root:Sliding offset 1, 1. Add 4283 units, median count 135.0, 1076502 units so far.
INFO:root:Left over size 297554 (25532, 25556).
INFO:root:Processing 178213 pixels (1297554 25532.471, 25645.281).
INFO:root:Sliding offset 0, 0. Add 4568 units, median count 134.0, 1081070 units so far.
INFO:root:Sliding offset 0, 1. Add 4643 units, median count 133.0, 1085713 units so far.
INFO:root:Sliding offset 1, 0. Add 4547 units, median count 134.0, 1090260 units so far.
INFO:root:Sliding offset 1, 1. Add 4650 units, median count 133.0, 1094910 units so far.
INFO:root:Left over size 305120 (25621, 25645).
INFO:root:Processing 160202 pixels (1305120 25621.282, 25722.842).
INFO:root:Sliding offset 0, 0. Add 3935 units, median count 136.0, 1098845 units so far.
INFO:root:Sliding offset 0, 1. Add 4002 units, median count 136.0, 1102847 units so far.
INFO:root:Sliding offset 1, 0. Add 3920 units, median count 137.0, 1106767 units so far.
INFO:root:Sliding offset 1, 1. Add 4001 units, median count 136.0, 1110768 units so far.
INFO:root:Left over size 325931 (25699, 25723).
INFO:root:Processing 178418 pixels (1325931 25698.843, 25814.279).
INFO:root:Sliding offset 0, 0. Add 4568 units, median count 129.0, 1115336 units so far.
INFO:root:Sliding offset 0, 1. Add 4425 units, median count 128.0, 1119761 units so far.
INFO:root:Sliding offset 1, 0. Add 4564 units, median count 127.5, 1124325 units so far.
INFO:root:Sliding offset 1, 1. Add 4420 units, median count 128.0, 1128745 units so far.
INFO:root:Left over size 233075 (25790, 25814).
INFO:root:Processing 201111 pixels (1233075 25790.28, 25923.64).
INFO:root:Sliding offset 0, 0. Add 5119 units, median count 116.0, 1133864 units so far.
INFO:root:Sliding offset 0, 1. Add 5197 units, median count 116.0, 1139061 units so far.
INFO:root:Sliding offset 1, 0. Add 5138 units, median count 116.0, 1144199 units so far.
INFO:root:Sliding offset 1, 1. Add 5187 units, median count 117.0, 1149386 units so far.
INFO:root:Left over size 231651 (25900, 25924).
INFO:root:Processing 217010 pixels (1231651 25899.641, 26044.021).
INFO:root:Sliding offset 0, 0. Add 5678 units, median count 110.0, 1155064 units so far.
INFO:root:Sliding offset 0, 1. Add 5723 units, median count 111.0, 1160787 units so far.
INFO:root:Sliding offset 1, 0. Add 5686 units, median count 111.0, 1166473 units so far.
INFO:root:Sliding offset 1, 1. Add 5736 units, median count 110.0, 1172209 units so far.
INFO:root:Left over size 194510 (26020, 26044).
INFO:root:Processing 195234 pixels (1194510 26020.022, 26152.442).
INFO:root:Sliding offset 0, 0. Add 4845 units, median count 113.0, 1177054 units so far.
INFO:root:Sliding offset 0, 1. Add 4909 units, median count 113.0, 1181963 units so far.
INFO:root:Sliding offset 1, 0. Add 4859 units, median count 113.0, 1186822 units so far.
INFO:root:Sliding offset 1, 1. Add 4900 units, median count 113.0, 1191722 units so far.
INFO:root:Left over size 200975 (26128, 26152).
INFO:root:Processing 227686 pixels (1200975 26128.443, 26286.788).
INFO:root:Sliding offset 0, 0. Add 5731 units, median count 100.0, 1197453 units so far.
INFO:root:Sliding offset 0, 1. Add 5689 units, median count 101.0, 1203142 units so far.
INFO:root:Sliding offset 1, 0. Add 5710 units, median count 101.0, 1208852 units so far.
INFO:root:Sliding offset 1, 1. Add 5678 units, median count 102.0, 1214530 units so far.
INFO:root:Left over size 182539 (26263, 26287).
INFO:root:Processing 237523 pixels (1182539 26262.789, 26433.707).
INFO:root:Sliding offset 0, 0. Add 5817 units, median count 96.0, 1220347 units so far.
INFO:root:Sliding offset 0, 1. Add 5756 units, median count 95.0, 1226103 units so far.
INFO:root:Sliding offset 1, 0. Add 5809 units, median count 96.0, 1231912 units so far.
INFO:root:Sliding offset 1, 1. Add 5802 units, median count 96.0, 1237714 units so far.
INFO:root:Left over size 158029 (26410, 26434).
INFO:root:Processing 133536 pixels (640840 26409.708, 26556.379).
INFO:root:Sliding offset 0, 0. Add 2653 units, median count 87.0, 1240367 units so far.
INFO:root:Sliding offset 0, 1. Add 2686 units, median count 88.0, 1243053 units so far.
INFO:root:Sliding offset 1, 0. Add 2648 units, median count 87.0, 1245701 units so far.
INFO:root:Sliding offset 1, 1. Add 2670 units, median count 88.0, 1248371 units so far.
INFO:root:Left over size 11533 (26532, 26556).
['X', 'Y', 'gene', 'Count']
sort -k 1,1n /dcs05/lieber/marmaypag/xenium_NAC_LIBD4125/xenium_NAC/processed-data/HD_Full_Analysis/FICTURE/outputs/H1-XKYDCP3_D1/nF_16/hexagon.d_12.tsv | gzip -c > /dcs05/lieber/marmaypag/xenium_NAC_LIBD4125/xenium_NAC/processed-data/HD_Full_Analysis/FICTURE/outputs/H1-XKYDCP3_D1/nF_16/hexagon.d_12.tsv.gz
rm /dcs05/lieber/marmaypag/xenium_NAC_LIBD4125/xenium_NAC/processed-data/HD_Full_Analysis/FICTURE/outputs/H1-XKYDCP3_D1/nF_16/hexagon.d_12.tsv
--------------------------------------------------------------
Creating LDA for 12um and 16 factors...
--------------------------------------------------------------
mkdir -p /dcs05/lieber/marmaypag/xenium_NAC_LIBD4125/xenium_NAC/processed-data/HD_Full_Analysis/FICTURE/outputs/H1-XKYDCP3_D1/nF_16/analysis/nF16.d_12/figure
ficture fit_model --input /dcs05/lieber/marmaypag/xenium_NAC_LIBD4125/xenium_NAC/processed-data/HD_Full_Analysis/FICTURE/outputs/H1-XKYDCP3_D1/nF_16/hexagon.d_12.tsv.gz --output /dcs05/lieber/marmaypag/xenium_NAC_LIBD4125/xenium_NAC/processed-data/HD_Full_Analysis/FICTURE/outputs/H1-XKYDCP3_D1/nF_16/analysis/nF16.d_12/nF16.d_12  --nFactor 16 --epoch 3 --epoch_id_length 2 --unit_attr X Y --key Count --min_ct_per_feature 20 --test_split 0.5 --R 10 --fractional-count 0 --thread 1
INFO:root:Read data with 310141 units, 15921 features
INFO:root:0: -2908.32, -2894.86
INFO:root:Counter({11: 30980, 6: 24320, 15: 20586, 12: 14655, 13: 14136, 9: 11661, 8: 8640, 10: 7151, 0: 5204, 7: 3658, 14: 3005, 3: 2500, 4: 2404, 1: 2382, 2: 1957, 5: 1832})
INFO:root:Computing naive DE for 14026 genes
INFO:root:R=0, 13.04, 11.16, 299.34s
INFO:root:1: -2905.99, -2892.65
INFO:root:Counter({11: 31525, 6: 18647, 8: 17800, 15: 16160, 12: 15197, 14: 7537, 9: 6805, 10: 6686, 5: 5568, 13: 5251, 3: 4654, 1: 4361, 4: 4332, 0: 3828, 2: 3804, 7: 2916})
INFO:root:Computing naive DE for 14025 genes
INFO:root:R=1, 11.27, 8.76, 300.78s
INFO:root:2: -2905.05, -2891.74
INFO:root:Counter({11: 34034, 1: 16593, 8: 16343, 6: 15730, 12: 10835, 13: 8885, 4: 8629, 9: 7103, 5: 6709, 0: 6279, 15: 5488, 7: 4679, 3: 4228, 2: 3998, 10: 3353, 14: 2185})
INFO:root:Computing naive DE for 14024 genes
INFO:root:R=2, 11.34, 9.07, 298.67s
INFO:root:3: -2908.06, -2894.68
INFO:root:Counter({6: 18462, 2: 16168, 12: 15396, 14: 14133, 10: 12290, 8: 12213, 13: 11871, 0: 11390, 15: 10497, 11: 9543, 9: 7392, 3: 6581, 7: 3145, 1: 2334, 5: 2049, 4: 1607})
INFO:root:Computing naive DE for 14026 genes
INFO:root:R=3, 13.38, 10.44, 311.15s
INFO:root:4: -2906.34, -2893.07
INFO:root:Counter({11: 34058, 8: 21021, 1: 19998, 12: 14575, 15: 11173, 6: 10271, 13: 9678, 9: 5788, 10: 5339, 0: 5091, 3: 4741, 7: 3466, 14: 2762, 4: 2751, 5: 2342, 2: 2017})
INFO:root:Computing naive DE for 14024 genes
INFO:root:R=4, 12.58, 10.55, 311.87s
INFO:root:5: -2907.26, -2893.87
INFO:root:Counter({11: 31617, 6: 23755, 15: 16927, 12: 15656, 5: 9738, 10: 9246, 4: 8762, 9: 7826, 13: 7138, 8: 5023, 14: 4957, 1: 3346, 0: 2950, 3: 2883, 2: 2798, 7: 2449})
INFO:root:Computing naive DE for 14023 genes
INFO:root:R=5, 12.25, 10.29, 311.34s
INFO:root:6: -2905.42, -2892.09
INFO:root:Counter({13: 27157, 11: 24747, 2: 14717, 12: 14520, 8: 10568, 9: 10427, 5: 8896, 1: 8201, 10: 7623, 6: 7017, 15: 5342, 3: 5057, 0: 3335, 14: 2804, 7: 2393, 4: 2267})
INFO:root:Computing naive DE for 14024 genes
INFO:root:R=6, 13.51, 12.92, 309.93s
INFO:root:7: -2906.96, -2893.56
INFO:root:Counter({11: 33388, 6: 20324, 15: 15648, 8: 14531, 1: 12383, 2: 11659, 13: 7890, 9: 7251, 14: 7071, 10: 6597, 7: 4375, 12: 3397, 5: 3344, 3: 2952, 0: 2329, 4: 1932})
INFO:root:Computing naive DE for 14025 genes
INFO:root:R=7, 12.20, 10.61, 316.21s
INFO:root:8: -2906.67, -2893.36
INFO:root:Counter({11: 31769, 6: 20524, 15: 16752, 12: 16295, 4: 10929, 13: 9987, 8: 9341, 0: 7240, 2: 6702, 9: 6496, 10: 5476, 3: 3265, 1: 3240, 14: 2767, 5: 2152, 7: 2136})
INFO:root:Computing naive DE for 14026 genes
INFO:root:R=8, 13.01, 10.43, 318.48s
INFO:root:9: -2905.06, -2891.79
INFO:root:Counter({11: 27306, 6: 18602, 2: 17141, 1: 15894, 8: 11132, 0: 11105, 13: 8202, 9: 8169, 10: 7706, 4: 7338, 3: 6083, 15: 5645, 7: 3395, 14: 3320, 5: 2210, 12: 1823})
INFO:root:Computing naive DE for 14024 genes
INFO:root:R=9, 12.45, 10.08, 315.29s
INFO:root:Result file /dcs05/lieber/marmaypag/xenium_NAC_LIBD4125/xenium_NAC/processed-data/HD_Full_Analysis/FICTURE/outputs/H1-XKYDCP3_D1/nF_16/analysis/nF16.d_12/nF16.d_12.fit_result.tsv.gz
R
6    13.507184
3    13.378399
0    13.037663
8    13.009470
4    12.579776
9    12.446559
5    12.245893
7    12.197990
2    11.339109
1    11.265071
Name: Score, dtype: float64
ficture choose_color --input /dcs05/lieber/marmaypag/xenium_NAC_LIBD4125/xenium_NAC/processed-data/HD_Full_Analysis/FICTURE/outputs/H1-XKYDCP3_D1/nF_16/analysis/nF16.d_12/nF16.d_12.fit_result.tsv.gz --output /dcs05/lieber/marmaypag/xenium_NAC_LIBD4125/xenium_NAC/processed-data/HD_Full_Analysis/FICTURE/outputs/H1-XKYDCP3_D1/nF_16/analysis/nF16.d_12/figure/nF16.d_12 --cmap_name turbo
ficture plot_base --input /dcs05/lieber/marmaypag/xenium_NAC_LIBD4125/xenium_NAC/processed-data/HD_Full_Analysis/FICTURE/outputs/H1-XKYDCP3_D1/nF_16/analysis/nF16.d_12/nF16.d_12.fit_result.tsv.gz --output /dcs05/lieber/marmaypag/xenium_NAC_LIBD4125/xenium_NAC/processed-data/HD_Full_Analysis/FICTURE/outputs/H1-XKYDCP3_D1/nF_16/analysis/nF16.d_12/figure/nF16.d_12.coarse --fill_range 7.0 --color_table /dcs05/lieber/marmaypag/xenium_NAC_LIBD4125/xenium_NAC/processed-data/HD_Full_Analysis/FICTURE/outputs/H1-XKYDCP3_D1/nF_16/analysis/nF16.d_12/figure/nF16.d_12.rgb.tsv --plot_um_per_pixel 1 --plot_discretized
/jhpce/shared/libd/core/visium_hd/1.0/hd_env/lib/python3.9/site-packages/ficture/scripts/plot_base.py:131: FutureWarning: The provided callable <function mean at 0x7ff69fbe0e50> is currently using SeriesGroupBy.mean. In a future version of pandas, the provided callable will be used directly. To keep current behavior pass the string "mean" instead.
  chunk = chunk.groupby(by = ['x_indx', 'y_indx']).agg({ x:np.mean for x in factor_header }).reset_index()
/jhpce/shared/libd/core/visium_hd/1.0/hd_env/lib/python3.9/site-packages/ficture/scripts/plot_base.py:134: FutureWarning: The provided callable <function mean at 0x7ff69fbe0e50> is currently using SeriesGroupBy.mean. In a future version of pandas, the provided callable will be used directly. To keep current behavior pass the string "mean" instead.
  df = df.groupby(by = ['x_indx', 'y_indx']).agg({ x:np.mean for x in factor_header }).reset_index()
INFO:root:Read region 310141 pixels in region 6301.0 x 6777.0
INFO:root:Filling pixels 0 - 500 / 6776
INFO:root:Filling pixels 500 - 1000 / 6776
INFO:root:Filling pixels 1000 - 1500 / 6776
INFO:root:Filling pixels 1500 - 2000 / 6776
INFO:root:Filling pixels 2000 - 2500 / 6776
INFO:root:Filling pixels 2500 - 3000 / 6776
INFO:root:Filling pixels 3000 - 3500 / 6776
INFO:root:Filling pixels 3500 - 4000 / 6776
INFO:root:Filling pixels 4000 - 4500 / 6776
INFO:root:Filling pixels 4500 - 5000 / 6776
INFO:root:Filling pixels 5000 - 5500 / 6776
INFO:root:Filling pixels 5500 - 6000 / 6776
INFO:root:Filling pixels 6000 - 6500 / 6776
INFO:root:Filling pixels 6500 - 6776 / 6776
INFO:root:Start constructing RGB image
INFO:root:Made fractional image
/dcs05/lieber/marmaypag/xenium_NAC_LIBD4125/xenium_NAC/processed-data/HD_Full_Analysis/FICTURE/outputs/H1-XKYDCP3_D1/nF_16/analysis/nF16.d_12/figure/nF16.d_12.coarse.png
INFO:root:Made hard threshold image
/dcs05/lieber/marmaypag/xenium_NAC_LIBD4125/xenium_NAC/processed-data/HD_Full_Analysis/FICTURE/outputs/H1-XKYDCP3_D1/nF_16/analysis/nF16.d_12/figure/nF16.d_12.coarse.top.png
6777 500
touch /dcs05/lieber/marmaypag/xenium_NAC_LIBD4125/xenium_NAC/processed-data/HD_Full_Analysis/FICTURE/outputs/H1-XKYDCP3_D1/nF_16/analysis/nF16.d_12/nF16.d_12.done
--------------------------------------------------------------
Creating projection for 12um and 16 factors, at 12um
--------------------------------------------------------------
--------------------------------------------------------------
Performing pixel-level decoding..
--------------------------------------------------------------
--------------------------------------------------------------
Sorting and reformatting the pixel-level output..
--------------------------------------------------------------
--------------------------------------------------------------
Performing pseudo-bulk differential expression analysis..
--------------------------------------------------------------
--------------------------------------------------------------
Drawing pixel-level output image...
--------------------------------------------------------------
ficture transform --input /dcs05/lieber/marmaypag/xenium_NAC_LIBD4125/xenium_NAC/processed-data/HD_Full_Analysis/FICTURE/inputs/H1-XKYDCP3_D1/transcripts.sorted.tsv.gz --output_pref /dcs05/lieber/marmaypag/xenium_NAC_LIBD4125/xenium_NAC/processed-data/HD_Full_Analysis/FICTURE/outputs/H1-XKYDCP3_D1/nF_16/analysis/nF16.d_12/nF16.d_12.prj_12.r_4 --model /dcs05/lieber/marmaypag/xenium_NAC_LIBD4125/xenium_NAC/processed-data/HD_Full_Analysis/FICTURE/outputs/H1-XKYDCP3_D1/nF_16/analysis/nF16.d_12/nF16.d_12.model.p --key Count --major_axis X --hex_width 12 --n_move 3 --min_ct_per_unit 20 --mu_scale 1.0 --thread 1 --precision 2
INFO:root:Model loaded with 15921 features and 16 factors
INFO:root:Transformed 1 batches with total 79162 units, 0.438967min
INFO:root:Transformed 2 batches with total 163485 units, 1.412723min
INFO:root:Transformed 3 batches with total 225808 units, 2.355141min
INFO:root:Transformed 4 batches with total 317398 units, 3.648488min
INFO:root:Transformed 5 batches with total 396135 units, 4.958121min
INFO:root:Transformed 6 batches with total 469582 units, 6.266177min
INFO:root:Transformed 7 batches with total 544479 units, 7.559480min
INFO:root:Transformed 8 batches with total 613769 units, 8.854569min
INFO:root:Transformed 9 batches with total 691105 units, 10.137939min
INFO:root:Transformed 10 batches with total 766395 units, 11.344987min
INFO:root:Transformed 11 batches with total 838660 units, 12.605889min
INFO:root:Transformed 12 batches with total 912147 units, 13.888162min
INFO:root:Transformed 13 batches with total 978689 units, 15.148086min
INFO:root:Transformed 14 batches with total 1040203 units, 16.426396min
INFO:root:Transformed 15 batches with total 1119460 units, 18.116415min
INFO:root:Transformed 16 batches with total 1199177 units, 19.806594min
INFO:root:Transformed 17 batches with total 1259308 units, 21.100008min
INFO:root:Transformed 18 batches with total 1318382 units, 22.351543min
INFO:root:Transformed 19 batches with total 1397644 units, 24.002441min
INFO:root:Transformed 20 batches with total 1460880 units, 25.311229min
INFO:root:Transformed 21 batches with total 1527574 units, 26.602835min
INFO:root:Transformed 22 batches with total 1596146 units, 27.897784min
INFO:root:Transformed 23 batches with total 1662902 units, 29.201770min
INFO:root:Transformed 24 batches with total 1728713 units, 30.486991min
INFO:root:Transformed 25 batches with total 1789874 units, 31.749178min
INFO:root:Transformed 26 batches with total 1853469 units, 32.999564min
INFO:root:Transformed 27 batches with total 1914163 units, 34.255217min
INFO:root:Transformed 28 batches with total 1978004 units, 35.519096min
INFO:root:Transformed 29 batches with total 2041840 units, 36.772398min
INFO:root:Transformed 30 batches with total 2114304 units, 38.065108min
INFO:root:Transformed 31 batches with total 2188733 units, 39.371554min
INFO:root:Transformed 32 batches with total 2274783 units, 40.689126min
INFO:root:Transformed 33 batches with total 2337557 units, 41.640034min
INFO:root:Transformed 34 batches with total 2409030 units, 42.572995min
INFO:root:Transformed 35 batches with total 2488021 units, 43.522142min
INFO:root:Transformed 36 batches with total 2572014 units, 44.482075min
INFO:root:Transformed 37 batches with total 2654602 units, 45.451339min
INFO:root:Transformed 38 batches with total 2765434 units, 46.453694min
INFO:root:Transformed 39 batches with total 2880519 units, 47.494083min
INFO:root:Transformed 40 batches with total 2948903 units, 48.121068min
INFO:root:Transformed 41 batches with total 2988512 units, 48.464520min
ficture slda_decode --input /dcs05/lieber/marmaypag/xenium_NAC_LIBD4125/xenium_NAC/processed-data/HD_Full_Analysis/FICTURE/outputs/H1-XKYDCP3_D1/nF_16/batched.matrix.tsv.gz --output /dcs05/lieber/marmaypag/xenium_NAC_LIBD4125/xenium_NAC/processed-data/HD_Full_Analysis/FICTURE/outputs/H1-XKYDCP3_D1/nF_16/analysis/nF16.d_12/nF16.d_12.decode.prj_12.r_4_5 --model /dcs05/lieber/marmaypag/xenium_NAC_LIBD4125/xenium_NAC/processed-data/HD_Full_Analysis/FICTURE/outputs/H1-XKYDCP3_D1/nF_16/analysis/nF16.d_12/nF16.d_12.model.p --anchor /dcs05/lieber/marmaypag/xenium_NAC_LIBD4125/xenium_NAC/processed-data/HD_Full_Analysis/FICTURE/outputs/H1-XKYDCP3_D1/nF_16/analysis/nF16.d_12/nF16.d_12.prj_12.r_4.fit_result.tsv.gz --anchor_in_um --neighbor_radius 5 --mu_scale 1.0 --key Count --precision 0.1 --lite_topk_output_pixel 3 --lite_topk_output_anchor 3 --thread 1
INFO:root:15921 genes and 16 factors are read from input model
INFO:root:Read 2955110 grid points
INFO:root:Read 66034 pixels, forming 12 batches.
INFO:root:Read 12 batches ((66034, 15921))
INFO:root:Output 70043 pixels and 21495 anchors
INFO:root:Read 139589 pixels, forming 9 batches.
INFO:root:Read 9 batches ((139589, 15921))
INFO:root:Output 149274 pixels and 49384 anchors
INFO:root:Read 77970 pixels, forming 3 batches.
INFO:root:Read 3 batches ((77970, 15921))
INFO:root:Output 77636 pixels and 26367 anchors
INFO:root:Read 34868 pixels, forming 2 batches.
INFO:root:Read 2 batches ((34868, 15921))
INFO:root:Output 34682 pixels and 10937 anchors
INFO:root:Read 48023 pixels, forming 2 batches.
INFO:root:Read 2 batches ((48023, 15921))
INFO:root:Output 49239 pixels and 14718 anchors
INFO:root:Read 24201 pixels, forming 1 batches.
INFO:root:Read 1 batches ((24201, 15921))
INFO:root:Output 24145 pixels and 7128 anchors
INFO:root:Read 104230 pixels, forming 2 batches.
INFO:root:Read 2 batches ((104230, 15921))
INFO:root:Output 108903 pixels and 30397 anchors
INFO:root:Read 64062 pixels, forming 1 batches.
INFO:root:Read 1 batches ((64062, 15921))
INFO:root:Output 63857 pixels and 18662 anchors
INFO:root:Read 63394 pixels, forming 1 batches.
INFO:root:Read 1 batches ((63394, 15921))
INFO:root:Output 63153 pixels and 18662 anchors
INFO:root:Read 21356 pixels, forming 1 batches.
INFO:root:Read 1 batches ((21356, 15921))
INFO:root:Output 21262 pixels and 6578 anchors
INFO:root:Read 79416 pixels, forming 2 batches.
INFO:root:Read 2 batches ((79416, 15921))
INFO:root:Output 79288 pixels and 23821 anchors
INFO:root:Read 145204 pixels, forming 3 batches.
INFO:root:Read 3 batches ((145204, 15921))
INFO:root:Output 155487 pixels and 43386 anchors
INFO:root:Read 19728 pixels, forming 1 batches.
INFO:root:Read 1 batches ((19728, 15921))
INFO:root:Output 19636 pixels and 6291 anchors
INFO:root:Read 103380 pixels, forming 2 batches.
INFO:root:Read 2 batches ((103380, 15921))
INFO:root:Output 107685 pixels and 31175 anchors
INFO:root:Read 46933 pixels, forming 1 batches.
INFO:root:Read 1 batches ((46933, 15921))
INFO:root:Output 46877 pixels and 14447 anchors
INFO:root:Read 88918 pixels, forming 3 batches.
INFO:root:Read 3 batches ((88918, 15921))
INFO:root:Output 91542 pixels and 27475 anchors
INFO:root:Read 83262 pixels, forming 2 batches.
INFO:root:Read 2 batches ((83262, 15921))
INFO:root:Output 83837 pixels and 26318 anchors
INFO:root:Read 26693 pixels, forming 1 batches.
INFO:root:Read 1 batches ((26693, 15921))
INFO:root:Output 26666 pixels and 7776 anchors
INFO:root:Read 99758 pixels, forming 2 batches.
INFO:root:Read 2 batches ((99758, 15921))
INFO:root:Output 99469 pixels and 28886 anchors
INFO:root:Read 51683 pixels, forming 2 batches.
INFO:root:Read 2 batches ((51683, 15921))
INFO:root:Output 51638 pixels and 15162 anchors
INFO:root:Read 49070 pixels, forming 2 batches.
INFO:root:Read 2 batches ((49070, 15921))
INFO:root:Output 49014 pixels and 14344 anchors
INFO:root:Read 91953 pixels, forming 2 batches.
INFO:root:Read 2 batches ((91953, 15921))
INFO:root:Output 97015 pixels and 26685 anchors
INFO:root:Read 13645 pixels, forming 1 batches.
INFO:root:Read 1 batches ((13645, 15921))
INFO:root:Output 13603 pixels and 4004 anchors
INFO:root:Read 91539 pixels, forming 2 batches.
INFO:root:Read 2 batches ((91539, 15921))
INFO:root:Output 91392 pixels and 26655 anchors
INFO:root:Read 85813 pixels, forming 2 batches.
INFO:root:Read 2 batches ((85813, 15921))
INFO:root:Output 90092 pixels and 24954 anchors
INFO:root:Read 63783 pixels, forming 1 batches.
INFO:root:Read 1 batches ((63783, 15921))
INFO:root:Output 63639 pixels and 18447 anchors
INFO:root:Read 40570 pixels, forming 1 batches.
INFO:root:Read 1 batches ((40570, 15921))
INFO:root:Output 40570 pixels and 11952 anchors
INFO:root:Read 102852 pixels, forming 2 batches.
INFO:root:Read 2 batches ((102852, 15921))
INFO:root:Output 102692 pixels and 30260 anchors
INFO:root:Read 56827 pixels, forming 2 batches.
INFO:root:Read 2 batches ((56827, 15921))
INFO:root:Output 59573 pixels and 16956 anchors
INFO:root:Read 34898 pixels, forming 1 batches.
INFO:root:Read 1 batches ((34898, 15921))
INFO:root:Output 34743 pixels and 10366 anchors
INFO:root:Read 70360 pixels, forming 2 batches.
INFO:root:Read 2 batches ((70360, 15921))
INFO:root:Output 70242 pixels and 22114 anchors
INFO:root:Read 82091 pixels, forming 2 batches.
INFO:root:Read 2 batches ((82091, 15921))
INFO:root:Output 85317 pixels and 23809 anchors
INFO:root:Read 1655 pixels, forming 1 batches.
INFO:root:Read 1 batches ((1655, 15921))
INFO:root:Output 1580 pixels and 497 anchors
INFO:root:Read 67594 pixels, forming 2 batches.
INFO:root:Read 2 batches ((67594, 15921))
INFO:root:Output 67482 pixels and 19581 anchors
INFO:root:Read 129244 pixels, forming 2 batches.
INFO:root:Read 2 batches ((129244, 15921))
INFO:root:Output 136358 pixels and 37252 anchors
INFO:root:Read 22745 pixels, forming 1 batches.
INFO:root:Read 1 batches ((22745, 15921))
INFO:root:Output 22656 pixels and 6578 anchors
INFO:root:Read 109649 pixels, forming 2 batches.
INFO:root:Read 2 batches ((109649, 15921))
INFO:root:Output 114819 pixels and 31664 anchors
INFO:root:Read 66140 pixels, forming 1 batches.
INFO:root:Read 1 batches ((66140, 15921))
INFO:root:Output 65921 pixels and 19019 anchors
INFO:root:Read 65983 pixels, forming 1 batches.
INFO:root:Read 1 batches ((65983, 15921))
INFO:root:Output 65954 pixels and 19152 anchors
INFO:root:Read 445 pixels, forming 1 batches.
INFO:root:Read 1 batches ((445, 15921))
INFO:root:Output 344 pixels and 143 anchors
INFO:root:Read 126664 pixels, forming 2 batches.
INFO:root:Read 2 batches ((126664, 15921))
INFO:root:Output 133527 pixels and 37950 anchors
INFO:root:Read 68668 pixels, forming 1 batches.
INFO:root:Read 1 batches ((68668, 15921))
INFO:root:Output 68629 pixels and 20428 anchors
INFO:root:Read 72838 pixels, forming 2 batches.
INFO:root:Read 2 batches ((72838, 15921))
INFO:root:Output 73606 pixels and 21546 anchors
INFO:root:Read 53598 pixels, forming 1 batches.
INFO:root:Read 1 batches ((53598, 15921))
INFO:root:Output 53595 pixels and 17328 anchors
INFO:root:Read 18431 pixels, forming 1 batches.
INFO:root:Read 1 batches ((18431, 15921))
INFO:root:Output 18388 pixels and 5434 anchors
INFO:root:Read 103161 pixels, forming 2 batches.
INFO:root:Read 2 batches ((103161, 15921))
INFO:root:Output 107727 pixels and 30671 anchors
INFO:root:Read 17048 pixels, forming 1 batches.
INFO:root:Read 1 batches ((17048, 15921))
INFO:root:Output 16959 pixels and 4933 anchors
INFO:root:Read 108407 pixels, forming 2 batches.
INFO:root:Read 2 batches ((108407, 15921))
INFO:root:Output 113877 pixels and 31300 anchors
INFO:root:Read 10819 pixels, forming 1 batches.
INFO:root:Read 1 batches ((10819, 15921))
INFO:root:Output 10819 pixels and 3240 anchors
INFO:root:Read 73742 pixels, forming 2 batches.
INFO:root:Read 2 batches ((73742, 15921))
INFO:root:Output 73478 pixels and 21236 anchors
INFO:root:Read 103471 pixels, forming 2 batches.
INFO:root:Read 2 batches ((103471, 15921))
INFO:root:Output 109644 pixels and 29920 anchors
INFO:root:Read 62635 pixels, forming 1 batches.
INFO:root:Read 1 batches ((62635, 15921))
INFO:root:Output 62452 pixels and 18018 anchors
INFO:root:Read 42738 pixels, forming 1 batches.
INFO:root:Read 1 batches ((42738, 15921))
INFO:root:Output 42602 pixels and 12651 anchors
INFO:root:Read 88219 pixels, forming 2 batches.
INFO:root:Read 2 batches ((88219, 15921))
INFO:root:Output 87863 pixels and 25454 anchors
INFO:root:Read 54916 pixels, forming 2 batches.
INFO:root:Read 2 batches ((54916, 15921))
INFO:root:Output 56858 pixels and 16088 anchors
INFO:root:Read 23473 pixels, forming 1 batches.
INFO:root:Read 1 batches ((23473, 15921))
INFO:root:Output 23430 pixels and 6929 anchors
INFO:root:Read 76317 pixels, forming 2 batches.
INFO:root:Read 2 batches ((76317, 15921))
INFO:root:Output 76080 pixels and 22853 anchors
INFO:root:Read 79642 pixels, forming 2 batches.
INFO:root:Read 2 batches ((79642, 15921))
INFO:root:Output 79603 pixels and 24092 anchors
INFO:root:Read 27983 pixels, forming 1 batches.
INFO:root:Read 1 batches ((27983, 15921))
INFO:root:Output 27873 pixels and 8080 anchors
INFO:root:Read 78776 pixels, forming 2 batches.
INFO:root:Read 2 batches ((78776, 15921))
INFO:root:Output 78621 pixels and 22763 anchors
INFO:root:Read 92306 pixels, forming 2 batches.
INFO:root:Read 2 batches ((92306, 15921))
INFO:root:Output 96932 pixels and 26707 anchors
INFO:root:Read 66388 pixels, forming 1 batches.
INFO:root:Read 1 batches ((66388, 15921))
INFO:root:Output 66225 pixels and 19090 anchors
INFO:root:Read 66387 pixels, forming 1 batches.
INFO:root:Read 1 batches ((66387, 15921))
INFO:root:Output 66220 pixels and 19090 anchors
INFO:root:Read 19299 pixels, forming 1 batches.
INFO:root:Read 1 batches ((19299, 15921))
INFO:root:Output 19241 pixels and 5649 anchors
INFO:root:Read 113448 pixels, forming 2 batches.
INFO:root:Read 2 batches ((113448, 15921))
INFO:root:Output 119006 pixels and 32738 anchors
INFO:root:Read 5708 pixels, forming 1 batches.
INFO:root:Read 1 batches ((5708, 15921))
INFO:root:Output 5708 pixels and 1728 anchors
INFO:root:Read 126852 pixels, forming 2 batches.
INFO:root:Read 2 batches ((126852, 15921))
INFO:root:Output 134092 pixels and 36659 anchors
INFO:root:Read 66190 pixels, forming 1 batches.
INFO:root:Read 1 batches ((66190, 15921))
INFO:root:Output 65984 pixels and 19090 anchors
INFO:root:Read 16377 pixels, forming 1 batches.
INFO:root:Read 1 batches ((16377, 15921))
INFO:root:Output 16340 pixels and 4824 anchors
INFO:root:Read 74547 pixels, forming 2 batches.
INFO:root:Read 2 batches ((74547, 15921))
INFO:root:Output 74382 pixels and 21879 anchors
INFO:root:Read 116069 pixels, forming 2 batches.
INFO:root:Read 2 batches ((116069, 15921))
INFO:root:Output 122026 pixels and 34565 anchors
INFO:root:Read 24318 pixels, forming 1 batches.
INFO:root:Read 1 batches ((24318, 15921))
INFO:root:Output 24255 pixels and 7078 anchors
INFO:root:Read 58605 pixels, forming 2 batches.
INFO:root:Read 2 batches ((58605, 15921))
INFO:root:Output 58541 pixels and 17753 anchors
INFO:root:Read 45827 pixels, forming 2 batches.
INFO:root:Read 2 batches ((45827, 15921))
INFO:root:Output 45674 pixels and 13585 anchors
INFO:root:Read 115846 pixels, forming 2 batches.
INFO:root:Read 2 batches ((115846, 15921))
INFO:root:Output 121258 pixels and 33390 anchors
INFO:root:Read 19922 pixels, forming 1 batches.
INFO:root:Read 1 batches ((19922, 15921))
INFO:root:Output 19869 pixels and 5792 anchors
INFO:root:Read 76244 pixels, forming 2 batches.
INFO:root:Read 2 batches ((76244, 15921))
INFO:root:Output 75937 pixels and 21951 anchors
INFO:root:Read 108772 pixels, forming 2 batches.
INFO:root:Read 2 batches ((108772, 15921))
INFO:root:Output 114009 pixels and 31389 anchors
INFO:root:Read 68186 pixels, forming 1 batches.
INFO:root:Read 1 batches ((68186, 15921))
INFO:root:Output 67953 pixels and 19662 anchors
INFO:root:Read 68193 pixels, forming 1 batches.
INFO:root:Read 1 batches ((68193, 15921))
INFO:root:Output 68030 pixels and 19662 anchors
INFO:root:Read 2136 pixels, forming 1 batches.
INFO:root:Read 1 batches ((2136, 15921))
INFO:root:Output 2119 pixels and 710 anchors
INFO:root:Read 133287 pixels, forming 2 batches.
INFO:root:Read 2 batches ((133287, 15921))
INFO:root:Output 140756 pixels and 38681 anchors
INFO:root:Read 66660 pixels, forming 1 batches.
INFO:root:Read 1 batches ((66660, 15921))
INFO:root:Output 66501 pixels and 19663 anchors
INFO:root:Read 33286 pixels, forming 1 batches.
INFO:root:Read 1 batches ((33286, 15921))
INFO:root:Output 33286 pixels and 9860 anchors
INFO:root:Read 133172 pixels, forming 3 batches.
INFO:root:Read 3 batches ((133172, 15921))
INFO:root:Output 137655 pixels and 39606 anchors
INFO:root:Read 88631 pixels, forming 2 batches.
INFO:root:Read 2 batches ((88631, 15921))
INFO:root:Output 94073 pixels and 26986 anchors
INFO:root:Read 23186 pixels, forming 1 batches.
INFO:root:Read 1 batches ((23186, 15921))
INFO:root:Output 23104 pixels and 6721 anchors
INFO:root:Read 73275 pixels, forming 2 batches.
INFO:root:Read 2 batches ((73275, 15921))
INFO:root:Output 73102 pixels and 21250 anchors
INFO:root:Read 102773 pixels, forming 2 batches.
INFO:root:Read 2 batches ((102773, 15921))
INFO:root:Output 107930 pixels and 29793 anchors
INFO:root:Read 66289 pixels, forming 1 batches.
INFO:root:Read 1 batches ((66289, 15921))
INFO:root:Output 66121 pixels and 19162 anchors
INFO:root:Read 17537 pixels, forming 1 batches.
INFO:root:Read 1 batches ((17537, 15921))
INFO:root:Output 17537 pixels and 5184 anchors
INFO:root:Read 81009 pixels, forming 2 batches.
INFO:root:Read 2 batches ((81009, 15921))
INFO:root:Output 80755 pixels and 23452 anchors
INFO:root:Read 77381 pixels, forming 2 batches.
INFO:root:Read 2 batches ((77381, 15921))
INFO:root:Output 77306 pixels and 22549 anchors
INFO:root:Read 88669 pixels, forming 2 batches.
INFO:root:Read 2 batches ((88669, 15921))
INFO:root:Output 92612 pixels and 25812 anchors
INFO:root:Read 37866 pixels, forming 1 batches.
INFO:root:Read 1 batches ((37866, 15921))
INFO:root:Output 37744 pixels and 11083 anchors
INFO:root:Read 93715 pixels, forming 2 batches.
INFO:root:Read 2 batches ((93715, 15921))
INFO:root:Output 97088 pixels and 27447 anchors
INFO:root:Read 65708 pixels, forming 1 batches.
INFO:root:Read 1 batches ((65708, 15921))
INFO:root:Output 65531 pixels and 19162 anchors
INFO:root:Read 24480 pixels, forming 1 batches.
INFO:root:Read 1 batches ((24480, 15921))
INFO:root:Output 24422 pixels and 7920 anchors
INFO:root:Read 105885 pixels, forming 2 batches.
INFO:root:Read 2 batches ((105885, 15921))
INFO:root:Output 105864 pixels and 31871 anchors
INFO:root:Read 61939 pixels, forming 1 batches.
INFO:root:Read 1 batches ((61939, 15921))
INFO:root:Output 61892 pixels and 18144 anchors
INFO:root:Read 7466 pixels, forming 1 batches.
INFO:root:Read 1 batches ((7466, 15921))
INFO:root:Output 7335 pixels and 2145 anchors
INFO:root:Read 89591 pixels, forming 2 batches.
INFO:root:Read 2 batches ((89591, 15921))
INFO:root:Output 89338 pixels and 26081 anchors
INFO:root:Read 64833 pixels, forming 2 batches.
INFO:root:Read 2 batches ((64833, 15921))
INFO:root:Output 64629 pixels and 18734 anchors
INFO:root:Read 88231 pixels, forming 2 batches.
INFO:root:Read 2 batches ((88231, 15921))
INFO:root:Output 92295 pixels and 25453 anchors
INFO:root:Read 10333 pixels, forming 1 batches.
INFO:root:Read 1 batches ((10333, 15921))
INFO:root:Output 10277 pixels and 3024 anchors
INFO:root:Read 114931 pixels, forming 2 batches.
INFO:root:Read 2 batches ((114931, 15921))
INFO:root:Output 121153 pixels and 33210 anchors
INFO:root:Read 62681 pixels, forming 1 batches.
INFO:root:Read 1 batches ((62681, 15921))
INFO:root:Output 62475 pixels and 18018 anchors
INFO:root:Read 27811 pixels, forming 1 batches.
INFO:root:Read 1 batches ((27811, 15921))
INFO:root:Output 27755 pixels and 8136 anchors
INFO:root:Read 97260 pixels, forming 2 batches.
INFO:root:Read 2 batches ((97260, 15921))
INFO:root:Output 101292 pixels and 28098 anchors
INFO:root:Read 61671 pixels, forming 1 batches.
INFO:root:Read 1 batches ((61671, 15921))
INFO:root:Output 61434 pixels and 18018 anchors
INFO:root:Read 25264 pixels, forming 1 batches.
INFO:root:Read 1 batches ((25264, 15921))
INFO:root:Output 25086 pixels and 7605 anchors
INFO:root:Read 107198 pixels, forming 2 batches.
INFO:root:Read 2 batches ((107198, 15921))
INFO:root:Output 111771 pixels and 31955 anchors
INFO:root:Read 58283 pixels, forming 1 batches.
INFO:root:Read 1 batches ((58283, 15921))
INFO:root:Output 58252 pixels and 18406 anchors
INFO:root:Read 12025 pixels, forming 1 batches.
INFO:root:Read 1 batches ((12025, 15921))
INFO:root:Output 12001 pixels and 3575 anchors
INFO:root:Read 114445 pixels, forming 2 batches.
INFO:root:Read 2 batches ((114445, 15921))
INFO:root:Output 120648 pixels and 33663 anchors
INFO:root:Read 16315 pixels, forming 1 batches.
INFO:root:Read 1 batches ((16315, 15921))
INFO:root:Output 16315 pixels and 4824 anchors
INFO:root:Read 66421 pixels, forming 2 batches.
INFO:root:Read 2 batches ((66421, 15921))
INFO:root:Output 66231 pixels and 19515 anchors
INFO:root:Read 108693 pixels, forming 2 batches.
INFO:root:Read 2 batches ((108693, 15921))
INFO:root:Output 114428 pixels and 31485 anchors
INFO:root:Read 2772 pixels, forming 1 batches.
INFO:root:Read 1 batches ((2772, 15921))
INFO:root:Output 2755 pixels and 858 anchors
INFO:root:Read 123972 pixels, forming 2 batches.
INFO:root:Read 2 batches ((123972, 15921))
INFO:root:Output 131303 pixels and 36297 anchors
INFO:root:Read 524 pixels, forming 1 batches.
INFO:root:Read 1 batches ((524, 15921))
INFO:root:Output 515 pixels and 214 anchors
INFO:root:Read 64727 pixels, forming 2 batches.
INFO:root:Read 2 batches ((64727, 15921))
INFO:root:Output 64520 pixels and 18732 anchors
INFO:root:Read 126297 pixels, forming 2 batches.
INFO:root:Read 2 batches ((126297, 15921))
INFO:root:Output 133871 pixels and 36879 anchors
INFO:root:Read 24763 pixels, forming 1 batches.
INFO:root:Read 1 batches ((24763, 15921))
INFO:root:Output 24647 pixels and 7651 anchors
INFO:root:Read 98530 pixels, forming 2 batches.
INFO:root:Read 2 batches ((98530, 15921))
INFO:root:Output 102522 pixels and 29459 anchors
INFO:root:Read 45685 pixels, forming 1 batches.
INFO:root:Read 1 batches ((45685, 15921))
INFO:root:Output 45662 pixels and 14753 anchors
INFO:root:Read 89571 pixels, forming 3 batches.
INFO:root:Read 3 batches ((89571, 15921))
INFO:root:Output 89545 pixels and 27910 anchors
INFO:root:Read 70168 pixels, forming 2 batches.
INFO:root:Read 2 batches ((70168, 15921))
INFO:root:Output 70129 pixels and 21217 anchors
INFO:root:Read 103308 pixels, forming 2 batches.
INFO:root:Read 2 batches ((103308, 15921))
INFO:root:Output 109034 pixels and 30541 anchors
INFO:root:Read 1228 pixels, forming 1 batches.
INFO:root:Read 1 batches ((1228, 15921))
INFO:root:Output 1218 pixels and 426 anchors
INFO:root:Read 120554 pixels, forming 2 batches.
INFO:root:Read 2 batches ((120554, 15921))
INFO:root:Output 127602 pixels and 35944 anchors
INFO:root:Read 7434 pixels, forming 1 batches.
INFO:root:Read 1 batches ((7434, 15921))
INFO:root:Output 7434 pixels and 2232 anchors
INFO:root:Read 115852 pixels, forming 2 batches.
INFO:root:Read 2 batches ((115852, 15921))
INFO:root:Output 122290 pixels and 34145 anchors
INFO:root:Read 33927 pixels, forming 1 batches.
INFO:root:Read 1 batches ((33927, 15921))
INFO:root:Output 33841 pixels and 9939 anchors
INFO:root:Read 81086 pixels, forming 2 batches.
INFO:root:Read 2 batches ((81086, 15921))
INFO:root:Output 80913 pixels and 23850 anchors
INFO:root:Read 69342 pixels, forming 2 batches.
INFO:root:Read 2 batches ((69342, 15921))
INFO:root:Output 72640 pixels and 20751 anchors
INFO:root:Read 31394 pixels, forming 1 batches.
INFO:root:Read 1 batches ((31394, 15921))
INFO:root:Output 31311 pixels and 9366 anchors
INFO:root:Read 88667 pixels, forming 2 batches.
INFO:root:Read 2 batches ((88667, 15921))
INFO:root:Output 91617 pixels and 26883 anchors
INFO:root:Read 48400 pixels, forming 1 batches.
INFO:root:Read 1 batches ((48400, 15921))
INFO:root:Output 48348 pixels and 15997 anchors
INFO:root:Read 80684 pixels, forming 3 batches.
INFO:root:Read 3 batches ((80684, 15921))
INFO:root:Output 80409 pixels and 25281 anchors
INFO:root:Read 132794 pixels, forming 2 batches.
INFO:root:Read 2 batches ((132794, 15921))
INFO:root:Output 140686 pixels and 40231 anchors
INFO:root:Read 7517 pixels, forming 1 batches.
INFO:root:Read 1 batches ((7517, 15921))
INFO:root:Output 7517 pixels and 2304 anchors
INFO:root:Read 124172 pixels, forming 2 batches.
INFO:root:Read 2 batches ((124172, 15921))
INFO:root:Output 123863 pixels and 37037 anchors
INFO:root:Read 72712 pixels, forming 2 batches.
INFO:root:Read 2 batches ((72712, 15921))
INFO:root:Output 74157 pixels and 21862 anchors
INFO:root:Read 36560 pixels, forming 1 batches.
INFO:root:Read 1 batches ((36560, 15921))
INFO:root:Output 36519 pixels and 10944 anchors
INFO:root:Read 99634 pixels, forming 2 batches.
INFO:root:Read 2 batches ((99634, 15921))
INFO:root:Output 103216 pixels and 29882 anchors
INFO:root:Read 67828 pixels, forming 1 batches.
INFO:root:Read 1 batches ((67828, 15921))
INFO:root:Output 67638 pixels and 20306 anchors
INFO:root:Read 68015 pixels, forming 1 batches.
INFO:root:Read 1 batches ((68015, 15921))
INFO:root:Output 67852 pixels and 20306 anchors
INFO:root:Read 36401 pixels, forming 1 batches.
INFO:root:Read 1 batches ((36401, 15921))
INFO:root:Output 36290 pixels and 10940 anchors
INFO:root:Read 94327 pixels, forming 2 batches.
INFO:root:Read 2 batches ((94327, 15921))
INFO:root:Output 97944 pixels and 29507 anchors
INFO:root:Read 63793 pixels, forming 2 batches.
INFO:root:Read 2 batches ((63793, 15921))
INFO:root:Output 63627 pixels and 20548 anchors
INFO:root:Read 122220 pixels, forming 3 batches.
INFO:root:Read 3 batches ((122220, 15921))
INFO:root:Output 122099 pixels and 42243 anchors
INFO:root:Read 120324 pixels, forming 2 batches.
INFO:root:Read 2 batches ((120324, 15921))
INFO:root:Output 127297 pixels and 38438 anchors
INFO:root:Read 63266 pixels, forming 2 batches.
INFO:root:Read 2 batches ((63266, 15921))
INFO:root:Output 63167 pixels and 19692 anchors
INFO:root:Read 125685 pixels, forming 2 batches.
INFO:root:Read 2 batches ((125685, 15921))
INFO:root:Output 125538 pixels and 38578 anchors
INFO:root:Read 12490 pixels, forming 1 batches.
INFO:root:Read 1 batches ((12490, 15921))
INFO:root:Output 12441 pixels and 3790 anchors
INFO:root:Read 96200 pixels, forming 2 batches.
INFO:root:Read 2 batches ((96200, 15921))
INFO:root:Output 96051 pixels and 29609 anchors
INFO:root:Read 89789 pixels, forming 2 batches.
INFO:root:Read 2 batches ((89789, 15921))
INFO:root:Output 89482 pixels and 27677 anchors
INFO:root:Read 65558 pixels, forming 3 batches.
INFO:root:Read 3 batches ((65558, 15921))
INFO:root:Output 68069 pixels and 21355 anchors
INFO:root:Read 151876 pixels, forming 3 batches.
INFO:root:Read 3 batches ((151876, 15921))
INFO:root:Output 162176 pixels and 52513 anchors
INFO:root:Read 135854 pixels, forming 8 batches.
INFO:root:Read 8 batches ((135854, 15921))
INFO:root:Output 143095 pixels and 48846 anchors
INFO:root:Read 56036 pixels, forming 7 batches.
INFO:root:Read 7 batches ((56036, 15921))
INFO:root:Output 59857 pixels and 19426 anchors
INFO:root:Read 6918 pixels, forming 1 batches.
INFO:root:Read 1 batches ((6918, 15921))
INFO:root:Output 6918 pixels and 2896 anchors
bash /dcs05/lieber/marmaypag/xenium_NAC_LIBD4125/xenium_NAC/processed-data/HD_Full_Analysis/FICTURE/outputs/H1-XKYDCP3_D1/nF_16/sort_decode.sh /dcs05/lieber/marmaypag/xenium_NAC_LIBD4125/xenium_NAC/processed-data/HD_Full_Analysis/FICTURE/outputs/H1-XKYDCP3_D1/nF_16/analysis/nF16.d_12/nF16.d_12.decode.prj_12.r_4_5.pixel.tsv.gz /dcs05/lieber/marmaypag/xenium_NAC_LIBD4125/xenium_NAC/processed-data/HD_Full_Analysis/FICTURE/outputs/H1-XKYDCP3_D1/nF_16/analysis/nF16.d_12/nF16.d_12.decode.prj_12.r_4_5.pixel.sorted.tsv.gz /dcs05/lieber/marmaypag/xenium_NAC_LIBD4125/xenium_NAC/processed-data/HD_Full_Analysis/FICTURE/inputs/H1-XKYDCP3_D1/minmax.tsv nF16.d_12 100 100 3 gzip
19764.124, 26556.379; 5261.086, 12053.536
ficture de_bulk --input /dcs05/lieber/marmaypag/xenium_NAC_LIBD4125/xenium_NAC/processed-data/HD_Full_Analysis/FICTURE/outputs/H1-XKYDCP3_D1/nF_16/analysis/nF16.d_12/nF16.d_12.decode.prj_12.r_4_5.posterior.count.tsv.gz --output /dcs05/lieber/marmaypag/xenium_NAC_LIBD4125/xenium_NAC/processed-data/HD_Full_Analysis/FICTURE/outputs/H1-XKYDCP3_D1/nF_16/analysis/nF16.d_12/nF16.d_12.decode.prj_12.r_4_5.bulk_chisq.tsv --min_ct_per_feature 20 --max_pval_output 0.001 --min_fold_output 1.5
/jhpce/shared/libd/core/visium_hd/1.0/hd_env/lib/python3.9/site-packages/ficture/scripts/de_bulk.py:117: RuntimeWarning: divide by zero encountered in scalar divide
  fd=tab[0,0]/total_k[k]/tab[0,1]*(total_umi-total_k[k])
Read posterior count over 15921 genes and 16 factors
Testing 15918 genes over 16 factors
ficture factor_report --path /dcs05/lieber/marmaypag/xenium_NAC_LIBD4125/xenium_NAC/processed-data/HD_Full_Analysis/FICTURE/outputs/H1-XKYDCP3_D1/nF_16/analysis/nF16.d_12 --pref nF16.d_12.decode.prj_12.r_4_5 --color_table /dcs05/lieber/marmaypag/xenium_NAC_LIBD4125/xenium_NAC/processed-data/HD_Full_Analysis/FICTURE/outputs/H1-XKYDCP3_D1/nF_16/analysis/nF16.d_12/figure/nF16.d_12.rgb.tsv
['0' '1' '2' '3' '4' '5' '6' '7' '8' '9' '10' '11' '12' '13' '14' '15']
/dcs05/lieber/marmaypag/xenium_NAC_LIBD4125/xenium_NAC/processed-data/HD_Full_Analysis/FICTURE/outputs/H1-XKYDCP3_D1/nF_16/analysis/nF16.d_12/nF16.d_12.decode.prj_12.r_4_5.factor.info.html
ficture plot_pixel_full --input /dcs05/lieber/marmaypag/xenium_NAC_LIBD4125/xenium_NAC/processed-data/HD_Full_Analysis/FICTURE/outputs/H1-XKYDCP3_D1/nF_16/analysis/nF16.d_12/nF16.d_12.decode.prj_12.r_4_5.pixel.sorted.tsv.gz --color_table /dcs05/lieber/marmaypag/xenium_NAC_LIBD4125/xenium_NAC/processed-data/HD_Full_Analysis/FICTURE/outputs/H1-XKYDCP3_D1/nF_16/analysis/nF16.d_12/figure/nF16.d_12.rgb.tsv --output /dcs05/lieber/marmaypag/xenium_NAC_LIBD4125/xenium_NAC/processed-data/HD_Full_Analysis/FICTURE/outputs/H1-XKYDCP3_D1/nF_16/analysis/nF16.d_12/figure/nF16.d_12.decode.prj_12.r_4_5.pixel.png --plot_um_per_pixel 0.5 --full
01:51:45 AM Background color 000000
01:51:45 AM Read color table (16)
01:51:45 AM Read header {'K': 16, 'TOPK': 3, 'BLOCK_SIZE': 2000, 'BLOCK_AXIS': 'X', 'INDEX_AXIS': 'Y', 'OFFSET_X': 19764.124, 'OFFSET_Y': 5261.086, 'SIZE_X': 6793, 'SIZE_Y': 6793, 'SCALE': 100}
01:51:45 AM Image size 13588 x 13588
01:51:47 AM Reading pixels... 3999, 5326, 878016
01:51:49 AM Reading pixels... 3999, 10329, 863783
01:51:51 AM Reading pixels... 7999, 1736, 878844
01:51:53 AM Reading pixels... 7999, 5063, 858859
01:51:55 AM Reading pixels... 7999, 8631, 857957
01:51:57 AM Reading pixels... 7999, 12255, 888740
01:51:59 AM Reading pixels... 11999, 2537, 874842
01:52:01 AM Reading pixels... 11999, 6133, 862515
01:52:03 AM Reading pixels... 11999, 9477, 850899
01:52:05 AM Reading pixels... 11999, 13084, 882791
01:52:08 AM Reading pixels... 13564, 1616, 857853
01:52:08 AM Reading pixels... 13449, 9602, 273441
01:52:11 AM Finished
/dcs05/lieber/marmaypag/xenium_NAC_LIBD4125/xenium_NAC/processed-data/HD_Full_Analysis/FICTURE/outputs/H1-XKYDCP3_D1/nF_16/analysis/nF16.d_12/figure/nF16.d_12.decode.prj_12.r_4_5.pixel.png
Index(['0', '1', '2', '3', '4', '5', '6', '7', '8', '9', '10', '11', '12',
       '13', '14', '15'],
      dtype='object', name='Name')
['BLOCK', 'X', 'Y', 'K1', 'K2', 'K3', 'P1', 'P2', 'P3']
touch /dcs05/lieber/marmaypag/xenium_NAC_LIBD4125/xenium_NAC/processed-data/HD_Full_Analysis/FICTURE/outputs/H1-XKYDCP3_D1/nF_16/analysis/nF16.d_12/nF16.d_12.decode.prj_12.r_4_5.done
Finished nFactor=16 for H1-XKYDCP3_D1
Sat Mar  7 01:52:11 AM EST 2026
**** Job ends ****
Sat Mar  7 01:52:11 AM EST 2026
