**** Job starts ****
Fri Mar  6 03:49:18 PM EST 2026
Loading LIBD SLURM module for visium_hd/1.0
Loading LIBD SLURM module for htslib/1.18
--------------------------------------------------------------
Running FICTURE with nFactor=8 for H1-M3TCP9V_D1
--------------------------------------------------------------
Fri Mar  6 03:49:18 PM EST 2026
--------------------------------------------------------------
Creating minibatch from /dcs05/lieber/marmaypag/xenium_NAC_LIBD4125/xenium_NAC/processed-data/HD_Full_Analysis/FICTURE/inputs/H1-M3TCP9V_D1/transcripts.sorted.tsv.gz...
--------------------------------------------------------------
ficture make_spatial_minibatch --input /dcs05/lieber/marmaypag/xenium_NAC_LIBD4125/xenium_NAC/processed-data/HD_Full_Analysis/FICTURE/inputs/H1-M3TCP9V_D1/transcripts.sorted.tsv.gz --output /dcs05/lieber/marmaypag/xenium_NAC_LIBD4125/xenium_NAC/processed-data/HD_Full_Analysis/FICTURE/outputs/H1-M3TCP9V_D1/nF_8/batched.matrix.tsv --mu_scale 1.0 --batch_size 500 --batch_buff 30 --major_axis X
INFO:root:Random seed 1772830159.7163804
INFO:root:Read blocks of pixels: 70.14 x 6699.28
INFO:root:Read blocks of pixels: 128.92 x 6699.49
INFO:root:Read blocks of pixels: 196.20 x 6699.73
INFO:root:Read blocks of pixels: 262.23 x 6699.96
INFO:root:Read blocks of pixels: 324.62 x 6700.19
INFO:root:Read blocks of pixels: 383.62 x 6700.39
INFO:root:Read blocks of pixels: 448.60 x 6700.63
INFO:root:Read blocks of pixels: 513.47 x 6700.85
INFO:root:Output region (514.47, 501.00) (1668.5, 2183.0) x (1315.3, 1816.3)
INFO:root:Output region (514.47, 500.00) (1668.5, 2183.0) x (1786.3, 2286.3)
INFO:root:Output region (514.47, 500.00) (1668.5, 2183.0) x (2256.3, 2756.3)
INFO:root:Output region (514.47, 500.00) (1668.5, 2183.0) x (2726.3, 3226.3)
INFO:root:Output region (514.47, 500.00) (1668.5, 2183.0) x (3196.3, 3696.3)
INFO:root:Output region (514.47, 500.00) (1668.5, 2183.0) x (3666.3, 4166.3)
INFO:root:Output region (514.47, 500.00) (1668.5, 2183.0) x (4136.3, 4636.3)
INFO:root:Output region (514.47, 500.00) (1668.5, 2183.0) x (4606.3, 5106.3)
INFO:root:Output region (514.47, 500.00) (1668.5, 2183.0) x (5076.3, 5576.3)
INFO:root:Output region (514.47, 500.00) (1668.5, 2183.0) x (5546.3, 6046.3)
INFO:root:Output region (514.47, 500.00) (1668.5, 2183.0) x (6016.3, 6516.3)
INFO:root:Output region (514.47, 500.00) (1668.5, 2183.0) x (6486.3, 6986.3)
INFO:root:Output region (514.47, 500.00) (1668.5, 2183.0) x (6956.3, 7456.3)
INFO:root:Output region (514.47, 590.85) (1668.5, 2183.0) x (7426.3, 8017.1)
INFO:root:Left over size 450209 (450209, 30.00)
INFO:root:Read blocks of pixels: 89.29 x 6699.43
INFO:root:Read blocks of pixels: 149.63 x 6699.64
INFO:root:Read blocks of pixels: 210.02 x 6699.86
INFO:root:Read blocks of pixels: 275.02 x 6700.09
INFO:root:Read blocks of pixels: 340.52 x 6700.32
INFO:root:Read blocks of pixels: 397.03 x 6700.53
INFO:root:Read blocks of pixels: 460.41 x 6700.75
INFO:root:Read blocks of pixels: 521.02 x 6700.97
INFO:root:Output region (522.02, 501.00) (2152.0, 2674.0) x (1316.9, 1817.9)
INFO:root:Output region (522.02, 500.00) (2152.0, 2674.0) x (1787.9, 2287.9)
INFO:root:Output region (522.02, 500.00) (2152.0, 2674.0) x (2257.9, 2757.9)
INFO:root:Output region (522.02, 500.00) (2152.0, 2674.0) x (2727.9, 3227.9)
INFO:root:Output region (522.02, 500.00) (2152.0, 2674.0) x (3197.9, 3697.9)
INFO:root:Output region (522.02, 500.00) (2152.0, 2674.0) x (3667.9, 4167.9)
INFO:root:Output region (522.02, 500.00) (2152.0, 2674.0) x (4137.9, 4637.9)
INFO:root:Output region (522.02, 500.00) (2152.0, 2674.0) x (4607.9, 5107.9)
INFO:root:Output region (522.02, 500.00) (2152.0, 2674.0) x (5077.9, 5577.9)
INFO:root:Output region (522.02, 500.00) (2152.0, 2674.0) x (5547.9, 6047.9)
INFO:root:Output region (522.02, 500.00) (2152.0, 2674.0) x (6017.9, 6517.9)
INFO:root:Output region (522.02, 500.00) (2152.0, 2674.0) x (6487.9, 6987.9)
INFO:root:Output region (522.02, 500.00) (2152.0, 2674.0) x (6957.9, 7457.9)
INFO:root:Output region (522.02, 590.97) (2152.0, 2674.0) x (7427.9, 8018.9)
INFO:root:Left over size 500426 (500426, 30.00)
INFO:root:Read blocks of pixels: 91.82 x 6699.44
INFO:root:Read blocks of pixels: 149.88 x 6699.64
INFO:root:Read blocks of pixels: 208.62 x 6699.83
INFO:root:Read blocks of pixels: 267.83 x 6700.06
INFO:root:Read blocks of pixels: 336.29 x 6700.30
INFO:root:Read blocks of pixels: 399.81 x 6700.53
INFO:root:Read blocks of pixels: 463.94 x 6700.76
INFO:root:Read blocks of pixels: 529.81 x 6701.00
INFO:root:Output region (530.81, 501.00) (2643.0, 3173.8) x (1318.6, 1819.6)
INFO:root:Output region (530.81, 500.00) (2643.0, 3173.8) x (1789.6, 2289.6)
INFO:root:Output region (530.81, 500.00) (2643.0, 3173.8) x (2259.6, 2759.6)
INFO:root:Output region (530.81, 500.00) (2643.0, 3173.8) x (2729.6, 3229.6)
INFO:root:Output region (530.81, 500.00) (2643.0, 3173.8) x (3199.6, 3699.6)
INFO:root:Output region (530.81, 500.00) (2643.0, 3173.8) x (3669.6, 4169.6)
INFO:root:Output region (530.81, 500.00) (2643.0, 3173.8) x (4139.6, 4639.6)
INFO:root:Output region (530.81, 500.00) (2643.0, 3173.8) x (4609.6, 5109.6)
INFO:root:Output region (530.81, 500.00) (2643.0, 3173.8) x (5079.6, 5579.6)
INFO:root:Output region (530.81, 500.00) (2643.0, 3173.8) x (5549.6, 6049.6)
INFO:root:Output region (530.81, 500.00) (2643.0, 3173.8) x (6019.6, 6519.6)
INFO:root:Output region (530.81, 500.00) (2643.0, 3173.8) x (6489.6, 6989.6)
INFO:root:Output region (530.81, 500.00) (2643.0, 3173.8) x (6959.6, 7459.6)
INFO:root:Output region (530.81, 591.00) (2643.0, 3173.8) x (7429.6, 8020.6)
INFO:root:Left over size 465491 (465491, 30.00)
INFO:root:Read blocks of pixels: 97.36 x 6699.45
INFO:root:Read blocks of pixels: 163.36 x 6699.68
INFO:root:Read blocks of pixels: 226.05 x 6699.91
INFO:root:Read blocks of pixels: 288.06 x 6700.13
INFO:root:Read blocks of pixels: 346.74 x 6700.34
INFO:root:Read blocks of pixels: 411.22 x 6700.57
INFO:root:Read blocks of pixels: 478.78 x 6700.81
INFO:root:Read blocks of pixels: 540.29 x 6701.03
INFO:root:Output region (541.29, 501.00) (3142.8, 3684.1) x (1320.4, 1821.4)
INFO:root:Output region (541.29, 500.00) (3142.8, 3684.1) x (1791.4, 2291.4)
INFO:root:Output region (541.29, 500.00) (3142.8, 3684.1) x (2261.4, 2761.4)
INFO:root:Output region (541.29, 500.00) (3142.8, 3684.1) x (2731.4, 3231.4)
INFO:root:Output region (541.29, 500.00) (3142.8, 3684.1) x (3201.4, 3701.4)
INFO:root:Output region (541.29, 500.00) (3142.8, 3684.1) x (3671.4, 4171.4)
INFO:root:Output region (541.29, 500.00) (3142.8, 3684.1) x (4141.4, 4641.4)
INFO:root:Output region (541.29, 500.00) (3142.8, 3684.1) x (4611.4, 5111.4)
INFO:root:Output region (541.29, 500.00) (3142.8, 3684.1) x (5081.4, 5581.4)
INFO:root:Output region (541.29, 500.00) (3142.8, 3684.1) x (5551.4, 6051.4)
INFO:root:Output region (541.29, 500.00) (3142.8, 3684.1) x (6021.4, 6521.4)
INFO:root:Output region (541.29, 500.00) (3142.8, 3684.1) x (6491.4, 6991.4)
INFO:root:Output region (541.29, 500.00) (3142.8, 3684.1) x (6961.4, 7461.4)
INFO:root:Output region (541.29, 591.03) (3142.8, 3684.1) x (7431.4, 8022.5)
INFO:root:Left over size 491058 (491058, 30.00)
INFO:root:Read blocks of pixels: 95.02 x 6699.44
INFO:root:Read blocks of pixels: 153.56 x 6699.65
INFO:root:Read blocks of pixels: 221.57 x 6699.89
INFO:root:Read blocks of pixels: 282.11 x 6700.11
INFO:root:Read blocks of pixels: 341.46 x 6700.32
INFO:root:Read blocks of pixels: 407.22 x 6700.55
INFO:root:Read blocks of pixels: 468.18 x 6700.77
INFO:root:Read blocks of pixels: 527.93 x 6700.99
INFO:root:Output region (528.93, 501.00) (3653.1, 4182.0) x (1322.2, 1823.2)
INFO:root:Output region (528.93, 500.00) (3653.1, 4182.0) x (1793.2, 2293.2)
INFO:root:Output region (528.93, 500.00) (3653.1, 4182.0) x (2263.2, 2763.2)
INFO:root:Output region (528.93, 500.00) (3653.1, 4182.0) x (2733.2, 3233.2)
INFO:root:Output region (528.93, 500.00) (3653.1, 4182.0) x (3203.2, 3703.2)
INFO:root:Output region (528.93, 500.00) (3653.1, 4182.0) x (3673.2, 4173.2)
INFO:root:Output region (528.93, 500.00) (3653.1, 4182.0) x (4143.2, 4643.2)
INFO:root:Output region (528.93, 500.00) (3653.1, 4182.0) x (4613.2, 5113.2)
INFO:root:Output region (528.93, 500.00) (3653.1, 4182.0) x (5083.2, 5583.2)
INFO:root:Output region (528.93, 500.00) (3653.1, 4182.0) x (5553.2, 6053.2)
INFO:root:Output region (528.93, 500.00) (3653.1, 4182.0) x (6023.2, 6523.2)
INFO:root:Output region (528.93, 500.00) (3653.1, 4182.0) x (6493.2, 6993.2)
INFO:root:Output region (528.93, 500.00) (3653.1, 4182.0) x (6963.2, 7463.2)
INFO:root:Output region (528.93, 590.99) (3653.1, 4182.0) x (7433.2, 8024.2)
INFO:root:Left over size 503552 (503552, 30.00)
INFO:root:Read blocks of pixels: 82.99 x 6699.40
INFO:root:Read blocks of pixels: 136.05 x 6699.59
INFO:root:Read blocks of pixels: 203.66 x 6699.82
INFO:root:Read blocks of pixels: 263.87 x 6700.04
INFO:root:Read blocks of pixels: 335.25 x 6700.29
INFO:root:Read blocks of pixels: 403.83 x 6700.53
INFO:root:Read blocks of pixels: 464.28 x 6700.75
INFO:root:Read blocks of pixels: 525.98 x 6700.98
INFO:root:Output region (526.98, 501.00) (4151.0, 4678.0) x (1324.0, 1825.0)
INFO:root:Output region (526.98, 500.00) (4151.0, 4678.0) x (1795.0, 2295.0)
INFO:root:Output region (526.98, 500.00) (4151.0, 4678.0) x (2265.0, 2765.0)
INFO:root:Output region (526.98, 500.00) (4151.0, 4678.0) x (2735.0, 3235.0)
INFO:root:Output region (526.98, 500.00) (4151.0, 4678.0) x (3205.0, 3705.0)
INFO:root:Output region (526.98, 500.00) (4151.0, 4678.0) x (3675.0, 4175.0)
INFO:root:Output region (526.98, 500.00) (4151.0, 4678.0) x (4145.0, 4645.0)
INFO:root:Output region (526.98, 500.00) (4151.0, 4678.0) x (4615.0, 5115.0)
INFO:root:Output region (526.98, 500.00) (4151.0, 4678.0) x (5085.0, 5585.0)
INFO:root:Output region (526.98, 500.00) (4151.0, 4678.0) x (5555.0, 6055.0)
INFO:root:Output region (526.98, 500.00) (4151.0, 4678.0) x (6025.0, 6525.0)
INFO:root:Output region (526.98, 500.00) (4151.0, 4678.0) x (6495.0, 6995.0)
INFO:root:Output region (526.98, 500.00) (4151.0, 4678.0) x (6965.0, 7465.0)
INFO:root:Output region (526.98, 590.98) (4151.0, 4678.0) x (7435.0, 8026.0)
INFO:root:Left over size 479798 (479798, 30.00)
INFO:root:Read blocks of pixels: 91.79 x 6699.42
INFO:root:Read blocks of pixels: 163.32 x 6699.68
INFO:root:Read blocks of pixels: 227.67 x 6699.91
INFO:root:Read blocks of pixels: 291.68 x 6700.13
INFO:root:Read blocks of pixels: 350.96 x 6700.35
INFO:root:Read blocks of pixels: 417.03 x 6700.58
INFO:root:Read blocks of pixels: 481.39 x 6700.81
INFO:root:Read blocks of pixels: 549.68 x 6701.05
INFO:root:Output region (550.68, 501.00) (4647.0, 5197.7) x (1325.8, 1826.8)
INFO:root:Output region (550.68, 500.00) (4647.0, 5197.7) x (1796.8, 2296.8)
INFO:root:Output region (550.68, 500.00) (4647.0, 5197.7) x (2266.8, 2766.8)
INFO:root:Output region (550.68, 500.00) (4647.0, 5197.7) x (2736.8, 3236.8)
INFO:root:Output region (550.68, 500.00) (4647.0, 5197.7) x (3206.8, 3706.8)
INFO:root:Output region (550.68, 500.00) (4647.0, 5197.7) x (3676.8, 4176.8)
INFO:root:Output region (550.68, 500.00) (4647.0, 5197.7) x (4146.8, 4646.8)
INFO:root:Output region (550.68, 500.00) (4647.0, 5197.7) x (4616.8, 5116.8)
INFO:root:Output region (550.68, 500.00) (4647.0, 5197.7) x (5086.8, 5586.8)
INFO:root:Output region (550.68, 500.00) (4647.0, 5197.7) x (5556.8, 6056.8)
INFO:root:Output region (550.68, 500.00) (4647.0, 5197.7) x (6026.8, 6526.8)
INFO:root:Output region (550.68, 500.00) (4647.0, 5197.7) x (6496.8, 6996.8)
INFO:root:Output region (550.68, 500.00) (4647.0, 5197.7) x (6966.8, 7466.8)
INFO:root:Output region (550.68, 591.05) (4647.0, 5197.7) x (7436.8, 8027.8)
INFO:root:Left over size 417487 (417487, 30.00)
INFO:root:Read blocks of pixels: 94.93 x 6699.44
INFO:root:Read blocks of pixels: 158.57 x 6699.67
INFO:root:Read blocks of pixels: 226.41 x 6699.91
INFO:root:Read blocks of pixels: 287.86 x 6700.13
INFO:root:Read blocks of pixels: 344.37 x 6700.33
INFO:root:Read blocks of pixels: 403.10 x 6700.54
INFO:root:Read blocks of pixels: 465.31 x 6700.75
INFO:root:Read blocks of pixels: 529.58 x 6700.99
INFO:root:Output region (530.58, 501.00) (5166.7, 5697.3) x (1327.6, 1828.6)
INFO:root:Output region (530.58, 500.00) (5166.7, 5697.3) x (1798.6, 2298.6)
INFO:root:Output region (530.58, 500.00) (5166.7, 5697.3) x (2268.6, 2768.6)
INFO:root:Output region (530.58, 500.00) (5166.7, 5697.3) x (2738.6, 3238.6)
INFO:root:Output region (530.58, 500.00) (5166.7, 5697.3) x (3208.6, 3708.6)
INFO:root:Output region (530.58, 500.00) (5166.7, 5697.3) x (3678.6, 4178.6)
INFO:root:Output region (530.58, 500.00) (5166.7, 5697.3) x (4148.6, 4648.6)
INFO:root:Output region (530.58, 500.00) (5166.7, 5697.3) x (4618.6, 5118.6)
INFO:root:Output region (530.58, 500.00) (5166.7, 5697.3) x (5088.6, 5588.6)
INFO:root:Output region (530.58, 500.00) (5166.7, 5697.3) x (5558.6, 6058.6)
INFO:root:Output region (530.58, 500.00) (5166.7, 5697.3) x (6028.6, 6528.6)
INFO:root:Output region (530.58, 500.00) (5166.7, 5697.3) x (6498.6, 6998.6)
INFO:root:Output region (530.58, 500.00) (5166.7, 5697.3) x (6968.6, 7468.6)
INFO:root:Output region (530.58, 590.99) (5166.7, 5697.3) x (7438.6, 8029.6)
INFO:root:Left over size 467518 (467518, 30.00)
INFO:root:Read blocks of pixels: 96.13 x 6699.44
INFO:root:Read blocks of pixels: 160.08 x 6699.67
INFO:root:Read blocks of pixels: 222.42 x 6699.89
INFO:root:Read blocks of pixels: 288.44 x 6700.12
INFO:root:Read blocks of pixels: 351.74 x 6700.35
INFO:root:Read blocks of pixels: 417.77 x 6700.59
INFO:root:Read blocks of pixels: 479.05 x 6700.80
INFO:root:Read blocks of pixels: 544.59 x 6701.04
INFO:root:Output region (545.59, 501.00) (5666.3, 6211.9) x (1329.4, 1830.4)
INFO:root:Output region (545.59, 500.00) (5666.3, 6211.9) x (1800.4, 2300.4)
INFO:root:Output region (545.59, 500.00) (5666.3, 6211.9) x (2270.4, 2770.4)
INFO:root:Output region (545.59, 500.00) (5666.3, 6211.9) x (2740.4, 3240.4)
INFO:root:Output region (545.59, 500.00) (5666.3, 6211.9) x (3210.4, 3710.4)
INFO:root:Output region (545.59, 500.00) (5666.3, 6211.9) x (3680.4, 4180.4)
INFO:root:Output region (545.59, 500.00) (5666.3, 6211.9) x (4150.4, 4650.4)
INFO:root:Output region (545.59, 500.00) (5666.3, 6211.9) x (4620.4, 5120.4)
INFO:root:Output region (545.59, 500.00) (5666.3, 6211.9) x (5090.4, 5590.4)
INFO:root:Output region (545.59, 500.00) (5666.3, 6211.9) x (5560.4, 6060.4)
INFO:root:Output region (545.59, 500.00) (5666.3, 6211.9) x (6030.4, 6530.4)
INFO:root:Output region (545.59, 500.00) (5666.3, 6211.9) x (6500.4, 7000.4)
INFO:root:Output region (545.59, 500.00) (5666.3, 6211.9) x (6970.4, 7470.4)
INFO:root:Output region (545.59, 591.04) (5666.3, 6211.9) x (7440.4, 8031.5)
INFO:root:Left over size 430800 (430800, 30.00)
INFO:root:Read blocks of pixels: 96.87 x 6699.45
INFO:root:Read blocks of pixels: 166.17 x 6699.69
INFO:root:Read blocks of pixels: 235.01 x 6699.94
INFO:root:Read blocks of pixels: 300.94 x 6700.17
INFO:root:Read blocks of pixels: 369.79 x 6700.41
INFO:root:Read blocks of pixels: 443.74 x 6700.68
INFO:root:Read blocks of pixels: 522.64 x 6700.96
INFO:root:Output region (523.64, 501.00) (6180.9, 6704.5) x (1331.3, 1832.3)
INFO:root:Output region (523.64, 500.00) (6180.9, 6704.5) x (1802.3, 2302.3)
INFO:root:Output region (523.64, 500.00) (6180.9, 6704.5) x (2272.3, 2772.3)
INFO:root:Output region (523.64, 500.00) (6180.9, 6704.5) x (2742.3, 3242.3)
INFO:root:Output region (523.64, 500.00) (6180.9, 6704.5) x (3212.3, 3712.3)
INFO:root:Output region (523.64, 500.00) (6180.9, 6704.5) x (3682.3, 4182.3)
INFO:root:Output region (523.64, 500.00) (6180.9, 6704.5) x (4152.3, 4652.3)
INFO:root:Output region (523.64, 500.00) (6180.9, 6704.5) x (4622.3, 5122.3)
INFO:root:Output region (523.64, 500.00) (6180.9, 6704.5) x (5092.3, 5592.3)
INFO:root:Output region (523.64, 500.00) (6180.9, 6704.5) x (5562.3, 6062.3)
INFO:root:Output region (523.64, 500.00) (6180.9, 6704.5) x (6032.3, 6532.3)
INFO:root:Output region (523.64, 500.00) (6180.9, 6704.5) x (6502.3, 7002.3)
INFO:root:Output region (523.64, 500.00) (6180.9, 6704.5) x (6972.3, 7472.3)
INFO:root:Output region (523.64, 590.96) (6180.9, 6704.5) x (7442.3, 8033.2)
INFO:root:Left over size 385436 (385436, 30.00)
INFO:root:Read blocks of pixels: 97.16 x 6699.44
INFO:root:Read blocks of pixels: 166.98 x 6699.69
INFO:root:Read blocks of pixels: 243.53 x 6699.96
INFO:root:Read blocks of pixels: 316.12 x 6700.21
INFO:root:Read blocks of pixels: 393.95 x 6700.49
INFO:root:Read blocks of pixels: 472.88 x 6700.78
INFO:root:Read blocks of pixels: 552.67 x 6701.06
INFO:root:Output region (553.67, 501.00) (6673.5, 7227.2) x (1333.0, 1834.0)
INFO:root:Output region (553.67, 500.00) (6673.5, 7227.2) x (1804.0, 2304.0)
INFO:root:Output region (553.67, 500.00) (6673.5, 7227.2) x (2274.0, 2774.0)
INFO:root:Output region (553.67, 500.00) (6673.5, 7227.2) x (2744.0, 3244.0)
INFO:root:Output region (553.67, 500.00) (6673.5, 7227.2) x (3214.0, 3714.0)
INFO:root:Output region (553.67, 500.00) (6673.5, 7227.2) x (3684.0, 4184.0)
INFO:root:Output region (553.67, 500.00) (6673.5, 7227.2) x (4154.0, 4654.0)
INFO:root:Output region (553.67, 500.00) (6673.5, 7227.2) x (4624.0, 5124.0)
INFO:root:Output region (553.67, 500.00) (6673.5, 7227.2) x (5094.0, 5594.0)
INFO:root:Output region (553.67, 500.00) (6673.5, 7227.2) x (5564.0, 6064.0)
INFO:root:Output region (553.67, 500.00) (6673.5, 7227.2) x (6034.0, 6534.0)
INFO:root:Output region (553.67, 500.00) (6673.5, 7227.2) x (6504.0, 7004.0)
INFO:root:Output region (553.67, 500.00) (6673.5, 7227.2) x (6974.0, 7474.0)
INFO:root:Output region (553.67, 591.06) (6673.5, 7227.2) x (7444.0, 8035.1)
INFO:root:Left over size 367556 (367556, 30.00)
INFO:root:Read blocks of pixels: 111.26 x 6699.49
INFO:root:Read blocks of pixels: 190.54 x 6699.76
INFO:root:Read blocks of pixels: 265.47 x 6700.04
INFO:root:Read blocks of pixels: 351.14 x 6700.35
INFO:root:Read blocks of pixels: 437.35 x 6700.65
INFO:root:Read blocks of pixels: 522.71 x 6700.95
INFO:root:Output region (523.71, 501.00) (7196.2, 7719.9) x (1334.9, 1835.9)
INFO:root:Output region (523.71, 500.00) (7196.2, 7719.9) x (1805.9, 2305.9)
INFO:root:Output region (523.71, 500.00) (7196.2, 7719.9) x (2275.9, 2775.9)
INFO:root:Output region (523.71, 500.00) (7196.2, 7719.9) x (2745.9, 3245.9)
INFO:root:Output region (523.71, 500.00) (7196.2, 7719.9) x (3215.9, 3715.9)
INFO:root:Output region (523.71, 500.00) (7196.2, 7719.9) x (3685.9, 4185.9)
INFO:root:Output region (523.71, 500.00) (7196.2, 7719.9) x (4155.9, 4655.9)
INFO:root:Output region (523.71, 500.00) (7196.2, 7719.9) x (4625.9, 5125.9)
INFO:root:Output region (523.71, 500.00) (7196.2, 7719.9) x (5095.9, 5595.9)
INFO:root:Output region (523.71, 500.00) (7196.2, 7719.9) x (5565.9, 6065.9)
INFO:root:Output region (523.71, 500.00) (7196.2, 7719.9) x (6035.9, 6535.9)
INFO:root:Output region (523.71, 500.00) (7196.2, 7719.9) x (6505.9, 7005.9)
INFO:root:Output region (523.71, 500.00) (7196.2, 7719.9) x (6975.9, 7475.9)
INFO:root:Output region (523.71, 590.95) (7196.2, 7719.9) x (7445.9, 8036.8)
INFO:root:Left over size 335216 (335216, 30.00)
INFO:root:Read blocks of pixels: 137.76 x 6699.58
INFO:root:Read blocks of pixels: 263.74 x 6700.00
INFO:root:Read blocks of pixels: 389.49 x 6700.44
INFO:root:Read blocks of pixels: 501.61 x 6700.88
INFO:root:Output region (502.61, 501.00) (7688.9, 8191.5) x (1336.6, 1837.6)
INFO:root:Output region (502.61, 500.00) (7688.9, 8191.5) x (1807.6, 2307.6)
INFO:root:Output region (502.61, 500.00) (7688.9, 8191.5) x (2277.6, 2777.6)
INFO:root:Output region (502.61, 500.00) (7688.9, 8191.5) x (2747.6, 3247.6)
INFO:root:Output region (502.61, 500.00) (7688.9, 8191.5) x (3217.6, 3717.6)
INFO:root:Output region (502.61, 500.00) (7688.9, 8191.5) x (3687.6, 4187.6)
INFO:root:Output region (502.61, 500.00) (7688.9, 8191.5) x (4157.6, 4657.6)
INFO:root:Output region (502.61, 500.00) (7688.9, 8191.5) x (4627.6, 5127.6)
INFO:root:Output region (502.61, 500.00) (7688.9, 8191.5) x (5097.6, 5597.6)
INFO:root:Output region (502.61, 500.00) (7688.9, 8191.5) x (5567.6, 6067.6)
INFO:root:Output region (502.61, 500.00) (7688.9, 8191.5) x (6037.6, 6537.6)
INFO:root:Output region (502.61, 500.00) (7688.9, 8191.5) x (6507.6, 7007.6)
INFO:root:Output region (502.61, 500.00) (7688.9, 8191.5) x (6977.6, 7477.6)
INFO:root:Output region (502.61, 590.88) (7688.9, 8191.5) x (7447.6, 8038.5)
INFO:root:Left over size 252674 (252674, 30.00)
INFO:root:Read blocks of pixels: 127.95 x 6699.45
INFO:root:Read blocks of pixels: 230.67 x 6699.73
INFO:root:Read blocks of pixels: 230.67 x 6699.73
INFO:root:Output region (231.67, 501.00) (8160.5, 8392.2) x (1338.4, 1839.4)
INFO:root:Output region (231.67, 500.00) (8160.5, 8392.2) x (1809.4, 2309.4)
INFO:root:Output region (231.67, 500.00) (8160.5, 8392.2) x (2279.4, 2779.4)
INFO:root:Output region (231.67, 500.00) (8160.5, 8392.2) x (2749.4, 3249.4)
INFO:root:Output region (231.67, 500.00) (8160.5, 8392.2) x (3219.4, 3719.4)
INFO:root:Output region (231.67, 500.00) (8160.5, 8392.2) x (3689.4, 4189.4)
INFO:root:Output region (231.67, 500.00) (8160.5, 8392.2) x (4159.4, 4659.4)
INFO:root:Output region (231.67, 500.00) (8160.5, 8392.2) x (4629.4, 5129.4)
INFO:root:Output region (231.67, 500.00) (8160.5, 8392.2) x (5099.4, 5599.4)
INFO:root:Output region (231.67, 500.00) (8160.5, 8392.2) x (5569.4, 6069.4)
INFO:root:Output region (231.67, 500.00) (8160.5, 8392.2) x (6039.4, 6539.4)
INFO:root:Output region (231.67, 500.00) (8160.5, 8392.2) x (6509.4, 7009.4)
INFO:root:Output region (231.67, 500.00) (8160.5, 8392.2) x (6979.4, 7479.4)
INFO:root:Output region (231.67, 589.73) (8160.5, 8392.2) x (7449.4, 8039.1)
['X', 'random_index', 'Y', 'gene', 'Count']
gzip -f /dcs05/lieber/marmaypag/xenium_NAC_LIBD4125/xenium_NAC/processed-data/HD_Full_Analysis/FICTURE/outputs/H1-M3TCP9V_D1/nF_8/batched.matrix.tsv
--------------------------------------------------------------
Creating DGE for 12um...
--------------------------------------------------------------
ficture make_dge --key Count --input /dcs05/lieber/marmaypag/xenium_NAC_LIBD4125/xenium_NAC/processed-data/HD_Full_Analysis/FICTURE/inputs/H1-M3TCP9V_D1/transcripts.sorted.tsv.gz --output /dcs05/lieber/marmaypag/xenium_NAC_LIBD4125/xenium_NAC/processed-data/HD_Full_Analysis/FICTURE/outputs/H1-M3TCP9V_D1/nF_8/hexagon.d_12.tsv --hex_width 12 --n_move 2 --min_ct_per_unit 50 --mu_scale 1.0 --precision 2 --major_axis X --fractional-count 0
INFO:root:Random seed 1772831151.8015325
WARNING:root:The designated major key is not one of the specified count columns, --count_header is ignored
INFO:root:Processing 94521 pixels (1000000 1669.503, 1739.645).
INFO:root:Sliding offset 0, 0. Add 2907 units, median count 151.0, 2907 units so far.
INFO:root:Sliding offset 0, 1. Add 3064 units, median count 150.0, 5971 units so far.
INFO:root:Sliding offset 1, 0. Add 2898 units, median count 151.0, 8869 units so far.
INFO:root:Sliding offset 1, 1. Add 3064 units, median count 152.0, 11933 units so far.
INFO:root:Left over size 372162 (1716, 1740).
INFO:root:Processing 133308 pixels (1372162 1715.646, 1798.426).
INFO:root:Sliding offset 0, 0. Add 3146 units, median count 174.0, 15079 units so far.
INFO:root:Sliding offset 0, 1. Add 3061 units, median count 175.0, 18140 units so far.
INFO:root:Sliding offset 1, 0. Add 3146 units, median count 173.0, 21286 units so far.
INFO:root:Sliding offset 1, 1. Add 3061 units, median count 176.0, 24347 units so far.
INFO:root:Left over size 410719 (1774, 1798).
INFO:root:Processing 145578 pixels (1410719 1774.427, 1865.701).
INFO:root:Sliding offset 0, 0. Add 3434 units, median count 164.0, 27781 units so far.
INFO:root:Sliding offset 0, 1. Add 3509 units, median count 163.0, 31290 units so far.
INFO:root:Sliding offset 1, 0. Add 3425 units, median count 163.5, 34715 units so far.
INFO:root:Sliding offset 1, 1. Add 3512 units, median count 164.0, 38227 units so far.
INFO:root:Left over size 366063 (1842, 1866).
INFO:root:Processing 144756 pixels (1366063 1841.702, 1931.73).
INFO:root:Sliding offset 0, 0. Add 3490 units, median count 167.0, 41717 units so far.
INFO:root:Sliding offset 0, 1. Add 3515 units, median count 167.0, 45232 units so far.
INFO:root:Sliding offset 1, 0. Add 3491 units, median count 168.0, 48723 units so far.
INFO:root:Sliding offset 1, 1. Add 3516 units, median count 169.0, 52239 units so far.
INFO:root:Left over size 369623 (1908, 1932).
INFO:root:Processing 140097 pixels (1369623 1907.731, 1994.122).
INFO:root:Sliding offset 0, 0. Add 3513 units, median count 170.0, 55752 units so far.
INFO:root:Sliding offset 0, 1. Add 3211 units, median count 169.0, 58963 units so far.
INFO:root:Sliding offset 1, 0. Add 3510 units, median count 170.0, 62473 units so far.
INFO:root:Sliding offset 1, 1. Add 3211 units, median count 171.0, 65684 units so far.
INFO:root:Left over size 337181 (1970, 1994).
INFO:root:Processing 134835 pixels (1337181 1970.123, 2053.118).
INFO:root:Sliding offset 0, 0. Add 3071 units, median count 176.0, 68755 units so far.
INFO:root:Sliding offset 0, 1. Add 3204 units, median count 177.0, 71959 units so far.
INFO:root:Sliding offset 1, 0. Add 3077 units, median count 179.0, 75036 units so far.
INFO:root:Sliding offset 1, 1. Add 3207 units, median count 177.0, 78243 units so far.
INFO:root:Left over size 439752 (2029, 2053).
INFO:root:Processing 144066 pixels (1439752 2029.119, 2118.106).
INFO:root:Sliding offset 0, 0. Add 3341 units, median count 175.0, 81584 units so far.
INFO:root:Sliding offset 0, 1. Add 3495 units, median count 176.0, 85079 units so far.
INFO:root:Sliding offset 1, 0. Add 3338 units, median count 177.0, 88417 units so far.
INFO:root:Sliding offset 1, 1. Add 3491 units, median count 177.0, 91908 units so far.
INFO:root:Left over size 358136 (2094, 2118).
INFO:root:Processing 143826 pixels (1358136 2094.107, 2182.97).
INFO:root:Sliding offset 0, 0. Add 3494 units, median count 173.0, 95402 units so far.
INFO:root:Sliding offset 0, 1. Add 3527 units, median count 174.0, 98929 units so far.
INFO:root:Sliding offset 1, 0. Add 3496 units, median count 175.0, 102425 units so far.
INFO:root:Sliding offset 1, 1. Add 3518 units, median count 173.0, 105943 units so far.
INFO:root:Left over size 362468 (2159, 2183).
INFO:root:Processing 135177 pixels (1362468 2158.971, 2242.259).
INFO:root:Sliding offset 0, 0. Add 3183 units, median count 184.0, 109126 units so far.
INFO:root:Sliding offset 0, 1. Add 3071 units, median count 184.0, 112197 units so far.
INFO:root:Sliding offset 1, 0. Add 3182 units, median count 184.0, 115379 units so far.
INFO:root:Sliding offset 1, 1. Add 3072 units, median count 185.0, 118451 units so far.
INFO:root:Left over size 385010 (2218, 2242).
INFO:root:Processing 136982 pixels (1385010 2218.26, 2302.601).
INFO:root:Sliding offset 0, 0. Add 3186 units, median count 186.0, 121637 units so far.
INFO:root:Sliding offset 0, 1. Add 3234 units, median count 186.0, 124871 units so far.
INFO:root:Sliding offset 1, 0. Add 3190 units, median count 185.0, 128061 units so far.
INFO:root:Sliding offset 1, 1. Add 3231 units, median count 187.0, 131292 units so far.
INFO:root:Left over size 373692 (2279, 2303).
INFO:root:Processing 136971 pixels (1373692 2278.602, 2362.991).
INFO:root:Sliding offset 0, 0. Add 3185 units, median count 183.0, 134477 units so far.
INFO:root:Sliding offset 0, 1. Add 3239 units, median count 183.0, 137716 units so far.
INFO:root:Sliding offset 1, 0. Add 3186 units, median count 183.0, 140902 units so far.
INFO:root:Sliding offset 1, 1. Add 3254 units, median count 183.0, 144156 units so far.
INFO:root:Left over size 437816 (2339, 2363).
INFO:root:Processing 143500 pixels (1437816 2338.992, 2427.993).
INFO:root:Sliding offset 0, 0. Add 3452 units, median count 181.0, 147608 units so far.
INFO:root:Sliding offset 0, 1. Add 3317 units, median count 182.0, 150925 units so far.
INFO:root:Sliding offset 1, 0. Add 3460 units, median count 181.5, 154385 units so far.
INFO:root:Sliding offset 1, 1. Add 3310 units, median count 179.0, 157695 units so far.
INFO:root:Left over size 382703 (2404, 2428).
INFO:root:Processing 144880 pixels (1382703 2403.994, 2493.487).
INFO:root:Sliding offset 0, 0. Add 3485 units, median count 179.0, 161180 units so far.
INFO:root:Sliding offset 0, 1. Add 3415 units, median count 177.0, 164595 units so far.
INFO:root:Sliding offset 1, 0. Add 3484 units, median count 177.0, 168079 units so far.
INFO:root:Sliding offset 1, 1. Add 3403 units, median count 178.0, 171482 units so far.
INFO:root:Left over size 376745 (2469, 2493).
INFO:root:Processing 131190 pixels (1376745 2469.488, 2550.005).
INFO:root:Sliding offset 0, 0. Add 2868 units, median count 194.0, 174350 units so far.
INFO:root:Sliding offset 0, 1. Add 3101 units, median count 193.0, 177451 units so far.
INFO:root:Sliding offset 1, 0. Add 2869 units, median count 195.0, 180320 units so far.
INFO:root:Sliding offset 1, 1. Add 3100 units, median count 193.0, 183420 units so far.
INFO:root:Left over size 421924 (2526, 2550).
INFO:root:Processing 142702 pixels (1421924 2526.007, 2613.385).
INFO:root:Sliding offset 0, 0. Add 3516 units, median count 183.0, 186936 units so far.
INFO:root:Sliding offset 0, 1. Add 3268 units, median count 183.0, 190204 units so far.
INFO:root:Sliding offset 1, 0. Add 3517 units, median count 184.0, 193721 units so far.
INFO:root:Sliding offset 1, 1. Add 3270 units, median count 184.0, 196991 units so far.
INFO:root:Left over size 373603 (2589, 2613).
INFO:root:Processing 138226 pixels (1373603 2589.386, 2673.992).
INFO:root:Sliding offset 0, 0. Add 3213 units, median count 181.0, 200204 units so far.
INFO:root:Sliding offset 0, 1. Add 3309 units, median count 181.0, 203513 units so far.
INFO:root:Sliding offset 1, 0. Add 3214 units, median count 181.0, 206727 units so far.
INFO:root:Sliding offset 1, 1. Add 3305 units, median count 180.0, 210032 units so far.
INFO:root:Left over size 394471 (2650, 2674).
INFO:root:Processing 139848 pixels (1394471 2649.993, 2735.813).
INFO:root:Sliding offset 0, 0. Add 3215 units, median count 180.0, 213247 units so far.
INFO:root:Sliding offset 0, 1. Add 3367 units, median count 177.0, 216614 units so far.
INFO:root:Sliding offset 1, 0. Add 3212 units, median count 179.0, 219826 units so far.
INFO:root:Sliding offset 1, 1. Add 3367 units, median count 178.0, 223193 units so far.
INFO:root:Left over size 397887 (2712, 2736).
INFO:root:Processing 133586 pixels (1397887 2711.814, 2793.878).
INFO:root:Sliding offset 0, 0. Add 3160 units, median count 185.0, 226353 units so far.
INFO:root:Sliding offset 0, 1. Add 2993 units, median count 185.0, 229346 units so far.
INFO:root:Sliding offset 1, 0. Add 3172 units, median count 184.0, 232518 units so far.
INFO:root:Sliding offset 1, 1. Add 3001 units, median count 185.0, 235519 units so far.
INFO:root:Left over size 452012 (2770, 2794).
INFO:root:Processing 135268 pixels (1452012 2769.879, 2852.613).
INFO:root:Sliding offset 0, 0. Add 3203 units, median count 194.0, 238722 units so far.
INFO:root:Sliding offset 0, 1. Add 3074 units, median count 195.0, 241796 units so far.
INFO:root:Sliding offset 1, 0. Add 3206 units, median count 195.0, 245002 units so far.
INFO:root:Sliding offset 1, 1. Add 3067 units, median count 193.0, 248069 units so far.
INFO:root:Left over size 430184 (2829, 2853).
INFO:root:Processing 136149 pixels (1430184 2828.614, 2911.822).
INFO:root:Sliding offset 0, 0. Add 3174 units, median count 193.0, 251243 units so far.
INFO:root:Sliding offset 0, 1. Add 3189 units, median count 193.0, 254432 units so far.
INFO:root:Sliding offset 1, 0. Add 3175 units, median count 194.0, 257607 units so far.
INFO:root:Sliding offset 1, 1. Add 3192 units, median count 193.0, 260799 units so far.
INFO:root:Left over size 392527 (2888, 2912).
INFO:root:Processing 151092 pixels (1392527 2887.823, 2980.28).
INFO:root:Sliding offset 0, 0. Add 3568 units, median count 181.0, 264367 units so far.
INFO:root:Sliding offset 0, 1. Add 3735 units, median count 183.0, 268102 units so far.
INFO:root:Sliding offset 1, 0. Add 3564 units, median count 183.0, 271666 units so far.
INFO:root:Sliding offset 1, 1. Add 3743 units, median count 183.0, 275409 units so far.
INFO:root:Left over size 387644 (2956, 2980).
INFO:root:Processing 142933 pixels (1387644 2956.281, 3043.808).
INFO:root:Sliding offset 0, 0. Add 3470 units, median count 185.0, 278879 units so far.
INFO:root:Sliding offset 0, 1. Add 3301 units, median count 183.0, 282180 units so far.
INFO:root:Sliding offset 1, 0. Add 3475 units, median count 187.0, 285655 units so far.
INFO:root:Sliding offset 1, 1. Add 3294 units, median count 185.0, 288949 units so far.
INFO:root:Left over size 394013 (3020, 3044).
INFO:root:Processing 143415 pixels (1394013 3019.809, 3107.933).
INFO:root:Sliding offset 0, 0. Add 3205 units, median count 185.0, 292154 units so far.
INFO:root:Sliding offset 0, 1. Add 3487 units, median count 186.0, 295641 units so far.
INFO:root:Sliding offset 1, 0. Add 3200 units, median count 185.0, 298841 units so far.
INFO:root:Sliding offset 1, 1. Add 3484 units, median count 185.0, 302325 units so far.
INFO:root:Left over size 365009 (3084, 3108).
INFO:root:Processing 146469 pixels (1365009 3083.934, 3173.801).
INFO:root:Sliding offset 0, 0. Add 3519 units, median count 179.0, 305844 units so far.
INFO:root:Sliding offset 0, 1. Add 3517 units, median count 179.0, 309361 units so far.
INFO:root:Sliding offset 1, 0. Add 3523 units, median count 178.0, 312884 units so far.
INFO:root:Sliding offset 1, 1. Add 3514 units, median count 180.0, 316398 units so far.
INFO:root:Left over size 372843 (3150, 3174).
INFO:root:Processing 148200 pixels (1372843 3149.802, 3241.157).
INFO:root:Sliding offset 0, 0. Add 3658 units, median count 177.0, 320056 units so far.
INFO:root:Sliding offset 0, 1. Add 3478 units, median count 176.0, 323534 units so far.
INFO:root:Sliding offset 1, 0. Add 3658 units, median count 178.0, 327192 units so far.
INFO:root:Sliding offset 1, 1. Add 3469 units, median count 177.0, 330661 units so far.
INFO:root:Left over size 352485 (3217, 3241).
INFO:root:Processing 145433 pixels (1352485 3217.158, 3307.162).
INFO:root:Sliding offset 0, 0. Add 3440 units, median count 183.0, 334101 units so far.
INFO:root:Sliding offset 0, 1. Add 3443 units, median count 182.0, 337544 units so far.
INFO:root:Sliding offset 1, 0. Add 3424 units, median count 185.0, 340968 units so far.
INFO:root:Sliding offset 1, 1. Add 3446 units, median count 183.0, 344414 units so far.
INFO:root:Left over size 367220 (3283, 3307).
INFO:root:Processing 139654 pixels (1367220 3283.163, 3369.848).
INFO:root:Sliding offset 0, 0. Add 3267 units, median count 180.5, 347681 units so far.
INFO:root:Sliding offset 0, 1. Add 3270 units, median count 182.0, 350951 units so far.
INFO:root:Sliding offset 1, 0. Add 3266 units, median count 182.0, 354217 units so far.
INFO:root:Sliding offset 1, 1. Add 3266 units, median count 181.0, 357483 units so far.
INFO:root:Left over size 395920 (3346, 3370).
INFO:root:Processing 139817 pixels (1395920 3345.849, 3431.86).
INFO:root:Sliding offset 0, 0. Add 3177 units, median count 189.0, 360660 units so far.
INFO:root:Sliding offset 0, 1. Add 3358 units, median count 187.0, 364018 units so far.
INFO:root:Sliding offset 1, 0. Add 3179 units, median count 188.0, 367197 units so far.
INFO:root:Sliding offset 1, 1. Add 3342 units, median count 188.0, 370539 units so far.
INFO:root:Left over size 401565 (3408, 3432).
INFO:root:Processing 134846 pixels (1401565 3407.861, 3490.539).
INFO:root:Sliding offset 0, 0. Add 3170 units, median count 197.0, 373709 units so far.
INFO:root:Sliding offset 0, 1. Add 3102 units, median count 197.0, 376811 units so far.
INFO:root:Sliding offset 1, 0. Add 3169 units, median count 197.0, 379980 units so far.
INFO:root:Sliding offset 1, 1. Add 3107 units, median count 198.0, 383087 units so far.
INFO:root:Left over size 428238 (3467, 3491).
INFO:root:Processing 143967 pixels (1428238 3466.54, 3555.022).
INFO:root:Sliding offset 0, 0. Add 3479 units, median count 195.0, 386566 units so far.
INFO:root:Sliding offset 0, 1. Add 3263 units, median count 193.0, 389829 units so far.
INFO:root:Sliding offset 1, 0. Add 3484 units, median count 195.0, 393313 units so far.
INFO:root:Sliding offset 1, 1. Add 3256 units, median count 193.0, 396569 units so far.
INFO:root:Left over size 363573 (3531, 3555).
INFO:root:Processing 148701 pixels (1363573 3531.023, 3622.579).
INFO:root:Sliding offset 0, 0. Add 3515 units, median count 180.0, 400084 units so far.
INFO:root:Sliding offset 0, 1. Add 3744 units, median count 180.0, 403828 units so far.
INFO:root:Sliding offset 1, 0. Add 3518 units, median count 182.0, 407346 units so far.
INFO:root:Sliding offset 1, 1. Add 3739 units, median count 182.0, 411085 units so far.
INFO:root:Left over size 351929 (3599, 3623).
INFO:root:Processing 139782 pixels (1351929 3598.58, 3684.093).
INFO:root:Sliding offset 0, 0. Add 3237 units, median count 185.0, 414322 units so far.
INFO:root:Sliding offset 0, 1. Add 3291 units, median count 184.0, 417613 units so far.
INFO:root:Sliding offset 1, 0. Add 3239 units, median count 185.0, 420852 units so far.
INFO:root:Sliding offset 1, 1. Add 3295 units, median count 183.0, 424147 units so far.
INFO:root:Left over size 394582 (3660, 3684).
INFO:root:Processing 145722 pixels (1394582 3660.094, 3749.117).
INFO:root:Sliding offset 0, 0. Add 3508 units, median count 189.0, 427655 units so far.
INFO:root:Sliding offset 0, 1. Add 3514 units, median count 189.0, 431169 units so far.
INFO:root:Sliding offset 1, 0. Add 3511 units, median count 187.0, 434680 units so far.
INFO:root:Sliding offset 1, 1. Add 3517 units, median count 188.0, 438197 units so far.
INFO:root:Left over size 372978 (3725, 3749).
INFO:root:Processing 134441 pixels (1372978 3725.118, 3807.651).
INFO:root:Sliding offset 0, 0. Add 3193 units, median count 186.0, 441390 units so far.
INFO:root:Sliding offset 0, 1. Add 2989 units, median count 184.0, 444379 units so far.
INFO:root:Sliding offset 1, 0. Add 3194 units, median count 185.0, 447573 units so far.
INFO:root:Sliding offset 1, 1. Add 2990 units, median count 186.0, 450563 units so far.
INFO:root:Left over size 411263 (3784, 3808).
INFO:root:Processing 149100 pixels (1411263 3783.652, 3875.664).
INFO:root:Sliding offset 0, 0. Add 3464 units, median count 175.0, 454027 units so far.
INFO:root:Sliding offset 0, 1. Add 3666 units, median count 174.0, 457693 units so far.
INFO:root:Sliding offset 1, 0. Add 3467 units, median count 175.0, 461160 units so far.
INFO:root:Sliding offset 1, 1. Add 3673 units, median count 176.0, 464833 units so far.
INFO:root:Left over size 345584 (3852, 3876).
INFO:root:Processing 137012 pixels (1345584 3851.666, 3936.204).
INFO:root:Sliding offset 0, 0. Add 3172 units, median count 189.0, 468005 units so far.
INFO:root:Sliding offset 0, 1. Add 3145 units, median count 189.0, 471150 units so far.
INFO:root:Sliding offset 1, 0. Add 3174 units, median count 189.0, 474324 units so far.
INFO:root:Sliding offset 1, 1. Add 3150 units, median count 190.0, 477474 units so far.
INFO:root:Left over size 398151 (3912, 3936).
INFO:root:Processing 135364 pixels (1398151 3912.205, 3995.552).
INFO:root:Sliding offset 0, 0. Add 3119 units, median count 204.0, 480593 units so far.
INFO:root:Sliding offset 0, 1. Add 3155 units, median count 202.0, 483748 units so far.
INFO:root:Sliding offset 1, 0. Add 3125 units, median count 201.0, 486873 units so far.
INFO:root:Sliding offset 1, 1. Add 3149 units, median count 201.0, 490022 units so far.
INFO:root:Left over size 388314 (3972, 3996).
INFO:root:Processing 146229 pixels (1388314 3971.553, 4061.316).
INFO:root:Sliding offset 0, 0. Add 3512 units, median count 189.0, 493534 units so far.
INFO:root:Sliding offset 0, 1. Add 3514 units, median count 188.0, 497048 units so far.
INFO:root:Sliding offset 1, 0. Add 3505 units, median count 188.0, 500553 units so far.
INFO:root:Sliding offset 1, 1. Add 3510 units, median count 187.0, 504063 units so far.
INFO:root:Left over size 351699 (4037, 4061).
INFO:root:Processing 138100 pixels (1351699 4037.318, 4122.272).
INFO:root:Sliding offset 0, 0. Add 3213 units, median count 193.0, 507276 units so far.
INFO:root:Sliding offset 0, 1. Add 3171 units, median count 191.0, 510447 units so far.
INFO:root:Sliding offset 1, 0. Add 3212 units, median count 192.0, 513659 units so far.
INFO:root:Sliding offset 1, 1. Add 3174 units, median count 191.5, 516833 units so far.
INFO:root:Left over size 409297 (4098, 4122).
INFO:root:Processing 136693 pixels (1409297 4098.274, 4182.025).
INFO:root:Sliding offset 0, 0. Add 3143 units, median count 200.0, 519976 units so far.
INFO:root:Sliding offset 0, 1. Add 3178 units, median count 200.0, 523154 units so far.
INFO:root:Sliding offset 1, 0. Add 3138 units, median count 201.0, 526292 units so far.
INFO:root:Sliding offset 1, 1. Add 3182 units, median count 201.0, 529474 units so far.
INFO:root:Left over size 406794 (4158, 4182).
INFO:root:Processing 126140 pixels (1406794 4158.027, 4235.02).
INFO:root:Sliding offset 0, 0. Add 2884 units, median count 213.0, 532358 units so far.
INFO:root:Sliding offset 0, 1. Add 2893 units, median count 212.0, 535251 units so far.
INFO:root:Sliding offset 1, 0. Add 2885 units, median count 213.0, 538136 units so far.
INFO:root:Sliding offset 1, 1. Add 2891 units, median count 208.0, 541027 units so far.
INFO:root:Left over size 436160 (4211, 4235).
INFO:root:Processing 124977 pixels (1436160 4211.021, 4288.08).
INFO:root:Sliding offset 0, 0. Add 2779 units, median count 220.0, 543806 units so far.
INFO:root:Sliding offset 0, 1. Add 2632 units, median count 220.0, 546438 units so far.
INFO:root:Sliding offset 1, 0. Add 2780 units, median count 219.0, 549218 units so far.
INFO:root:Sliding offset 1, 1. Add 2631 units, median count 222.0, 551849 units so far.
INFO:root:Left over size 437218 (4264, 4288).
INFO:root:Processing 140677 pixels (1437218 4264.082, 4355.688).
INFO:root:Sliding offset 0, 0. Add 3100 units, median count 210.0, 554949 units so far.
INFO:root:Sliding offset 0, 1. Add 3224 units, median count 209.0, 558173 units so far.
INFO:root:Sliding offset 1, 0. Add 3102 units, median count 209.0, 561275 units so far.
INFO:root:Sliding offset 1, 1. Add 3216 units, median count 210.0, 564491 units so far.
INFO:root:Left over size 336328 (4332, 4356).
INFO:root:Processing 122932 pixels (1336328 4331.69, 4415.898).
INFO:root:Sliding offset 0, 0. Add 2537 units, median count 225.0, 567028 units so far.
INFO:root:Sliding offset 0, 1. Add 2524 units, median count 224.0, 569552 units so far.
INFO:root:Sliding offset 1, 0. Add 2544 units, median count 225.0, 572096 units so far.
INFO:root:Sliding offset 1, 1. Add 2535 units, median count 222.0, 574631 units so far.
INFO:root:Left over size 388956 (4392, 4416).
INFO:root:Processing 137354 pixels (1388956 4391.899, 4487.272).
INFO:root:Sliding offset 0, 0. Add 2977 units, median count 212.0, 577608 units so far.
INFO:root:Sliding offset 0, 1. Add 2991 units, median count 211.0, 580599 units so far.
INFO:root:Sliding offset 1, 0. Add 2992 units, median count 212.0, 583591 units so far.
INFO:root:Sliding offset 1, 1. Add 2985 units, median count 211.0, 586576 units so far.
INFO:root:Left over size 333386 (4463, 4487).
INFO:root:Processing 140326 pixels (1333386 4463.273, 4555.852).
INFO:root:Sliding offset 0, 0. Add 3353 units, median count 197.0, 589929 units so far.
INFO:root:Sliding offset 0, 1. Add 3110 units, median count 196.0, 593039 units so far.
INFO:root:Sliding offset 1, 0. Add 3347 units, median count 200.0, 596386 units so far.
INFO:root:Sliding offset 1, 1. Add 3107 units, median count 195.0, 599493 units so far.
INFO:root:Left over size 394211 (4532, 4556).
INFO:root:Processing 135684 pixels (1394211 4531.853, 4616.307).
INFO:root:Sliding offset 0, 0. Add 3193 units, median count 197.0, 602686 units so far.
INFO:root:Sliding offset 0, 1. Add 3168 units, median count 198.0, 605854 units so far.
INFO:root:Sliding offset 1, 0. Add 3194 units, median count 197.0, 609048 units so far.
INFO:root:Sliding offset 1, 1. Add 3173 units, median count 197.0, 612221 units so far.
INFO:root:Left over size 402663 (4592, 4616).
INFO:root:Processing 139110 pixels (1402663 4592.308, 4678.009).
INFO:root:Sliding offset 0, 0. Add 3173 units, median count 194.0, 615394 units so far.
INFO:root:Sliding offset 0, 1. Add 3314 units, median count 199.0, 618708 units so far.
INFO:root:Sliding offset 1, 0. Add 3172 units, median count 196.5, 621880 units so far.
INFO:root:Sliding offset 1, 1. Add 3322 units, median count 199.0, 625202 units so far.
INFO:root:Left over size 389559 (4654, 4678).
INFO:root:Processing 138790 pixels (1389559 4654.01, 4739.802).
INFO:root:Sliding offset 0, 0. Add 3093 units, median count 207.0, 628295 units so far.
INFO:root:Sliding offset 0, 1. Add 3233 units, median count 209.0, 631528 units so far.
INFO:root:Sliding offset 1, 0. Add 3096 units, median count 209.0, 634624 units so far.
INFO:root:Sliding offset 1, 1. Add 3231 units, median count 205.0, 637855 units so far.
INFO:root:Left over size 402636 (4716, 4740).
INFO:root:Processing 153258 pixels (1402636 4715.803, 4811.335).
INFO:root:Sliding offset 0, 0. Add 3669 units, median count 196.0, 641524 units so far.
INFO:root:Sliding offset 0, 1. Add 3669 units, median count 198.0, 645193 units so far.
INFO:root:Sliding offset 1, 0. Add 3669 units, median count 195.0, 648862 units so far.
INFO:root:Sliding offset 1, 1. Add 3674 units, median count 196.0, 652536 units so far.
INFO:root:Left over size 348578 (4787, 4811).
INFO:root:Processing 141305 pixels (1348578 4787.336, 4875.68).
INFO:root:Sliding offset 0, 0. Add 3338 units, median count 203.0, 655874 units so far.
INFO:root:Sliding offset 0, 1. Add 3143 units, median count 205.0, 659017 units so far.
INFO:root:Sliding offset 1, 0. Add 3340 units, median count 202.0, 662357 units so far.
INFO:root:Sliding offset 1, 1. Add 3140 units, median count 204.0, 665497 units so far.
INFO:root:Left over size 400994 (4852, 4876).
INFO:root:Processing 141002 pixels (1400994 4851.681, 4939.686).
INFO:root:Sliding offset 0, 0. Add 3283 units, median count 219.0, 668780 units so far.
INFO:root:Sliding offset 0, 1. Add 3233 units, median count 219.0, 672013 units so far.
INFO:root:Sliding offset 1, 0. Add 3279 units, median count 220.0, 675292 units so far.
INFO:root:Sliding offset 1, 1. Add 3232 units, median count 218.0, 678524 units so far.
INFO:root:Left over size 395483 (4916, 4940).
INFO:root:Processing 132562 pixels (1395483 4915.687, 4998.97).
INFO:root:Sliding offset 0, 0. Add 2891 units, median count 221.0, 681415 units so far.
INFO:root:Sliding offset 0, 1. Add 2983 units, median count 220.0, 684398 units so far.
INFO:root:Sliding offset 1, 0. Add 2878 units, median count 221.0, 687276 units so far.
INFO:root:Sliding offset 1, 1. Add 2974 units, median count 222.0, 690250 units so far.
INFO:root:Left over size 422506 (4975, 4999).
INFO:root:Processing 143046 pixels (1422506 4974.971, 5065.043).
INFO:root:Sliding offset 0, 0. Add 3302 units, median count 211.0, 693552 units so far.
INFO:root:Sliding offset 0, 1. Add 3299 units, median count 210.0, 696851 units so far.
INFO:root:Sliding offset 1, 0. Add 3306 units, median count 210.0, 700157 units so far.
INFO:root:Sliding offset 1, 1. Add 3304 units, median count 210.0, 703461 units so far.
INFO:root:Left over size 386241 (5041, 5065).
INFO:root:Processing 141351 pixels (1386241 5041.044, 5129.399).
INFO:root:Sliding offset 0, 0. Add 3197 units, median count 210.0, 706658 units so far.
INFO:root:Sliding offset 0, 1. Add 3345 units, median count 210.0, 710003 units so far.
INFO:root:Sliding offset 1, 0. Add 3197 units, median count 209.0, 713200 units so far.
INFO:root:Sliding offset 1, 1. Add 3355 units, median count 210.5, 716555 units so far.
INFO:root:Left over size 382337 (5105, 5129).
INFO:root:Processing 147557 pixels (1382337 5105.4, 5197.694).
INFO:root:Sliding offset 0, 0. Add 3602 units, median count 201.0, 720157 units so far.
INFO:root:Sliding offset 0, 1. Add 3353 units, median count 200.0, 723510 units so far.
INFO:root:Sliding offset 1, 0. Add 3611 units, median count 201.0, 727121 units so far.
INFO:root:Sliding offset 1, 1. Add 3345 units, median count 200.0, 730466 units so far.
INFO:root:Left over size 339348 (5174, 5198).
INFO:root:Processing 142817 pixels (1339348 5173.695, 5262.626).
INFO:root:Sliding offset 0, 0. Add 3206 units, median count 205.0, 733672 units so far.
INFO:root:Sliding offset 0, 1. Add 3358 units, median count 206.0, 737030 units so far.
INFO:root:Sliding offset 1, 0. Add 3200 units, median count 207.0, 740230 units so far.
INFO:root:Sliding offset 1, 1. Add 3373 units, median count 205.0, 743603 units so far.
INFO:root:Left over size 355218 (5239, 5263).
INFO:root:Processing 141698 pixels (1355218 5238.627, 5326.269).
INFO:root:Sliding offset 0, 0. Add 3332 units, median count 205.0, 746935 units so far.
INFO:root:Sliding offset 0, 1. Add 3322 units, median count 205.0, 750257 units so far.
INFO:root:Sliding offset 1, 0. Add 3334 units, median count 204.0, 753591 units so far.
INFO:root:Sliding offset 1, 1. Add 3324 units, median count 206.0, 756915 units so far.
INFO:root:Left over size 372841 (5302, 5326).
INFO:root:Processing 148912 pixels (1372841 5302.27, 5394.1).
INFO:root:Sliding offset 0, 0. Add 3484 units, median count 196.0, 760399 units so far.
INFO:root:Sliding offset 0, 1. Add 3588 units, median count 195.0, 763987 units so far.
INFO:root:Sliding offset 1, 0. Add 3486 units, median count 197.0, 767473 units so far.
INFO:root:Sliding offset 1, 1. Add 3586 units, median count 196.0, 771059 units so far.
INFO:root:Left over size 362711 (5370, 5394).
INFO:root:Processing 139155 pixels (1362711 5370.101, 5455.55).
INFO:root:Sliding offset 0, 0. Add 3388 units, median count 206.0, 774447 units so far.
INFO:root:Sliding offset 0, 1. Add 3161 units, median count 205.0, 777608 units so far.
INFO:root:Sliding offset 1, 0. Add 3380 units, median count 208.0, 780988 units so far.
INFO:root:Sliding offset 1, 1. Add 3163 units, median count 207.0, 784151 units so far.
INFO:root:Left over size 400024 (5432, 5456).
INFO:root:Processing 131434 pixels (1400024 5431.551, 5512.065).
INFO:root:Sliding offset 0, 0. Add 2882 units, median count 225.0, 787033 units so far.
INFO:root:Sliding offset 0, 1. Add 2983 units, median count 228.0, 790016 units so far.
INFO:root:Sliding offset 1, 0. Add 2888 units, median count 224.0, 792904 units so far.
INFO:root:Sliding offset 1, 1. Add 2983 units, median count 230.0, 795887 units so far.
INFO:root:Left over size 452752 (5488, 5512).
INFO:root:Processing 133915 pixels (1452752 5488.066, 5570.794).
INFO:root:Sliding offset 0, 0. Add 3078 units, median count 234.0, 798965 units so far.
INFO:root:Sliding offset 0, 1. Add 2921 units, median count 233.0, 801886 units so far.
INFO:root:Sliding offset 1, 0. Add 3085 units, median count 233.0, 804971 units so far.
INFO:root:Sliding offset 1, 1. Add 2917 units, median count 232.0, 807888 units so far.
INFO:root:Left over size 410739 (5547, 5571).
INFO:root:Processing 140217 pixels (1410739 5546.795, 5633.001).
INFO:root:Sliding offset 0, 0. Add 3164 units, median count 218.0, 811052 units so far.
INFO:root:Sliding offset 0, 1. Add 3466 units, median count 221.0, 814518 units so far.
INFO:root:Sliding offset 1, 0. Add 3160 units, median count 219.0, 817678 units so far.
INFO:root:Sliding offset 1, 1. Add 3462 units, median count 221.0, 821140 units so far.
INFO:root:Left over size 404620 (5609, 5633).
INFO:root:Processing 144633 pixels (1404620 5609.002, 5697.278).
INFO:root:Sliding offset 0, 0. Add 3496 units, median count 214.0, 824636 units so far.
INFO:root:Sliding offset 0, 1. Add 3234 units, median count 213.0, 827870 units so far.
INFO:root:Sliding offset 1, 0. Add 3500 units, median count 214.0, 831370 units so far.
INFO:root:Sliding offset 1, 1. Add 3233 units, median count 214.0, 834603 units so far.
INFO:root:Left over size 365440 (5673, 5697).
INFO:root:Processing 147750 pixels (1365440 5673.279, 5763.413).
INFO:root:Sliding offset 0, 0. Add 3489 units, median count 202.0, 838092 units so far.
INFO:root:Sliding offset 0, 1. Add 3507 units, median count 205.0, 841599 units so far.
INFO:root:Sliding offset 1, 0. Add 3489 units, median count 204.0, 845088 units so far.
INFO:root:Sliding offset 1, 1. Add 3503 units, median count 204.0, 848591 units so far.
INFO:root:Left over size 367994 (5739, 5763).
INFO:root:Processing 144336 pixels (1367994 5739.414, 5827.356).
INFO:root:Sliding offset 0, 0. Add 3394 units, median count 208.0, 851985 units so far.
INFO:root:Sliding offset 0, 1. Add 3421 units, median count 207.0, 855406 units so far.
INFO:root:Sliding offset 1, 0. Add 3395 units, median count 208.0, 858801 units so far.
INFO:root:Sliding offset 1, 1. Add 3427 units, median count 206.0, 862228 units so far.
INFO:root:Left over size 369534 (5803, 5827).
INFO:root:Processing 141787 pixels (1369534 5803.357, 5889.698).
INFO:root:Sliding offset 0, 0. Add 3314 units, median count 199.0, 865542 units so far.
INFO:root:Sliding offset 0, 1. Add 3332 units, median count 203.0, 868874 units so far.
INFO:root:Sliding offset 1, 0. Add 3303 units, median count 200.0, 872177 units so far.
INFO:root:Sliding offset 1, 1. Add 3326 units, median count 203.0, 875503 units so far.
INFO:root:Left over size 399745 (5866, 5890).
INFO:root:Processing 147340 pixels (1399745 5865.699, 5955.718).
INFO:root:Sliding offset 0, 0. Add 3521 units, median count 194.0, 879024 units so far.
INFO:root:Sliding offset 0, 1. Add 3525 units, median count 195.0, 882549 units so far.
INFO:root:Sliding offset 1, 0. Add 3524 units, median count 192.0, 886073 units so far.
INFO:root:Sliding offset 1, 1. Add 3523 units, median count 196.0, 889596 units so far.
INFO:root:Left over size 368304 (5932, 5956).
INFO:root:Processing 142826 pixels (1368304 5931.719, 6019.021).
INFO:root:Sliding offset 0, 0. Add 3344 units, median count 201.0, 892940 units so far.
INFO:root:Sliding offset 0, 1. Add 3384 units, median count 197.0, 896324 units so far.
INFO:root:Sliding offset 1, 0. Add 3346 units, median count 196.0, 899670 units so far.
INFO:root:Sliding offset 1, 1. Add 3386 units, median count 197.0, 903056 units so far.
INFO:root:Left over size 350890 (5995, 6019).
INFO:root:Processing 146230 pixels (1350890 5995.022, 6085.052).
INFO:root:Sliding offset 0, 0. Add 3449 units, median count 191.0, 906505 units so far.
INFO:root:Sliding offset 0, 1. Add 3447 units, median count 191.0, 909952 units so far.
INFO:root:Sliding offset 1, 0. Add 3458 units, median count 194.0, 913410 units so far.
INFO:root:Sliding offset 1, 1. Add 3448 units, median count 193.0, 916858 units so far.
INFO:root:Left over size 363981 (6061, 6085).
INFO:root:Processing 139017 pixels (1363981 6061.053, 6146.329).
INFO:root:Sliding offset 0, 0. Add 3293 units, median count 205.0, 920151 units so far.
INFO:root:Sliding offset 0, 1. Add 3145 units, median count 207.0, 923296 units so far.
INFO:root:Sliding offset 1, 0. Add 3291 units, median count 205.0, 926587 units so far.
INFO:root:Sliding offset 1, 1. Add 3151 units, median count 205.0, 929738 units so far.
INFO:root:Left over size 371686 (6122, 6146).
INFO:root:Processing 146267 pixels (1371686 6122.33, 6211.874).
INFO:root:Sliding offset 0, 0. Add 3477 units, median count 194.5, 933215 units so far.
INFO:root:Sliding offset 0, 1. Add 3488 units, median count 193.0, 936703 units so far.
INFO:root:Sliding offset 1, 0. Add 3481 units, median count 193.0, 940184 units so far.
INFO:root:Sliding offset 1, 1. Add 3489 units, median count 193.0, 943673 units so far.
INFO:root:Left over size 343751 (6188, 6212).
INFO:root:Processing 147700 pixels (1343751 6187.875, 6278.747).
INFO:root:Sliding offset 0, 0. Add 3499 units, median count 189.0, 947172 units so far.
INFO:root:Sliding offset 0, 1. Add 3490 units, median count 189.0, 950662 units so far.
INFO:root:Sliding offset 1, 0. Add 3498 units, median count 188.0, 954160 units so far.
INFO:root:Sliding offset 1, 1. Add 3490 units, median count 187.0, 957650 units so far.
INFO:root:Left over size 353054 (6255, 6279).
INFO:root:Processing 152599 pixels (1353054 6254.748, 6348.049).
INFO:root:Sliding offset 0, 0. Add 3541 units, median count 183.0, 961191 units so far.
INFO:root:Sliding offset 0, 1. Add 3842 units, median count 185.0, 965033 units so far.
INFO:root:Sliding offset 1, 0. Add 3540 units, median count 184.0, 968573 units so far.
INFO:root:Sliding offset 1, 1. Add 3838 units, median count 183.0, 972411 units so far.
INFO:root:Left over size 362371 (6324, 6348).
INFO:root:Processing 152056 pixels (1362371 6324.05, 6416.884).
INFO:root:Sliding offset 0, 0. Add 3843 units, median count 183.0, 976254 units so far.
INFO:root:Sliding offset 0, 1. Add 3537 units, median count 184.0, 979791 units so far.
INFO:root:Sliding offset 1, 0. Add 3841 units, median count 183.0, 983632 units so far.
INFO:root:Sliding offset 1, 1. Add 3538 units, median count 184.0, 987170 units so far.
INFO:root:Left over size 348744 (6393, 6417).
INFO:root:Processing 147456 pixels (1348744 6392.885, 6482.813).
INFO:root:Sliding offset 0, 0. Add 3532 units, median count 186.0, 990702 units so far.
INFO:root:Sliding offset 0, 1. Add 3539 units, median count 185.0, 994241 units so far.
INFO:root:Sliding offset 1, 0. Add 3531 units, median count 186.0, 997772 units so far.
INFO:root:Sliding offset 1, 1. Add 3538 units, median count 185.0, 1001310 units so far.
INFO:root:Left over size 358688 (6459, 6483).
INFO:root:Processing 151057 pixels (1358688 6458.814, 6551.664).
INFO:root:Sliding offset 0, 0. Add 3491 units, median count 177.0, 1004801 units so far.
INFO:root:Sliding offset 0, 1. Add 3798 units, median count 177.0, 1008599 units so far.
INFO:root:Sliding offset 1, 0. Add 3490 units, median count 177.0, 1012089 units so far.
INFO:root:Sliding offset 1, 1. Add 3797 units, median count 179.0, 1015886 units so far.
INFO:root:Left over size 340524 (6528, 6552).
INFO:root:Processing 158575 pixels (1340524 6527.665, 6625.614).
INFO:root:Sliding offset 0, 0. Add 4028 units, median count 171.0, 1019914 units so far.
INFO:root:Sliding offset 0, 1. Add 3788 units, median count 172.0, 1023702 units so far.
INFO:root:Sliding offset 1, 0. Add 4029 units, median count 172.0, 1027731 units so far.
INFO:root:Sliding offset 1, 1. Add 3791 units, median count 171.0, 1031522 units so far.
INFO:root:Left over size 311228 (6602, 6626).
INFO:root:Processing 166500 pixels (1311228 6601.615, 6704.513).
INFO:root:Sliding offset 0, 0. Add 4165 units, median count 161.0, 1035687 units so far.
INFO:root:Sliding offset 0, 1. Add 4103 units, median count 161.0, 1039790 units so far.
INFO:root:Sliding offset 1, 0. Add 4166 units, median count 161.0, 1043956 units so far.
INFO:root:Sliding offset 1, 1. Add 4104 units, median count 161.0, 1048060 units so far.
INFO:root:Left over size 307930 (6681, 6705).
INFO:root:Processing 148903 pixels (1307930 6680.514, 6771.673).
INFO:root:Sliding offset 0, 0. Add 3511 units, median count 183.0, 1051571 units so far.
INFO:root:Sliding offset 0, 1. Add 3619 units, median count 182.0, 1055190 units so far.
INFO:root:Sliding offset 1, 0. Add 3518 units, median count 184.0, 1058708 units so far.
INFO:root:Sliding offset 1, 1. Add 3624 units, median count 182.0, 1062332 units so far.
INFO:root:Left over size 360357 (6748, 6772).
INFO:root:Processing 153115 pixels (1360357 6747.674, 6841.499).
INFO:root:Sliding offset 0, 0. Add 3749 units, median count 183.0, 1066081 units so far.
INFO:root:Sliding offset 0, 1. Add 3712 units, median count 181.0, 1069793 units so far.
INFO:root:Sliding offset 1, 0. Add 3742 units, median count 183.0, 1073535 units so far.
INFO:root:Sliding offset 1, 1. Add 3714 units, median count 181.0, 1077249 units so far.
INFO:root:Left over size 330776 (6818, 6841).
INFO:root:Processing 163894 pixels (1330776 6817.5, 6918.041).
INFO:root:Sliding offset 0, 0. Add 3931 units, median count 171.0, 1081180 units so far.
INFO:root:Sliding offset 0, 1. Add 4167 units, median count 172.0, 1085347 units so far.
INFO:root:Sliding offset 1, 0. Add 3939 units, median count 170.0, 1089286 units so far.
INFO:root:Sliding offset 1, 1. Add 4169 units, median count 172.0, 1093455 units so far.
INFO:root:Left over size 317869 (6894, 6918).
INFO:root:Processing 157254 pixels (1317869 6894.042, 6990.638).
INFO:root:Sliding offset 0, 0. Add 3920 units, median count 167.0, 1097375 units so far.
INFO:root:Sliding offset 0, 1. Add 3832 units, median count 167.0, 1101207 units so far.
INFO:root:Sliding offset 1, 0. Add 3918 units, median count 168.0, 1105125 units so far.
INFO:root:Sliding offset 1, 1. Add 3830 units, median count 167.0, 1108955 units so far.
INFO:root:Left over size 357816 (6967, 6991).
INFO:root:Processing 165390 pixels (1357816 6966.639, 7068.467).
INFO:root:Sliding offset 0, 0. Add 4114 units, median count 171.0, 1113069 units so far.
INFO:root:Sliding offset 0, 1. Add 4130 units, median count 170.0, 1117199 units so far.
INFO:root:Sliding offset 1, 0. Add 4108 units, median count 170.0, 1121307 units so far.
INFO:root:Sliding offset 1, 1. Add 4134 units, median count 171.0, 1125441 units so far.
INFO:root:Left over size 316343 (7044, 7068).
INFO:root:Processing 167132 pixels (1316343 7044.468, 7147.397).
INFO:root:Sliding offset 0, 0. Add 4298 units, median count 157.0, 1129739 units so far.
INFO:root:Sliding offset 0, 1. Add 4149 units, median count 158.0, 1133888 units so far.
INFO:root:Sliding offset 1, 0. Add 4299 units, median count 157.0, 1138187 units so far.
INFO:root:Sliding offset 1, 1. Add 4148 units, median count 157.0, 1142335 units so far.
INFO:root:Left over size 314143 (7123, 7147).
INFO:root:Processing 169235 pixels (1314143 7123.398, 7227.187).
INFO:root:Sliding offset 0, 0. Add 4277 units, median count 159.0, 1146612 units so far.
INFO:root:Sliding offset 0, 1. Add 4210 units, median count 160.5, 1150822 units so far.
INFO:root:Sliding offset 1, 0. Add 4276 units, median count 160.0, 1155098 units so far.
INFO:root:Sliding offset 1, 1. Add 4206 units, median count 160.0, 1159304 units so far.
INFO:root:Left over size 296871 (7203, 7227).
INFO:root:Processing 171108 pixels (1296871 7203.188, 7308.45).
INFO:root:Sliding offset 0, 0. Add 4249 units, median count 156.0, 1163553 units so far.
INFO:root:Sliding offset 0, 1. Add 4464 units, median count 155.0, 1168017 units so far.
INFO:root:Sliding offset 1, 0. Add 4244 units, median count 157.0, 1172261 units so far.
INFO:root:Sliding offset 1, 1. Add 4472 units, median count 155.0, 1176733 units so far.
INFO:root:Left over size 289099 (7284, 7308).
INFO:root:Processing 168039 pixels (1289099 7284.451, 7387.724).
INFO:root:Sliding offset 0, 0. Add 4390 units, median count 157.0, 1181123 units so far.
INFO:root:Sliding offset 0, 1. Add 4180 units, median count 157.0, 1185303 units so far.
INFO:root:Sliding offset 1, 0. Add 4391 units, median count 158.0, 1189694 units so far.
INFO:root:Sliding offset 1, 1. Add 4179 units, median count 158.0, 1193873 units so far.
INFO:root:Left over size 317410 (7364, 7388).
INFO:root:Processing 161040 pixels (1317410 7363.727, 7462.663).
INFO:root:Sliding offset 0, 0. Add 3897 units, median count 163.0, 1197770 units so far.
INFO:root:Sliding offset 0, 1. Add 4106 units, median count 165.0, 1201876 units so far.
INFO:root:Sliding offset 1, 0. Add 3891 units, median count 164.0, 1205767 units so far.
INFO:root:Sliding offset 1, 1. Add 4111 units, median count 165.0, 1209878 units so far.
INFO:root:Left over size 326413 (7439, 7463).
INFO:root:Processing 176371 pixels (1326413 7438.666, 7548.327).
INFO:root:Sliding offset 0, 0. Add 4490 units, median count 153.0, 1214368 units so far.
INFO:root:Sliding offset 0, 1. Add 4481 units, median count 154.0, 1218849 units so far.
INFO:root:Sliding offset 1, 0. Add 4494 units, median count 153.0, 1223343 units so far.
INFO:root:Sliding offset 1, 1. Add 4486 units, median count 152.0, 1227829 units so far.
INFO:root:Left over size 284904 (7524, 7548).
INFO:root:Processing 174130 pixels (1284904 7524.33, 7634.539).
INFO:root:Sliding offset 0, 0. Add 4584 units, median count 154.0, 1232413 units so far.
INFO:root:Sliding offset 0, 1. Add 4351 units, median count 155.0, 1236764 units so far.
INFO:root:Sliding offset 1, 0. Add 4601 units, median count 155.0, 1241365 units so far.
INFO:root:Sliding offset 1, 1. Add 4350 units, median count 156.0, 1245715 units so far.
INFO:root:Left over size 278881 (7611, 7635).
INFO:root:Processing 170521 pixels (1278881 7610.541, 7719.897).
INFO:root:Sliding offset 0, 0. Add 4293 units, median count 157.0, 1250008 units so far.
INFO:root:Sliding offset 0, 1. Add 4418 units, median count 156.0, 1254426 units so far.
INFO:root:Sliding offset 1, 0. Add 4290 units, median count 157.0, 1258716 units so far.
INFO:root:Sliding offset 1, 1. Add 4410 units, median count 156.5, 1263126 units so far.
INFO:root:Left over size 269916 (7696, 7720).
INFO:root:Processing 195327 pixels (1269916 7695.9, 7827.664).
INFO:root:Sliding offset 0, 0. Add 4992 units, median count 139.0, 1268118 units so far.
INFO:root:Sliding offset 0, 1. Add 4945 units, median count 139.0, 1273063 units so far.
INFO:root:Sliding offset 1, 0. Add 4970 units, median count 139.0, 1278033 units so far.
INFO:root:Sliding offset 1, 1. Add 4957 units, median count 138.0, 1282990 units so far.
INFO:root:Left over size 178692 (7804, 7828).
INFO:root:Processing 206589 pixels (1178692 7803.666, 7953.644).
INFO:root:Sliding offset 0, 0. Add 5414 units, median count 123.0, 1288404 units so far.
INFO:root:Sliding offset 0, 1. Add 5417 units, median count 123.0, 1293821 units so far.
INFO:root:Sliding offset 1, 0. Add 5401 units, median count 124.0, 1299222 units so far.
INFO:root:Sliding offset 1, 1. Add 5427 units, median count 124.0, 1304649 units so far.
INFO:root:Left over size 184787 (7930, 7954).
INFO:root:Processing 203316 pixels (1184787 7929.647, 8079.391).
INFO:root:Sliding offset 0, 0. Add 5251 units, median count 126.0, 1309900 units so far.
INFO:root:Sliding offset 0, 1. Add 5228 units, median count 126.0, 1315128 units so far.
INFO:root:Sliding offset 1, 0. Add 5250 units, median count 126.0, 1320378 units so far.
INFO:root:Sliding offset 1, 1. Add 5243 units, median count 125.0, 1325621 units so far.
INFO:root:Left over size 214221 (8055, 8079).
INFO:root:Processing 193995 pixels (1214221 8055.395, 8191.505).
INFO:root:Sliding offset 0, 0. Add 4986 units, median count 135.0, 1330607 units so far.
INFO:root:Sliding offset 0, 1. Add 5002 units, median count 135.0, 1335609 units so far.
INFO:root:Sliding offset 1, 0. Add 4972 units, median count 136.0, 1340581 units so far.
INFO:root:Sliding offset 1, 1. Add 4986 units, median count 135.0, 1345567 units so far.
INFO:root:Left over size 202924 (8168, 8192).
INFO:root:Processing 188360 pixels (1202924 8167.509, 8289.461).
INFO:root:Sliding offset 0, 0. Add 4869 units, median count 135.0, 1350436 units so far.
INFO:root:Sliding offset 0, 1. Add 4855 units, median count 134.0, 1355291 units so far.
INFO:root:Sliding offset 1, 0. Add 4879 units, median count 134.0, 1360170 units so far.
INFO:root:Sliding offset 1, 1. Add 4849 units, median count 134.0, 1365019 units so far.
INFO:root:Left over size 261666 (8265, 8289).
INFO:root:Processing 178131 pixels (1127313 8265.465, 8392.176).
INFO:root:Sliding offset 0, 0. Add 4575 units, median count 122.0, 1369594 units so far.
INFO:root:Sliding offset 0, 1. Add 4644 units, median count 122.0, 1374238 units so far.
INFO:root:Sliding offset 1, 0. Add 4563 units, median count 123.0, 1378801 units so far.
INFO:root:Sliding offset 1, 1. Add 4641 units, median count 123.0, 1383442 units so far.
INFO:root:Left over size 115976 (8368, 8392).
['X', 'Y', 'gene', 'Count']
sort -k 1,1n /dcs05/lieber/marmaypag/xenium_NAC_LIBD4125/xenium_NAC/processed-data/HD_Full_Analysis/FICTURE/outputs/H1-M3TCP9V_D1/nF_8/hexagon.d_12.tsv | gzip -c > /dcs05/lieber/marmaypag/xenium_NAC_LIBD4125/xenium_NAC/processed-data/HD_Full_Analysis/FICTURE/outputs/H1-M3TCP9V_D1/nF_8/hexagon.d_12.tsv.gz
rm /dcs05/lieber/marmaypag/xenium_NAC_LIBD4125/xenium_NAC/processed-data/HD_Full_Analysis/FICTURE/outputs/H1-M3TCP9V_D1/nF_8/hexagon.d_12.tsv
--------------------------------------------------------------
Creating LDA for 12um and 8 factors...
--------------------------------------------------------------
mkdir -p /dcs05/lieber/marmaypag/xenium_NAC_LIBD4125/xenium_NAC/processed-data/HD_Full_Analysis/FICTURE/outputs/H1-M3TCP9V_D1/nF_8/analysis/nF8.d_12/figure
ficture fit_model --input /dcs05/lieber/marmaypag/xenium_NAC_LIBD4125/xenium_NAC/processed-data/HD_Full_Analysis/FICTURE/outputs/H1-M3TCP9V_D1/nF_8/hexagon.d_12.tsv.gz --output /dcs05/lieber/marmaypag/xenium_NAC_LIBD4125/xenium_NAC/processed-data/HD_Full_Analysis/FICTURE/outputs/H1-M3TCP9V_D1/nF_8/analysis/nF8.d_12/nF8.d_12  --nFactor 8 --epoch 3 --epoch_id_length 2 --unit_attr X Y --key Count --min_ct_per_feature 20 --test_split 0.5 --R 10 --fractional-count 0 --thread 1
INFO:root:Read data with 343528 units, 15766 features
INFO:root:0: -2342.59, -2336.73
INFO:root:Counter({1: 47142, 4: 28649, 0: 24681, 6: 24053, 5: 15553, 7: 14956, 3: 8384, 2: 8346})
INFO:root:Computing naive DE for 13687 genes
INFO:root:R=0, 9.37, 7.23, 457.37s
INFO:root:1: -2342.35, -2336.48
INFO:root:Counter({3: 63059, 6: 23671, 5: 22967, 2: 21041, 4: 15720, 0: 12277, 7: 7957, 1: 5072})
INFO:root:Computing naive DE for 13685 genes
INFO:root:R=1, 7.13, 5.70, 428.50s
INFO:root:2: -2342.77, -2336.91
INFO:root:Counter({1: 39459, 0: 37168, 4: 24800, 2: 23872, 6: 14719, 3: 12645, 7: 10844, 5: 8257})
INFO:root:Computing naive DE for 13688 genes
INFO:root:R=2, 8.79, 6.31, 434.82s
INFO:root:3: -2342.00, -2336.16
INFO:root:Counter({3: 62085, 0: 28260, 6: 22892, 4: 19269, 1: 17015, 5: 7805, 7: 7709, 2: 6729})
INFO:root:Computing naive DE for 13686 genes
INFO:root:R=3, 6.70, 5.58, 418.55s
INFO:root:4: -2342.34, -2336.48
INFO:root:Counter({1: 55801, 7: 24963, 6: 24762, 4: 20589, 3: 18557, 0: 10907, 5: 8319, 2: 7866})
INFO:root:Computing naive DE for 13687 genes
INFO:root:R=4, 7.98, 6.19, 430.66s
INFO:root:5: -2342.02, -2336.19
INFO:root:Counter({3: 58347, 0: 34578, 4: 19908, 2: 19808, 6: 12805, 7: 9650, 1: 8937, 5: 7731})
INFO:root:Computing naive DE for 13686 genes
INFO:root:R=5, 7.48, 6.26, 409.52s
INFO:root:6: -2343.16, -2337.29
INFO:root:Counter({0: 33237, 5: 29866, 6: 24977, 1: 20671, 2: 20600, 3: 19841, 4: 12302, 7: 10270})
INFO:root:Computing naive DE for 13688 genes
INFO:root:R=6, 10.21, 7.94, 446.62s
INFO:root:7: -2341.95, -2336.10
INFO:root:Counter({1: 34148, 5: 31062, 0: 28088, 6: 23403, 2: 20018, 3: 15503, 7: 10926, 4: 8616})
INFO:root:Computing naive DE for 13686 genes
INFO:root:R=7, 8.80, 6.26, 427.83s
INFO:root:8: -2343.93, -2338.08
INFO:root:Counter({3: 56425, 0: 30999, 6: 23654, 4: 23043, 2: 17553, 7: 7130, 5: 6880, 1: 6080})
INFO:root:Computing naive DE for 13687 genes
INFO:root:R=8, 9.14, 7.64, 410.48s
INFO:root:9: -2342.49, -2336.62
INFO:root:Counter({1: 49984, 0: 34468, 2: 25176, 6: 23327, 3: 14398, 5: 11292, 7: 7202, 4: 5917})
INFO:root:Computing naive DE for 13687 genes
INFO:root:R=9, 8.27, 6.21, 391.58s
INFO:root:Result file /dcs05/lieber/marmaypag/xenium_NAC_LIBD4125/xenium_NAC/processed-data/HD_Full_Analysis/FICTURE/outputs/H1-M3TCP9V_D1/nF_8/analysis/nF8.d_12/nF8.d_12.fit_result.tsv.gz
R
6    10.209152
0     9.367504
8     9.137459
7     8.797498
2     8.786796
9     8.273462
4     7.982959
5     7.483502
1     7.133631
3     6.700753
Name: Score, dtype: float64
ficture choose_color --input /dcs05/lieber/marmaypag/xenium_NAC_LIBD4125/xenium_NAC/processed-data/HD_Full_Analysis/FICTURE/outputs/H1-M3TCP9V_D1/nF_8/analysis/nF8.d_12/nF8.d_12.fit_result.tsv.gz --output /dcs05/lieber/marmaypag/xenium_NAC_LIBD4125/xenium_NAC/processed-data/HD_Full_Analysis/FICTURE/outputs/H1-M3TCP9V_D1/nF_8/analysis/nF8.d_12/figure/nF8.d_12 --cmap_name turbo
ficture plot_base --input /dcs05/lieber/marmaypag/xenium_NAC_LIBD4125/xenium_NAC/processed-data/HD_Full_Analysis/FICTURE/outputs/H1-M3TCP9V_D1/nF_8/analysis/nF8.d_12/nF8.d_12.fit_result.tsv.gz --output /dcs05/lieber/marmaypag/xenium_NAC_LIBD4125/xenium_NAC/processed-data/HD_Full_Analysis/FICTURE/outputs/H1-M3TCP9V_D1/nF_8/analysis/nF8.d_12/figure/nF8.d_12.coarse --fill_range 7.0 --color_table /dcs05/lieber/marmaypag/xenium_NAC_LIBD4125/xenium_NAC/processed-data/HD_Full_Analysis/FICTURE/outputs/H1-M3TCP9V_D1/nF_8/analysis/nF8.d_12/figure/nF8.d_12.rgb.tsv --plot_um_per_pixel 1 --plot_discretized
/jhpce/shared/libd/core/visium_hd/1.0/hd_env/lib/python3.9/site-packages/ficture/scripts/plot_base.py:131: FutureWarning: The provided callable <function mean at 0x7f29a1d6ce50> is currently using SeriesGroupBy.mean. In a future version of pandas, the provided callable will be used directly. To keep current behavior pass the string "mean" instead.
  chunk = chunk.groupby(by = ['x_indx', 'y_indx']).agg({ x:np.mean for x in factor_header }).reset_index()
/jhpce/shared/libd/core/visium_hd/1.0/hd_env/lib/python3.9/site-packages/ficture/scripts/plot_base.py:134: FutureWarning: The provided callable <function mean at 0x7f29a1d6ce50> is currently using SeriesGroupBy.mean. In a future version of pandas, the provided callable will be used directly. To keep current behavior pass the string "mean" instead.
  df = df.groupby(by = ['x_indx', 'y_indx']).agg({ x:np.mean for x in factor_header }).reset_index()
INFO:root:Read region 343528 pixels in region 6715.0 x 6725.0
INFO:root:Filling pixels 0 - 500 / 6724
INFO:root:Filling pixels 500 - 1000 / 6724
INFO:root:Filling pixels 1000 - 1500 / 6724
INFO:root:Filling pixels 1500 - 2000 / 6724
INFO:root:Filling pixels 2000 - 2500 / 6724
INFO:root:Filling pixels 2500 - 3000 / 6724
INFO:root:Filling pixels 3000 - 3500 / 6724
INFO:root:Filling pixels 3500 - 4000 / 6724
INFO:root:Filling pixels 4000 - 4500 / 6724
INFO:root:Filling pixels 4500 - 5000 / 6724
INFO:root:Filling pixels 5000 - 5500 / 6724
INFO:root:Filling pixels 5500 - 6000 / 6724
INFO:root:Filling pixels 6000 - 6500 / 6724
INFO:root:Filling pixels 6500 - 6724 / 6724
INFO:root:Start constructing RGB image
INFO:root:Made fractional image
/dcs05/lieber/marmaypag/xenium_NAC_LIBD4125/xenium_NAC/processed-data/HD_Full_Analysis/FICTURE/outputs/H1-M3TCP9V_D1/nF_8/analysis/nF8.d_12/figure/nF8.d_12.coarse.png
INFO:root:Made hard threshold image
/dcs05/lieber/marmaypag/xenium_NAC_LIBD4125/xenium_NAC/processed-data/HD_Full_Analysis/FICTURE/outputs/H1-M3TCP9V_D1/nF_8/analysis/nF8.d_12/figure/nF8.d_12.coarse.top.png
6725 500
touch /dcs05/lieber/marmaypag/xenium_NAC_LIBD4125/xenium_NAC/processed-data/HD_Full_Analysis/FICTURE/outputs/H1-M3TCP9V_D1/nF_8/analysis/nF8.d_12/nF8.d_12.done
--------------------------------------------------------------
Creating projection for 12um and 8 factors, at 12um
--------------------------------------------------------------
--------------------------------------------------------------
Performing pixel-level decoding..
--------------------------------------------------------------
--------------------------------------------------------------
Sorting and reformatting the pixel-level output..
--------------------------------------------------------------
--------------------------------------------------------------
Performing pseudo-bulk differential expression analysis..
--------------------------------------------------------------
--------------------------------------------------------------
Drawing pixel-level output image...
--------------------------------------------------------------
ficture transform --input /dcs05/lieber/marmaypag/xenium_NAC_LIBD4125/xenium_NAC/processed-data/HD_Full_Analysis/FICTURE/inputs/H1-M3TCP9V_D1/transcripts.sorted.tsv.gz --output_pref /dcs05/lieber/marmaypag/xenium_NAC_LIBD4125/xenium_NAC/processed-data/HD_Full_Analysis/FICTURE/outputs/H1-M3TCP9V_D1/nF_8/analysis/nF8.d_12/nF8.d_12.prj_12.r_4 --model /dcs05/lieber/marmaypag/xenium_NAC_LIBD4125/xenium_NAC/processed-data/HD_Full_Analysis/FICTURE/outputs/H1-M3TCP9V_D1/nF_8/analysis/nF8.d_12/nF8.d_12.model.p --key Count --major_axis X --hex_width 12 --n_move 3 --min_ct_per_unit 20 --mu_scale 1.0 --thread 1 --precision 2
INFO:root:Model loaded with 15766 features and 8 factors
INFO:root:Transformed 1 batches with total 87196 units, 1.186344min
INFO:root:Transformed 2 batches with total 151102 units, 2.097347min
INFO:root:Transformed 3 batches with total 243057 units, 3.358745min
INFO:root:Transformed 4 batches with total 331118 units, 4.655552min
INFO:root:Transformed 5 batches with total 395009 units, 5.568611min
INFO:root:Transformed 6 batches with total 483105 units, 6.845345min
INFO:root:Transformed 7 batches with total 570238 units, 8.116288min
INFO:root:Transformed 8 batches with total 633154 units, 9.023150min
INFO:root:Transformed 9 batches with total 695101 units, 9.901312min
INFO:root:Transformed 10 batches with total 759965 units, 10.797015min
INFO:root:Transformed 11 batches with total 822761 units, 11.681567min
INFO:root:Transformed 12 batches with total 913732 units, 12.950325min
INFO:root:Transformed 13 batches with total 977636 units, 13.847798min
INFO:root:Transformed 14 batches with total 1070568 units, 15.100192min
INFO:root:Transformed 15 batches with total 1161373 units, 16.394274min
INFO:root:Transformed 16 batches with total 1246531 units, 17.671539min
INFO:root:Transformed 17 batches with total 1329742 units, 18.918005min
INFO:root:Transformed 18 batches with total 1393082 units, 19.779692min
INFO:root:Transformed 19 batches with total 1483086 units, 21.018364min
INFO:root:Transformed 20 batches with total 1549171 units, 21.921034min
INFO:root:Transformed 21 batches with total 1639893 units, 23.169736min
INFO:root:Transformed 22 batches with total 1704288 units, 24.068683min
INFO:root:Transformed 23 batches with total 1767996 units, 24.938675min
INFO:root:Transformed 24 batches with total 1830755 units, 25.797899min
INFO:root:Transformed 25 batches with total 1917342 units, 27.045565min
INFO:root:Transformed 26 batches with total 1981224 units, 27.949537min
INFO:root:Transformed 27 batches with total 2043151 units, 28.806374min
INFO:root:Transformed 28 batches with total 2107036 units, 29.688450min
INFO:root:Transformed 29 batches with total 2169850 units, 30.567431min
INFO:root:Transformed 30 batches with total 2234661 units, 31.446247min
INFO:root:Transformed 31 batches with total 2302376 units, 32.346242min
INFO:root:Transformed 32 batches with total 2368216 units, 33.252632min
INFO:root:Transformed 33 batches with total 2443691 units, 34.169052min
INFO:root:Transformed 34 batches with total 2510256 units, 35.069319min
INFO:root:Transformed 35 batches with total 2583680 units, 35.990745min
INFO:root:Transformed 36 batches with total 2659862 units, 36.930308min
INFO:root:Transformed 37 batches with total 2739206 units, 37.889986min
INFO:root:Transformed 38 batches with total 2814560 units, 38.835491min
INFO:root:Transformed 39 batches with total 2897451 units, 39.849206min
INFO:root:Transformed 40 batches with total 2986184 units, 40.832751min
INFO:root:Transformed 41 batches with total 3040778 units, 41.382292min
INFO:root:Transformed 42 batches with total 3094405 units, 41.902495min
INFO:root:Transformed 43 batches with total 3192529 units, 42.874131min
INFO:root:Transformed 44 batches with total 3241112 units, 43.393126min
ficture slda_decode --input /dcs05/lieber/marmaypag/xenium_NAC_LIBD4125/xenium_NAC/processed-data/HD_Full_Analysis/FICTURE/outputs/H1-M3TCP9V_D1/nF_8/batched.matrix.tsv.gz --output /dcs05/lieber/marmaypag/xenium_NAC_LIBD4125/xenium_NAC/processed-data/HD_Full_Analysis/FICTURE/outputs/H1-M3TCP9V_D1/nF_8/analysis/nF8.d_12/nF8.d_12.decode.prj_12.r_4_5 --model /dcs05/lieber/marmaypag/xenium_NAC_LIBD4125/xenium_NAC/processed-data/HD_Full_Analysis/FICTURE/outputs/H1-M3TCP9V_D1/nF_8/analysis/nF8.d_12/nF8.d_12.model.p --anchor /dcs05/lieber/marmaypag/xenium_NAC_LIBD4125/xenium_NAC/processed-data/HD_Full_Analysis/FICTURE/outputs/H1-M3TCP9V_D1/nF_8/analysis/nF8.d_12/nF8.d_12.prj_12.r_4.fit_result.tsv.gz --anchor_in_um --neighbor_radius 5 --mu_scale 1.0 --key Count --precision 0.1 --lite_topk_output_pixel 3 --lite_topk_output_anchor 3 --thread 1
INFO:root:15766 genes and 8 factors are read from input model
INFO:root:Read 3202814 grid points
INFO:root:Read 40883 pixels, forming 1 batches.
INFO:root:Read 1 batches ((40883, 15766))
INFO:root:Output 40713 pixels and 12323 anchors
INFO:root:Read 78227 pixels, forming 2 batches.
INFO:root:Read 2 batches ((78227, 15766))
INFO:root:Output 80038 pixels and 22950 anchors
INFO:root:Read 19924 pixels, forming 1 batches.
INFO:root:Read 1 batches ((19924, 15766))
INFO:root:Output 19906 pixels and 5863 anchors
INFO:root:Read 69885 pixels, forming 2 batches.
INFO:root:Read 2 batches ((69885, 15766))
INFO:root:Output 69786 pixels and 20573 anchors
INFO:root:Read 93390 pixels, forming 2 batches.
INFO:root:Read 2 batches ((93390, 15766))
INFO:root:Output 97709 pixels and 27241 anchors
INFO:root:Read 44674 pixels, forming 1 batches.
INFO:root:Read 1 batches ((44674, 15766))
INFO:root:Output 44517 pixels and 13156 anchors
INFO:root:Read 83606 pixels, forming 2 batches.
INFO:root:Read 2 batches ((83606, 15766))
INFO:root:Output 83415 pixels and 24578 anchors
INFO:root:Read 55266 pixels, forming 2 batches.
INFO:root:Read 2 batches ((55266, 15766))
INFO:root:Output 56941 pixels and 16374 anchors
INFO:root:Read 60537 pixels, forming 1 batches.
INFO:root:Read 1 batches ((60537, 15766))
INFO:root:Output 60289 pixels and 18144 anchors
INFO:root:Read 59161 pixels, forming 1 batches.
INFO:root:Read 1 batches ((59161, 15766))
INFO:root:Output 58572 pixels and 18018 anchors
INFO:root:Read 36471 pixels, forming 1 batches.
INFO:root:Read 1 batches ((36471, 15766))
INFO:root:Output 35562 pixels and 10725 anchors
INFO:root:Read 93101 pixels, forming 2 batches.
INFO:root:Read 2 batches ((93101, 15766))
INFO:root:Output 91290 pixels and 27813 anchors
INFO:root:Read 50944 pixels, forming 2 batches.
INFO:root:Read 2 batches ((50944, 15766))
INFO:root:Output 53756 pixels and 15654 anchors
INFO:root:Read 71297 pixels, forming 1 batches.
INFO:root:Read 1 batches ((71297, 15766))
INFO:root:Output 69835 pixels and 21293 anchors
INFO:root:Read 27995 pixels, forming 1 batches.
INFO:root:Read 1 batches ((27995, 15766))
INFO:root:Output 27916 pixels and 8294 anchors
INFO:root:Read 100604 pixels, forming 2 batches.
INFO:root:Read 2 batches ((100604, 15766))
INFO:root:Output 104853 pixels and 29375 anchors
INFO:root:Read 50124 pixels, forming 1 batches.
INFO:root:Read 1 batches ((50124, 15766))
INFO:root:Output 49921 pixels and 14729 anchors
INFO:root:Read 108510 pixels, forming 2 batches.
INFO:root:Read 2 batches ((108510, 15766))
INFO:root:Output 108172 pixels and 31675 anchors
INFO:root:Read 33681 pixels, forming 2 batches.
INFO:root:Read 2 batches ((33681, 15766))
INFO:root:Output 35269 pixels and 9939 anchors
INFO:root:Read 64338 pixels, forming 1 batches.
INFO:root:Read 1 batches ((64338, 15766))
INFO:root:Output 64179 pixels and 18733 anchors
INFO:root:Read 11643 pixels, forming 1 batches.
INFO:root:Read 1 batches ((11643, 15766))
INFO:root:Output 11594 pixels and 3575 anchors
INFO:root:Read 115183 pixels, forming 2 batches.
INFO:root:Read 2 batches ((115183, 15766))
INFO:root:Output 120836 pixels and 33963 anchors
INFO:root:Read 1065 pixels, forming 1 batches.
INFO:root:Read 1 batches ((1065, 15766))
INFO:root:Output 1057 pixels and 426 anchors
INFO:root:Read 71002 pixels, forming 2 batches.
INFO:root:Read 2 batches ((71002, 15766))
INFO:root:Output 70808 pixels and 21450 anchors
INFO:root:Read 115613 pixels, forming 2 batches.
INFO:root:Read 2 batches ((115613, 15766))
INFO:root:Output 121990 pixels and 34454 anchors
INFO:root:Read 62283 pixels, forming 1 batches.
INFO:root:Read 1 batches ((62283, 15766))
INFO:root:Output 62111 pixels and 18646 anchors
INFO:root:Read 44324 pixels, forming 1 batches.
INFO:root:Read 1 batches ((44324, 15766))
INFO:root:Output 44284 pixels and 13767 anchors
INFO:root:Read 89088 pixels, forming 2 batches.
INFO:root:Read 2 batches ((89088, 15766))
INFO:root:Output 91890 pixels and 27318 anchors
INFO:root:Read 51459 pixels, forming 1 batches.
INFO:root:Read 1 batches ((51459, 15766))
INFO:root:Output 51212 pixels and 15015 anchors
INFO:root:Read 98325 pixels, forming 2 batches.
INFO:root:Read 2 batches ((98325, 15766))
INFO:root:Output 98027 pixels and 28743 anchors
INFO:root:Read 45698 pixels, forming 2 batches.
INFO:root:Read 2 batches ((45698, 15766))
INFO:root:Output 47353 pixels and 13507 anchors
INFO:root:Read 13129 pixels, forming 1 batches.
INFO:root:Read 1 batches ((13129, 15766))
INFO:root:Output 13062 pixels and 3861 anchors
INFO:root:Read 117313 pixels, forming 2 batches.
INFO:root:Read 2 batches ((117313, 15766))
INFO:root:Output 123022 pixels and 34249 anchors
INFO:root:Read 32844 pixels, forming 1 batches.
INFO:root:Read 1 batches ((32844, 15766))
INFO:root:Output 32745 pixels and 9581 anchors
INFO:root:Read 86403 pixels, forming 2 batches.
INFO:root:Read 2 batches ((86403, 15766))
INFO:root:Output 86279 pixels and 25586 anchors
INFO:root:Read 75543 pixels, forming 2 batches.
INFO:root:Read 2 batches ((75543, 15766))
INFO:root:Output 79203 pixels and 22164 anchors
INFO:root:Read 64831 pixels, forming 1 batches.
INFO:root:Read 1 batches ((64831, 15766))
INFO:root:Output 64831 pixels and 19152 anchors
INFO:root:Read 23465 pixels, forming 1 batches.
INFO:root:Read 1 batches ((23465, 15766))
INFO:root:Output 23425 pixels and 7007 anchors
INFO:root:Read 105317 pixels, forming 2 batches.
INFO:root:Read 2 batches ((105317, 15766))
INFO:root:Output 109808 pixels and 31101 anchors
INFO:root:Read 63478 pixels, forming 1 batches.
INFO:root:Read 1 batches ((63478, 15766))
INFO:root:Output 63478 pixels and 19147 anchors
INFO:root:Read 28436 pixels, forming 1 batches.
INFO:root:Read 1 batches ((28436, 15766))
INFO:root:Output 28386 pixels and 8619 anchors
INFO:root:Read 72575 pixels, forming 2 batches.
INFO:root:Read 2 batches ((72575, 15766))
INFO:root:Output 72320 pixels and 21859 anchors
INFO:root:Read 102029 pixels, forming 2 batches.
INFO:root:Read 2 batches ((102029, 15766))
INFO:root:Output 101549 pixels and 30517 anchors
INFO:root:Read 65994 pixels, forming 1 batches.
INFO:root:Read 1 batches ((65994, 15766))
INFO:root:Output 65771 pixels and 19377 anchors
INFO:root:Read 35272 pixels, forming 1 batches.
INFO:root:Read 1 batches ((35272, 15766))
INFO:root:Output 35130 pixels and 10296 anchors
INFO:root:Read 97914 pixels, forming 2 batches.
INFO:root:Read 2 batches ((97914, 15766))
INFO:root:Output 101181 pixels and 28529 anchors
INFO:root:Read 42839 pixels, forming 1 batches.
INFO:root:Read 1 batches ((42839, 15766))
INFO:root:Output 42768 pixels and 12512 anchors
INFO:root:Read 90442 pixels, forming 2 batches.
INFO:root:Read 2 batches ((90442, 15766))
INFO:root:Output 92886 pixels and 26383 anchors
INFO:root:Read 11994 pixels, forming 1 batches.
INFO:root:Read 1 batches ((11994, 15766))
INFO:root:Output 11945 pixels and 3575 anchors
INFO:root:Read 120213 pixels, forming 2 batches.
INFO:root:Read 2 batches ((120213, 15766))
INFO:root:Output 126486 pixels and 35249 anchors
INFO:root:Read 54543 pixels, forming 1 batches.
INFO:root:Read 1 batches ((54543, 15766))
INFO:root:Output 54372 pixels and 16674 anchors
INFO:root:Read 74276 pixels, forming 2 batches.
INFO:root:Read 2 batches ((74276, 15766))
INFO:root:Output 75061 pixels and 22075 anchors
INFO:root:Read 28675 pixels, forming 1 batches.
INFO:root:Read 1 batches ((28675, 15766))
INFO:root:Output 28591 pixels and 8437 anchors
INFO:root:Read 101960 pixels, forming 2 batches.
INFO:root:Read 2 batches ((101960, 15766))
INFO:root:Output 106032 pixels and 30395 anchors
INFO:root:Read 65568 pixels, forming 1 batches.
INFO:root:Read 1 batches ((65568, 15766))
INFO:root:Output 65383 pixels and 19376 anchors
INFO:root:Read 11967 pixels, forming 1 batches.
INFO:root:Read 1 batches ((11967, 15766))
INFO:root:Output 11947 pixels and 3575 anchors
INFO:root:Read 125075 pixels, forming 2 batches.
INFO:root:Read 2 batches ((125075, 15766))
INFO:root:Output 124921 pixels and 38533 anchors
INFO:root:Read 42472 pixels, forming 1 batches.
INFO:root:Read 1 batches ((42472, 15766))
INFO:root:Output 42300 pixels and 12441 anchors
INFO:root:Read 87685 pixels, forming 2 batches.
INFO:root:Read 2 batches ((87685, 15766))
INFO:root:Output 90323 pixels and 25572 anchors
INFO:root:Read 53675 pixels, forming 1 batches.
INFO:root:Read 1 batches ((53675, 15766))
INFO:root:Output 53532 pixels and 16692 anchors
INFO:root:Read 71724 pixels, forming 2 batches.
INFO:root:Read 2 batches ((71724, 15766))
INFO:root:Output 72298 pixels and 21001 anchors
INFO:root:Read 34197 pixels, forming 1 batches.
INFO:root:Read 1 batches ((34197, 15766))
INFO:root:Output 34074 pixels and 10010 anchors
INFO:root:Read 96116 pixels, forming 2 batches.
INFO:root:Read 2 batches ((96116, 15766))
INFO:root:Output 99833 pixels and 28089 anchors
INFO:root:Read 64518 pixels, forming 1 batches.
INFO:root:Read 1 batches ((64518, 15766))
INFO:root:Output 64359 pixels and 18948 anchors
INFO:root:Read 35978 pixels, forming 1 batches.
INFO:root:Read 1 batches ((35978, 15766))
INFO:root:Output 35834 pixels and 10868 anchors
INFO:root:Read 92955 pixels, forming 2 batches.
INFO:root:Read 2 batches ((92955, 15766))
INFO:root:Output 96335 pixels and 27231 anchors
INFO:root:Read 63483 pixels, forming 1 batches.
INFO:root:Read 1 batches ((63483, 15766))
INFO:root:Output 63319 pixels and 18947 anchors
INFO:root:Read 64362 pixels, forming 1 batches.
INFO:root:Read 1 batches ((64362, 15766))
INFO:root:Output 64362 pixels and 19080 anchors
INFO:root:Read 63764 pixels, forming 1 batches.
INFO:root:Read 1 batches ((63764, 15766))
INFO:root:Output 63567 pixels and 18948 anchors
INFO:root:Read 74512 pixels, forming 1 batches.
INFO:root:Read 1 batches ((74512, 15766))
INFO:root:Output 74225 pixels and 22393 anchors
INFO:root:Read 10111 pixels, forming 1 batches.
INFO:root:Read 1 batches ((10111, 15766))
INFO:root:Output 10075 pixels and 3003 anchors
INFO:root:Read 68953 pixels, forming 2 batches.
INFO:root:Read 2 batches ((68953, 15766))
INFO:root:Output 68713 pixels and 21290 anchors
INFO:root:Read 75280 pixels, forming 2 batches.
INFO:root:Read 2 batches ((75280, 15766))
INFO:root:Output 79040 pixels and 24149 anchors
INFO:root:Read 15674 pixels, forming 1 batches.
INFO:root:Read 1 batches ((15674, 15766))
INFO:root:Output 15610 pixels and 4719 anchors
INFO:root:Read 103900 pixels, forming 2 batches.
INFO:root:Read 2 batches ((103900, 15766))
INFO:root:Output 108900 pixels and 31942 anchors
INFO:root:Read 64665 pixels, forming 1 batches.
INFO:root:Read 1 batches ((64665, 15766))
INFO:root:Output 64521 pixels and 18875 anchors
INFO:root:Read 14223 pixels, forming 1 batches.
INFO:root:Read 1 batches ((14223, 15766))
INFO:root:Output 14165 pixels and 4218 anchors
INFO:root:Read 97705 pixels, forming 2 batches.
INFO:root:Read 2 batches ((97705, 15766))
INFO:root:Output 97425 pixels and 28314 anchors
INFO:root:Read 83654 pixels, forming 2 batches.
INFO:root:Read 2 batches ((83654, 15766))
INFO:root:Output 87414 pixels and 24342 anchors
INFO:root:Read 64138 pixels, forming 1 batches.
INFO:root:Read 1 batches ((64138, 15766))
INFO:root:Output 63955 pixels and 18876 anchors
INFO:root:Read 13900 pixels, forming 1 batches.
INFO:root:Read 1 batches ((13900, 15766))
INFO:root:Output 13784 pixels and 4147 anchors
INFO:root:Read 126042 pixels, forming 2 batches.
INFO:root:Read 2 batches ((126042, 15766))
INFO:root:Output 125874 pixels and 37884 anchors
INFO:root:Read 53264 pixels, forming 3 batches.
INFO:root:Read 3 batches ((53264, 15766))
INFO:root:Output 53119 pixels and 15801 anchors
INFO:root:Read 115412 pixels, forming 2 batches.
INFO:root:Read 2 batches ((115412, 15766))
INFO:root:Output 115253 pixels and 35188 anchors
INFO:root:Read 89536 pixels, forming 2 batches.
INFO:root:Read 2 batches ((89536, 15766))
INFO:root:Output 89267 pixels and 26240 anchors
INFO:root:Read 59388 pixels, forming 2 batches.
INFO:root:Read 2 batches ((59388, 15766))
INFO:root:Output 59242 pixels and 17231 anchors
INFO:root:Read 75759 pixels, forming 2 batches.
INFO:root:Read 2 batches ((75759, 15766))
INFO:root:Output 79639 pixels and 22038 anchors
INFO:root:Read 67573 pixels, forming 1 batches.
INFO:root:Read 1 batches ((67573, 15766))
INFO:root:Output 67411 pixels and 19734 anchors
INFO:root:Read 55024 pixels, forming 1 batches.
INFO:root:Read 1 batches ((55024, 15766))
INFO:root:Output 54805 pixels and 17392 anchors
INFO:root:Read 106822 pixels, forming 2 batches.
INFO:root:Read 2 batches ((106822, 15766))
INFO:root:Output 106744 pixels and 32444 anchors
INFO:root:Read 33551 pixels, forming 2 batches.
INFO:root:Read 2 batches ((33551, 15766))
INFO:root:Output 33400 pixels and 10009 anchors
INFO:root:Read 29906 pixels, forming 2 batches.
INFO:root:Read 2 batches ((29906, 15766))
INFO:root:Output 29820 pixels and 9447 anchors
INFO:root:Read 99013 pixels, forming 2 batches.
INFO:root:Read 2 batches ((99013, 15766))
INFO:root:Output 103822 pixels and 29040 anchors
INFO:root:Read 66471 pixels, forming 1 batches.
INFO:root:Read 1 batches ((66471, 15766))
INFO:root:Output 66314 pixels and 19734 anchors
INFO:root:Read 8269 pixels, forming 1 batches.
INFO:root:Read 1 batches ((8269, 15766))
INFO:root:Output 8235 pixels and 2574 anchors
INFO:root:Read 124081 pixels, forming 2 batches.
INFO:root:Read 2 batches ((124081, 15766))
INFO:root:Output 130862 pixels and 36783 anchors
INFO:root:Read 1314 pixels, forming 1 batches.
INFO:root:Read 1 batches ((1314, 15766))
INFO:root:Output 1302 pixels and 426 anchors
INFO:root:Read 106843 pixels, forming 2 batches.
INFO:root:Read 2 batches ((106843, 15766))
INFO:root:Output 106389 pixels and 32433 anchors
INFO:root:Read 88970 pixels, forming 2 batches.
INFO:root:Read 2 batches ((88970, 15766))
INFO:root:Output 91527 pixels and 26046 anchors
INFO:root:Read 65977 pixels, forming 1 batches.
INFO:root:Read 1 batches ((65977, 15766))
INFO:root:Output 65811 pixels and 19019 anchors
INFO:root:Read 14580 pixels, forming 1 batches.
INFO:root:Read 1 batches ((14580, 15766))
INFO:root:Output 14495 pixels and 4218 anchors
INFO:root:Read 109918 pixels, forming 2 batches.
INFO:root:Read 2 batches ((109918, 15766))
INFO:root:Output 109622 pixels and 31817 anchors
INFO:root:Read 72517 pixels, forming 2 batches.
INFO:root:Read 2 batches ((72517, 15766))
INFO:root:Output 74981 pixels and 21268 anchors
INFO:root:Read 26411 pixels, forming 1 batches.
INFO:root:Read 1 batches ((26411, 15766))
INFO:root:Output 26288 pixels and 8907 anchors
INFO:root:Read 90860 pixels, forming 2 batches.
INFO:root:Read 2 batches ((90860, 15766))
INFO:root:Output 90604 pixels and 26597 anchors
INFO:root:Read 67622 pixels, forming 2 batches.
INFO:root:Read 2 batches ((67622, 15766))
INFO:root:Output 70397 pixels and 20693 anchors
INFO:root:Read 65417 pixels, forming 1 batches.
INFO:root:Read 1 batches ((65417, 15766))
INFO:root:Output 65246 pixels and 19019 anchors
INFO:root:Read 33970 pixels, forming 1 batches.
INFO:root:Read 1 batches ((33970, 15766))
INFO:root:Output 33835 pixels and 9938 anchors
INFO:root:Read 95304 pixels, forming 2 batches.
INFO:root:Read 2 batches ((95304, 15766))
INFO:root:Output 95254 pixels and 28831 anchors
INFO:root:Read 62609 pixels, forming 2 batches.
INFO:root:Read 2 batches ((62609, 15766))
INFO:root:Output 65839 pixels and 18519 anchors
INFO:root:Read 6193 pixels, forming 1 batches.
INFO:root:Read 1 batches ((6193, 15766))
INFO:root:Output 6149 pixels and 1859 anchors
INFO:root:Read 133254 pixels, forming 2 batches.
INFO:root:Read 2 batches ((133254, 15766))
INFO:root:Output 133056 pixels and 40338 anchors
INFO:root:Read 67437 pixels, forming 1 batches.
INFO:root:Read 1 batches ((67437, 15766))
INFO:root:Output 67235 pixels and 19519 anchors
INFO:root:Read 7115 pixels, forming 1 batches.
INFO:root:Read 1 batches ((7115, 15766))
INFO:root:Output 7065 pixels and 2074 anchors
INFO:root:Read 128073 pixels, forming 2 batches.
INFO:root:Read 2 batches ((128073, 15766))
INFO:root:Output 135213 pixels and 37174 anchors
INFO:root:Read 47065 pixels, forming 1 batches.
INFO:root:Read 1 batches ((47065, 15766))
INFO:root:Output 46849 pixels and 13657 anchors
INFO:root:Read 103446 pixels, forming 2 batches.
INFO:root:Read 2 batches ((103446, 15766))
INFO:root:Output 103069 pixels and 29887 anchors
INFO:root:Read 51769 pixels, forming 2 batches.
INFO:root:Read 2 batches ((51769, 15766))
INFO:root:Output 54243 pixels and 15199 anchors
INFO:root:Read 977 pixels, forming 1 batches.
INFO:root:Read 1 batches ((977, 15766))
INFO:root:Output 924 pixels and 355 anchors
INFO:root:Read 132799 pixels, forming 2 batches.
INFO:root:Read 2 batches ((132799, 15766))
INFO:root:Output 139917 pixels and 38752 anchors
INFO:root:Read 66651 pixels, forming 1 batches.
INFO:root:Read 1 batches ((66651, 15766))
INFO:root:Output 66382 pixels and 19520 anchors
INFO:root:Read 30499 pixels, forming 1 batches.
INFO:root:Read 1 batches ((30499, 15766))
INFO:root:Output 30348 pixels and 9008 anchors
INFO:root:Read 79645 pixels, forming 2 batches.
INFO:root:Read 2 batches ((79645, 15766))
INFO:root:Output 79338 pixels and 23594 anchors
INFO:root:Read 88366 pixels, forming 2 batches.
INFO:root:Read 2 batches ((88366, 15766))
INFO:root:Output 92530 pixels and 26097 anchors
INFO:root:Read 72737 pixels, forming 1 batches.
INFO:root:Read 1 batches ((72737, 15766))
INFO:root:Output 72430 pixels and 22958 anchors
INFO:root:Read 10596 pixels, forming 1 batches.
INFO:root:Read 1 batches ((10596, 15766))
INFO:root:Output 10553 pixels and 3146 anchors
INFO:root:Read 67956 pixels, forming 2 batches.
INFO:root:Read 2 batches ((67956, 15766))
INFO:root:Output 67750 pixels and 20235 anchors
INFO:root:Read 112885 pixels, forming 2 batches.
INFO:root:Read 2 batches ((112885, 15766))
INFO:root:Output 119252 pixels and 33071 anchors
INFO:root:Read 34416 pixels, forming 1 batches.
INFO:root:Read 1 batches ((34416, 15766))
INFO:root:Output 34277 pixels and 10010 anchors
INFO:root:Read 94807 pixels, forming 2 batches.
INFO:root:Read 2 batches ((94807, 15766))
INFO:root:Output 98367 pixels and 27589 anchors
INFO:root:Read 64389 pixels, forming 1 batches.
INFO:root:Read 1 batches ((64389, 15766))
INFO:root:Output 64226 pixels and 18733 anchors
INFO:root:Read 1701 pixels, forming 1 batches.
INFO:root:Read 1 batches ((1701, 15766))
INFO:root:Output 1687 pixels and 568 anchors
INFO:root:Read 126436 pixels, forming 2 batches.
INFO:root:Read 2 batches ((126436, 15766))
INFO:root:Output 133859 pixels and 37093 anchors
INFO:root:Read 37747 pixels, forming 1 batches.
INFO:root:Read 1 batches ((37747, 15766))
INFO:root:Output 37682 pixels and 11154 anchors
INFO:root:Read 90063 pixels, forming 2 batches.
INFO:root:Read 2 batches ((90063, 15766))
INFO:root:Output 92750 pixels and 26383 anchors
INFO:root:Read 29993 pixels, forming 1 batches.
INFO:root:Read 1 batches ((29993, 15766))
INFO:root:Output 29882 pixels and 8866 anchors
INFO:root:Read 96549 pixels, forming 2 batches.
INFO:root:Read 2 batches ((96549, 15766))
INFO:root:Output 100643 pixels and 28769 anchors
INFO:root:Read 25515 pixels, forming 1 batches.
INFO:root:Read 1 batches ((25515, 15766))
INFO:root:Output 25426 pixels and 7939 anchors
INFO:root:Read 107766 pixels, forming 2 batches.
INFO:root:Read 2 batches ((107766, 15766))
INFO:root:Output 112297 pixels and 33090 anchors
INFO:root:Read 20199 pixels, forming 1 batches.
INFO:root:Read 1 batches ((20199, 15766))
INFO:root:Output 20117 pixels and 6006 anchors
INFO:root:Read 113747 pixels, forming 2 batches.
INFO:root:Read 2 batches ((113747, 15766))
INFO:root:Output 118923 pixels and 33820 anchors
INFO:root:Read 17182 pixels, forming 1 batches.
INFO:root:Read 1 batches ((17182, 15766))
INFO:root:Output 17093 pixels and 5077 anchors
INFO:root:Read 118320 pixels, forming 2 batches.
INFO:root:Read 2 batches ((118320, 15766))
INFO:root:Output 124167 pixels and 34743 anchors
INFO:root:Read 6606 pixels, forming 1 batches.
INFO:root:Read 1 batches ((6606, 15766))
INFO:root:Output 6552 pixels and 1988 anchors
INFO:root:Read 128973 pixels, forming 2 batches.
INFO:root:Read 2 batches ((128973, 15766))
INFO:root:Output 135684 pixels and 37823 anchors
INFO:root:Read 68058 pixels, forming 1 batches.
INFO:root:Read 1 batches ((68058, 15766))
INFO:root:Output 67822 pixels and 19877 anchors
INFO:root:Read 40087 pixels, forming 1 batches.
INFO:root:Read 1 batches ((40087, 15766))
INFO:root:Output 39930 pixels and 12012 anchors
INFO:root:Read 94279 pixels, forming 2 batches.
INFO:root:Read 2 batches ((94279, 15766))
INFO:root:Output 97090 pixels and 27814 anchors
INFO:root:Read 21229 pixels, forming 1 batches.
INFO:root:Read 1 batches ((21229, 15766))
INFO:root:Output 21163 pixels and 6363 anchors
INFO:root:Read 113602 pixels, forming 2 batches.
INFO:root:Read 2 batches ((113602, 15766))
INFO:root:Output 118514 pixels and 33462 anchors
INFO:root:Read 67811 pixels, forming 1 batches.
INFO:root:Read 1 batches ((67811, 15766))
INFO:root:Output 67584 pixels and 19877 anchors
INFO:root:Read 62336 pixels, forming 1 batches.
INFO:root:Read 1 batches ((62336, 15766))
INFO:root:Output 62175 pixels and 19058 anchors
INFO:root:Read 125636 pixels, forming 2 batches.
INFO:root:Read 2 batches ((125636, 15766))
INFO:root:Output 125355 pixels and 37462 anchors
INFO:root:Read 18419 pixels, forming 3 batches.
INFO:root:Read 3 batches ((18419, 15766))
INFO:root:Output 18300 pixels and 5747 anchors
INFO:root:Read 127146 pixels, forming 2 batches.
INFO:root:Read 2 batches ((127146, 15766))
INFO:root:Output 134658 pixels and 37240 anchors
INFO:root:Read 55074 pixels, forming 1 batches.
INFO:root:Read 1 batches ((55074, 15766))
INFO:root:Output 55049 pixels and 16344 anchors
INFO:root:Read 72484 pixels, forming 2 batches.
INFO:root:Read 2 batches ((72484, 15766))
INFO:root:Output 73308 pixels and 21325 anchors
INFO:root:Read 57985 pixels, forming 1 batches.
INFO:root:Read 1 batches ((57985, 15766))
INFO:root:Output 57801 pixels and 17160 anchors
INFO:root:Read 69303 pixels, forming 2 batches.
INFO:root:Read 2 batches ((69303, 15766))
INFO:root:Output 69654 pixels and 20366 anchors
INFO:root:Read 125866 pixels, forming 2 batches.
INFO:root:Read 2 batches ((125866, 15766))
INFO:root:Output 133389 pixels and 37597 anchors
INFO:root:Read 25611 pixels, forming 1 batches.
INFO:root:Read 1 batches ((25611, 15766))
INFO:root:Output 25473 pixels and 7579 anchors
INFO:root:Read 100145 pixels, forming 2 batches.
INFO:root:Read 2 batches ((100145, 15766))
INFO:root:Output 104515 pixels and 30037 anchors
INFO:root:Read 21806 pixels, forming 1 batches.
INFO:root:Read 1 batches ((21806, 15766))
INFO:root:Output 21746 pixels and 6507 anchors
INFO:root:Read 104286 pixels, forming 2 batches.
INFO:root:Read 2 batches ((104286, 15766))
INFO:root:Output 108434 pixels and 30977 anchors
INFO:root:Read 30015 pixels, forming 1 batches.
INFO:root:Read 1 batches ((30015, 15766))
INFO:root:Output 29933 pixels and 9009 anchors
INFO:root:Read 90213 pixels, forming 2 batches.
INFO:root:Read 2 batches ((90213, 15766))
INFO:root:Output 90013 pixels and 27823 anchors
INFO:root:Read 72900 pixels, forming 2 batches.
INFO:root:Read 2 batches ((72900, 15766))
INFO:root:Output 72685 pixels and 22647 anchors
INFO:root:Read 102468 pixels, forming 2 batches.
INFO:root:Read 2 batches ((102468, 15766))
INFO:root:Output 107522 pixels and 31383 anchors
INFO:root:Read 89953 pixels, forming 2 batches.
INFO:root:Read 2 batches ((89953, 15766))
INFO:root:Output 93981 pixels and 28943 anchors
INFO:root:Read 74434 pixels, forming 2 batches.
INFO:root:Read 2 batches ((74434, 15766))
INFO:root:Output 74172 pixels and 24109 anchors
INFO:root:Read 120505 pixels, forming 2 batches.
INFO:root:Read 2 batches ((120505, 15766))
INFO:root:Output 127194 pixels and 36036 anchors
INFO:root:Read 47663 pixels, forming 1 batches.
INFO:root:Read 1 batches ((47663, 15766))
INFO:root:Output 47508 pixels and 15400 anchors
INFO:root:Read 124517 pixels, forming 3 batches.
INFO:root:Read 3 batches ((124517, 15766))
INFO:root:Output 126189 pixels and 38606 anchors
INFO:root:Read 48309 pixels, forming 2 batches.
INFO:root:Read 2 batches ((48309, 15766))
INFO:root:Output 48194 pixels and 15148 anchors
INFO:root:Read 83215 pixels, forming 4 batches.
INFO:root:Read 4 batches ((83215, 15766))
INFO:root:Output 83596 pixels and 24932 anchors
INFO:root:Read 85166 pixels, forming 4 batches.
INFO:root:Read 4 batches ((85166, 15766))
INFO:root:Output 88277 pixels and 26597 anchors
INFO:root:Read 84174 pixels, forming 4 batches.
INFO:root:Read 4 batches ((84174, 15766))
INFO:root:Output 86126 pixels and 26683 anchors
INFO:root:Read 69434 pixels, forming 4 batches.
INFO:root:Read 4 batches ((69434, 15766))
INFO:root:Output 70700 pixels and 21281 anchors
INFO:root:Read 37808 pixels, forming 2 batches.
INFO:root:Read 2 batches ((37808, 15766))
INFO:root:Output 37808 pixels and 12506 anchors
bash /dcs05/lieber/marmaypag/xenium_NAC_LIBD4125/xenium_NAC/processed-data/HD_Full_Analysis/FICTURE/outputs/H1-M3TCP9V_D1/nF_8/sort_decode.sh /dcs05/lieber/marmaypag/xenium_NAC_LIBD4125/xenium_NAC/processed-data/HD_Full_Analysis/FICTURE/outputs/H1-M3TCP9V_D1/nF_8/analysis/nF8.d_12/nF8.d_12.decode.prj_12.r_4_5.pixel.tsv.gz /dcs05/lieber/marmaypag/xenium_NAC_LIBD4125/xenium_NAC/processed-data/HD_Full_Analysis/FICTURE/outputs/H1-M3TCP9V_D1/nF_8/analysis/nF8.d_12/nF8.d_12.decode.prj_12.r_4_5.pixel.sorted.tsv.gz /dcs05/lieber/marmaypag/xenium_NAC_LIBD4125/xenium_NAC/processed-data/HD_Full_Analysis/FICTURE/inputs/H1-M3TCP9V_D1/minmax.tsv nF8.d_12 100 100 3 gzip
1669.503, 8392.176; 1316.256, 8039.143
ficture de_bulk --input /dcs05/lieber/marmaypag/xenium_NAC_LIBD4125/xenium_NAC/processed-data/HD_Full_Analysis/FICTURE/outputs/H1-M3TCP9V_D1/nF_8/analysis/nF8.d_12/nF8.d_12.decode.prj_12.r_4_5.posterior.count.tsv.gz --output /dcs05/lieber/marmaypag/xenium_NAC_LIBD4125/xenium_NAC/processed-data/HD_Full_Analysis/FICTURE/outputs/H1-M3TCP9V_D1/nF_8/analysis/nF8.d_12/nF8.d_12.decode.prj_12.r_4_5.bulk_chisq.tsv --min_ct_per_feature 20 --max_pval_output 0.001 --min_fold_output 1.5
/jhpce/shared/libd/core/visium_hd/1.0/hd_env/lib/python3.9/site-packages/ficture/scripts/de_bulk.py:117: RuntimeWarning: divide by zero encountered in scalar divide
  fd=tab[0,0]/total_k[k]/tab[0,1]*(total_umi-total_k[k])
Read posterior count over 15766 genes and 8 factors
Testing 15765 genes over 8 factors
ficture factor_report --path /dcs05/lieber/marmaypag/xenium_NAC_LIBD4125/xenium_NAC/processed-data/HD_Full_Analysis/FICTURE/outputs/H1-M3TCP9V_D1/nF_8/analysis/nF8.d_12 --pref nF8.d_12.decode.prj_12.r_4_5 --color_table /dcs05/lieber/marmaypag/xenium_NAC_LIBD4125/xenium_NAC/processed-data/HD_Full_Analysis/FICTURE/outputs/H1-M3TCP9V_D1/nF_8/analysis/nF8.d_12/figure/nF8.d_12.rgb.tsv
['0' '1' '2' '3' '4' '5' '6' '7']
/dcs05/lieber/marmaypag/xenium_NAC_LIBD4125/xenium_NAC/processed-data/HD_Full_Analysis/FICTURE/outputs/H1-M3TCP9V_D1/nF_8/analysis/nF8.d_12/nF8.d_12.decode.prj_12.r_4_5.factor.info.html
ficture plot_pixel_full --input /dcs05/lieber/marmaypag/xenium_NAC_LIBD4125/xenium_NAC/processed-data/HD_Full_Analysis/FICTURE/outputs/H1-M3TCP9V_D1/nF_8/analysis/nF8.d_12/nF8.d_12.decode.prj_12.r_4_5.pixel.sorted.tsv.gz --color_table /dcs05/lieber/marmaypag/xenium_NAC_LIBD4125/xenium_NAC/processed-data/HD_Full_Analysis/FICTURE/outputs/H1-M3TCP9V_D1/nF_8/analysis/nF8.d_12/figure/nF8.d_12.rgb.tsv --output /dcs05/lieber/marmaypag/xenium_NAC_LIBD4125/xenium_NAC/processed-data/HD_Full_Analysis/FICTURE/outputs/H1-M3TCP9V_D1/nF_8/analysis/nF8.d_12/figure/nF8.d_12.decode.prj_12.r_4_5.pixel.png --plot_um_per_pixel 0.5 --full
07:50:52 PM Background color 000000
07:50:52 PM Read color table (8)
07:50:52 PM Read header {'K': 8, 'TOPK': 3, 'BLOCK_SIZE': 2000, 'BLOCK_AXIS': 'X', 'INDEX_AXIS': 'Y', 'OFFSET_X': 1669.503, 'OFFSET_Y': 1316.256, 'SIZE_X': 6724, 'SIZE_Y': 6724, 'SCALE': 100}
07:50:52 PM Image size 13450 x 13450
07:50:54 PM Reading pixels... 3999, 3654, 896604
07:50:56 PM Reading pixels... 3999, 7035, 862177
07:50:58 PM Reading pixels... 3999, 10415, 879447
07:51:00 PM Reading pixels... 7999, 1376, 899904
07:51:02 PM Reading pixels... 7999, 4945, 874630
07:51:04 PM Reading pixels... 7999, 8329, 875524
07:51:06 PM Reading pixels... 7999, 11710, 884407
07:51:08 PM Reading pixels... 11999, 2722, 898367
07:51:10 PM Reading pixels... 11999, 6223, 861560
07:51:11 PM Reading pixels... 11999, 9624, 852781
07:51:13 PM Reading pixels... 13425, 91, 886092
07:51:15 PM Reading pixels... 13425, 5724, 840540
07:51:15 PM Reading pixels... 13408, 10525, 172102
07:51:19 PM Finished
/dcs05/lieber/marmaypag/xenium_NAC_LIBD4125/xenium_NAC/processed-data/HD_Full_Analysis/FICTURE/outputs/H1-M3TCP9V_D1/nF_8/analysis/nF8.d_12/figure/nF8.d_12.decode.prj_12.r_4_5.pixel.png
Index(['0', '1', '2', '3', '4', '5', '6', '7'], dtype='object', name='Name')
['BLOCK', 'X', 'Y', 'K1', 'K2', 'K3', 'P1', 'P2', 'P3']
touch /dcs05/lieber/marmaypag/xenium_NAC_LIBD4125/xenium_NAC/processed-data/HD_Full_Analysis/FICTURE/outputs/H1-M3TCP9V_D1/nF_8/analysis/nF8.d_12/nF8.d_12.decode.prj_12.r_4_5.done
Finished nFactor=8 for H1-M3TCP9V_D1
Fri Mar  6 07:51:19 PM EST 2026
--------------------------------------------------------------
Running FICTURE with nFactor=12 for H1-M3TCP9V_D1
--------------------------------------------------------------
Fri Mar  6 07:51:19 PM EST 2026
--------------------------------------------------------------
Creating minibatch from /dcs05/lieber/marmaypag/xenium_NAC_LIBD4125/xenium_NAC/processed-data/HD_Full_Analysis/FICTURE/inputs/H1-M3TCP9V_D1/transcripts.sorted.tsv.gz...
--------------------------------------------------------------
ficture make_spatial_minibatch --input /dcs05/lieber/marmaypag/xenium_NAC_LIBD4125/xenium_NAC/processed-data/HD_Full_Analysis/FICTURE/inputs/H1-M3TCP9V_D1/transcripts.sorted.tsv.gz --output /dcs05/lieber/marmaypag/xenium_NAC_LIBD4125/xenium_NAC/processed-data/HD_Full_Analysis/FICTURE/outputs/H1-M3TCP9V_D1/nF_12/batched.matrix.tsv --mu_scale 1.0 --batch_size 500 --batch_buff 30 --major_axis X
INFO:root:Random seed 1772844679.949755
INFO:root:Read blocks of pixels: 70.14 x 6699.28
INFO:root:Read blocks of pixels: 128.92 x 6699.49
INFO:root:Read blocks of pixels: 196.20 x 6699.73
INFO:root:Read blocks of pixels: 262.23 x 6699.96
INFO:root:Read blocks of pixels: 324.62 x 6700.19
INFO:root:Read blocks of pixels: 383.62 x 6700.39
INFO:root:Read blocks of pixels: 448.60 x 6700.63
INFO:root:Read blocks of pixels: 513.47 x 6700.85
INFO:root:Output region (514.47, 501.00) (1668.5, 2183.0) x (1315.3, 1816.3)
INFO:root:Output region (514.47, 500.00) (1668.5, 2183.0) x (1786.3, 2286.3)
INFO:root:Output region (514.47, 500.00) (1668.5, 2183.0) x (2256.3, 2756.3)
INFO:root:Output region (514.47, 500.00) (1668.5, 2183.0) x (2726.3, 3226.3)
INFO:root:Output region (514.47, 500.00) (1668.5, 2183.0) x (3196.3, 3696.3)
INFO:root:Output region (514.47, 500.00) (1668.5, 2183.0) x (3666.3, 4166.3)
INFO:root:Output region (514.47, 500.00) (1668.5, 2183.0) x (4136.3, 4636.3)
INFO:root:Output region (514.47, 500.00) (1668.5, 2183.0) x (4606.3, 5106.3)
INFO:root:Output region (514.47, 500.00) (1668.5, 2183.0) x (5076.3, 5576.3)
INFO:root:Output region (514.47, 500.00) (1668.5, 2183.0) x (5546.3, 6046.3)
INFO:root:Output region (514.47, 500.00) (1668.5, 2183.0) x (6016.3, 6516.3)
INFO:root:Output region (514.47, 500.00) (1668.5, 2183.0) x (6486.3, 6986.3)
INFO:root:Output region (514.47, 500.00) (1668.5, 2183.0) x (6956.3, 7456.3)
INFO:root:Output region (514.47, 590.85) (1668.5, 2183.0) x (7426.3, 8017.1)
INFO:root:Left over size 450209 (450209, 30.00)
INFO:root:Read blocks of pixels: 89.29 x 6699.43
INFO:root:Read blocks of pixels: 149.63 x 6699.64
INFO:root:Read blocks of pixels: 210.02 x 6699.86
INFO:root:Read blocks of pixels: 275.02 x 6700.09
INFO:root:Read blocks of pixels: 340.52 x 6700.32
INFO:root:Read blocks of pixels: 397.03 x 6700.53
INFO:root:Read blocks of pixels: 460.41 x 6700.75
INFO:root:Read blocks of pixels: 521.02 x 6700.97
INFO:root:Output region (522.02, 501.00) (2152.0, 2674.0) x (1316.9, 1817.9)
INFO:root:Output region (522.02, 500.00) (2152.0, 2674.0) x (1787.9, 2287.9)
INFO:root:Output region (522.02, 500.00) (2152.0, 2674.0) x (2257.9, 2757.9)
INFO:root:Output region (522.02, 500.00) (2152.0, 2674.0) x (2727.9, 3227.9)
INFO:root:Output region (522.02, 500.00) (2152.0, 2674.0) x (3197.9, 3697.9)
INFO:root:Output region (522.02, 500.00) (2152.0, 2674.0) x (3667.9, 4167.9)
INFO:root:Output region (522.02, 500.00) (2152.0, 2674.0) x (4137.9, 4637.9)
INFO:root:Output region (522.02, 500.00) (2152.0, 2674.0) x (4607.9, 5107.9)
INFO:root:Output region (522.02, 500.00) (2152.0, 2674.0) x (5077.9, 5577.9)
INFO:root:Output region (522.02, 500.00) (2152.0, 2674.0) x (5547.9, 6047.9)
INFO:root:Output region (522.02, 500.00) (2152.0, 2674.0) x (6017.9, 6517.9)
INFO:root:Output region (522.02, 500.00) (2152.0, 2674.0) x (6487.9, 6987.9)
INFO:root:Output region (522.02, 500.00) (2152.0, 2674.0) x (6957.9, 7457.9)
INFO:root:Output region (522.02, 590.97) (2152.0, 2674.0) x (7427.9, 8018.9)
INFO:root:Left over size 500426 (500426, 30.00)
INFO:root:Read blocks of pixels: 91.82 x 6699.44
INFO:root:Read blocks of pixels: 149.88 x 6699.64
INFO:root:Read blocks of pixels: 208.62 x 6699.83
INFO:root:Read blocks of pixels: 267.83 x 6700.06
INFO:root:Read blocks of pixels: 336.29 x 6700.30
INFO:root:Read blocks of pixels: 399.81 x 6700.53
INFO:root:Read blocks of pixels: 463.94 x 6700.76
INFO:root:Read blocks of pixels: 529.81 x 6701.00
INFO:root:Output region (530.81, 501.00) (2643.0, 3173.8) x (1318.6, 1819.6)
INFO:root:Output region (530.81, 500.00) (2643.0, 3173.8) x (1789.6, 2289.6)
INFO:root:Output region (530.81, 500.00) (2643.0, 3173.8) x (2259.6, 2759.6)
INFO:root:Output region (530.81, 500.00) (2643.0, 3173.8) x (2729.6, 3229.6)
INFO:root:Output region (530.81, 500.00) (2643.0, 3173.8) x (3199.6, 3699.6)
INFO:root:Output region (530.81, 500.00) (2643.0, 3173.8) x (3669.6, 4169.6)
INFO:root:Output region (530.81, 500.00) (2643.0, 3173.8) x (4139.6, 4639.6)
INFO:root:Output region (530.81, 500.00) (2643.0, 3173.8) x (4609.6, 5109.6)
INFO:root:Output region (530.81, 500.00) (2643.0, 3173.8) x (5079.6, 5579.6)
INFO:root:Output region (530.81, 500.00) (2643.0, 3173.8) x (5549.6, 6049.6)
INFO:root:Output region (530.81, 500.00) (2643.0, 3173.8) x (6019.6, 6519.6)
INFO:root:Output region (530.81, 500.00) (2643.0, 3173.8) x (6489.6, 6989.6)
INFO:root:Output region (530.81, 500.00) (2643.0, 3173.8) x (6959.6, 7459.6)
INFO:root:Output region (530.81, 591.00) (2643.0, 3173.8) x (7429.6, 8020.6)
INFO:root:Left over size 465491 (465491, 30.00)
INFO:root:Read blocks of pixels: 97.36 x 6699.45
INFO:root:Read blocks of pixels: 163.36 x 6699.68
INFO:root:Read blocks of pixels: 226.05 x 6699.91
INFO:root:Read blocks of pixels: 288.06 x 6700.13
INFO:root:Read blocks of pixels: 346.74 x 6700.34
INFO:root:Read blocks of pixels: 411.22 x 6700.57
INFO:root:Read blocks of pixels: 478.78 x 6700.81
INFO:root:Read blocks of pixels: 540.29 x 6701.03
INFO:root:Output region (541.29, 501.00) (3142.8, 3684.1) x (1320.4, 1821.4)
INFO:root:Output region (541.29, 500.00) (3142.8, 3684.1) x (1791.4, 2291.4)
INFO:root:Output region (541.29, 500.00) (3142.8, 3684.1) x (2261.4, 2761.4)
INFO:root:Output region (541.29, 500.00) (3142.8, 3684.1) x (2731.4, 3231.4)
INFO:root:Output region (541.29, 500.00) (3142.8, 3684.1) x (3201.4, 3701.4)
INFO:root:Output region (541.29, 500.00) (3142.8, 3684.1) x (3671.4, 4171.4)
INFO:root:Output region (541.29, 500.00) (3142.8, 3684.1) x (4141.4, 4641.4)
INFO:root:Output region (541.29, 500.00) (3142.8, 3684.1) x (4611.4, 5111.4)
INFO:root:Output region (541.29, 500.00) (3142.8, 3684.1) x (5081.4, 5581.4)
INFO:root:Output region (541.29, 500.00) (3142.8, 3684.1) x (5551.4, 6051.4)
INFO:root:Output region (541.29, 500.00) (3142.8, 3684.1) x (6021.4, 6521.4)
INFO:root:Output region (541.29, 500.00) (3142.8, 3684.1) x (6491.4, 6991.4)
INFO:root:Output region (541.29, 500.00) (3142.8, 3684.1) x (6961.4, 7461.4)
INFO:root:Output region (541.29, 591.03) (3142.8, 3684.1) x (7431.4, 8022.5)
INFO:root:Left over size 491058 (491058, 30.00)
INFO:root:Read blocks of pixels: 95.02 x 6699.44
INFO:root:Read blocks of pixels: 153.56 x 6699.65
INFO:root:Read blocks of pixels: 221.57 x 6699.89
INFO:root:Read blocks of pixels: 282.11 x 6700.11
INFO:root:Read blocks of pixels: 341.46 x 6700.32
INFO:root:Read blocks of pixels: 407.22 x 6700.55
INFO:root:Read blocks of pixels: 468.18 x 6700.77
INFO:root:Read blocks of pixels: 527.93 x 6700.99
INFO:root:Output region (528.93, 501.00) (3653.1, 4182.0) x (1322.2, 1823.2)
INFO:root:Output region (528.93, 500.00) (3653.1, 4182.0) x (1793.2, 2293.2)
INFO:root:Output region (528.93, 500.00) (3653.1, 4182.0) x (2263.2, 2763.2)
INFO:root:Output region (528.93, 500.00) (3653.1, 4182.0) x (2733.2, 3233.2)
INFO:root:Output region (528.93, 500.00) (3653.1, 4182.0) x (3203.2, 3703.2)
INFO:root:Output region (528.93, 500.00) (3653.1, 4182.0) x (3673.2, 4173.2)
INFO:root:Output region (528.93, 500.00) (3653.1, 4182.0) x (4143.2, 4643.2)
INFO:root:Output region (528.93, 500.00) (3653.1, 4182.0) x (4613.2, 5113.2)
INFO:root:Output region (528.93, 500.00) (3653.1, 4182.0) x (5083.2, 5583.2)
INFO:root:Output region (528.93, 500.00) (3653.1, 4182.0) x (5553.2, 6053.2)
INFO:root:Output region (528.93, 500.00) (3653.1, 4182.0) x (6023.2, 6523.2)
INFO:root:Output region (528.93, 500.00) (3653.1, 4182.0) x (6493.2, 6993.2)
INFO:root:Output region (528.93, 500.00) (3653.1, 4182.0) x (6963.2, 7463.2)
INFO:root:Output region (528.93, 590.99) (3653.1, 4182.0) x (7433.2, 8024.2)
INFO:root:Left over size 503552 (503552, 30.00)
INFO:root:Read blocks of pixels: 82.99 x 6699.40
INFO:root:Read blocks of pixels: 136.05 x 6699.59
INFO:root:Read blocks of pixels: 203.66 x 6699.82
INFO:root:Read blocks of pixels: 263.87 x 6700.04
INFO:root:Read blocks of pixels: 335.25 x 6700.29
INFO:root:Read blocks of pixels: 403.83 x 6700.53
INFO:root:Read blocks of pixels: 464.28 x 6700.75
INFO:root:Read blocks of pixels: 525.98 x 6700.98
INFO:root:Output region (526.98, 501.00) (4151.0, 4678.0) x (1324.0, 1825.0)
INFO:root:Output region (526.98, 500.00) (4151.0, 4678.0) x (1795.0, 2295.0)
INFO:root:Output region (526.98, 500.00) (4151.0, 4678.0) x (2265.0, 2765.0)
INFO:root:Output region (526.98, 500.00) (4151.0, 4678.0) x (2735.0, 3235.0)
INFO:root:Output region (526.98, 500.00) (4151.0, 4678.0) x (3205.0, 3705.0)
INFO:root:Output region (526.98, 500.00) (4151.0, 4678.0) x (3675.0, 4175.0)
INFO:root:Output region (526.98, 500.00) (4151.0, 4678.0) x (4145.0, 4645.0)
INFO:root:Output region (526.98, 500.00) (4151.0, 4678.0) x (4615.0, 5115.0)
INFO:root:Output region (526.98, 500.00) (4151.0, 4678.0) x (5085.0, 5585.0)
INFO:root:Output region (526.98, 500.00) (4151.0, 4678.0) x (5555.0, 6055.0)
INFO:root:Output region (526.98, 500.00) (4151.0, 4678.0) x (6025.0, 6525.0)
INFO:root:Output region (526.98, 500.00) (4151.0, 4678.0) x (6495.0, 6995.0)
INFO:root:Output region (526.98, 500.00) (4151.0, 4678.0) x (6965.0, 7465.0)
INFO:root:Output region (526.98, 590.98) (4151.0, 4678.0) x (7435.0, 8026.0)
INFO:root:Left over size 479798 (479798, 30.00)
INFO:root:Read blocks of pixels: 91.79 x 6699.42
INFO:root:Read blocks of pixels: 163.32 x 6699.68
INFO:root:Read blocks of pixels: 227.67 x 6699.91
INFO:root:Read blocks of pixels: 291.68 x 6700.13
INFO:root:Read blocks of pixels: 350.96 x 6700.35
INFO:root:Read blocks of pixels: 417.03 x 6700.58
INFO:root:Read blocks of pixels: 481.39 x 6700.81
INFO:root:Read blocks of pixels: 549.68 x 6701.05
INFO:root:Output region (550.68, 501.00) (4647.0, 5197.7) x (1325.8, 1826.8)
INFO:root:Output region (550.68, 500.00) (4647.0, 5197.7) x (1796.8, 2296.8)
INFO:root:Output region (550.68, 500.00) (4647.0, 5197.7) x (2266.8, 2766.8)
INFO:root:Output region (550.68, 500.00) (4647.0, 5197.7) x (2736.8, 3236.8)
INFO:root:Output region (550.68, 500.00) (4647.0, 5197.7) x (3206.8, 3706.8)
INFO:root:Output region (550.68, 500.00) (4647.0, 5197.7) x (3676.8, 4176.8)
INFO:root:Output region (550.68, 500.00) (4647.0, 5197.7) x (4146.8, 4646.8)
INFO:root:Output region (550.68, 500.00) (4647.0, 5197.7) x (4616.8, 5116.8)
INFO:root:Output region (550.68, 500.00) (4647.0, 5197.7) x (5086.8, 5586.8)
INFO:root:Output region (550.68, 500.00) (4647.0, 5197.7) x (5556.8, 6056.8)
INFO:root:Output region (550.68, 500.00) (4647.0, 5197.7) x (6026.8, 6526.8)
INFO:root:Output region (550.68, 500.00) (4647.0, 5197.7) x (6496.8, 6996.8)
INFO:root:Output region (550.68, 500.00) (4647.0, 5197.7) x (6966.8, 7466.8)
INFO:root:Output region (550.68, 591.05) (4647.0, 5197.7) x (7436.8, 8027.8)
INFO:root:Left over size 417487 (417487, 30.00)
INFO:root:Read blocks of pixels: 94.93 x 6699.44
INFO:root:Read blocks of pixels: 158.57 x 6699.67
INFO:root:Read blocks of pixels: 226.41 x 6699.91
INFO:root:Read blocks of pixels: 287.86 x 6700.13
INFO:root:Read blocks of pixels: 344.37 x 6700.33
INFO:root:Read blocks of pixels: 403.10 x 6700.54
INFO:root:Read blocks of pixels: 465.31 x 6700.75
INFO:root:Read blocks of pixels: 529.58 x 6700.99
INFO:root:Output region (530.58, 501.00) (5166.7, 5697.3) x (1327.6, 1828.6)
INFO:root:Output region (530.58, 500.00) (5166.7, 5697.3) x (1798.6, 2298.6)
INFO:root:Output region (530.58, 500.00) (5166.7, 5697.3) x (2268.6, 2768.6)
INFO:root:Output region (530.58, 500.00) (5166.7, 5697.3) x (2738.6, 3238.6)
INFO:root:Output region (530.58, 500.00) (5166.7, 5697.3) x (3208.6, 3708.6)
INFO:root:Output region (530.58, 500.00) (5166.7, 5697.3) x (3678.6, 4178.6)
INFO:root:Output region (530.58, 500.00) (5166.7, 5697.3) x (4148.6, 4648.6)
INFO:root:Output region (530.58, 500.00) (5166.7, 5697.3) x (4618.6, 5118.6)
INFO:root:Output region (530.58, 500.00) (5166.7, 5697.3) x (5088.6, 5588.6)
INFO:root:Output region (530.58, 500.00) (5166.7, 5697.3) x (5558.6, 6058.6)
INFO:root:Output region (530.58, 500.00) (5166.7, 5697.3) x (6028.6, 6528.6)
INFO:root:Output region (530.58, 500.00) (5166.7, 5697.3) x (6498.6, 6998.6)
INFO:root:Output region (530.58, 500.00) (5166.7, 5697.3) x (6968.6, 7468.6)
INFO:root:Output region (530.58, 590.99) (5166.7, 5697.3) x (7438.6, 8029.6)
INFO:root:Left over size 467518 (467518, 30.00)
INFO:root:Read blocks of pixels: 96.13 x 6699.44
INFO:root:Read blocks of pixels: 160.08 x 6699.67
INFO:root:Read blocks of pixels: 222.42 x 6699.89
INFO:root:Read blocks of pixels: 288.44 x 6700.12
INFO:root:Read blocks of pixels: 351.74 x 6700.35
INFO:root:Read blocks of pixels: 417.77 x 6700.59
INFO:root:Read blocks of pixels: 479.05 x 6700.80
INFO:root:Read blocks of pixels: 544.59 x 6701.04
INFO:root:Output region (545.59, 501.00) (5666.3, 6211.9) x (1329.4, 1830.4)
INFO:root:Output region (545.59, 500.00) (5666.3, 6211.9) x (1800.4, 2300.4)
INFO:root:Output region (545.59, 500.00) (5666.3, 6211.9) x (2270.4, 2770.4)
INFO:root:Output region (545.59, 500.00) (5666.3, 6211.9) x (2740.4, 3240.4)
INFO:root:Output region (545.59, 500.00) (5666.3, 6211.9) x (3210.4, 3710.4)
INFO:root:Output region (545.59, 500.00) (5666.3, 6211.9) x (3680.4, 4180.4)
INFO:root:Output region (545.59, 500.00) (5666.3, 6211.9) x (4150.4, 4650.4)
INFO:root:Output region (545.59, 500.00) (5666.3, 6211.9) x (4620.4, 5120.4)
INFO:root:Output region (545.59, 500.00) (5666.3, 6211.9) x (5090.4, 5590.4)
INFO:root:Output region (545.59, 500.00) (5666.3, 6211.9) x (5560.4, 6060.4)
INFO:root:Output region (545.59, 500.00) (5666.3, 6211.9) x (6030.4, 6530.4)
INFO:root:Output region (545.59, 500.00) (5666.3, 6211.9) x (6500.4, 7000.4)
INFO:root:Output region (545.59, 500.00) (5666.3, 6211.9) x (6970.4, 7470.4)
INFO:root:Output region (545.59, 591.04) (5666.3, 6211.9) x (7440.4, 8031.5)
INFO:root:Left over size 430800 (430800, 30.00)
INFO:root:Read blocks of pixels: 96.87 x 6699.45
INFO:root:Read blocks of pixels: 166.17 x 6699.69
INFO:root:Read blocks of pixels: 235.01 x 6699.94
INFO:root:Read blocks of pixels: 300.94 x 6700.17
INFO:root:Read blocks of pixels: 369.79 x 6700.41
INFO:root:Read blocks of pixels: 443.74 x 6700.68
INFO:root:Read blocks of pixels: 522.64 x 6700.96
INFO:root:Output region (523.64, 501.00) (6180.9, 6704.5) x (1331.3, 1832.3)
INFO:root:Output region (523.64, 500.00) (6180.9, 6704.5) x (1802.3, 2302.3)
INFO:root:Output region (523.64, 500.00) (6180.9, 6704.5) x (2272.3, 2772.3)
INFO:root:Output region (523.64, 500.00) (6180.9, 6704.5) x (2742.3, 3242.3)
INFO:root:Output region (523.64, 500.00) (6180.9, 6704.5) x (3212.3, 3712.3)
INFO:root:Output region (523.64, 500.00) (6180.9, 6704.5) x (3682.3, 4182.3)
INFO:root:Output region (523.64, 500.00) (6180.9, 6704.5) x (4152.3, 4652.3)
INFO:root:Output region (523.64, 500.00) (6180.9, 6704.5) x (4622.3, 5122.3)
INFO:root:Output region (523.64, 500.00) (6180.9, 6704.5) x (5092.3, 5592.3)
INFO:root:Output region (523.64, 500.00) (6180.9, 6704.5) x (5562.3, 6062.3)
INFO:root:Output region (523.64, 500.00) (6180.9, 6704.5) x (6032.3, 6532.3)
INFO:root:Output region (523.64, 500.00) (6180.9, 6704.5) x (6502.3, 7002.3)
INFO:root:Output region (523.64, 500.00) (6180.9, 6704.5) x (6972.3, 7472.3)
INFO:root:Output region (523.64, 590.96) (6180.9, 6704.5) x (7442.3, 8033.2)
INFO:root:Left over size 385436 (385436, 30.00)
INFO:root:Read blocks of pixels: 97.16 x 6699.44
INFO:root:Read blocks of pixels: 166.98 x 6699.69
INFO:root:Read blocks of pixels: 243.53 x 6699.96
INFO:root:Read blocks of pixels: 316.12 x 6700.21
INFO:root:Read blocks of pixels: 393.95 x 6700.49
INFO:root:Read blocks of pixels: 472.88 x 6700.78
INFO:root:Read blocks of pixels: 552.67 x 6701.06
INFO:root:Output region (553.67, 501.00) (6673.5, 7227.2) x (1333.0, 1834.0)
INFO:root:Output region (553.67, 500.00) (6673.5, 7227.2) x (1804.0, 2304.0)
INFO:root:Output region (553.67, 500.00) (6673.5, 7227.2) x (2274.0, 2774.0)
INFO:root:Output region (553.67, 500.00) (6673.5, 7227.2) x (2744.0, 3244.0)
INFO:root:Output region (553.67, 500.00) (6673.5, 7227.2) x (3214.0, 3714.0)
INFO:root:Output region (553.67, 500.00) (6673.5, 7227.2) x (3684.0, 4184.0)
INFO:root:Output region (553.67, 500.00) (6673.5, 7227.2) x (4154.0, 4654.0)
INFO:root:Output region (553.67, 500.00) (6673.5, 7227.2) x (4624.0, 5124.0)
INFO:root:Output region (553.67, 500.00) (6673.5, 7227.2) x (5094.0, 5594.0)
INFO:root:Output region (553.67, 500.00) (6673.5, 7227.2) x (5564.0, 6064.0)
INFO:root:Output region (553.67, 500.00) (6673.5, 7227.2) x (6034.0, 6534.0)
INFO:root:Output region (553.67, 500.00) (6673.5, 7227.2) x (6504.0, 7004.0)
INFO:root:Output region (553.67, 500.00) (6673.5, 7227.2) x (6974.0, 7474.0)
INFO:root:Output region (553.67, 591.06) (6673.5, 7227.2) x (7444.0, 8035.1)
INFO:root:Left over size 367556 (367556, 30.00)
INFO:root:Read blocks of pixels: 111.26 x 6699.49
INFO:root:Read blocks of pixels: 190.54 x 6699.76
INFO:root:Read blocks of pixels: 265.47 x 6700.04
INFO:root:Read blocks of pixels: 351.14 x 6700.35
INFO:root:Read blocks of pixels: 437.35 x 6700.65
INFO:root:Read blocks of pixels: 522.71 x 6700.95
INFO:root:Output region (523.71, 501.00) (7196.2, 7719.9) x (1334.9, 1835.9)
INFO:root:Output region (523.71, 500.00) (7196.2, 7719.9) x (1805.9, 2305.9)
INFO:root:Output region (523.71, 500.00) (7196.2, 7719.9) x (2275.9, 2775.9)
INFO:root:Output region (523.71, 500.00) (7196.2, 7719.9) x (2745.9, 3245.9)
INFO:root:Output region (523.71, 500.00) (7196.2, 7719.9) x (3215.9, 3715.9)
INFO:root:Output region (523.71, 500.00) (7196.2, 7719.9) x (3685.9, 4185.9)
INFO:root:Output region (523.71, 500.00) (7196.2, 7719.9) x (4155.9, 4655.9)
INFO:root:Output region (523.71, 500.00) (7196.2, 7719.9) x (4625.9, 5125.9)
INFO:root:Output region (523.71, 500.00) (7196.2, 7719.9) x (5095.9, 5595.9)
INFO:root:Output region (523.71, 500.00) (7196.2, 7719.9) x (5565.9, 6065.9)
INFO:root:Output region (523.71, 500.00) (7196.2, 7719.9) x (6035.9, 6535.9)
INFO:root:Output region (523.71, 500.00) (7196.2, 7719.9) x (6505.9, 7005.9)
INFO:root:Output region (523.71, 500.00) (7196.2, 7719.9) x (6975.9, 7475.9)
INFO:root:Output region (523.71, 590.95) (7196.2, 7719.9) x (7445.9, 8036.8)
INFO:root:Left over size 335216 (335216, 30.00)
INFO:root:Read blocks of pixels: 137.76 x 6699.58
INFO:root:Read blocks of pixels: 263.74 x 6700.00
INFO:root:Read blocks of pixels: 389.49 x 6700.44
INFO:root:Read blocks of pixels: 501.61 x 6700.88
INFO:root:Output region (502.61, 501.00) (7688.9, 8191.5) x (1336.6, 1837.6)
INFO:root:Output region (502.61, 500.00) (7688.9, 8191.5) x (1807.6, 2307.6)
INFO:root:Output region (502.61, 500.00) (7688.9, 8191.5) x (2277.6, 2777.6)
INFO:root:Output region (502.61, 500.00) (7688.9, 8191.5) x (2747.6, 3247.6)
INFO:root:Output region (502.61, 500.00) (7688.9, 8191.5) x (3217.6, 3717.6)
INFO:root:Output region (502.61, 500.00) (7688.9, 8191.5) x (3687.6, 4187.6)
INFO:root:Output region (502.61, 500.00) (7688.9, 8191.5) x (4157.6, 4657.6)
INFO:root:Output region (502.61, 500.00) (7688.9, 8191.5) x (4627.6, 5127.6)
INFO:root:Output region (502.61, 500.00) (7688.9, 8191.5) x (5097.6, 5597.6)
INFO:root:Output region (502.61, 500.00) (7688.9, 8191.5) x (5567.6, 6067.6)
INFO:root:Output region (502.61, 500.00) (7688.9, 8191.5) x (6037.6, 6537.6)
INFO:root:Output region (502.61, 500.00) (7688.9, 8191.5) x (6507.6, 7007.6)
INFO:root:Output region (502.61, 500.00) (7688.9, 8191.5) x (6977.6, 7477.6)
INFO:root:Output region (502.61, 590.88) (7688.9, 8191.5) x (7447.6, 8038.5)
INFO:root:Left over size 252674 (252674, 30.00)
INFO:root:Read blocks of pixels: 127.95 x 6699.45
INFO:root:Read blocks of pixels: 230.67 x 6699.73
INFO:root:Read blocks of pixels: 230.67 x 6699.73
INFO:root:Output region (231.67, 501.00) (8160.5, 8392.2) x (1338.4, 1839.4)
INFO:root:Output region (231.67, 500.00) (8160.5, 8392.2) x (1809.4, 2309.4)
INFO:root:Output region (231.67, 500.00) (8160.5, 8392.2) x (2279.4, 2779.4)
INFO:root:Output region (231.67, 500.00) (8160.5, 8392.2) x (2749.4, 3249.4)
INFO:root:Output region (231.67, 500.00) (8160.5, 8392.2) x (3219.4, 3719.4)
INFO:root:Output region (231.67, 500.00) (8160.5, 8392.2) x (3689.4, 4189.4)
INFO:root:Output region (231.67, 500.00) (8160.5, 8392.2) x (4159.4, 4659.4)
INFO:root:Output region (231.67, 500.00) (8160.5, 8392.2) x (4629.4, 5129.4)
INFO:root:Output region (231.67, 500.00) (8160.5, 8392.2) x (5099.4, 5599.4)
INFO:root:Output region (231.67, 500.00) (8160.5, 8392.2) x (5569.4, 6069.4)
INFO:root:Output region (231.67, 500.00) (8160.5, 8392.2) x (6039.4, 6539.4)
INFO:root:Output region (231.67, 500.00) (8160.5, 8392.2) x (6509.4, 7009.4)
INFO:root:Output region (231.67, 500.00) (8160.5, 8392.2) x (6979.4, 7479.4)
INFO:root:Output region (231.67, 589.73) (8160.5, 8392.2) x (7449.4, 8039.1)
['X', 'random_index', 'Y', 'gene', 'Count']
gzip -f /dcs05/lieber/marmaypag/xenium_NAC_LIBD4125/xenium_NAC/processed-data/HD_Full_Analysis/FICTURE/outputs/H1-M3TCP9V_D1/nF_12/batched.matrix.tsv
--------------------------------------------------------------
Creating DGE for 12um...
--------------------------------------------------------------
ficture make_dge --key Count --input /dcs05/lieber/marmaypag/xenium_NAC_LIBD4125/xenium_NAC/processed-data/HD_Full_Analysis/FICTURE/inputs/H1-M3TCP9V_D1/transcripts.sorted.tsv.gz --output /dcs05/lieber/marmaypag/xenium_NAC_LIBD4125/xenium_NAC/processed-data/HD_Full_Analysis/FICTURE/outputs/H1-M3TCP9V_D1/nF_12/hexagon.d_12.tsv --hex_width 12 --n_move 2 --min_ct_per_unit 50 --mu_scale 1.0 --precision 2 --major_axis X --fractional-count 0
INFO:root:Random seed 1772845386.3669353
WARNING:root:The designated major key is not one of the specified count columns, --count_header is ignored
INFO:root:Processing 94521 pixels (1000000 1669.503, 1739.645).
INFO:root:Sliding offset 0, 0. Add 2907 units, median count 151.0, 2907 units so far.
INFO:root:Sliding offset 0, 1. Add 3064 units, median count 150.0, 5971 units so far.
INFO:root:Sliding offset 1, 0. Add 2898 units, median count 151.0, 8869 units so far.
INFO:root:Sliding offset 1, 1. Add 3064 units, median count 152.0, 11933 units so far.
INFO:root:Left over size 372162 (1716, 1740).
INFO:root:Processing 133308 pixels (1372162 1715.646, 1798.426).
INFO:root:Sliding offset 0, 0. Add 3146 units, median count 174.0, 15079 units so far.
INFO:root:Sliding offset 0, 1. Add 3061 units, median count 175.0, 18140 units so far.
INFO:root:Sliding offset 1, 0. Add 3146 units, median count 173.0, 21286 units so far.
INFO:root:Sliding offset 1, 1. Add 3061 units, median count 176.0, 24347 units so far.
INFO:root:Left over size 410719 (1774, 1798).
INFO:root:Processing 145578 pixels (1410719 1774.427, 1865.701).
INFO:root:Sliding offset 0, 0. Add 3434 units, median count 164.0, 27781 units so far.
INFO:root:Sliding offset 0, 1. Add 3509 units, median count 163.0, 31290 units so far.
INFO:root:Sliding offset 1, 0. Add 3425 units, median count 163.5, 34715 units so far.
INFO:root:Sliding offset 1, 1. Add 3512 units, median count 164.0, 38227 units so far.
INFO:root:Left over size 366063 (1842, 1866).
INFO:root:Processing 144756 pixels (1366063 1841.702, 1931.73).
INFO:root:Sliding offset 0, 0. Add 3490 units, median count 167.0, 41717 units so far.
INFO:root:Sliding offset 0, 1. Add 3515 units, median count 167.0, 45232 units so far.
INFO:root:Sliding offset 1, 0. Add 3491 units, median count 168.0, 48723 units so far.
INFO:root:Sliding offset 1, 1. Add 3516 units, median count 169.0, 52239 units so far.
INFO:root:Left over size 369623 (1908, 1932).
INFO:root:Processing 140097 pixels (1369623 1907.731, 1994.122).
INFO:root:Sliding offset 0, 0. Add 3513 units, median count 170.0, 55752 units so far.
INFO:root:Sliding offset 0, 1. Add 3211 units, median count 169.0, 58963 units so far.
INFO:root:Sliding offset 1, 0. Add 3510 units, median count 170.0, 62473 units so far.
INFO:root:Sliding offset 1, 1. Add 3211 units, median count 171.0, 65684 units so far.
INFO:root:Left over size 337181 (1970, 1994).
INFO:root:Processing 134835 pixels (1337181 1970.123, 2053.118).
INFO:root:Sliding offset 0, 0. Add 3071 units, median count 176.0, 68755 units so far.
INFO:root:Sliding offset 0, 1. Add 3204 units, median count 177.0, 71959 units so far.
INFO:root:Sliding offset 1, 0. Add 3077 units, median count 179.0, 75036 units so far.
INFO:root:Sliding offset 1, 1. Add 3207 units, median count 177.0, 78243 units so far.
INFO:root:Left over size 439752 (2029, 2053).
INFO:root:Processing 144066 pixels (1439752 2029.119, 2118.106).
INFO:root:Sliding offset 0, 0. Add 3341 units, median count 175.0, 81584 units so far.
INFO:root:Sliding offset 0, 1. Add 3495 units, median count 176.0, 85079 units so far.
INFO:root:Sliding offset 1, 0. Add 3338 units, median count 177.0, 88417 units so far.
INFO:root:Sliding offset 1, 1. Add 3491 units, median count 177.0, 91908 units so far.
INFO:root:Left over size 358136 (2094, 2118).
INFO:root:Processing 143826 pixels (1358136 2094.107, 2182.97).
INFO:root:Sliding offset 0, 0. Add 3494 units, median count 173.0, 95402 units so far.
INFO:root:Sliding offset 0, 1. Add 3527 units, median count 174.0, 98929 units so far.
INFO:root:Sliding offset 1, 0. Add 3496 units, median count 175.0, 102425 units so far.
INFO:root:Sliding offset 1, 1. Add 3518 units, median count 173.0, 105943 units so far.
INFO:root:Left over size 362468 (2159, 2183).
INFO:root:Processing 135177 pixels (1362468 2158.971, 2242.259).
INFO:root:Sliding offset 0, 0. Add 3183 units, median count 184.0, 109126 units so far.
INFO:root:Sliding offset 0, 1. Add 3071 units, median count 184.0, 112197 units so far.
INFO:root:Sliding offset 1, 0. Add 3182 units, median count 184.0, 115379 units so far.
INFO:root:Sliding offset 1, 1. Add 3072 units, median count 185.0, 118451 units so far.
INFO:root:Left over size 385010 (2218, 2242).
INFO:root:Processing 136982 pixels (1385010 2218.26, 2302.601).
INFO:root:Sliding offset 0, 0. Add 3186 units, median count 186.0, 121637 units so far.
INFO:root:Sliding offset 0, 1. Add 3234 units, median count 186.0, 124871 units so far.
INFO:root:Sliding offset 1, 0. Add 3190 units, median count 185.0, 128061 units so far.
INFO:root:Sliding offset 1, 1. Add 3231 units, median count 187.0, 131292 units so far.
INFO:root:Left over size 373692 (2279, 2303).
INFO:root:Processing 136971 pixels (1373692 2278.602, 2362.991).
INFO:root:Sliding offset 0, 0. Add 3185 units, median count 183.0, 134477 units so far.
INFO:root:Sliding offset 0, 1. Add 3239 units, median count 183.0, 137716 units so far.
INFO:root:Sliding offset 1, 0. Add 3186 units, median count 183.0, 140902 units so far.
INFO:root:Sliding offset 1, 1. Add 3254 units, median count 183.0, 144156 units so far.
INFO:root:Left over size 437816 (2339, 2363).
INFO:root:Processing 143500 pixels (1437816 2338.992, 2427.993).
INFO:root:Sliding offset 0, 0. Add 3452 units, median count 181.0, 147608 units so far.
INFO:root:Sliding offset 0, 1. Add 3317 units, median count 182.0, 150925 units so far.
INFO:root:Sliding offset 1, 0. Add 3460 units, median count 181.5, 154385 units so far.
INFO:root:Sliding offset 1, 1. Add 3310 units, median count 179.0, 157695 units so far.
INFO:root:Left over size 382703 (2404, 2428).
INFO:root:Processing 144880 pixels (1382703 2403.994, 2493.487).
INFO:root:Sliding offset 0, 0. Add 3485 units, median count 179.0, 161180 units so far.
INFO:root:Sliding offset 0, 1. Add 3415 units, median count 177.0, 164595 units so far.
INFO:root:Sliding offset 1, 0. Add 3484 units, median count 177.0, 168079 units so far.
INFO:root:Sliding offset 1, 1. Add 3403 units, median count 178.0, 171482 units so far.
INFO:root:Left over size 376745 (2469, 2493).
INFO:root:Processing 131190 pixels (1376745 2469.488, 2550.005).
INFO:root:Sliding offset 0, 0. Add 2868 units, median count 194.0, 174350 units so far.
INFO:root:Sliding offset 0, 1. Add 3101 units, median count 193.0, 177451 units so far.
INFO:root:Sliding offset 1, 0. Add 2869 units, median count 195.0, 180320 units so far.
INFO:root:Sliding offset 1, 1. Add 3100 units, median count 193.0, 183420 units so far.
INFO:root:Left over size 421924 (2526, 2550).
INFO:root:Processing 142702 pixels (1421924 2526.007, 2613.385).
INFO:root:Sliding offset 0, 0. Add 3516 units, median count 183.0, 186936 units so far.
INFO:root:Sliding offset 0, 1. Add 3268 units, median count 183.0, 190204 units so far.
INFO:root:Sliding offset 1, 0. Add 3517 units, median count 184.0, 193721 units so far.
INFO:root:Sliding offset 1, 1. Add 3270 units, median count 184.0, 196991 units so far.
INFO:root:Left over size 373603 (2589, 2613).
INFO:root:Processing 138226 pixels (1373603 2589.386, 2673.992).
INFO:root:Sliding offset 0, 0. Add 3213 units, median count 181.0, 200204 units so far.
INFO:root:Sliding offset 0, 1. Add 3309 units, median count 181.0, 203513 units so far.
INFO:root:Sliding offset 1, 0. Add 3214 units, median count 181.0, 206727 units so far.
INFO:root:Sliding offset 1, 1. Add 3305 units, median count 180.0, 210032 units so far.
INFO:root:Left over size 394471 (2650, 2674).
INFO:root:Processing 139848 pixels (1394471 2649.993, 2735.813).
INFO:root:Sliding offset 0, 0. Add 3215 units, median count 180.0, 213247 units so far.
INFO:root:Sliding offset 0, 1. Add 3367 units, median count 177.0, 216614 units so far.
INFO:root:Sliding offset 1, 0. Add 3212 units, median count 179.0, 219826 units so far.
INFO:root:Sliding offset 1, 1. Add 3367 units, median count 178.0, 223193 units so far.
INFO:root:Left over size 397887 (2712, 2736).
INFO:root:Processing 133586 pixels (1397887 2711.814, 2793.878).
INFO:root:Sliding offset 0, 0. Add 3160 units, median count 185.0, 226353 units so far.
INFO:root:Sliding offset 0, 1. Add 2993 units, median count 185.0, 229346 units so far.
INFO:root:Sliding offset 1, 0. Add 3172 units, median count 184.0, 232518 units so far.
INFO:root:Sliding offset 1, 1. Add 3001 units, median count 185.0, 235519 units so far.
INFO:root:Left over size 452012 (2770, 2794).
INFO:root:Processing 135268 pixels (1452012 2769.879, 2852.613).
INFO:root:Sliding offset 0, 0. Add 3203 units, median count 194.0, 238722 units so far.
INFO:root:Sliding offset 0, 1. Add 3074 units, median count 195.0, 241796 units so far.
INFO:root:Sliding offset 1, 0. Add 3206 units, median count 195.0, 245002 units so far.
INFO:root:Sliding offset 1, 1. Add 3067 units, median count 193.0, 248069 units so far.
INFO:root:Left over size 430184 (2829, 2853).
INFO:root:Processing 136149 pixels (1430184 2828.614, 2911.822).
INFO:root:Sliding offset 0, 0. Add 3174 units, median count 193.0, 251243 units so far.
INFO:root:Sliding offset 0, 1. Add 3189 units, median count 193.0, 254432 units so far.
INFO:root:Sliding offset 1, 0. Add 3175 units, median count 194.0, 257607 units so far.
INFO:root:Sliding offset 1, 1. Add 3192 units, median count 193.0, 260799 units so far.
INFO:root:Left over size 392527 (2888, 2912).
INFO:root:Processing 151092 pixels (1392527 2887.823, 2980.28).
INFO:root:Sliding offset 0, 0. Add 3568 units, median count 181.0, 264367 units so far.
INFO:root:Sliding offset 0, 1. Add 3735 units, median count 183.0, 268102 units so far.
INFO:root:Sliding offset 1, 0. Add 3564 units, median count 183.0, 271666 units so far.
INFO:root:Sliding offset 1, 1. Add 3743 units, median count 183.0, 275409 units so far.
INFO:root:Left over size 387644 (2956, 2980).
INFO:root:Processing 142933 pixels (1387644 2956.281, 3043.808).
INFO:root:Sliding offset 0, 0. Add 3470 units, median count 185.0, 278879 units so far.
INFO:root:Sliding offset 0, 1. Add 3301 units, median count 183.0, 282180 units so far.
INFO:root:Sliding offset 1, 0. Add 3475 units, median count 187.0, 285655 units so far.
INFO:root:Sliding offset 1, 1. Add 3294 units, median count 185.0, 288949 units so far.
INFO:root:Left over size 394013 (3020, 3044).
INFO:root:Processing 143415 pixels (1394013 3019.809, 3107.933).
INFO:root:Sliding offset 0, 0. Add 3205 units, median count 185.0, 292154 units so far.
INFO:root:Sliding offset 0, 1. Add 3487 units, median count 186.0, 295641 units so far.
INFO:root:Sliding offset 1, 0. Add 3200 units, median count 185.0, 298841 units so far.
INFO:root:Sliding offset 1, 1. Add 3484 units, median count 185.0, 302325 units so far.
INFO:root:Left over size 365009 (3084, 3108).
INFO:root:Processing 146469 pixels (1365009 3083.934, 3173.801).
INFO:root:Sliding offset 0, 0. Add 3519 units, median count 179.0, 305844 units so far.
INFO:root:Sliding offset 0, 1. Add 3517 units, median count 179.0, 309361 units so far.
INFO:root:Sliding offset 1, 0. Add 3523 units, median count 178.0, 312884 units so far.
INFO:root:Sliding offset 1, 1. Add 3514 units, median count 180.0, 316398 units so far.
INFO:root:Left over size 372843 (3150, 3174).
INFO:root:Processing 148200 pixels (1372843 3149.802, 3241.157).
INFO:root:Sliding offset 0, 0. Add 3658 units, median count 177.0, 320056 units so far.
INFO:root:Sliding offset 0, 1. Add 3478 units, median count 176.0, 323534 units so far.
INFO:root:Sliding offset 1, 0. Add 3658 units, median count 178.0, 327192 units so far.
INFO:root:Sliding offset 1, 1. Add 3469 units, median count 177.0, 330661 units so far.
INFO:root:Left over size 352485 (3217, 3241).
INFO:root:Processing 145433 pixels (1352485 3217.158, 3307.162).
INFO:root:Sliding offset 0, 0. Add 3440 units, median count 183.0, 334101 units so far.
INFO:root:Sliding offset 0, 1. Add 3443 units, median count 182.0, 337544 units so far.
INFO:root:Sliding offset 1, 0. Add 3424 units, median count 185.0, 340968 units so far.
INFO:root:Sliding offset 1, 1. Add 3446 units, median count 183.0, 344414 units so far.
INFO:root:Left over size 367220 (3283, 3307).
INFO:root:Processing 139654 pixels (1367220 3283.163, 3369.848).
INFO:root:Sliding offset 0, 0. Add 3267 units, median count 180.5, 347681 units so far.
INFO:root:Sliding offset 0, 1. Add 3270 units, median count 182.0, 350951 units so far.
INFO:root:Sliding offset 1, 0. Add 3266 units, median count 182.0, 354217 units so far.
INFO:root:Sliding offset 1, 1. Add 3266 units, median count 181.0, 357483 units so far.
INFO:root:Left over size 395920 (3346, 3370).
INFO:root:Processing 139817 pixels (1395920 3345.849, 3431.86).
INFO:root:Sliding offset 0, 0. Add 3177 units, median count 189.0, 360660 units so far.
INFO:root:Sliding offset 0, 1. Add 3358 units, median count 187.0, 364018 units so far.
INFO:root:Sliding offset 1, 0. Add 3179 units, median count 188.0, 367197 units so far.
INFO:root:Sliding offset 1, 1. Add 3342 units, median count 188.0, 370539 units so far.
INFO:root:Left over size 401565 (3408, 3432).
INFO:root:Processing 134846 pixels (1401565 3407.861, 3490.539).
INFO:root:Sliding offset 0, 0. Add 3170 units, median count 197.0, 373709 units so far.
INFO:root:Sliding offset 0, 1. Add 3102 units, median count 197.0, 376811 units so far.
INFO:root:Sliding offset 1, 0. Add 3169 units, median count 197.0, 379980 units so far.
INFO:root:Sliding offset 1, 1. Add 3107 units, median count 198.0, 383087 units so far.
INFO:root:Left over size 428238 (3467, 3491).
INFO:root:Processing 143967 pixels (1428238 3466.54, 3555.022).
INFO:root:Sliding offset 0, 0. Add 3479 units, median count 195.0, 386566 units so far.
INFO:root:Sliding offset 0, 1. Add 3263 units, median count 193.0, 389829 units so far.
INFO:root:Sliding offset 1, 0. Add 3484 units, median count 195.0, 393313 units so far.
INFO:root:Sliding offset 1, 1. Add 3256 units, median count 193.0, 396569 units so far.
INFO:root:Left over size 363573 (3531, 3555).
INFO:root:Processing 148701 pixels (1363573 3531.023, 3622.579).
INFO:root:Sliding offset 0, 0. Add 3515 units, median count 180.0, 400084 units so far.
INFO:root:Sliding offset 0, 1. Add 3744 units, median count 180.0, 403828 units so far.
INFO:root:Sliding offset 1, 0. Add 3518 units, median count 182.0, 407346 units so far.
INFO:root:Sliding offset 1, 1. Add 3739 units, median count 182.0, 411085 units so far.
INFO:root:Left over size 351929 (3599, 3623).
INFO:root:Processing 139782 pixels (1351929 3598.58, 3684.093).
INFO:root:Sliding offset 0, 0. Add 3237 units, median count 185.0, 414322 units so far.
INFO:root:Sliding offset 0, 1. Add 3291 units, median count 184.0, 417613 units so far.
INFO:root:Sliding offset 1, 0. Add 3239 units, median count 185.0, 420852 units so far.
INFO:root:Sliding offset 1, 1. Add 3295 units, median count 183.0, 424147 units so far.
INFO:root:Left over size 394582 (3660, 3684).
INFO:root:Processing 145722 pixels (1394582 3660.094, 3749.117).
INFO:root:Sliding offset 0, 0. Add 3508 units, median count 189.0, 427655 units so far.
INFO:root:Sliding offset 0, 1. Add 3514 units, median count 189.0, 431169 units so far.
INFO:root:Sliding offset 1, 0. Add 3511 units, median count 187.0, 434680 units so far.
INFO:root:Sliding offset 1, 1. Add 3517 units, median count 188.0, 438197 units so far.
INFO:root:Left over size 372978 (3725, 3749).
INFO:root:Processing 134441 pixels (1372978 3725.118, 3807.651).
INFO:root:Sliding offset 0, 0. Add 3193 units, median count 186.0, 441390 units so far.
INFO:root:Sliding offset 0, 1. Add 2989 units, median count 184.0, 444379 units so far.
INFO:root:Sliding offset 1, 0. Add 3194 units, median count 185.0, 447573 units so far.
INFO:root:Sliding offset 1, 1. Add 2990 units, median count 186.0, 450563 units so far.
INFO:root:Left over size 411263 (3784, 3808).
INFO:root:Processing 149100 pixels (1411263 3783.652, 3875.664).
INFO:root:Sliding offset 0, 0. Add 3464 units, median count 175.0, 454027 units so far.
INFO:root:Sliding offset 0, 1. Add 3666 units, median count 174.0, 457693 units so far.
INFO:root:Sliding offset 1, 0. Add 3467 units, median count 175.0, 461160 units so far.
INFO:root:Sliding offset 1, 1. Add 3673 units, median count 176.0, 464833 units so far.
INFO:root:Left over size 345584 (3852, 3876).
INFO:root:Processing 137012 pixels (1345584 3851.666, 3936.204).
INFO:root:Sliding offset 0, 0. Add 3172 units, median count 189.0, 468005 units so far.
INFO:root:Sliding offset 0, 1. Add 3145 units, median count 189.0, 471150 units so far.
INFO:root:Sliding offset 1, 0. Add 3174 units, median count 189.0, 474324 units so far.
INFO:root:Sliding offset 1, 1. Add 3150 units, median count 190.0, 477474 units so far.
INFO:root:Left over size 398151 (3912, 3936).
INFO:root:Processing 135364 pixels (1398151 3912.205, 3995.552).
INFO:root:Sliding offset 0, 0. Add 3119 units, median count 204.0, 480593 units so far.
INFO:root:Sliding offset 0, 1. Add 3155 units, median count 202.0, 483748 units so far.
INFO:root:Sliding offset 1, 0. Add 3125 units, median count 201.0, 486873 units so far.
INFO:root:Sliding offset 1, 1. Add 3149 units, median count 201.0, 490022 units so far.
INFO:root:Left over size 388314 (3972, 3996).
INFO:root:Processing 146229 pixels (1388314 3971.553, 4061.316).
INFO:root:Sliding offset 0, 0. Add 3512 units, median count 189.0, 493534 units so far.
INFO:root:Sliding offset 0, 1. Add 3514 units, median count 188.0, 497048 units so far.
INFO:root:Sliding offset 1, 0. Add 3505 units, median count 188.0, 500553 units so far.
INFO:root:Sliding offset 1, 1. Add 3510 units, median count 187.0, 504063 units so far.
INFO:root:Left over size 351699 (4037, 4061).
INFO:root:Processing 138100 pixels (1351699 4037.318, 4122.272).
INFO:root:Sliding offset 0, 0. Add 3213 units, median count 193.0, 507276 units so far.
INFO:root:Sliding offset 0, 1. Add 3171 units, median count 191.0, 510447 units so far.
INFO:root:Sliding offset 1, 0. Add 3212 units, median count 192.0, 513659 units so far.
INFO:root:Sliding offset 1, 1. Add 3174 units, median count 191.5, 516833 units so far.
INFO:root:Left over size 409297 (4098, 4122).
INFO:root:Processing 136693 pixels (1409297 4098.274, 4182.025).
INFO:root:Sliding offset 0, 0. Add 3143 units, median count 200.0, 519976 units so far.
INFO:root:Sliding offset 0, 1. Add 3178 units, median count 200.0, 523154 units so far.
INFO:root:Sliding offset 1, 0. Add 3138 units, median count 201.0, 526292 units so far.
INFO:root:Sliding offset 1, 1. Add 3182 units, median count 201.0, 529474 units so far.
INFO:root:Left over size 406794 (4158, 4182).
INFO:root:Processing 126140 pixels (1406794 4158.027, 4235.02).
INFO:root:Sliding offset 0, 0. Add 2884 units, median count 213.0, 532358 units so far.
INFO:root:Sliding offset 0, 1. Add 2893 units, median count 212.0, 535251 units so far.
INFO:root:Sliding offset 1, 0. Add 2885 units, median count 213.0, 538136 units so far.
INFO:root:Sliding offset 1, 1. Add 2891 units, median count 208.0, 541027 units so far.
INFO:root:Left over size 436160 (4211, 4235).
INFO:root:Processing 124977 pixels (1436160 4211.021, 4288.08).
INFO:root:Sliding offset 0, 0. Add 2779 units, median count 220.0, 543806 units so far.
INFO:root:Sliding offset 0, 1. Add 2632 units, median count 220.0, 546438 units so far.
INFO:root:Sliding offset 1, 0. Add 2780 units, median count 219.0, 549218 units so far.
INFO:root:Sliding offset 1, 1. Add 2631 units, median count 222.0, 551849 units so far.
INFO:root:Left over size 437218 (4264, 4288).
INFO:root:Processing 140677 pixels (1437218 4264.082, 4355.688).
INFO:root:Sliding offset 0, 0. Add 3100 units, median count 210.0, 554949 units so far.
INFO:root:Sliding offset 0, 1. Add 3224 units, median count 209.0, 558173 units so far.
INFO:root:Sliding offset 1, 0. Add 3102 units, median count 209.0, 561275 units so far.
INFO:root:Sliding offset 1, 1. Add 3216 units, median count 210.0, 564491 units so far.
INFO:root:Left over size 336328 (4332, 4356).
INFO:root:Processing 122932 pixels (1336328 4331.69, 4415.898).
INFO:root:Sliding offset 0, 0. Add 2537 units, median count 225.0, 567028 units so far.
INFO:root:Sliding offset 0, 1. Add 2524 units, median count 224.0, 569552 units so far.
INFO:root:Sliding offset 1, 0. Add 2544 units, median count 225.0, 572096 units so far.
INFO:root:Sliding offset 1, 1. Add 2535 units, median count 222.0, 574631 units so far.
INFO:root:Left over size 388956 (4392, 4416).
INFO:root:Processing 137354 pixels (1388956 4391.899, 4487.272).
INFO:root:Sliding offset 0, 0. Add 2977 units, median count 212.0, 577608 units so far.
INFO:root:Sliding offset 0, 1. Add 2991 units, median count 211.0, 580599 units so far.
INFO:root:Sliding offset 1, 0. Add 2992 units, median count 212.0, 583591 units so far.
INFO:root:Sliding offset 1, 1. Add 2985 units, median count 211.0, 586576 units so far.
INFO:root:Left over size 333386 (4463, 4487).
INFO:root:Processing 140326 pixels (1333386 4463.273, 4555.852).
INFO:root:Sliding offset 0, 0. Add 3353 units, median count 197.0, 589929 units so far.
INFO:root:Sliding offset 0, 1. Add 3110 units, median count 196.0, 593039 units so far.
INFO:root:Sliding offset 1, 0. Add 3347 units, median count 200.0, 596386 units so far.
INFO:root:Sliding offset 1, 1. Add 3107 units, median count 195.0, 599493 units so far.
INFO:root:Left over size 394211 (4532, 4556).
INFO:root:Processing 135684 pixels (1394211 4531.853, 4616.307).
INFO:root:Sliding offset 0, 0. Add 3193 units, median count 197.0, 602686 units so far.
INFO:root:Sliding offset 0, 1. Add 3168 units, median count 198.0, 605854 units so far.
INFO:root:Sliding offset 1, 0. Add 3194 units, median count 197.0, 609048 units so far.
INFO:root:Sliding offset 1, 1. Add 3173 units, median count 197.0, 612221 units so far.
INFO:root:Left over size 402663 (4592, 4616).
INFO:root:Processing 139110 pixels (1402663 4592.308, 4678.009).
INFO:root:Sliding offset 0, 0. Add 3173 units, median count 194.0, 615394 units so far.
INFO:root:Sliding offset 0, 1. Add 3314 units, median count 199.0, 618708 units so far.
INFO:root:Sliding offset 1, 0. Add 3172 units, median count 196.5, 621880 units so far.
INFO:root:Sliding offset 1, 1. Add 3322 units, median count 199.0, 625202 units so far.
INFO:root:Left over size 389559 (4654, 4678).
INFO:root:Processing 138790 pixels (1389559 4654.01, 4739.802).
INFO:root:Sliding offset 0, 0. Add 3093 units, median count 207.0, 628295 units so far.
INFO:root:Sliding offset 0, 1. Add 3233 units, median count 209.0, 631528 units so far.
INFO:root:Sliding offset 1, 0. Add 3096 units, median count 209.0, 634624 units so far.
INFO:root:Sliding offset 1, 1. Add 3231 units, median count 205.0, 637855 units so far.
INFO:root:Left over size 402636 (4716, 4740).
INFO:root:Processing 153258 pixels (1402636 4715.803, 4811.335).
INFO:root:Sliding offset 0, 0. Add 3669 units, median count 196.0, 641524 units so far.
INFO:root:Sliding offset 0, 1. Add 3669 units, median count 198.0, 645193 units so far.
INFO:root:Sliding offset 1, 0. Add 3669 units, median count 195.0, 648862 units so far.
INFO:root:Sliding offset 1, 1. Add 3674 units, median count 196.0, 652536 units so far.
INFO:root:Left over size 348578 (4787, 4811).
INFO:root:Processing 141305 pixels (1348578 4787.336, 4875.68).
INFO:root:Sliding offset 0, 0. Add 3338 units, median count 203.0, 655874 units so far.
INFO:root:Sliding offset 0, 1. Add 3143 units, median count 205.0, 659017 units so far.
INFO:root:Sliding offset 1, 0. Add 3340 units, median count 202.0, 662357 units so far.
INFO:root:Sliding offset 1, 1. Add 3140 units, median count 204.0, 665497 units so far.
INFO:root:Left over size 400994 (4852, 4876).
INFO:root:Processing 141002 pixels (1400994 4851.681, 4939.686).
INFO:root:Sliding offset 0, 0. Add 3283 units, median count 219.0, 668780 units so far.
INFO:root:Sliding offset 0, 1. Add 3233 units, median count 219.0, 672013 units so far.
INFO:root:Sliding offset 1, 0. Add 3279 units, median count 220.0, 675292 units so far.
INFO:root:Sliding offset 1, 1. Add 3232 units, median count 218.0, 678524 units so far.
INFO:root:Left over size 395483 (4916, 4940).
INFO:root:Processing 132562 pixels (1395483 4915.687, 4998.97).
INFO:root:Sliding offset 0, 0. Add 2891 units, median count 221.0, 681415 units so far.
INFO:root:Sliding offset 0, 1. Add 2983 units, median count 220.0, 684398 units so far.
INFO:root:Sliding offset 1, 0. Add 2878 units, median count 221.0, 687276 units so far.
INFO:root:Sliding offset 1, 1. Add 2974 units, median count 222.0, 690250 units so far.
INFO:root:Left over size 422506 (4975, 4999).
INFO:root:Processing 143046 pixels (1422506 4974.971, 5065.043).
INFO:root:Sliding offset 0, 0. Add 3302 units, median count 211.0, 693552 units so far.
INFO:root:Sliding offset 0, 1. Add 3299 units, median count 210.0, 696851 units so far.
INFO:root:Sliding offset 1, 0. Add 3306 units, median count 210.0, 700157 units so far.
INFO:root:Sliding offset 1, 1. Add 3304 units, median count 210.0, 703461 units so far.
INFO:root:Left over size 386241 (5041, 5065).
INFO:root:Processing 141351 pixels (1386241 5041.044, 5129.399).
INFO:root:Sliding offset 0, 0. Add 3197 units, median count 210.0, 706658 units so far.
INFO:root:Sliding offset 0, 1. Add 3345 units, median count 210.0, 710003 units so far.
INFO:root:Sliding offset 1, 0. Add 3197 units, median count 209.0, 713200 units so far.
INFO:root:Sliding offset 1, 1. Add 3355 units, median count 210.5, 716555 units so far.
INFO:root:Left over size 382337 (5105, 5129).
INFO:root:Processing 147557 pixels (1382337 5105.4, 5197.694).
INFO:root:Sliding offset 0, 0. Add 3602 units, median count 201.0, 720157 units so far.
INFO:root:Sliding offset 0, 1. Add 3353 units, median count 200.0, 723510 units so far.
INFO:root:Sliding offset 1, 0. Add 3611 units, median count 201.0, 727121 units so far.
INFO:root:Sliding offset 1, 1. Add 3345 units, median count 200.0, 730466 units so far.
INFO:root:Left over size 339348 (5174, 5198).
INFO:root:Processing 142817 pixels (1339348 5173.695, 5262.626).
INFO:root:Sliding offset 0, 0. Add 3206 units, median count 205.0, 733672 units so far.
INFO:root:Sliding offset 0, 1. Add 3358 units, median count 206.0, 737030 units so far.
INFO:root:Sliding offset 1, 0. Add 3200 units, median count 207.0, 740230 units so far.
INFO:root:Sliding offset 1, 1. Add 3373 units, median count 205.0, 743603 units so far.
INFO:root:Left over size 355218 (5239, 5263).
INFO:root:Processing 141698 pixels (1355218 5238.627, 5326.269).
INFO:root:Sliding offset 0, 0. Add 3332 units, median count 205.0, 746935 units so far.
INFO:root:Sliding offset 0, 1. Add 3322 units, median count 205.0, 750257 units so far.
INFO:root:Sliding offset 1, 0. Add 3334 units, median count 204.0, 753591 units so far.
INFO:root:Sliding offset 1, 1. Add 3324 units, median count 206.0, 756915 units so far.
INFO:root:Left over size 372841 (5302, 5326).
INFO:root:Processing 148912 pixels (1372841 5302.27, 5394.1).
INFO:root:Sliding offset 0, 0. Add 3484 units, median count 196.0, 760399 units so far.
INFO:root:Sliding offset 0, 1. Add 3588 units, median count 195.0, 763987 units so far.
INFO:root:Sliding offset 1, 0. Add 3486 units, median count 197.0, 767473 units so far.
INFO:root:Sliding offset 1, 1. Add 3586 units, median count 196.0, 771059 units so far.
INFO:root:Left over size 362711 (5370, 5394).
INFO:root:Processing 139155 pixels (1362711 5370.101, 5455.55).
INFO:root:Sliding offset 0, 0. Add 3388 units, median count 206.0, 774447 units so far.
INFO:root:Sliding offset 0, 1. Add 3161 units, median count 205.0, 777608 units so far.
INFO:root:Sliding offset 1, 0. Add 3380 units, median count 208.0, 780988 units so far.
INFO:root:Sliding offset 1, 1. Add 3163 units, median count 207.0, 784151 units so far.
INFO:root:Left over size 400024 (5432, 5456).
INFO:root:Processing 131434 pixels (1400024 5431.551, 5512.065).
INFO:root:Sliding offset 0, 0. Add 2882 units, median count 225.0, 787033 units so far.
INFO:root:Sliding offset 0, 1. Add 2983 units, median count 228.0, 790016 units so far.
INFO:root:Sliding offset 1, 0. Add 2888 units, median count 224.0, 792904 units so far.
INFO:root:Sliding offset 1, 1. Add 2983 units, median count 230.0, 795887 units so far.
INFO:root:Left over size 452752 (5488, 5512).
INFO:root:Processing 133915 pixels (1452752 5488.066, 5570.794).
INFO:root:Sliding offset 0, 0. Add 3078 units, median count 234.0, 798965 units so far.
INFO:root:Sliding offset 0, 1. Add 2921 units, median count 233.0, 801886 units so far.
INFO:root:Sliding offset 1, 0. Add 3085 units, median count 233.0, 804971 units so far.
INFO:root:Sliding offset 1, 1. Add 2917 units, median count 232.0, 807888 units so far.
INFO:root:Left over size 410739 (5547, 5571).
INFO:root:Processing 140217 pixels (1410739 5546.795, 5633.001).
INFO:root:Sliding offset 0, 0. Add 3164 units, median count 218.0, 811052 units so far.
INFO:root:Sliding offset 0, 1. Add 3466 units, median count 221.0, 814518 units so far.
INFO:root:Sliding offset 1, 0. Add 3160 units, median count 219.0, 817678 units so far.
INFO:root:Sliding offset 1, 1. Add 3462 units, median count 221.0, 821140 units so far.
INFO:root:Left over size 404620 (5609, 5633).
INFO:root:Processing 144633 pixels (1404620 5609.002, 5697.278).
INFO:root:Sliding offset 0, 0. Add 3496 units, median count 214.0, 824636 units so far.
INFO:root:Sliding offset 0, 1. Add 3234 units, median count 213.0, 827870 units so far.
INFO:root:Sliding offset 1, 0. Add 3500 units, median count 214.0, 831370 units so far.
INFO:root:Sliding offset 1, 1. Add 3233 units, median count 214.0, 834603 units so far.
INFO:root:Left over size 365440 (5673, 5697).
INFO:root:Processing 147750 pixels (1365440 5673.279, 5763.413).
INFO:root:Sliding offset 0, 0. Add 3489 units, median count 202.0, 838092 units so far.
INFO:root:Sliding offset 0, 1. Add 3507 units, median count 205.0, 841599 units so far.
INFO:root:Sliding offset 1, 0. Add 3489 units, median count 204.0, 845088 units so far.
INFO:root:Sliding offset 1, 1. Add 3503 units, median count 204.0, 848591 units so far.
INFO:root:Left over size 367994 (5739, 5763).
INFO:root:Processing 144336 pixels (1367994 5739.414, 5827.356).
INFO:root:Sliding offset 0, 0. Add 3394 units, median count 208.0, 851985 units so far.
INFO:root:Sliding offset 0, 1. Add 3421 units, median count 207.0, 855406 units so far.
INFO:root:Sliding offset 1, 0. Add 3395 units, median count 208.0, 858801 units so far.
INFO:root:Sliding offset 1, 1. Add 3427 units, median count 206.0, 862228 units so far.
INFO:root:Left over size 369534 (5803, 5827).
INFO:root:Processing 141787 pixels (1369534 5803.357, 5889.698).
INFO:root:Sliding offset 0, 0. Add 3314 units, median count 199.0, 865542 units so far.
INFO:root:Sliding offset 0, 1. Add 3332 units, median count 203.0, 868874 units so far.
INFO:root:Sliding offset 1, 0. Add 3303 units, median count 200.0, 872177 units so far.
INFO:root:Sliding offset 1, 1. Add 3326 units, median count 203.0, 875503 units so far.
INFO:root:Left over size 399745 (5866, 5890).
INFO:root:Processing 147340 pixels (1399745 5865.699, 5955.718).
INFO:root:Sliding offset 0, 0. Add 3521 units, median count 194.0, 879024 units so far.
INFO:root:Sliding offset 0, 1. Add 3525 units, median count 195.0, 882549 units so far.
INFO:root:Sliding offset 1, 0. Add 3524 units, median count 192.0, 886073 units so far.
INFO:root:Sliding offset 1, 1. Add 3523 units, median count 196.0, 889596 units so far.
INFO:root:Left over size 368304 (5932, 5956).
INFO:root:Processing 142826 pixels (1368304 5931.719, 6019.021).
INFO:root:Sliding offset 0, 0. Add 3344 units, median count 201.0, 892940 units so far.
INFO:root:Sliding offset 0, 1. Add 3384 units, median count 197.0, 896324 units so far.
INFO:root:Sliding offset 1, 0. Add 3346 units, median count 196.0, 899670 units so far.
INFO:root:Sliding offset 1, 1. Add 3386 units, median count 197.0, 903056 units so far.
INFO:root:Left over size 350890 (5995, 6019).
INFO:root:Processing 146230 pixels (1350890 5995.022, 6085.052).
INFO:root:Sliding offset 0, 0. Add 3449 units, median count 191.0, 906505 units so far.
INFO:root:Sliding offset 0, 1. Add 3447 units, median count 191.0, 909952 units so far.
INFO:root:Sliding offset 1, 0. Add 3458 units, median count 194.0, 913410 units so far.
INFO:root:Sliding offset 1, 1. Add 3448 units, median count 193.0, 916858 units so far.
INFO:root:Left over size 363981 (6061, 6085).
INFO:root:Processing 139017 pixels (1363981 6061.053, 6146.329).
INFO:root:Sliding offset 0, 0. Add 3293 units, median count 205.0, 920151 units so far.
INFO:root:Sliding offset 0, 1. Add 3145 units, median count 207.0, 923296 units so far.
INFO:root:Sliding offset 1, 0. Add 3291 units, median count 205.0, 926587 units so far.
INFO:root:Sliding offset 1, 1. Add 3151 units, median count 205.0, 929738 units so far.
INFO:root:Left over size 371686 (6122, 6146).
INFO:root:Processing 146267 pixels (1371686 6122.33, 6211.874).
INFO:root:Sliding offset 0, 0. Add 3477 units, median count 194.5, 933215 units so far.
INFO:root:Sliding offset 0, 1. Add 3488 units, median count 193.0, 936703 units so far.
INFO:root:Sliding offset 1, 0. Add 3481 units, median count 193.0, 940184 units so far.
INFO:root:Sliding offset 1, 1. Add 3489 units, median count 193.0, 943673 units so far.
INFO:root:Left over size 343751 (6188, 6212).
INFO:root:Processing 147700 pixels (1343751 6187.875, 6278.747).
INFO:root:Sliding offset 0, 0. Add 3499 units, median count 189.0, 947172 units so far.
INFO:root:Sliding offset 0, 1. Add 3490 units, median count 189.0, 950662 units so far.
INFO:root:Sliding offset 1, 0. Add 3498 units, median count 188.0, 954160 units so far.
INFO:root:Sliding offset 1, 1. Add 3490 units, median count 187.0, 957650 units so far.
INFO:root:Left over size 353054 (6255, 6279).
INFO:root:Processing 152599 pixels (1353054 6254.748, 6348.049).
INFO:root:Sliding offset 0, 0. Add 3541 units, median count 183.0, 961191 units so far.
INFO:root:Sliding offset 0, 1. Add 3842 units, median count 185.0, 965033 units so far.
INFO:root:Sliding offset 1, 0. Add 3540 units, median count 184.0, 968573 units so far.
INFO:root:Sliding offset 1, 1. Add 3838 units, median count 183.0, 972411 units so far.
INFO:root:Left over size 362371 (6324, 6348).
INFO:root:Processing 152056 pixels (1362371 6324.05, 6416.884).
INFO:root:Sliding offset 0, 0. Add 3843 units, median count 183.0, 976254 units so far.
INFO:root:Sliding offset 0, 1. Add 3537 units, median count 184.0, 979791 units so far.
INFO:root:Sliding offset 1, 0. Add 3841 units, median count 183.0, 983632 units so far.
INFO:root:Sliding offset 1, 1. Add 3538 units, median count 184.0, 987170 units so far.
INFO:root:Left over size 348744 (6393, 6417).
INFO:root:Processing 147456 pixels (1348744 6392.885, 6482.813).
INFO:root:Sliding offset 0, 0. Add 3532 units, median count 186.0, 990702 units so far.
INFO:root:Sliding offset 0, 1. Add 3539 units, median count 185.0, 994241 units so far.
INFO:root:Sliding offset 1, 0. Add 3531 units, median count 186.0, 997772 units so far.
INFO:root:Sliding offset 1, 1. Add 3538 units, median count 185.0, 1001310 units so far.
INFO:root:Left over size 358688 (6459, 6483).
INFO:root:Processing 151057 pixels (1358688 6458.814, 6551.664).
INFO:root:Sliding offset 0, 0. Add 3491 units, median count 177.0, 1004801 units so far.
INFO:root:Sliding offset 0, 1. Add 3798 units, median count 177.0, 1008599 units so far.
INFO:root:Sliding offset 1, 0. Add 3490 units, median count 177.0, 1012089 units so far.
INFO:root:Sliding offset 1, 1. Add 3797 units, median count 179.0, 1015886 units so far.
INFO:root:Left over size 340524 (6528, 6552).
INFO:root:Processing 158575 pixels (1340524 6527.665, 6625.614).
INFO:root:Sliding offset 0, 0. Add 4028 units, median count 171.0, 1019914 units so far.
INFO:root:Sliding offset 0, 1. Add 3788 units, median count 172.0, 1023702 units so far.
INFO:root:Sliding offset 1, 0. Add 4029 units, median count 172.0, 1027731 units so far.
INFO:root:Sliding offset 1, 1. Add 3791 units, median count 171.0, 1031522 units so far.
INFO:root:Left over size 311228 (6602, 6626).
INFO:root:Processing 166500 pixels (1311228 6601.615, 6704.513).
INFO:root:Sliding offset 0, 0. Add 4165 units, median count 161.0, 1035687 units so far.
INFO:root:Sliding offset 0, 1. Add 4103 units, median count 161.0, 1039790 units so far.
INFO:root:Sliding offset 1, 0. Add 4166 units, median count 161.0, 1043956 units so far.
INFO:root:Sliding offset 1, 1. Add 4104 units, median count 161.0, 1048060 units so far.
INFO:root:Left over size 307930 (6681, 6705).
INFO:root:Processing 148903 pixels (1307930 6680.514, 6771.673).
INFO:root:Sliding offset 0, 0. Add 3511 units, median count 183.0, 1051571 units so far.
INFO:root:Sliding offset 0, 1. Add 3619 units, median count 182.0, 1055190 units so far.
INFO:root:Sliding offset 1, 0. Add 3518 units, median count 184.0, 1058708 units so far.
INFO:root:Sliding offset 1, 1. Add 3624 units, median count 182.0, 1062332 units so far.
INFO:root:Left over size 360357 (6748, 6772).
INFO:root:Processing 153115 pixels (1360357 6747.674, 6841.499).
INFO:root:Sliding offset 0, 0. Add 3749 units, median count 183.0, 1066081 units so far.
INFO:root:Sliding offset 0, 1. Add 3712 units, median count 181.0, 1069793 units so far.
INFO:root:Sliding offset 1, 0. Add 3742 units, median count 183.0, 1073535 units so far.
INFO:root:Sliding offset 1, 1. Add 3714 units, median count 181.0, 1077249 units so far.
INFO:root:Left over size 330776 (6818, 6841).
INFO:root:Processing 163894 pixels (1330776 6817.5, 6918.041).
INFO:root:Sliding offset 0, 0. Add 3931 units, median count 171.0, 1081180 units so far.
INFO:root:Sliding offset 0, 1. Add 4167 units, median count 172.0, 1085347 units so far.
INFO:root:Sliding offset 1, 0. Add 3939 units, median count 170.0, 1089286 units so far.
INFO:root:Sliding offset 1, 1. Add 4169 units, median count 172.0, 1093455 units so far.
INFO:root:Left over size 317869 (6894, 6918).
INFO:root:Processing 157254 pixels (1317869 6894.042, 6990.638).
INFO:root:Sliding offset 0, 0. Add 3920 units, median count 167.0, 1097375 units so far.
INFO:root:Sliding offset 0, 1. Add 3832 units, median count 167.0, 1101207 units so far.
INFO:root:Sliding offset 1, 0. Add 3918 units, median count 168.0, 1105125 units so far.
INFO:root:Sliding offset 1, 1. Add 3830 units, median count 167.0, 1108955 units so far.
INFO:root:Left over size 357816 (6967, 6991).
INFO:root:Processing 165390 pixels (1357816 6966.639, 7068.467).
INFO:root:Sliding offset 0, 0. Add 4114 units, median count 171.0, 1113069 units so far.
INFO:root:Sliding offset 0, 1. Add 4130 units, median count 170.0, 1117199 units so far.
INFO:root:Sliding offset 1, 0. Add 4108 units, median count 170.0, 1121307 units so far.
INFO:root:Sliding offset 1, 1. Add 4134 units, median count 171.0, 1125441 units so far.
INFO:root:Left over size 316343 (7044, 7068).
INFO:root:Processing 167132 pixels (1316343 7044.468, 7147.397).
INFO:root:Sliding offset 0, 0. Add 4298 units, median count 157.0, 1129739 units so far.
INFO:root:Sliding offset 0, 1. Add 4149 units, median count 158.0, 1133888 units so far.
INFO:root:Sliding offset 1, 0. Add 4299 units, median count 157.0, 1138187 units so far.
INFO:root:Sliding offset 1, 1. Add 4148 units, median count 157.0, 1142335 units so far.
INFO:root:Left over size 314143 (7123, 7147).
INFO:root:Processing 169235 pixels (1314143 7123.398, 7227.187).
INFO:root:Sliding offset 0, 0. Add 4277 units, median count 159.0, 1146612 units so far.
INFO:root:Sliding offset 0, 1. Add 4210 units, median count 160.5, 1150822 units so far.
INFO:root:Sliding offset 1, 0. Add 4276 units, median count 160.0, 1155098 units so far.
INFO:root:Sliding offset 1, 1. Add 4206 units, median count 160.0, 1159304 units so far.
INFO:root:Left over size 296871 (7203, 7227).
INFO:root:Processing 171108 pixels (1296871 7203.188, 7308.45).
INFO:root:Sliding offset 0, 0. Add 4249 units, median count 156.0, 1163553 units so far.
INFO:root:Sliding offset 0, 1. Add 4464 units, median count 155.0, 1168017 units so far.
INFO:root:Sliding offset 1, 0. Add 4244 units, median count 157.0, 1172261 units so far.
INFO:root:Sliding offset 1, 1. Add 4472 units, median count 155.0, 1176733 units so far.
INFO:root:Left over size 289099 (7284, 7308).
INFO:root:Processing 168039 pixels (1289099 7284.451, 7387.724).
INFO:root:Sliding offset 0, 0. Add 4390 units, median count 157.0, 1181123 units so far.
INFO:root:Sliding offset 0, 1. Add 4180 units, median count 157.0, 1185303 units so far.
INFO:root:Sliding offset 1, 0. Add 4391 units, median count 158.0, 1189694 units so far.
INFO:root:Sliding offset 1, 1. Add 4179 units, median count 158.0, 1193873 units so far.
INFO:root:Left over size 317410 (7364, 7388).
INFO:root:Processing 161040 pixels (1317410 7363.727, 7462.663).
INFO:root:Sliding offset 0, 0. Add 3897 units, median count 163.0, 1197770 units so far.
INFO:root:Sliding offset 0, 1. Add 4106 units, median count 165.0, 1201876 units so far.
INFO:root:Sliding offset 1, 0. Add 3891 units, median count 164.0, 1205767 units so far.
INFO:root:Sliding offset 1, 1. Add 4111 units, median count 165.0, 1209878 units so far.
INFO:root:Left over size 326413 (7439, 7463).
INFO:root:Processing 176371 pixels (1326413 7438.666, 7548.327).
INFO:root:Sliding offset 0, 0. Add 4490 units, median count 153.0, 1214368 units so far.
INFO:root:Sliding offset 0, 1. Add 4481 units, median count 154.0, 1218849 units so far.
INFO:root:Sliding offset 1, 0. Add 4494 units, median count 153.0, 1223343 units so far.
INFO:root:Sliding offset 1, 1. Add 4486 units, median count 152.0, 1227829 units so far.
INFO:root:Left over size 284904 (7524, 7548).
INFO:root:Processing 174130 pixels (1284904 7524.33, 7634.539).
INFO:root:Sliding offset 0, 0. Add 4584 units, median count 154.0, 1232413 units so far.
INFO:root:Sliding offset 0, 1. Add 4351 units, median count 155.0, 1236764 units so far.
INFO:root:Sliding offset 1, 0. Add 4601 units, median count 155.0, 1241365 units so far.
INFO:root:Sliding offset 1, 1. Add 4350 units, median count 156.0, 1245715 units so far.
INFO:root:Left over size 278881 (7611, 7635).
INFO:root:Processing 170521 pixels (1278881 7610.541, 7719.897).
INFO:root:Sliding offset 0, 0. Add 4293 units, median count 157.0, 1250008 units so far.
INFO:root:Sliding offset 0, 1. Add 4418 units, median count 156.0, 1254426 units so far.
INFO:root:Sliding offset 1, 0. Add 4290 units, median count 157.0, 1258716 units so far.
INFO:root:Sliding offset 1, 1. Add 4410 units, median count 156.5, 1263126 units so far.
INFO:root:Left over size 269916 (7696, 7720).
INFO:root:Processing 195327 pixels (1269916 7695.9, 7827.664).
INFO:root:Sliding offset 0, 0. Add 4992 units, median count 139.0, 1268118 units so far.
INFO:root:Sliding offset 0, 1. Add 4945 units, median count 139.0, 1273063 units so far.
INFO:root:Sliding offset 1, 0. Add 4970 units, median count 139.0, 1278033 units so far.
INFO:root:Sliding offset 1, 1. Add 4957 units, median count 138.0, 1282990 units so far.
INFO:root:Left over size 178692 (7804, 7828).
INFO:root:Processing 206589 pixels (1178692 7803.666, 7953.644).
INFO:root:Sliding offset 0, 0. Add 5414 units, median count 123.0, 1288404 units so far.
INFO:root:Sliding offset 0, 1. Add 5417 units, median count 123.0, 1293821 units so far.
INFO:root:Sliding offset 1, 0. Add 5401 units, median count 124.0, 1299222 units so far.
INFO:root:Sliding offset 1, 1. Add 5427 units, median count 124.0, 1304649 units so far.
INFO:root:Left over size 184787 (7930, 7954).
INFO:root:Processing 203316 pixels (1184787 7929.647, 8079.391).
INFO:root:Sliding offset 0, 0. Add 5251 units, median count 126.0, 1309900 units so far.
INFO:root:Sliding offset 0, 1. Add 5228 units, median count 126.0, 1315128 units so far.
INFO:root:Sliding offset 1, 0. Add 5250 units, median count 126.0, 1320378 units so far.
INFO:root:Sliding offset 1, 1. Add 5243 units, median count 125.0, 1325621 units so far.
INFO:root:Left over size 214221 (8055, 8079).
INFO:root:Processing 193995 pixels (1214221 8055.395, 8191.505).
INFO:root:Sliding offset 0, 0. Add 4986 units, median count 135.0, 1330607 units so far.
INFO:root:Sliding offset 0, 1. Add 5002 units, median count 135.0, 1335609 units so far.
INFO:root:Sliding offset 1, 0. Add 4972 units, median count 136.0, 1340581 units so far.
INFO:root:Sliding offset 1, 1. Add 4986 units, median count 135.0, 1345567 units so far.
INFO:root:Left over size 202924 (8168, 8192).
INFO:root:Processing 188360 pixels (1202924 8167.509, 8289.461).
INFO:root:Sliding offset 0, 0. Add 4869 units, median count 135.0, 1350436 units so far.
INFO:root:Sliding offset 0, 1. Add 4855 units, median count 134.0, 1355291 units so far.
INFO:root:Sliding offset 1, 0. Add 4879 units, median count 134.0, 1360170 units so far.
INFO:root:Sliding offset 1, 1. Add 4849 units, median count 134.0, 1365019 units so far.
INFO:root:Left over size 261666 (8265, 8289).
INFO:root:Processing 178131 pixels (1127313 8265.465, 8392.176).
INFO:root:Sliding offset 0, 0. Add 4575 units, median count 122.0, 1369594 units so far.
INFO:root:Sliding offset 0, 1. Add 4644 units, median count 122.0, 1374238 units so far.
INFO:root:Sliding offset 1, 0. Add 4563 units, median count 123.0, 1378801 units so far.
INFO:root:Sliding offset 1, 1. Add 4641 units, median count 123.0, 1383442 units so far.
INFO:root:Left over size 115976 (8368, 8392).
['X', 'Y', 'gene', 'Count']
sort -k 1,1n /dcs05/lieber/marmaypag/xenium_NAC_LIBD4125/xenium_NAC/processed-data/HD_Full_Analysis/FICTURE/outputs/H1-M3TCP9V_D1/nF_12/hexagon.d_12.tsv | gzip -c > /dcs05/lieber/marmaypag/xenium_NAC_LIBD4125/xenium_NAC/processed-data/HD_Full_Analysis/FICTURE/outputs/H1-M3TCP9V_D1/nF_12/hexagon.d_12.tsv.gz
rm /dcs05/lieber/marmaypag/xenium_NAC_LIBD4125/xenium_NAC/processed-data/HD_Full_Analysis/FICTURE/outputs/H1-M3TCP9V_D1/nF_12/hexagon.d_12.tsv
--------------------------------------------------------------
Creating LDA for 12um and 12 factors...
--------------------------------------------------------------
mkdir -p /dcs05/lieber/marmaypag/xenium_NAC_LIBD4125/xenium_NAC/processed-data/HD_Full_Analysis/FICTURE/outputs/H1-M3TCP9V_D1/nF_12/analysis/nF12.d_12/figure
ficture fit_model --input /dcs05/lieber/marmaypag/xenium_NAC_LIBD4125/xenium_NAC/processed-data/HD_Full_Analysis/FICTURE/outputs/H1-M3TCP9V_D1/nF_12/hexagon.d_12.tsv.gz --output /dcs05/lieber/marmaypag/xenium_NAC_LIBD4125/xenium_NAC/processed-data/HD_Full_Analysis/FICTURE/outputs/H1-M3TCP9V_D1/nF_12/analysis/nF12.d_12/nF12.d_12  --nFactor 12 --epoch 3 --epoch_id_length 2 --unit_attr X Y --key Count --min_ct_per_feature 20 --test_split 0.5 --R 10 --fractional-count 0 --thread 1
INFO:root:Read data with 343528 units, 15766 features
INFO:root:0: -2341.05, -2344.79
INFO:root:Counter({4: 33012, 6: 24095, 0: 22634, 10: 20304, 9: 14222, 5: 11120, 7: 11023, 11: 10755, 2: 8155, 1: 6805, 8: 6056, 3: 3583})
INFO:root:Computing naive DE for 13683 genes
INFO:root:R=0, 9.54, 7.72, 386.60s
INFO:root:1: -2341.41, -2345.15
INFO:root:Counter({6: 28940, 0: 24032, 4: 23384, 11: 19400, 3: 17105, 2: 14881, 7: 12809, 5: 9496, 8: 8649, 10: 6629, 9: 4613, 1: 1826})
INFO:root:Computing naive DE for 13683 genes
INFO:root:R=1, 8.50, 6.30, 385.11s
INFO:root:2: -2341.55, -2345.25
INFO:root:Counter({6: 29931, 0: 25853, 7: 23332, 3: 22586, 10: 17979, 8: 15300, 5: 11549, 4: 8544, 2: 6403, 9: 5140, 1: 2639, 11: 2508})
INFO:root:Computing naive DE for 13683 genes
INFO:root:R=2, 8.48, 6.38, 391.37s
INFO:root:3: -2341.35, -2345.14
INFO:root:Counter({6: 29201, 0: 26399, 7: 22572, 3: 20613, 10: 17485, 8: 15442, 4: 10969, 2: 8735, 11: 8348, 5: 5184, 9: 4982, 1: 1834})
INFO:root:Computing naive DE for 13683 genes
INFO:root:R=3, 8.41, 5.70, 425.03s
INFO:root:4: -2341.20, -2344.95
INFO:root:Counter({4: 36178, 6: 24636, 0: 21888, 5: 15852, 9: 14105, 3: 12332, 11: 12246, 7: 12052, 8: 8065, 10: 7173, 2: 5207, 1: 2030})
INFO:root:Computing naive DE for 13683 genes
INFO:root:R=4, 9.06, 6.84, 420.36s
INFO:root:5: -2341.67, -2345.41
INFO:root:Counter({0: 26894, 6: 21073, 10: 20684, 7: 18061, 5: 16816, 3: 16331, 2: 15303, 4: 10085, 9: 8891, 11: 8702, 8: 5096, 1: 3828})
INFO:root:Computing naive DE for 13683 genes
INFO:root:R=5, 10.52, 8.16, 436.60s
INFO:root:6: -2341.90, -2345.66
INFO:root:Counter({4: 36128, 6: 25681, 0: 23929, 10: 18864, 3: 15574, 7: 11800, 5: 10690, 8: 10681, 11: 8180, 9: 5214, 2: 3142, 1: 1881})
INFO:root:Computing naive DE for 13684 genes
INFO:root:R=6, 8.66, 7.05, 424.97s
INFO:root:7: -2341.88, -2345.63
INFO:root:Counter({6: 35086, 0: 26777, 7: 24239, 5: 18423, 3: 17378, 2: 10192, 4: 9063, 11: 8641, 10: 7438, 8: 6084, 9: 5495, 1: 2948})
INFO:root:Computing naive DE for 13683 genes
INFO:root:R=7, 9.44, 6.47, 401.05s
INFO:root:8: -2341.33, -2345.03
INFO:root:Counter({4: 39747, 6: 24558, 0: 22167, 5: 15571, 11: 14951, 8: 14357, 1: 9678, 2: 8090, 3: 7645, 10: 6081, 7: 5211, 9: 3708})
INFO:root:Computing naive DE for 13683 genes
INFO:root:R=8, 9.41, 8.50, 422.47s
INFO:root:9: -2342.84, -2346.58
INFO:root:Counter({6: 30089, 0: 26141, 10: 19863, 2: 19448, 4: 17860, 3: 14666, 7: 12393, 11: 10448, 8: 7471, 5: 5666, 9: 5565, 1: 2154})
INFO:root:Computing naive DE for 13683 genes
INFO:root:R=9, 9.68, 7.09, 392.47s
INFO:root:Result file /dcs05/lieber/marmaypag/xenium_NAC_LIBD4125/xenium_NAC/processed-data/HD_Full_Analysis/FICTURE/outputs/H1-M3TCP9V_D1/nF_12/analysis/nF12.d_12/nF12.d_12.fit_result.tsv.gz
R
5    10.517149
9     9.675972
0     9.541443
7     9.443019
8     9.411598
4     9.056303
6     8.660170
1     8.499033
2     8.483801
3     8.413478
Name: Score, dtype: float64
ficture choose_color --input /dcs05/lieber/marmaypag/xenium_NAC_LIBD4125/xenium_NAC/processed-data/HD_Full_Analysis/FICTURE/outputs/H1-M3TCP9V_D1/nF_12/analysis/nF12.d_12/nF12.d_12.fit_result.tsv.gz --output /dcs05/lieber/marmaypag/xenium_NAC_LIBD4125/xenium_NAC/processed-data/HD_Full_Analysis/FICTURE/outputs/H1-M3TCP9V_D1/nF_12/analysis/nF12.d_12/figure/nF12.d_12 --cmap_name turbo
ficture plot_base --input /dcs05/lieber/marmaypag/xenium_NAC_LIBD4125/xenium_NAC/processed-data/HD_Full_Analysis/FICTURE/outputs/H1-M3TCP9V_D1/nF_12/analysis/nF12.d_12/nF12.d_12.fit_result.tsv.gz --output /dcs05/lieber/marmaypag/xenium_NAC_LIBD4125/xenium_NAC/processed-data/HD_Full_Analysis/FICTURE/outputs/H1-M3TCP9V_D1/nF_12/analysis/nF12.d_12/figure/nF12.d_12.coarse --fill_range 7.0 --color_table /dcs05/lieber/marmaypag/xenium_NAC_LIBD4125/xenium_NAC/processed-data/HD_Full_Analysis/FICTURE/outputs/H1-M3TCP9V_D1/nF_12/analysis/nF12.d_12/figure/nF12.d_12.rgb.tsv --plot_um_per_pixel 1 --plot_discretized
/jhpce/shared/libd/core/visium_hd/1.0/hd_env/lib/python3.9/site-packages/ficture/scripts/plot_base.py:131: FutureWarning: The provided callable <function mean at 0x7f5f2bee4e50> is currently using SeriesGroupBy.mean. In a future version of pandas, the provided callable will be used directly. To keep current behavior pass the string "mean" instead.
  chunk = chunk.groupby(by = ['x_indx', 'y_indx']).agg({ x:np.mean for x in factor_header }).reset_index()
/jhpce/shared/libd/core/visium_hd/1.0/hd_env/lib/python3.9/site-packages/ficture/scripts/plot_base.py:134: FutureWarning: The provided callable <function mean at 0x7f5f2bee4e50> is currently using SeriesGroupBy.mean. In a future version of pandas, the provided callable will be used directly. To keep current behavior pass the string "mean" instead.
  df = df.groupby(by = ['x_indx', 'y_indx']).agg({ x:np.mean for x in factor_header }).reset_index()
INFO:root:Read region 343528 pixels in region 6715.0 x 6725.0
INFO:root:Filling pixels 0 - 500 / 6724
INFO:root:Filling pixels 500 - 1000 / 6724
INFO:root:Filling pixels 1000 - 1500 / 6724
INFO:root:Filling pixels 1500 - 2000 / 6724
INFO:root:Filling pixels 2000 - 2500 / 6724
INFO:root:Filling pixels 2500 - 3000 / 6724
INFO:root:Filling pixels 3000 - 3500 / 6724
INFO:root:Filling pixels 3500 - 4000 / 6724
INFO:root:Filling pixels 4000 - 4500 / 6724
INFO:root:Filling pixels 4500 - 5000 / 6724
INFO:root:Filling pixels 5000 - 5500 / 6724
INFO:root:Filling pixels 5500 - 6000 / 6724
INFO:root:Filling pixels 6000 - 6500 / 6724
INFO:root:Filling pixels 6500 - 6724 / 6724
INFO:root:Start constructing RGB image
INFO:root:Made fractional image
/dcs05/lieber/marmaypag/xenium_NAC_LIBD4125/xenium_NAC/processed-data/HD_Full_Analysis/FICTURE/outputs/H1-M3TCP9V_D1/nF_12/analysis/nF12.d_12/figure/nF12.d_12.coarse.png
INFO:root:Made hard threshold image
/dcs05/lieber/marmaypag/xenium_NAC_LIBD4125/xenium_NAC/processed-data/HD_Full_Analysis/FICTURE/outputs/H1-M3TCP9V_D1/nF_12/analysis/nF12.d_12/figure/nF12.d_12.coarse.top.png
6725 500
touch /dcs05/lieber/marmaypag/xenium_NAC_LIBD4125/xenium_NAC/processed-data/HD_Full_Analysis/FICTURE/outputs/H1-M3TCP9V_D1/nF_12/analysis/nF12.d_12/nF12.d_12.done
--------------------------------------------------------------
Creating projection for 12um and 12 factors, at 12um
--------------------------------------------------------------
--------------------------------------------------------------
Performing pixel-level decoding..
--------------------------------------------------------------
--------------------------------------------------------------
Sorting and reformatting the pixel-level output..
--------------------------------------------------------------
--------------------------------------------------------------
Performing pseudo-bulk differential expression analysis..
--------------------------------------------------------------
--------------------------------------------------------------
Drawing pixel-level output image...
--------------------------------------------------------------
ficture transform --input /dcs05/lieber/marmaypag/xenium_NAC_LIBD4125/xenium_NAC/processed-data/HD_Full_Analysis/FICTURE/inputs/H1-M3TCP9V_D1/transcripts.sorted.tsv.gz --output_pref /dcs05/lieber/marmaypag/xenium_NAC_LIBD4125/xenium_NAC/processed-data/HD_Full_Analysis/FICTURE/outputs/H1-M3TCP9V_D1/nF_12/analysis/nF12.d_12/nF12.d_12.prj_12.r_4 --model /dcs05/lieber/marmaypag/xenium_NAC_LIBD4125/xenium_NAC/processed-data/HD_Full_Analysis/FICTURE/outputs/H1-M3TCP9V_D1/nF_12/analysis/nF12.d_12/nF12.d_12.model.p --key Count --major_axis X --hex_width 12 --n_move 3 --min_ct_per_unit 20 --mu_scale 1.0 --thread 1 --precision 2
INFO:root:Model loaded with 15766 features and 12 factors
INFO:root:Transformed 1 batches with total 87196 units, 1.144114min
INFO:root:Transformed 2 batches with total 151102 units, 2.087774min
INFO:root:Transformed 3 batches with total 243057 units, 3.378927min
INFO:root:Transformed 4 batches with total 331118 units, 4.711115min
INFO:root:Transformed 5 batches with total 395009 units, 5.662207min
INFO:root:Transformed 6 batches with total 483105 units, 6.973880min
INFO:root:Transformed 7 batches with total 570238 units, 8.535207min
INFO:root:Transformed 8 batches with total 633154 units, 9.667132min
INFO:root:Transformed 9 batches with total 695101 units, 10.741497min
INFO:root:Transformed 10 batches with total 759965 units, 11.765187min
INFO:root:Transformed 11 batches with total 822761 units, 12.832598min
INFO:root:Transformed 12 batches with total 913732 units, 14.317046min
INFO:root:Transformed 13 batches with total 977636 units, 15.447264min
INFO:root:Transformed 14 batches with total 1070568 units, 16.978406min
INFO:root:Transformed 15 batches with total 1161373 units, 18.578834min
INFO:root:Transformed 16 batches with total 1246531 units, 20.079488min
INFO:root:Transformed 17 batches with total 1329742 units, 21.632390min
INFO:root:Transformed 18 batches with total 1393082 units, 22.709359min
INFO:root:Transformed 19 batches with total 1483086 units, 24.234957min
INFO:root:Transformed 20 batches with total 1549171 units, 25.244850min
INFO:root:Transformed 21 batches with total 1639893 units, 26.548375min
INFO:root:Transformed 22 batches with total 1704288 units, 27.507915min
INFO:root:Transformed 23 batches with total 1767996 units, 28.421606min
INFO:root:Transformed 24 batches with total 1830755 units, 29.333440min
INFO:root:Transformed 25 batches with total 1917342 units, 30.633833min
INFO:root:Transformed 26 batches with total 1981224 units, 31.591443min
INFO:root:Transformed 27 batches with total 2043151 units, 32.500625min
INFO:root:Transformed 28 batches with total 2107036 units, 33.430219min
INFO:root:Transformed 29 batches with total 2169850 units, 34.389549min
INFO:root:Transformed 30 batches with total 2234661 units, 35.486119min
INFO:root:Transformed 31 batches with total 2302376 units, 36.597285min
INFO:root:Transformed 32 batches with total 2368216 units, 37.705779min
INFO:root:Transformed 33 batches with total 2443691 units, 38.841266min
INFO:root:Transformed 34 batches with total 2510256 units, 39.962551min
INFO:root:Transformed 35 batches with total 2583680 units, 41.101397min
INFO:root:Transformed 36 batches with total 2659862 units, 42.265844min
INFO:root:Transformed 37 batches with total 2739206 units, 43.460434min
INFO:root:Transformed 38 batches with total 2814560 units, 44.636794min
INFO:root:Transformed 39 batches with total 2897451 units, 45.707641min
INFO:root:Transformed 40 batches with total 2986184 units, 46.738325min
INFO:root:Transformed 41 batches with total 3040778 units, 47.319811min
INFO:root:Transformed 42 batches with total 3094405 units, 47.862032min
INFO:root:Transformed 43 batches with total 3192529 units, 48.868767min
INFO:root:Transformed 44 batches with total 3241112 units, 49.430930min
ficture slda_decode --input /dcs05/lieber/marmaypag/xenium_NAC_LIBD4125/xenium_NAC/processed-data/HD_Full_Analysis/FICTURE/outputs/H1-M3TCP9V_D1/nF_12/batched.matrix.tsv.gz --output /dcs05/lieber/marmaypag/xenium_NAC_LIBD4125/xenium_NAC/processed-data/HD_Full_Analysis/FICTURE/outputs/H1-M3TCP9V_D1/nF_12/analysis/nF12.d_12/nF12.d_12.decode.prj_12.r_4_5 --model /dcs05/lieber/marmaypag/xenium_NAC_LIBD4125/xenium_NAC/processed-data/HD_Full_Analysis/FICTURE/outputs/H1-M3TCP9V_D1/nF_12/analysis/nF12.d_12/nF12.d_12.model.p --anchor /dcs05/lieber/marmaypag/xenium_NAC_LIBD4125/xenium_NAC/processed-data/HD_Full_Analysis/FICTURE/outputs/H1-M3TCP9V_D1/nF_12/analysis/nF12.d_12/nF12.d_12.prj_12.r_4.fit_result.tsv.gz --anchor_in_um --neighbor_radius 5 --mu_scale 1.0 --key Count --precision 0.1 --lite_topk_output_pixel 3 --lite_topk_output_anchor 3 --thread 1
INFO:root:15766 genes and 12 factors are read from input model
INFO:root:Read 3202814 grid points
INFO:root:Read 40883 pixels, forming 1 batches.
INFO:root:Read 1 batches ((40883, 15766))
INFO:root:Output 40713 pixels and 12323 anchors
INFO:root:Read 78227 pixels, forming 2 batches.
INFO:root:Read 2 batches ((78227, 15766))
INFO:root:Output 80038 pixels and 22950 anchors
INFO:root:Read 61004 pixels, forming 1 batches.
INFO:root:Read 1 batches ((61004, 15766))
INFO:root:Output 60939 pixels and 17856 anchors
INFO:root:Read 8881 pixels, forming 1 batches.
INFO:root:Read 1 batches ((8881, 15766))
INFO:root:Output 8847 pixels and 2717 anchors
INFO:root:Read 111538 pixels, forming 2 batches.
INFO:root:Read 2 batches ((111538, 15766))
INFO:root:Output 111060 pixels and 32604 anchors
INFO:root:Read 63148 pixels, forming 2 batches.
INFO:root:Read 2 batches ((63148, 15766))
INFO:root:Output 64171 pixels and 18397 anchors
INFO:root:Read 61428 pixels, forming 1 batches.
INFO:root:Read 1 batches ((61428, 15766))
INFO:root:Output 61176 pixels and 17947 anchors
INFO:root:Read 21476 pixels, forming 1 batches.
INFO:root:Read 1 batches ((21476, 15766))
INFO:root:Output 21114 pixels and 6461 anchors
INFO:root:Read 68383 pixels, forming 2 batches.
INFO:root:Read 2 batches ((68383, 15766))
INFO:root:Output 67792 pixels and 20306 anchors
INFO:root:Read 90585 pixels, forming 2 batches.
INFO:root:Read 2 batches ((90585, 15766))
INFO:root:Output 95090 pixels and 27465 anchors
INFO:root:Read 60639 pixels, forming 1 batches.
INFO:root:Read 1 batches ((60639, 15766))
INFO:root:Output 59883 pixels and 18018 anchors
INFO:root:Read 32462 pixels, forming 1 batches.
INFO:root:Read 1 batches ((32462, 15766))
INFO:root:Output 31407 pixels and 9795 anchors
INFO:root:Read 87415 pixels, forming 2 batches.
INFO:root:Read 2 batches ((87415, 15766))
INFO:root:Output 89876 pixels and 26382 anchors
INFO:root:Read 71297 pixels, forming 1 batches.
INFO:root:Read 1 batches ((71297, 15766))
INFO:root:Output 69835 pixels and 21293 anchors
INFO:root:Read 27995 pixels, forming 1 batches.
INFO:root:Read 1 batches ((27995, 15766))
INFO:root:Output 27916 pixels and 8294 anchors
INFO:root:Read 78728 pixels, forming 2 batches.
INFO:root:Read 2 batches ((78728, 15766))
INFO:root:Output 78673 pixels and 23082 anchors
INFO:root:Read 86090 pixels, forming 2 batches.
INFO:root:Read 2 batches ((86090, 15766))
INFO:root:Output 89974 pixels and 25097 anchors
INFO:root:Read 63853 pixels, forming 1 batches.
INFO:root:Read 1 batches ((63853, 15766))
INFO:root:Output 63609 pixels and 18733 anchors
INFO:root:Read 29739 pixels, forming 1 batches.
INFO:root:Read 1 batches ((29739, 15766))
INFO:root:Output 29697 pixels and 8723 anchors
INFO:root:Read 82451 pixels, forming 2 batches.
INFO:root:Read 2 batches ((82451, 15766))
INFO:root:Output 82151 pixels and 24167 anchors
INFO:root:Read 46243 pixels, forming 2 batches.
INFO:root:Read 2 batches ((46243, 15766))
INFO:root:Output 46056 pixels and 13656 anchors
INFO:root:Read 96979 pixels, forming 2 batches.
INFO:root:Read 2 batches ((96979, 15766))
INFO:root:Output 101994 pixels and 28672 anchors
INFO:root:Read 1065 pixels, forming 1 batches.
INFO:root:Read 1 batches ((1065, 15766))
INFO:root:Output 1057 pixels and 426 anchors
INFO:root:Read 125420 pixels, forming 2 batches.
INFO:root:Read 2 batches ((125420, 15766))
INFO:root:Output 132115 pixels and 37109 anchors
INFO:root:Read 8565 pixels, forming 1 batches.
INFO:root:Read 1 batches ((8565, 15766))
INFO:root:Output 8564 pixels and 2702 anchors
INFO:root:Read 114914 pixels, forming 2 batches.
INFO:root:Read 2 batches ((114914, 15766))
INFO:root:Output 120485 pixels and 34739 anchors
INFO:root:Read 60727 pixels, forming 1 batches.
INFO:root:Read 1 batches ((60727, 15766))
INFO:root:Output 60537 pixels and 18733 anchors
INFO:root:Read 72684 pixels, forming 1 batches.
INFO:root:Read 1 batches ((72684, 15766))
INFO:root:Output 72684 pixels and 22267 anchors
INFO:root:Read 51459 pixels, forming 1 batches.
INFO:root:Read 1 batches ((51459, 15766))
INFO:root:Output 51212 pixels and 15015 anchors
INFO:root:Read 78832 pixels, forming 2 batches.
INFO:root:Read 2 batches ((78832, 15766))
INFO:root:Output 80294 pixels and 23094 anchors
INFO:root:Read 65190 pixels, forming 1 batches.
INFO:root:Read 1 batches ((65190, 15766))
INFO:root:Output 65190 pixels and 19152 anchors
INFO:root:Read 13129 pixels, forming 1 batches.
INFO:root:Read 1 batches ((13129, 15766))
INFO:root:Output 13062 pixels and 3861 anchors
INFO:root:Read 117313 pixels, forming 2 batches.
INFO:root:Read 2 batches ((117313, 15766))
INFO:root:Output 123022 pixels and 34249 anchors
INFO:root:Read 32844 pixels, forming 1 batches.
INFO:root:Read 1 batches ((32844, 15766))
INFO:root:Output 32745 pixels and 9581 anchors
INFO:root:Read 86403 pixels, forming 2 batches.
INFO:root:Read 2 batches ((86403, 15766))
INFO:root:Output 86279 pixels and 25586 anchors
INFO:root:Read 75543 pixels, forming 2 batches.
INFO:root:Read 2 batches ((75543, 15766))
INFO:root:Output 79203 pixels and 22164 anchors
INFO:root:Read 64831 pixels, forming 1 batches.
INFO:root:Read 1 batches ((64831, 15766))
INFO:root:Output 64831 pixels and 19152 anchors
INFO:root:Read 64838 pixels, forming 1 batches.
INFO:root:Read 1 batches ((64838, 15766))
INFO:root:Output 64666 pixels and 19019 anchors
INFO:root:Read 16653 pixels, forming 1 batches.
INFO:root:Read 1 batches ((16653, 15766))
INFO:root:Output 16517 pixels and 5178 anchors
INFO:root:Read 111110 pixels, forming 2 batches.
INFO:root:Read 2 batches ((111110, 15766))
INFO:root:Output 110781 pixels and 33174 anchors
INFO:root:Read 62602 pixels, forming 2 batches.
INFO:root:Read 2 batches ((62602, 15766))
INFO:root:Output 64586 pixels and 18973 anchors
INFO:root:Read 73787 pixels, forming 1 batches.
INFO:root:Read 1 batches ((73787, 15766))
INFO:root:Output 73519 pixels and 22464 anchors
INFO:root:Read 59799 pixels, forming 1 batches.
INFO:root:Read 1 batches ((59799, 15766))
INFO:root:Output 59591 pixels and 17589 anchors
INFO:root:Read 72505 pixels, forming 2 batches.
INFO:root:Read 2 batches ((72505, 15766))
INFO:root:Output 72951 pixels and 21222 anchors
INFO:root:Read 66278 pixels, forming 1 batches.
INFO:root:Read 1 batches ((66278, 15766))
INFO:root:Output 66121 pixels and 19377 anchors
INFO:root:Read 66907 pixels, forming 1 batches.
INFO:root:Read 1 batches ((66907, 15766))
INFO:root:Output 66660 pixels and 19377 anchors
INFO:root:Read 42839 pixels, forming 1 batches.
INFO:root:Read 1 batches ((42839, 15766))
INFO:root:Output 42768 pixels and 12512 anchors
INFO:root:Read 90442 pixels, forming 2 batches.
INFO:root:Read 2 batches ((90442, 15766))
INFO:root:Output 92886 pixels and 26383 anchors
INFO:root:Read 11994 pixels, forming 1 batches.
INFO:root:Read 1 batches ((11994, 15766))
INFO:root:Output 11945 pixels and 3575 anchors
INFO:root:Read 120213 pixels, forming 2 batches.
INFO:root:Read 2 batches ((120213, 15766))
INFO:root:Output 126486 pixels and 35249 anchors
INFO:root:Read 54543 pixels, forming 1 batches.
INFO:root:Read 1 batches ((54543, 15766))
INFO:root:Output 54372 pixels and 16674 anchors
INFO:root:Read 106999 pixels, forming 2 batches.
INFO:root:Read 2 batches ((106999, 15766))
INFO:root:Output 106801 pixels and 31705 anchors
INFO:root:Read 32012 pixels, forming 2 batches.
INFO:root:Read 2 batches ((32012, 15766))
INFO:root:Output 32911 pixels and 9776 anchors
INFO:root:Read 65900 pixels, forming 1 batches.
INFO:root:Read 1 batches ((65900, 15766))
INFO:root:Output 65742 pixels and 19376 anchors
INFO:root:Read 37092 pixels, forming 1 batches.
INFO:root:Read 1 batches ((37092, 15766))
INFO:root:Output 37092 pixels and 12222 anchors
INFO:root:Read 77535 pixels, forming 2 batches.
INFO:root:Read 2 batches ((77535, 15766))
INFO:root:Output 77330 pixels and 22951 anchors
INFO:root:Read 87984 pixels, forming 2 batches.
INFO:root:Read 2 batches ((87984, 15766))
INFO:root:Output 87830 pixels and 26396 anchors
INFO:root:Read 65127 pixels, forming 1 batches.
INFO:root:Read 1 batches ((65127, 15766))
INFO:root:Output 64957 pixels and 18948 anchors
INFO:root:Read 65029 pixels, forming 1 batches.
INFO:root:Read 1 batches ((65029, 15766))
INFO:root:Output 65029 pixels and 19080 anchors
INFO:root:Read 53675 pixels, forming 1 batches.
INFO:root:Read 1 batches ((53675, 15766))
INFO:root:Output 53532 pixels and 16692 anchors
INFO:root:Read 71724 pixels, forming 2 batches.
INFO:root:Read 2 batches ((71724, 15766))
INFO:root:Output 72298 pixels and 21001 anchors
INFO:root:Read 65185 pixels, forming 1 batches.
INFO:root:Read 1 batches ((65185, 15766))
INFO:root:Output 65185 pixels and 19080 anchors
INFO:root:Read 17181 pixels, forming 1 batches.
INFO:root:Read 1 batches ((17181, 15766))
INFO:root:Output 17118 pixels and 5077 anchors
INFO:root:Read 74950 pixels, forming 2 batches.
INFO:root:Read 2 batches ((74950, 15766))
INFO:root:Output 74681 pixels and 21859 anchors
INFO:root:Read 102544 pixels, forming 2 batches.
INFO:root:Read 2 batches ((102544, 15766))
INFO:root:Output 108312 pixels and 30143 anchors
INFO:root:Read 24197 pixels, forming 1 batches.
INFO:root:Read 1 batches ((24197, 15766))
INFO:root:Output 24171 pixels and 7364 anchors
INFO:root:Read 76667 pixels, forming 2 batches.
INFO:root:Read 2 batches ((76667, 15766))
INFO:root:Output 76438 pixels and 22736 anchors
INFO:root:Read 90886 pixels, forming 2 batches.
INFO:root:Read 2 batches ((90886, 15766))
INFO:root:Output 95390 pixels and 26990 anchors
INFO:root:Read 34556 pixels, forming 1 batches.
INFO:root:Read 1 batches ((34556, 15766))
INFO:root:Output 34512 pixels and 10478 anchors
INFO:root:Read 69997 pixels, forming 2 batches.
INFO:root:Read 2 batches ((69997, 15766))
INFO:root:Output 69750 pixels and 20794 anchors
INFO:root:Read 86308 pixels, forming 2 batches.
INFO:root:Read 2 batches ((86308, 15766))
INFO:root:Output 85910 pixels and 26711 anchors
INFO:root:Read 16370 pixels, forming 1 batches.
INFO:root:Read 1 batches ((16370, 15766))
INFO:root:Output 16310 pixels and 4790 anchors
INFO:root:Read 85390 pixels, forming 2 batches.
INFO:root:Read 2 batches ((85390, 15766))
INFO:root:Output 89156 pixels and 27080 anchors
INFO:root:Read 15674 pixels, forming 1 batches.
INFO:root:Read 1 batches ((15674, 15766))
INFO:root:Output 15610 pixels and 4719 anchors
INFO:root:Read 103900 pixels, forming 2 batches.
INFO:root:Read 2 batches ((103900, 15766))
INFO:root:Output 108900 pixels and 31942 anchors
INFO:root:Read 64665 pixels, forming 1 batches.
INFO:root:Read 1 batches ((64665, 15766))
INFO:root:Output 64521 pixels and 18875 anchors
INFO:root:Read 14223 pixels, forming 1 batches.
INFO:root:Read 1 batches ((14223, 15766))
INFO:root:Output 14165 pixels and 4218 anchors
INFO:root:Read 115924 pixels, forming 2 batches.
INFO:root:Read 2 batches ((115924, 15766))
INFO:root:Output 122011 pixels and 33708 anchors
INFO:root:Read 43937 pixels, forming 1 batches.
INFO:root:Read 1 batches ((43937, 15766))
INFO:root:Output 43827 pixels and 12941 anchors
INFO:root:Read 85635 pixels, forming 2 batches.
INFO:root:Read 2 batches ((85635, 15766))
INFO:root:Output 87685 pixels and 24840 anchors
INFO:root:Read 13900 pixels, forming 1 batches.
INFO:root:Read 1 batches ((13900, 15766))
INFO:root:Output 13784 pixels and 4147 anchors
INFO:root:Read 113785 pixels, forming 2 batches.
INFO:root:Read 2 batches ((113785, 15766))
INFO:root:Output 119596 pixels and 33808 anchors
INFO:root:Read 65520 pixels, forming 2 batches.
INFO:root:Read 2 batches ((65520, 15766))
INFO:root:Output 65335 pixels and 19806 anchors
INFO:root:Read 115412 pixels, forming 2 batches.
INFO:root:Read 2 batches ((115412, 15766))
INFO:root:Output 115253 pixels and 35188 anchors
INFO:root:Read 88129 pixels, forming 2 batches.
INFO:root:Read 2 batches ((88129, 15766))
INFO:root:Output 90670 pixels and 25811 anchors
INFO:root:Read 68361 pixels, forming 1 batches.
INFO:root:Read 1 batches ((68361, 15766))
INFO:root:Output 68361 pixels and 19872 anchors
INFO:root:Read 68191 pixels, forming 1 batches.
INFO:root:Read 1 batches ((68191, 15766))
INFO:root:Output 68012 pixels and 19734 anchors
INFO:root:Read 2234 pixels, forming 1 batches.
INFO:root:Read 1 batches ((2234, 15766))
INFO:root:Output 2214 pixels and 780 anchors
INFO:root:Read 122597 pixels, forming 2 batches.
INFO:root:Read 2 batches ((122597, 15766))
INFO:root:Output 122216 pixels and 37126 anchors
INFO:root:Read 66857 pixels, forming 2 batches.
INFO:root:Read 2 batches ((66857, 15766))
INFO:root:Output 67686 pixels and 20999 anchors
INFO:root:Read 27502 pixels, forming 1 batches.
INFO:root:Read 1 batches ((27502, 15766))
INFO:root:Output 27351 pixels and 8008 anchors
INFO:root:Read 105162 pixels, forming 2 batches.
INFO:root:Read 2 batches ((105162, 15766))
INFO:root:Output 109883 pixels and 31338 anchors
INFO:root:Read 67536 pixels, forming 1 batches.
INFO:root:Read 1 batches ((67536, 15766))
INFO:root:Output 67338 pixels and 19734 anchors
INFO:root:Read 18637 pixels, forming 1 batches.
INFO:root:Read 1 batches ((18637, 15766))
INFO:root:Output 18562 pixels and 5505 anchors
INFO:root:Read 74740 pixels, forming 2 batches.
INFO:root:Read 2 batches ((74740, 15766))
INFO:root:Output 74549 pixels and 22308 anchors
INFO:root:Read 55740 pixels, forming 2 batches.
INFO:root:Read 2 batches ((55740, 15766))
INFO:root:Output 55570 pixels and 16497 anchors
INFO:root:Read 116146 pixels, forming 2 batches.
INFO:root:Read 2 batches ((116146, 15766))
INFO:root:Output 121171 pixels and 35714 anchors
INFO:root:Read 40403 pixels, forming 1 batches.
INFO:root:Read 1 batches ((40403, 15766))
INFO:root:Output 40205 pixels and 11655 anchors
INFO:root:Read 82304 pixels, forming 2 batches.
INFO:root:Read 2 batches ((82304, 15766))
INFO:root:Output 82050 pixels and 24024 anchors
INFO:root:Read 73957 pixels, forming 2 batches.
INFO:root:Read 2 batches ((73957, 15766))
INFO:root:Output 76606 pixels and 21469 anchors
INFO:root:Read 14580 pixels, forming 1 batches.
INFO:root:Read 1 batches ((14580, 15766))
INFO:root:Output 14495 pixels and 4218 anchors
INFO:root:Read 116961 pixels, forming 2 batches.
INFO:root:Read 2 batches ((116961, 15766))
INFO:root:Output 123041 pixels and 33995 anchors
INFO:root:Read 65473 pixels, forming 1 batches.
INFO:root:Read 1 batches ((65473, 15766))
INFO:root:Output 65308 pixels and 19019 anchors
INFO:root:Read 65049 pixels, forming 1 batches.
INFO:root:Read 1 batches ((65049, 15766))
INFO:root:Output 64861 pixels and 19018 anchors
INFO:root:Read 25811 pixels, forming 1 batches.
INFO:root:Read 1 batches ((25811, 15766))
INFO:root:Output 25743 pixels and 7579 anchors
INFO:root:Read 67693 pixels, forming 2 batches.
INFO:root:Read 2 batches ((67693, 15766))
INFO:root:Output 67648 pixels and 21554 anchors
INFO:root:Read 91757 pixels, forming 2 batches.
INFO:root:Read 2 batches ((91757, 15766))
INFO:root:Output 96086 pixels and 27133 anchors
INFO:root:Read 64637 pixels, forming 1 batches.
INFO:root:Read 1 batches ((64637, 15766))
INFO:root:Output 64637 pixels and 19152 anchors
INFO:root:Read 64807 pixels, forming 1 batches.
INFO:root:Read 1 batches ((64807, 15766))
INFO:root:Output 64650 pixels and 19019 anchors
INFO:root:Read 9801 pixels, forming 1 batches.
INFO:root:Read 1 batches ((9801, 15766))
INFO:root:Output 9701 pixels and 3021 anchors
INFO:root:Read 68630 pixels, forming 2 batches.
INFO:root:Read 2 batches ((68630, 15766))
INFO:root:Output 68421 pixels and 20833 anchors
INFO:root:Read 109405 pixels, forming 2 batches.
INFO:root:Read 2 batches ((109405, 15766))
INFO:root:Output 109235 pixels and 32934 anchors
INFO:root:Read 81486 pixels, forming 2 batches.
INFO:root:Read 2 batches ((81486, 15766))
INFO:root:Output 83753 pixels and 24024 anchors
INFO:root:Read 7115 pixels, forming 1 batches.
INFO:root:Read 1 batches ((7115, 15766))
INFO:root:Output 7065 pixels and 2074 anchors
INFO:root:Read 128073 pixels, forming 2 batches.
INFO:root:Read 2 batches ((128073, 15766))
INFO:root:Output 135213 pixels and 37174 anchors
INFO:root:Read 47065 pixels, forming 1 batches.
INFO:root:Read 1 batches ((47065, 15766))
INFO:root:Output 46849 pixels and 13657 anchors
INFO:root:Read 87942 pixels, forming 2 batches.
INFO:root:Read 2 batches ((87942, 15766))
INFO:root:Output 90210 pixels and 25496 anchors
INFO:root:Read 9523 pixels, forming 1 batches.
INFO:root:Read 1 batches ((9523, 15766))
INFO:root:Output 9446 pixels and 2788 anchors
INFO:root:Read 68249 pixels, forming 2 batches.
INFO:root:Read 2 batches ((68249, 15766))
INFO:root:Output 67937 pixels and 19874 anchors
INFO:root:Read 109650 pixels, forming 2 batches.
INFO:root:Read 2 batches ((109650, 15766))
INFO:root:Output 109320 pixels and 32103 anchors
INFO:root:Read 80278 pixels, forming 2 batches.
INFO:root:Read 2 batches ((80278, 15766))
INFO:root:Output 81711 pixels and 23523 anchors
INFO:root:Read 30499 pixels, forming 1 batches.
INFO:root:Read 1 batches ((30499, 15766))
INFO:root:Output 30348 pixels and 9008 anchors
INFO:root:Read 79645 pixels, forming 2 batches.
INFO:root:Read 2 batches ((79645, 15766))
INFO:root:Output 79338 pixels and 23594 anchors
INFO:root:Read 47557 pixels, forming 2 batches.
INFO:root:Read 2 batches ((47557, 15766))
INFO:root:Output 47405 pixels and 14298 anchors
INFO:root:Read 113547 pixels, forming 2 batches.
INFO:root:Read 2 batches ((113547, 15766))
INFO:root:Output 118828 pixels and 34842 anchors
INFO:root:Read 10596 pixels, forming 1 batches.
INFO:root:Read 1 batches ((10596, 15766))
INFO:root:Output 10553 pixels and 3146 anchors
INFO:root:Read 67956 pixels, forming 2 batches.
INFO:root:Read 2 batches ((67956, 15766))
INFO:root:Output 67750 pixels and 20235 anchors
INFO:root:Read 54123 pixels, forming 2 batches.
INFO:root:Read 2 batches ((54123, 15766))
INFO:root:Output 54094 pixels and 15910 anchors
INFO:root:Read 123442 pixels, forming 2 batches.
INFO:root:Read 2 batches ((123442, 15766))
INFO:root:Output 129942 pixels and 35964 anchors
INFO:root:Read 23122 pixels, forming 1 batches.
INFO:root:Read 1 batches ((23122, 15766))
INFO:root:Output 23097 pixels and 6792 anchors
INFO:root:Read 105811 pixels, forming 2 batches.
INFO:root:Read 2 batches ((105811, 15766))
INFO:root:Output 110705 pixels and 30948 anchors
INFO:root:Read 1701 pixels, forming 1 batches.
INFO:root:Read 1 batches ((1701, 15766))
INFO:root:Output 1687 pixels and 568 anchors
INFO:root:Read 126436 pixels, forming 2 batches.
INFO:root:Read 2 batches ((126436, 15766))
INFO:root:Output 133859 pixels and 37093 anchors
INFO:root:Read 63822 pixels, forming 1 batches.
INFO:root:Read 1 batches ((63822, 15766))
INFO:root:Output 63653 pixels and 18733 anchors
INFO:root:Read 28897 pixels, forming 1 batches.
INFO:root:Read 1 batches ((28897, 15766))
INFO:root:Output 28779 pixels and 8690 anchors
INFO:root:Read 97640 pixels, forming 2 batches.
INFO:root:Read 2 batches ((97640, 15766))
INFO:root:Output 101662 pixels and 28884 anchors
INFO:root:Read 20787 pixels, forming 1 batches.
INFO:root:Read 1 batches ((20787, 15766))
INFO:root:Output 20743 pixels and 6363 anchors
INFO:root:Read 105841 pixels, forming 2 batches.
INFO:root:Read 2 batches ((105841, 15766))
INFO:root:Output 110485 pixels and 31174 anchors
INFO:root:Read 22732 pixels, forming 1 batches.
INFO:root:Read 1 batches ((22732, 15766))
INFO:root:Output 22639 pixels and 6721 anchors
INFO:root:Read 90844 pixels, forming 2 batches.
INFO:root:Read 2 batches ((90844, 15766))
INFO:root:Output 90759 pixels and 28264 anchors
INFO:root:Read 91016 pixels, forming 2 batches.
INFO:root:Read 2 batches ((91016, 15766))
INFO:root:Output 95952 pixels and 27171 anchors
INFO:root:Read 17182 pixels, forming 1 batches.
INFO:root:Read 1 batches ((17182, 15766))
INFO:root:Output 17093 pixels and 5077 anchors
INFO:root:Read 77388 pixels, forming 2 batches.
INFO:root:Read 2 batches ((77388, 15766))
INFO:root:Output 77057 pixels and 22731 anchors
INFO:root:Read 57195 pixels, forming 2 batches.
INFO:root:Read 2 batches ((57195, 15766))
INFO:root:Output 56976 pixels and 16860 anchors
INFO:root:Read 104239 pixels, forming 2 batches.
INFO:root:Read 2 batches ((104239, 15766))
INFO:root:Output 103862 pixels and 30530 anchors
INFO:root:Read 83137 pixels, forming 2 batches.
INFO:root:Read 2 batches ((83137, 15766))
INFO:root:Output 85597 pixels and 24453 anchors
INFO:root:Read 40087 pixels, forming 1 batches.
INFO:root:Read 1 batches ((40087, 15766))
INFO:root:Output 39930 pixels and 12012 anchors
INFO:root:Read 100811 pixels, forming 2 batches.
INFO:root:Read 2 batches ((100811, 15766))
INFO:root:Output 100503 pixels and 29601 anchors
INFO:root:Read 61642 pixels, forming 2 batches.
INFO:root:Read 2 batches ((61642, 15766))
INFO:root:Output 64653 pixels and 18161 anchors
INFO:root:Read 15405 pixels, forming 1 batches.
INFO:root:Read 1 batches ((15405, 15766))
INFO:root:Output 15344 pixels and 4576 anchors
INFO:root:Read 119064 pixels, forming 2 batches.
INFO:root:Read 2 batches ((119064, 15766))
INFO:root:Output 124704 pixels and 35248 anchors
INFO:root:Read 62336 pixels, forming 1 batches.
INFO:root:Read 1 batches ((62336, 15766))
INFO:root:Output 62175 pixels and 19058 anchors
INFO:root:Read 125636 pixels, forming 2 batches.
INFO:root:Read 2 batches ((125636, 15766))
INFO:root:Output 125355 pixels and 37462 anchors
INFO:root:Read 80832 pixels, forming 3 batches.
INFO:root:Read 3 batches ((80832, 15766))
INFO:root:Output 81248 pixels and 24182 anchors
INFO:root:Read 48442 pixels, forming 1 batches.
INFO:root:Read 1 batches ((48442, 15766))
INFO:root:Output 48234 pixels and 14157 anchors
INFO:root:Read 119806 pixels, forming 2 batches.
INFO:root:Read 2 batches ((119806, 15766))
INFO:root:Output 119574 pixels and 35077 anchors
INFO:root:Read 24043 pixels, forming 2 batches.
INFO:root:Read 2 batches ((24043, 15766))
INFO:root:Output 25052 pixels and 7240 anchors
INFO:root:Read 64010 pixels, forming 1 batches.
INFO:root:Read 1 batches ((64010, 15766))
INFO:root:Output 63775 pixels and 18733 anchors
INFO:root:Read 62589 pixels, forming 1 batches.
INFO:root:Read 1 batches ((62589, 15766))
INFO:root:Output 62526 pixels and 18576 anchors
INFO:root:Read 74334 pixels, forming 3 batches.
INFO:root:Read 3 batches ((74334, 15766))
INFO:root:Output 74113 pixels and 22091 anchors
INFO:root:Read 88011 pixels, forming 2 batches.
INFO:root:Read 2 batches ((88011, 15766))
INFO:root:Output 87643 pixels and 26312 anchors
INFO:root:Read 89966 pixels, forming 2 batches.
INFO:root:Read 2 batches ((89966, 15766))
INFO:root:Output 94425 pixels and 27106 anchors
INFO:root:Read 21806 pixels, forming 1 batches.
INFO:root:Read 1 batches ((21806, 15766))
INFO:root:Output 21746 pixels and 6507 anchors
INFO:root:Read 85722 pixels, forming 2 batches.
INFO:root:Read 2 batches ((85722, 15766))
INFO:root:Output 85352 pixels and 25437 anchors
INFO:root:Read 80433 pixels, forming 2 batches.
INFO:root:Read 2 batches ((80433, 15766))
INFO:root:Output 84855 pixels and 24427 anchors
INFO:root:Read 52885 pixels, forming 1 batches.
INFO:root:Read 1 batches ((52885, 15766))
INFO:root:Output 52764 pixels and 15873 anchors
INFO:root:Read 125140 pixels, forming 3 batches.
INFO:root:Read 3 batches ((125140, 15766))
INFO:root:Output 125923 pixels and 38073 anchors
INFO:root:Read 45003 pixels, forming 1 batches.
INFO:root:Read 1 batches ((45003, 15766))
INFO:root:Output 44903 pixels and 14915 anchors
INFO:root:Read 116969 pixels, forming 3 batches.
INFO:root:Read 3 batches ((116969, 15766))
INFO:root:Output 118460 pixels and 38221 anchors
INFO:root:Read 57117 pixels, forming 1 batches.
INFO:root:Read 1 batches ((57117, 15766))
INFO:root:Output 56994 pixels and 17089 anchors
INFO:root:Read 77364 pixels, forming 3 batches.
INFO:root:Read 3 batches ((77364, 15766))
INFO:root:Output 77415 pixels and 24066 anchors
INFO:root:Read 108024 pixels, forming 2 batches.
INFO:root:Read 2 batches ((108024, 15766))
INFO:root:Output 107681 pixels and 33418 anchors
INFO:root:Read 49646 pixels, forming 3 batches.
INFO:root:Read 3 batches ((49646, 15766))
INFO:root:Output 50612 pixels and 15883 anchors
INFO:root:Read 106962 pixels, forming 3 batches.
INFO:root:Read 3 batches ((106962, 15766))
INFO:root:Output 113967 pixels and 32823 anchors
INFO:root:Read 68380 pixels, forming 4 batches.
INFO:root:Read 4 batches ((68380, 15766))
INFO:root:Output 67826 pixels and 20637 anchors
INFO:root:Read 108376 pixels, forming 5 batches.
INFO:root:Read 5 batches ((108376, 15766))
INFO:root:Output 112981 pixels and 34337 anchors
INFO:root:Read 86919 pixels, forming 4 batches.
INFO:root:Read 4 batches ((86919, 15766))
INFO:root:Output 91287 pixels and 26574 anchors
INFO:root:Read 67068 pixels, forming 4 batches.
INFO:root:Read 4 batches ((67068, 15766))
INFO:root:Output 70203 pixels and 20778 anchors
INFO:root:Read 29054 pixels, forming 1 batches.
INFO:root:Read 1 batches ((29054, 15766))
INFO:root:Output 29054 pixels and 9312 anchors
bash /dcs05/lieber/marmaypag/xenium_NAC_LIBD4125/xenium_NAC/processed-data/HD_Full_Analysis/FICTURE/outputs/H1-M3TCP9V_D1/nF_12/sort_decode.sh /dcs05/lieber/marmaypag/xenium_NAC_LIBD4125/xenium_NAC/processed-data/HD_Full_Analysis/FICTURE/outputs/H1-M3TCP9V_D1/nF_12/analysis/nF12.d_12/nF12.d_12.decode.prj_12.r_4_5.pixel.tsv.gz /dcs05/lieber/marmaypag/xenium_NAC_LIBD4125/xenium_NAC/processed-data/HD_Full_Analysis/FICTURE/outputs/H1-M3TCP9V_D1/nF_12/analysis/nF12.d_12/nF12.d_12.decode.prj_12.r_4_5.pixel.sorted.tsv.gz /dcs05/lieber/marmaypag/xenium_NAC_LIBD4125/xenium_NAC/processed-data/HD_Full_Analysis/FICTURE/inputs/H1-M3TCP9V_D1/minmax.tsv nF12.d_12 100 100 3 gzip
1669.503, 8392.176; 1316.256, 8039.143
ficture de_bulk --input /dcs05/lieber/marmaypag/xenium_NAC_LIBD4125/xenium_NAC/processed-data/HD_Full_Analysis/FICTURE/outputs/H1-M3TCP9V_D1/nF_12/analysis/nF12.d_12/nF12.d_12.decode.prj_12.r_4_5.posterior.count.tsv.gz --output /dcs05/lieber/marmaypag/xenium_NAC_LIBD4125/xenium_NAC/processed-data/HD_Full_Analysis/FICTURE/outputs/H1-M3TCP9V_D1/nF_12/analysis/nF12.d_12/nF12.d_12.decode.prj_12.r_4_5.bulk_chisq.tsv --min_ct_per_feature 20 --max_pval_output 0.001 --min_fold_output 1.5
/jhpce/shared/libd/core/visium_hd/1.0/hd_env/lib/python3.9/site-packages/ficture/scripts/de_bulk.py:117: RuntimeWarning: divide by zero encountered in scalar divide
  fd=tab[0,0]/total_k[k]/tab[0,1]*(total_umi-total_k[k])
Read posterior count over 15766 genes and 12 factors
Testing 15764 genes over 12 factors
ficture factor_report --path /dcs05/lieber/marmaypag/xenium_NAC_LIBD4125/xenium_NAC/processed-data/HD_Full_Analysis/FICTURE/outputs/H1-M3TCP9V_D1/nF_12/analysis/nF12.d_12 --pref nF12.d_12.decode.prj_12.r_4_5 --color_table /dcs05/lieber/marmaypag/xenium_NAC_LIBD4125/xenium_NAC/processed-data/HD_Full_Analysis/FICTURE/outputs/H1-M3TCP9V_D1/nF_12/analysis/nF12.d_12/figure/nF12.d_12.rgb.tsv
['0' '1' '2' '3' '4' '5' '6' '7' '8' '9' '10' '11']
/dcs05/lieber/marmaypag/xenium_NAC_LIBD4125/xenium_NAC/processed-data/HD_Full_Analysis/FICTURE/outputs/H1-M3TCP9V_D1/nF_12/analysis/nF12.d_12/nF12.d_12.decode.prj_12.r_4_5.factor.info.html
ficture plot_pixel_full --input /dcs05/lieber/marmaypag/xenium_NAC_LIBD4125/xenium_NAC/processed-data/HD_Full_Analysis/FICTURE/outputs/H1-M3TCP9V_D1/nF_12/analysis/nF12.d_12/nF12.d_12.decode.prj_12.r_4_5.pixel.sorted.tsv.gz --color_table /dcs05/lieber/marmaypag/xenium_NAC_LIBD4125/xenium_NAC/processed-data/HD_Full_Analysis/FICTURE/outputs/H1-M3TCP9V_D1/nF_12/analysis/nF12.d_12/figure/nF12.d_12.rgb.tsv --output /dcs05/lieber/marmaypag/xenium_NAC_LIBD4125/xenium_NAC/processed-data/HD_Full_Analysis/FICTURE/outputs/H1-M3TCP9V_D1/nF_12/analysis/nF12.d_12/figure/nF12.d_12.decode.prj_12.r_4_5.pixel.png --plot_um_per_pixel 0.5 --full
11:43:54 PM Background color 000000
11:43:54 PM Read color table (12)
11:43:54 PM Read header {'K': 12, 'TOPK': 3, 'BLOCK_SIZE': 2000, 'BLOCK_AXIS': 'X', 'INDEX_AXIS': 'Y', 'OFFSET_X': 1669.503, 'OFFSET_Y': 1316.256, 'SIZE_X': 6724, 'SIZE_Y': 6724, 'SCALE': 100}
11:43:54 PM Image size 13450 x 13450
11:43:56 PM Reading pixels... 3999, 3654, 899454
11:43:57 PM Reading pixels... 3999, 7035, 869714
11:43:59 PM Reading pixels... 3999, 10415, 877354
11:44:01 PM Reading pixels... 7999, 1416, 900111
11:44:03 PM Reading pixels... 7999, 4945, 875144
11:44:05 PM Reading pixels... 7999, 8329, 870060
11:44:07 PM Reading pixels... 7999, 11710, 879074
11:44:08 PM Reading pixels... 11999, 2758, 909012
11:44:10 PM Reading pixels... 11999, 6239, 863874
11:44:12 PM Reading pixels... 11999, 9624, 868773
11:44:14 PM Reading pixels... 13425, 91, 882339
11:44:15 PM Reading pixels... 13425, 5724, 851852
11:44:16 PM Reading pixels... 13406, 11085, 137389
11:44:19 PM Finished
/dcs05/lieber/marmaypag/xenium_NAC_LIBD4125/xenium_NAC/processed-data/HD_Full_Analysis/FICTURE/outputs/H1-M3TCP9V_D1/nF_12/analysis/nF12.d_12/figure/nF12.d_12.decode.prj_12.r_4_5.pixel.png
Index(['0', '1', '2', '3', '4', '5', '6', '7', '8', '9', '10', '11'], dtype='object', name='Name')
['BLOCK', 'X', 'Y', 'K1', 'K2', 'K3', 'P1', 'P2', 'P3']
touch /dcs05/lieber/marmaypag/xenium_NAC_LIBD4125/xenium_NAC/processed-data/HD_Full_Analysis/FICTURE/outputs/H1-M3TCP9V_D1/nF_12/analysis/nF12.d_12/nF12.d_12.decode.prj_12.r_4_5.done
Finished nFactor=12 for H1-M3TCP9V_D1
Fri Mar  6 11:44:19 PM EST 2026
--------------------------------------------------------------
Running FICTURE with nFactor=16 for H1-M3TCP9V_D1
--------------------------------------------------------------
Fri Mar  6 11:44:19 PM EST 2026
--------------------------------------------------------------
Creating minibatch from /dcs05/lieber/marmaypag/xenium_NAC_LIBD4125/xenium_NAC/processed-data/HD_Full_Analysis/FICTURE/inputs/H1-M3TCP9V_D1/transcripts.sorted.tsv.gz...
--------------------------------------------------------------
ficture make_spatial_minibatch --input /dcs05/lieber/marmaypag/xenium_NAC_LIBD4125/xenium_NAC/processed-data/HD_Full_Analysis/FICTURE/inputs/H1-M3TCP9V_D1/transcripts.sorted.tsv.gz --output /dcs05/lieber/marmaypag/xenium_NAC_LIBD4125/xenium_NAC/processed-data/HD_Full_Analysis/FICTURE/outputs/H1-M3TCP9V_D1/nF_16/batched.matrix.tsv --mu_scale 1.0 --batch_size 500 --batch_buff 30 --major_axis X
INFO:root:Random seed 1772858659.9232385
INFO:root:Read blocks of pixels: 70.14 x 6699.28
INFO:root:Read blocks of pixels: 128.92 x 6699.49
INFO:root:Read blocks of pixels: 196.20 x 6699.73
INFO:root:Read blocks of pixels: 262.23 x 6699.96
INFO:root:Read blocks of pixels: 324.62 x 6700.19
INFO:root:Read blocks of pixels: 383.62 x 6700.39
INFO:root:Read blocks of pixels: 448.60 x 6700.63
INFO:root:Read blocks of pixels: 513.47 x 6700.85
INFO:root:Output region (514.47, 501.00) (1668.5, 2183.0) x (1315.3, 1816.3)
INFO:root:Output region (514.47, 500.00) (1668.5, 2183.0) x (1786.3, 2286.3)
INFO:root:Output region (514.47, 500.00) (1668.5, 2183.0) x (2256.3, 2756.3)
INFO:root:Output region (514.47, 500.00) (1668.5, 2183.0) x (2726.3, 3226.3)
INFO:root:Output region (514.47, 500.00) (1668.5, 2183.0) x (3196.3, 3696.3)
INFO:root:Output region (514.47, 500.00) (1668.5, 2183.0) x (3666.3, 4166.3)
INFO:root:Output region (514.47, 500.00) (1668.5, 2183.0) x (4136.3, 4636.3)
INFO:root:Output region (514.47, 500.00) (1668.5, 2183.0) x (4606.3, 5106.3)
INFO:root:Output region (514.47, 500.00) (1668.5, 2183.0) x (5076.3, 5576.3)
INFO:root:Output region (514.47, 500.00) (1668.5, 2183.0) x (5546.3, 6046.3)
INFO:root:Output region (514.47, 500.00) (1668.5, 2183.0) x (6016.3, 6516.3)
INFO:root:Output region (514.47, 500.00) (1668.5, 2183.0) x (6486.3, 6986.3)
INFO:root:Output region (514.47, 500.00) (1668.5, 2183.0) x (6956.3, 7456.3)
INFO:root:Output region (514.47, 590.85) (1668.5, 2183.0) x (7426.3, 8017.1)
INFO:root:Left over size 450209 (450209, 30.00)
INFO:root:Read blocks of pixels: 89.29 x 6699.43
INFO:root:Read blocks of pixels: 149.63 x 6699.64
INFO:root:Read blocks of pixels: 210.02 x 6699.86
INFO:root:Read blocks of pixels: 275.02 x 6700.09
INFO:root:Read blocks of pixels: 340.52 x 6700.32
INFO:root:Read blocks of pixels: 397.03 x 6700.53
INFO:root:Read blocks of pixels: 460.41 x 6700.75
INFO:root:Read blocks of pixels: 521.02 x 6700.97
INFO:root:Output region (522.02, 501.00) (2152.0, 2674.0) x (1316.9, 1817.9)
INFO:root:Output region (522.02, 500.00) (2152.0, 2674.0) x (1787.9, 2287.9)
INFO:root:Output region (522.02, 500.00) (2152.0, 2674.0) x (2257.9, 2757.9)
INFO:root:Output region (522.02, 500.00) (2152.0, 2674.0) x (2727.9, 3227.9)
INFO:root:Output region (522.02, 500.00) (2152.0, 2674.0) x (3197.9, 3697.9)
INFO:root:Output region (522.02, 500.00) (2152.0, 2674.0) x (3667.9, 4167.9)
INFO:root:Output region (522.02, 500.00) (2152.0, 2674.0) x (4137.9, 4637.9)
INFO:root:Output region (522.02, 500.00) (2152.0, 2674.0) x (4607.9, 5107.9)
INFO:root:Output region (522.02, 500.00) (2152.0, 2674.0) x (5077.9, 5577.9)
INFO:root:Output region (522.02, 500.00) (2152.0, 2674.0) x (5547.9, 6047.9)
INFO:root:Output region (522.02, 500.00) (2152.0, 2674.0) x (6017.9, 6517.9)
INFO:root:Output region (522.02, 500.00) (2152.0, 2674.0) x (6487.9, 6987.9)
INFO:root:Output region (522.02, 500.00) (2152.0, 2674.0) x (6957.9, 7457.9)
INFO:root:Output region (522.02, 590.97) (2152.0, 2674.0) x (7427.9, 8018.9)
INFO:root:Left over size 500426 (500426, 30.00)
INFO:root:Read blocks of pixels: 91.82 x 6699.44
INFO:root:Read blocks of pixels: 149.88 x 6699.64
INFO:root:Read blocks of pixels: 208.62 x 6699.83
INFO:root:Read blocks of pixels: 267.83 x 6700.06
INFO:root:Read blocks of pixels: 336.29 x 6700.30
INFO:root:Read blocks of pixels: 399.81 x 6700.53
INFO:root:Read blocks of pixels: 463.94 x 6700.76
INFO:root:Read blocks of pixels: 529.81 x 6701.00
INFO:root:Output region (530.81, 501.00) (2643.0, 3173.8) x (1318.6, 1819.6)
INFO:root:Output region (530.81, 500.00) (2643.0, 3173.8) x (1789.6, 2289.6)
INFO:root:Output region (530.81, 500.00) (2643.0, 3173.8) x (2259.6, 2759.6)
INFO:root:Output region (530.81, 500.00) (2643.0, 3173.8) x (2729.6, 3229.6)
INFO:root:Output region (530.81, 500.00) (2643.0, 3173.8) x (3199.6, 3699.6)
INFO:root:Output region (530.81, 500.00) (2643.0, 3173.8) x (3669.6, 4169.6)
INFO:root:Output region (530.81, 500.00) (2643.0, 3173.8) x (4139.6, 4639.6)
INFO:root:Output region (530.81, 500.00) (2643.0, 3173.8) x (4609.6, 5109.6)
INFO:root:Output region (530.81, 500.00) (2643.0, 3173.8) x (5079.6, 5579.6)
INFO:root:Output region (530.81, 500.00) (2643.0, 3173.8) x (5549.6, 6049.6)
INFO:root:Output region (530.81, 500.00) (2643.0, 3173.8) x (6019.6, 6519.6)
INFO:root:Output region (530.81, 500.00) (2643.0, 3173.8) x (6489.6, 6989.6)
INFO:root:Output region (530.81, 500.00) (2643.0, 3173.8) x (6959.6, 7459.6)
INFO:root:Output region (530.81, 591.00) (2643.0, 3173.8) x (7429.6, 8020.6)
INFO:root:Left over size 465491 (465491, 30.00)
INFO:root:Read blocks of pixels: 97.36 x 6699.45
INFO:root:Read blocks of pixels: 163.36 x 6699.68
INFO:root:Read blocks of pixels: 226.05 x 6699.91
INFO:root:Read blocks of pixels: 288.06 x 6700.13
INFO:root:Read blocks of pixels: 346.74 x 6700.34
INFO:root:Read blocks of pixels: 411.22 x 6700.57
INFO:root:Read blocks of pixels: 478.78 x 6700.81
INFO:root:Read blocks of pixels: 540.29 x 6701.03
INFO:root:Output region (541.29, 501.00) (3142.8, 3684.1) x (1320.4, 1821.4)
INFO:root:Output region (541.29, 500.00) (3142.8, 3684.1) x (1791.4, 2291.4)
INFO:root:Output region (541.29, 500.00) (3142.8, 3684.1) x (2261.4, 2761.4)
INFO:root:Output region (541.29, 500.00) (3142.8, 3684.1) x (2731.4, 3231.4)
INFO:root:Output region (541.29, 500.00) (3142.8, 3684.1) x (3201.4, 3701.4)
INFO:root:Output region (541.29, 500.00) (3142.8, 3684.1) x (3671.4, 4171.4)
INFO:root:Output region (541.29, 500.00) (3142.8, 3684.1) x (4141.4, 4641.4)
INFO:root:Output region (541.29, 500.00) (3142.8, 3684.1) x (4611.4, 5111.4)
INFO:root:Output region (541.29, 500.00) (3142.8, 3684.1) x (5081.4, 5581.4)
INFO:root:Output region (541.29, 500.00) (3142.8, 3684.1) x (5551.4, 6051.4)
INFO:root:Output region (541.29, 500.00) (3142.8, 3684.1) x (6021.4, 6521.4)
INFO:root:Output region (541.29, 500.00) (3142.8, 3684.1) x (6491.4, 6991.4)
INFO:root:Output region (541.29, 500.00) (3142.8, 3684.1) x (6961.4, 7461.4)
INFO:root:Output region (541.29, 591.03) (3142.8, 3684.1) x (7431.4, 8022.5)
INFO:root:Left over size 491058 (491058, 30.00)
INFO:root:Read blocks of pixels: 95.02 x 6699.44
INFO:root:Read blocks of pixels: 153.56 x 6699.65
INFO:root:Read blocks of pixels: 221.57 x 6699.89
INFO:root:Read blocks of pixels: 282.11 x 6700.11
INFO:root:Read blocks of pixels: 341.46 x 6700.32
INFO:root:Read blocks of pixels: 407.22 x 6700.55
INFO:root:Read blocks of pixels: 468.18 x 6700.77
INFO:root:Read blocks of pixels: 527.93 x 6700.99
INFO:root:Output region (528.93, 501.00) (3653.1, 4182.0) x (1322.2, 1823.2)
INFO:root:Output region (528.93, 500.00) (3653.1, 4182.0) x (1793.2, 2293.2)
INFO:root:Output region (528.93, 500.00) (3653.1, 4182.0) x (2263.2, 2763.2)
INFO:root:Output region (528.93, 500.00) (3653.1, 4182.0) x (2733.2, 3233.2)
INFO:root:Output region (528.93, 500.00) (3653.1, 4182.0) x (3203.2, 3703.2)
INFO:root:Output region (528.93, 500.00) (3653.1, 4182.0) x (3673.2, 4173.2)
INFO:root:Output region (528.93, 500.00) (3653.1, 4182.0) x (4143.2, 4643.2)
INFO:root:Output region (528.93, 500.00) (3653.1, 4182.0) x (4613.2, 5113.2)
INFO:root:Output region (528.93, 500.00) (3653.1, 4182.0) x (5083.2, 5583.2)
INFO:root:Output region (528.93, 500.00) (3653.1, 4182.0) x (5553.2, 6053.2)
INFO:root:Output region (528.93, 500.00) (3653.1, 4182.0) x (6023.2, 6523.2)
INFO:root:Output region (528.93, 500.00) (3653.1, 4182.0) x (6493.2, 6993.2)
INFO:root:Output region (528.93, 500.00) (3653.1, 4182.0) x (6963.2, 7463.2)
INFO:root:Output region (528.93, 590.99) (3653.1, 4182.0) x (7433.2, 8024.2)
INFO:root:Left over size 503552 (503552, 30.00)
INFO:root:Read blocks of pixels: 82.99 x 6699.40
INFO:root:Read blocks of pixels: 136.05 x 6699.59
INFO:root:Read blocks of pixels: 203.66 x 6699.82
INFO:root:Read blocks of pixels: 263.87 x 6700.04
INFO:root:Read blocks of pixels: 335.25 x 6700.29
INFO:root:Read blocks of pixels: 403.83 x 6700.53
INFO:root:Read blocks of pixels: 464.28 x 6700.75
INFO:root:Read blocks of pixels: 525.98 x 6700.98
INFO:root:Output region (526.98, 501.00) (4151.0, 4678.0) x (1324.0, 1825.0)
INFO:root:Output region (526.98, 500.00) (4151.0, 4678.0) x (1795.0, 2295.0)
INFO:root:Output region (526.98, 500.00) (4151.0, 4678.0) x (2265.0, 2765.0)
INFO:root:Output region (526.98, 500.00) (4151.0, 4678.0) x (2735.0, 3235.0)
INFO:root:Output region (526.98, 500.00) (4151.0, 4678.0) x (3205.0, 3705.0)
INFO:root:Output region (526.98, 500.00) (4151.0, 4678.0) x (3675.0, 4175.0)
INFO:root:Output region (526.98, 500.00) (4151.0, 4678.0) x (4145.0, 4645.0)
INFO:root:Output region (526.98, 500.00) (4151.0, 4678.0) x (4615.0, 5115.0)
INFO:root:Output region (526.98, 500.00) (4151.0, 4678.0) x (5085.0, 5585.0)
INFO:root:Output region (526.98, 500.00) (4151.0, 4678.0) x (5555.0, 6055.0)
INFO:root:Output region (526.98, 500.00) (4151.0, 4678.0) x (6025.0, 6525.0)
INFO:root:Output region (526.98, 500.00) (4151.0, 4678.0) x (6495.0, 6995.0)
INFO:root:Output region (526.98, 500.00) (4151.0, 4678.0) x (6965.0, 7465.0)
INFO:root:Output region (526.98, 590.98) (4151.0, 4678.0) x (7435.0, 8026.0)
INFO:root:Left over size 479798 (479798, 30.00)
INFO:root:Read blocks of pixels: 91.79 x 6699.42
INFO:root:Read blocks of pixels: 163.32 x 6699.68
INFO:root:Read blocks of pixels: 227.67 x 6699.91
INFO:root:Read blocks of pixels: 291.68 x 6700.13
INFO:root:Read blocks of pixels: 350.96 x 6700.35
INFO:root:Read blocks of pixels: 417.03 x 6700.58
INFO:root:Read blocks of pixels: 481.39 x 6700.81
INFO:root:Read blocks of pixels: 549.68 x 6701.05
INFO:root:Output region (550.68, 501.00) (4647.0, 5197.7) x (1325.8, 1826.8)
INFO:root:Output region (550.68, 500.00) (4647.0, 5197.7) x (1796.8, 2296.8)
INFO:root:Output region (550.68, 500.00) (4647.0, 5197.7) x (2266.8, 2766.8)
INFO:root:Output region (550.68, 500.00) (4647.0, 5197.7) x (2736.8, 3236.8)
INFO:root:Output region (550.68, 500.00) (4647.0, 5197.7) x (3206.8, 3706.8)
INFO:root:Output region (550.68, 500.00) (4647.0, 5197.7) x (3676.8, 4176.8)
INFO:root:Output region (550.68, 500.00) (4647.0, 5197.7) x (4146.8, 4646.8)
INFO:root:Output region (550.68, 500.00) (4647.0, 5197.7) x (4616.8, 5116.8)
INFO:root:Output region (550.68, 500.00) (4647.0, 5197.7) x (5086.8, 5586.8)
INFO:root:Output region (550.68, 500.00) (4647.0, 5197.7) x (5556.8, 6056.8)
INFO:root:Output region (550.68, 500.00) (4647.0, 5197.7) x (6026.8, 6526.8)
INFO:root:Output region (550.68, 500.00) (4647.0, 5197.7) x (6496.8, 6996.8)
INFO:root:Output region (550.68, 500.00) (4647.0, 5197.7) x (6966.8, 7466.8)
INFO:root:Output region (550.68, 591.05) (4647.0, 5197.7) x (7436.8, 8027.8)
INFO:root:Left over size 417487 (417487, 30.00)
INFO:root:Read blocks of pixels: 94.93 x 6699.44
INFO:root:Read blocks of pixels: 158.57 x 6699.67
INFO:root:Read blocks of pixels: 226.41 x 6699.91
INFO:root:Read blocks of pixels: 287.86 x 6700.13
INFO:root:Read blocks of pixels: 344.37 x 6700.33
INFO:root:Read blocks of pixels: 403.10 x 6700.54
INFO:root:Read blocks of pixels: 465.31 x 6700.75
INFO:root:Read blocks of pixels: 529.58 x 6700.99
INFO:root:Output region (530.58, 501.00) (5166.7, 5697.3) x (1327.6, 1828.6)
INFO:root:Output region (530.58, 500.00) (5166.7, 5697.3) x (1798.6, 2298.6)
INFO:root:Output region (530.58, 500.00) (5166.7, 5697.3) x (2268.6, 2768.6)
INFO:root:Output region (530.58, 500.00) (5166.7, 5697.3) x (2738.6, 3238.6)
INFO:root:Output region (530.58, 500.00) (5166.7, 5697.3) x (3208.6, 3708.6)
INFO:root:Output region (530.58, 500.00) (5166.7, 5697.3) x (3678.6, 4178.6)
INFO:root:Output region (530.58, 500.00) (5166.7, 5697.3) x (4148.6, 4648.6)
INFO:root:Output region (530.58, 500.00) (5166.7, 5697.3) x (4618.6, 5118.6)
INFO:root:Output region (530.58, 500.00) (5166.7, 5697.3) x (5088.6, 5588.6)
INFO:root:Output region (530.58, 500.00) (5166.7, 5697.3) x (5558.6, 6058.6)
INFO:root:Output region (530.58, 500.00) (5166.7, 5697.3) x (6028.6, 6528.6)
INFO:root:Output region (530.58, 500.00) (5166.7, 5697.3) x (6498.6, 6998.6)
INFO:root:Output region (530.58, 500.00) (5166.7, 5697.3) x (6968.6, 7468.6)
INFO:root:Output region (530.58, 590.99) (5166.7, 5697.3) x (7438.6, 8029.6)
INFO:root:Left over size 467518 (467518, 30.00)
INFO:root:Read blocks of pixels: 96.13 x 6699.44
INFO:root:Read blocks of pixels: 160.08 x 6699.67
INFO:root:Read blocks of pixels: 222.42 x 6699.89
INFO:root:Read blocks of pixels: 288.44 x 6700.12
INFO:root:Read blocks of pixels: 351.74 x 6700.35
INFO:root:Read blocks of pixels: 417.77 x 6700.59
INFO:root:Read blocks of pixels: 479.05 x 6700.80
INFO:root:Read blocks of pixels: 544.59 x 6701.04
INFO:root:Output region (545.59, 501.00) (5666.3, 6211.9) x (1329.4, 1830.4)
INFO:root:Output region (545.59, 500.00) (5666.3, 6211.9) x (1800.4, 2300.4)
INFO:root:Output region (545.59, 500.00) (5666.3, 6211.9) x (2270.4, 2770.4)
INFO:root:Output region (545.59, 500.00) (5666.3, 6211.9) x (2740.4, 3240.4)
INFO:root:Output region (545.59, 500.00) (5666.3, 6211.9) x (3210.4, 3710.4)
INFO:root:Output region (545.59, 500.00) (5666.3, 6211.9) x (3680.4, 4180.4)
INFO:root:Output region (545.59, 500.00) (5666.3, 6211.9) x (4150.4, 4650.4)
INFO:root:Output region (545.59, 500.00) (5666.3, 6211.9) x (4620.4, 5120.4)
INFO:root:Output region (545.59, 500.00) (5666.3, 6211.9) x (5090.4, 5590.4)
INFO:root:Output region (545.59, 500.00) (5666.3, 6211.9) x (5560.4, 6060.4)
INFO:root:Output region (545.59, 500.00) (5666.3, 6211.9) x (6030.4, 6530.4)
INFO:root:Output region (545.59, 500.00) (5666.3, 6211.9) x (6500.4, 7000.4)
INFO:root:Output region (545.59, 500.00) (5666.3, 6211.9) x (6970.4, 7470.4)
INFO:root:Output region (545.59, 591.04) (5666.3, 6211.9) x (7440.4, 8031.5)
INFO:root:Left over size 430800 (430800, 30.00)
INFO:root:Read blocks of pixels: 96.87 x 6699.45
INFO:root:Read blocks of pixels: 166.17 x 6699.69
INFO:root:Read blocks of pixels: 235.01 x 6699.94
INFO:root:Read blocks of pixels: 300.94 x 6700.17
INFO:root:Read blocks of pixels: 369.79 x 6700.41
INFO:root:Read blocks of pixels: 443.74 x 6700.68
INFO:root:Read blocks of pixels: 522.64 x 6700.96
INFO:root:Output region (523.64, 501.00) (6180.9, 6704.5) x (1331.3, 1832.3)
INFO:root:Output region (523.64, 500.00) (6180.9, 6704.5) x (1802.3, 2302.3)
INFO:root:Output region (523.64, 500.00) (6180.9, 6704.5) x (2272.3, 2772.3)
INFO:root:Output region (523.64, 500.00) (6180.9, 6704.5) x (2742.3, 3242.3)
INFO:root:Output region (523.64, 500.00) (6180.9, 6704.5) x (3212.3, 3712.3)
INFO:root:Output region (523.64, 500.00) (6180.9, 6704.5) x (3682.3, 4182.3)
INFO:root:Output region (523.64, 500.00) (6180.9, 6704.5) x (4152.3, 4652.3)
INFO:root:Output region (523.64, 500.00) (6180.9, 6704.5) x (4622.3, 5122.3)
INFO:root:Output region (523.64, 500.00) (6180.9, 6704.5) x (5092.3, 5592.3)
INFO:root:Output region (523.64, 500.00) (6180.9, 6704.5) x (5562.3, 6062.3)
INFO:root:Output region (523.64, 500.00) (6180.9, 6704.5) x (6032.3, 6532.3)
INFO:root:Output region (523.64, 500.00) (6180.9, 6704.5) x (6502.3, 7002.3)
INFO:root:Output region (523.64, 500.00) (6180.9, 6704.5) x (6972.3, 7472.3)
INFO:root:Output region (523.64, 590.96) (6180.9, 6704.5) x (7442.3, 8033.2)
INFO:root:Left over size 385436 (385436, 30.00)
INFO:root:Read blocks of pixels: 97.16 x 6699.44
INFO:root:Read blocks of pixels: 166.98 x 6699.69
INFO:root:Read blocks of pixels: 243.53 x 6699.96
INFO:root:Read blocks of pixels: 316.12 x 6700.21
INFO:root:Read blocks of pixels: 393.95 x 6700.49
INFO:root:Read blocks of pixels: 472.88 x 6700.78
INFO:root:Read blocks of pixels: 552.67 x 6701.06
INFO:root:Output region (553.67, 501.00) (6673.5, 7227.2) x (1333.0, 1834.0)
INFO:root:Output region (553.67, 500.00) (6673.5, 7227.2) x (1804.0, 2304.0)
INFO:root:Output region (553.67, 500.00) (6673.5, 7227.2) x (2274.0, 2774.0)
INFO:root:Output region (553.67, 500.00) (6673.5, 7227.2) x (2744.0, 3244.0)
INFO:root:Output region (553.67, 500.00) (6673.5, 7227.2) x (3214.0, 3714.0)
INFO:root:Output region (553.67, 500.00) (6673.5, 7227.2) x (3684.0, 4184.0)
INFO:root:Output region (553.67, 500.00) (6673.5, 7227.2) x (4154.0, 4654.0)
INFO:root:Output region (553.67, 500.00) (6673.5, 7227.2) x (4624.0, 5124.0)
INFO:root:Output region (553.67, 500.00) (6673.5, 7227.2) x (5094.0, 5594.0)
INFO:root:Output region (553.67, 500.00) (6673.5, 7227.2) x (5564.0, 6064.0)
INFO:root:Output region (553.67, 500.00) (6673.5, 7227.2) x (6034.0, 6534.0)
INFO:root:Output region (553.67, 500.00) (6673.5, 7227.2) x (6504.0, 7004.0)
INFO:root:Output region (553.67, 500.00) (6673.5, 7227.2) x (6974.0, 7474.0)
INFO:root:Output region (553.67, 591.06) (6673.5, 7227.2) x (7444.0, 8035.1)
INFO:root:Left over size 367556 (367556, 30.00)
INFO:root:Read blocks of pixels: 111.26 x 6699.49
INFO:root:Read blocks of pixels: 190.54 x 6699.76
INFO:root:Read blocks of pixels: 265.47 x 6700.04
INFO:root:Read blocks of pixels: 351.14 x 6700.35
INFO:root:Read blocks of pixels: 437.35 x 6700.65
INFO:root:Read blocks of pixels: 522.71 x 6700.95
INFO:root:Output region (523.71, 501.00) (7196.2, 7719.9) x (1334.9, 1835.9)
INFO:root:Output region (523.71, 500.00) (7196.2, 7719.9) x (1805.9, 2305.9)
INFO:root:Output region (523.71, 500.00) (7196.2, 7719.9) x (2275.9, 2775.9)
INFO:root:Output region (523.71, 500.00) (7196.2, 7719.9) x (2745.9, 3245.9)
INFO:root:Output region (523.71, 500.00) (7196.2, 7719.9) x (3215.9, 3715.9)
INFO:root:Output region (523.71, 500.00) (7196.2, 7719.9) x (3685.9, 4185.9)
INFO:root:Output region (523.71, 500.00) (7196.2, 7719.9) x (4155.9, 4655.9)
INFO:root:Output region (523.71, 500.00) (7196.2, 7719.9) x (4625.9, 5125.9)
INFO:root:Output region (523.71, 500.00) (7196.2, 7719.9) x (5095.9, 5595.9)
INFO:root:Output region (523.71, 500.00) (7196.2, 7719.9) x (5565.9, 6065.9)
INFO:root:Output region (523.71, 500.00) (7196.2, 7719.9) x (6035.9, 6535.9)
INFO:root:Output region (523.71, 500.00) (7196.2, 7719.9) x (6505.9, 7005.9)
INFO:root:Output region (523.71, 500.00) (7196.2, 7719.9) x (6975.9, 7475.9)
INFO:root:Output region (523.71, 590.95) (7196.2, 7719.9) x (7445.9, 8036.8)
INFO:root:Left over size 335216 (335216, 30.00)
INFO:root:Read blocks of pixels: 137.76 x 6699.58
INFO:root:Read blocks of pixels: 263.74 x 6700.00
INFO:root:Read blocks of pixels: 389.49 x 6700.44
INFO:root:Read blocks of pixels: 501.61 x 6700.88
INFO:root:Output region (502.61, 501.00) (7688.9, 8191.5) x (1336.6, 1837.6)
INFO:root:Output region (502.61, 500.00) (7688.9, 8191.5) x (1807.6, 2307.6)
INFO:root:Output region (502.61, 500.00) (7688.9, 8191.5) x (2277.6, 2777.6)
INFO:root:Output region (502.61, 500.00) (7688.9, 8191.5) x (2747.6, 3247.6)
INFO:root:Output region (502.61, 500.00) (7688.9, 8191.5) x (3217.6, 3717.6)
INFO:root:Output region (502.61, 500.00) (7688.9, 8191.5) x (3687.6, 4187.6)
INFO:root:Output region (502.61, 500.00) (7688.9, 8191.5) x (4157.6, 4657.6)
INFO:root:Output region (502.61, 500.00) (7688.9, 8191.5) x (4627.6, 5127.6)
INFO:root:Output region (502.61, 500.00) (7688.9, 8191.5) x (5097.6, 5597.6)
INFO:root:Output region (502.61, 500.00) (7688.9, 8191.5) x (5567.6, 6067.6)
INFO:root:Output region (502.61, 500.00) (7688.9, 8191.5) x (6037.6, 6537.6)
INFO:root:Output region (502.61, 500.00) (7688.9, 8191.5) x (6507.6, 7007.6)
INFO:root:Output region (502.61, 500.00) (7688.9, 8191.5) x (6977.6, 7477.6)
INFO:root:Output region (502.61, 590.88) (7688.9, 8191.5) x (7447.6, 8038.5)
INFO:root:Left over size 252674 (252674, 30.00)
INFO:root:Read blocks of pixels: 127.95 x 6699.45
INFO:root:Read blocks of pixels: 230.67 x 6699.73
INFO:root:Read blocks of pixels: 230.67 x 6699.73
INFO:root:Output region (231.67, 501.00) (8160.5, 8392.2) x (1338.4, 1839.4)
INFO:root:Output region (231.67, 500.00) (8160.5, 8392.2) x (1809.4, 2309.4)
INFO:root:Output region (231.67, 500.00) (8160.5, 8392.2) x (2279.4, 2779.4)
INFO:root:Output region (231.67, 500.00) (8160.5, 8392.2) x (2749.4, 3249.4)
INFO:root:Output region (231.67, 500.00) (8160.5, 8392.2) x (3219.4, 3719.4)
INFO:root:Output region (231.67, 500.00) (8160.5, 8392.2) x (3689.4, 4189.4)
INFO:root:Output region (231.67, 500.00) (8160.5, 8392.2) x (4159.4, 4659.4)
INFO:root:Output region (231.67, 500.00) (8160.5, 8392.2) x (4629.4, 5129.4)
INFO:root:Output region (231.67, 500.00) (8160.5, 8392.2) x (5099.4, 5599.4)
INFO:root:Output region (231.67, 500.00) (8160.5, 8392.2) x (5569.4, 6069.4)
INFO:root:Output region (231.67, 500.00) (8160.5, 8392.2) x (6039.4, 6539.4)
INFO:root:Output region (231.67, 500.00) (8160.5, 8392.2) x (6509.4, 7009.4)
INFO:root:Output region (231.67, 500.00) (8160.5, 8392.2) x (6979.4, 7479.4)
INFO:root:Output region (231.67, 589.73) (8160.5, 8392.2) x (7449.4, 8039.1)
['X', 'random_index', 'Y', 'gene', 'Count']
gzip -f /dcs05/lieber/marmaypag/xenium_NAC_LIBD4125/xenium_NAC/processed-data/HD_Full_Analysis/FICTURE/outputs/H1-M3TCP9V_D1/nF_16/batched.matrix.tsv
--------------------------------------------------------------
Creating DGE for 12um...
--------------------------------------------------------------
ficture make_dge --key Count --input /dcs05/lieber/marmaypag/xenium_NAC_LIBD4125/xenium_NAC/processed-data/HD_Full_Analysis/FICTURE/inputs/H1-M3TCP9V_D1/transcripts.sorted.tsv.gz --output /dcs05/lieber/marmaypag/xenium_NAC_LIBD4125/xenium_NAC/processed-data/HD_Full_Analysis/FICTURE/outputs/H1-M3TCP9V_D1/nF_16/hexagon.d_12.tsv --hex_width 12 --n_move 2 --min_ct_per_unit 50 --mu_scale 1.0 --precision 2 --major_axis X --fractional-count 0
INFO:root:Random seed 1772859230.4438236
WARNING:root:The designated major key is not one of the specified count columns, --count_header is ignored
INFO:root:Processing 94521 pixels (1000000 1669.503, 1739.645).
INFO:root:Sliding offset 0, 0. Add 2907 units, median count 151.0, 2907 units so far.
INFO:root:Sliding offset 0, 1. Add 3064 units, median count 150.0, 5971 units so far.
INFO:root:Sliding offset 1, 0. Add 2898 units, median count 151.0, 8869 units so far.
INFO:root:Sliding offset 1, 1. Add 3064 units, median count 152.0, 11933 units so far.
INFO:root:Left over size 372162 (1716, 1740).
INFO:root:Processing 133308 pixels (1372162 1715.646, 1798.426).
INFO:root:Sliding offset 0, 0. Add 3146 units, median count 174.0, 15079 units so far.
INFO:root:Sliding offset 0, 1. Add 3061 units, median count 175.0, 18140 units so far.
INFO:root:Sliding offset 1, 0. Add 3146 units, median count 173.0, 21286 units so far.
INFO:root:Sliding offset 1, 1. Add 3061 units, median count 176.0, 24347 units so far.
INFO:root:Left over size 410719 (1774, 1798).
INFO:root:Processing 145578 pixels (1410719 1774.427, 1865.701).
INFO:root:Sliding offset 0, 0. Add 3434 units, median count 164.0, 27781 units so far.
INFO:root:Sliding offset 0, 1. Add 3509 units, median count 163.0, 31290 units so far.
INFO:root:Sliding offset 1, 0. Add 3425 units, median count 163.5, 34715 units so far.
INFO:root:Sliding offset 1, 1. Add 3512 units, median count 164.0, 38227 units so far.
INFO:root:Left over size 366063 (1842, 1866).
INFO:root:Processing 144756 pixels (1366063 1841.702, 1931.73).
INFO:root:Sliding offset 0, 0. Add 3490 units, median count 167.0, 41717 units so far.
INFO:root:Sliding offset 0, 1. Add 3515 units, median count 167.0, 45232 units so far.
INFO:root:Sliding offset 1, 0. Add 3491 units, median count 168.0, 48723 units so far.
INFO:root:Sliding offset 1, 1. Add 3516 units, median count 169.0, 52239 units so far.
INFO:root:Left over size 369623 (1908, 1932).
INFO:root:Processing 140097 pixels (1369623 1907.731, 1994.122).
INFO:root:Sliding offset 0, 0. Add 3513 units, median count 170.0, 55752 units so far.
INFO:root:Sliding offset 0, 1. Add 3211 units, median count 169.0, 58963 units so far.
INFO:root:Sliding offset 1, 0. Add 3510 units, median count 170.0, 62473 units so far.
INFO:root:Sliding offset 1, 1. Add 3211 units, median count 171.0, 65684 units so far.
INFO:root:Left over size 337181 (1970, 1994).
INFO:root:Processing 134835 pixels (1337181 1970.123, 2053.118).
INFO:root:Sliding offset 0, 0. Add 3071 units, median count 176.0, 68755 units so far.
INFO:root:Sliding offset 0, 1. Add 3204 units, median count 177.0, 71959 units so far.
INFO:root:Sliding offset 1, 0. Add 3077 units, median count 179.0, 75036 units so far.
INFO:root:Sliding offset 1, 1. Add 3207 units, median count 177.0, 78243 units so far.
INFO:root:Left over size 439752 (2029, 2053).
INFO:root:Processing 144066 pixels (1439752 2029.119, 2118.106).
INFO:root:Sliding offset 0, 0. Add 3341 units, median count 175.0, 81584 units so far.
INFO:root:Sliding offset 0, 1. Add 3495 units, median count 176.0, 85079 units so far.
INFO:root:Sliding offset 1, 0. Add 3338 units, median count 177.0, 88417 units so far.
INFO:root:Sliding offset 1, 1. Add 3491 units, median count 177.0, 91908 units so far.
INFO:root:Left over size 358136 (2094, 2118).
INFO:root:Processing 143826 pixels (1358136 2094.107, 2182.97).
INFO:root:Sliding offset 0, 0. Add 3494 units, median count 173.0, 95402 units so far.
INFO:root:Sliding offset 0, 1. Add 3527 units, median count 174.0, 98929 units so far.
INFO:root:Sliding offset 1, 0. Add 3496 units, median count 175.0, 102425 units so far.
INFO:root:Sliding offset 1, 1. Add 3518 units, median count 173.0, 105943 units so far.
INFO:root:Left over size 362468 (2159, 2183).
INFO:root:Processing 135177 pixels (1362468 2158.971, 2242.259).
INFO:root:Sliding offset 0, 0. Add 3183 units, median count 184.0, 109126 units so far.
INFO:root:Sliding offset 0, 1. Add 3071 units, median count 184.0, 112197 units so far.
INFO:root:Sliding offset 1, 0. Add 3182 units, median count 184.0, 115379 units so far.
INFO:root:Sliding offset 1, 1. Add 3072 units, median count 185.0, 118451 units so far.
INFO:root:Left over size 385010 (2218, 2242).
INFO:root:Processing 136982 pixels (1385010 2218.26, 2302.601).
INFO:root:Sliding offset 0, 0. Add 3186 units, median count 186.0, 121637 units so far.
INFO:root:Sliding offset 0, 1. Add 3234 units, median count 186.0, 124871 units so far.
INFO:root:Sliding offset 1, 0. Add 3190 units, median count 185.0, 128061 units so far.
INFO:root:Sliding offset 1, 1. Add 3231 units, median count 187.0, 131292 units so far.
INFO:root:Left over size 373692 (2279, 2303).
INFO:root:Processing 136971 pixels (1373692 2278.602, 2362.991).
INFO:root:Sliding offset 0, 0. Add 3185 units, median count 183.0, 134477 units so far.
INFO:root:Sliding offset 0, 1. Add 3239 units, median count 183.0, 137716 units so far.
INFO:root:Sliding offset 1, 0. Add 3186 units, median count 183.0, 140902 units so far.
INFO:root:Sliding offset 1, 1. Add 3254 units, median count 183.0, 144156 units so far.
INFO:root:Left over size 437816 (2339, 2363).
INFO:root:Processing 143500 pixels (1437816 2338.992, 2427.993).
INFO:root:Sliding offset 0, 0. Add 3452 units, median count 181.0, 147608 units so far.
INFO:root:Sliding offset 0, 1. Add 3317 units, median count 182.0, 150925 units so far.
INFO:root:Sliding offset 1, 0. Add 3460 units, median count 181.5, 154385 units so far.
INFO:root:Sliding offset 1, 1. Add 3310 units, median count 179.0, 157695 units so far.
INFO:root:Left over size 382703 (2404, 2428).
INFO:root:Processing 144880 pixels (1382703 2403.994, 2493.487).
INFO:root:Sliding offset 0, 0. Add 3485 units, median count 179.0, 161180 units so far.
INFO:root:Sliding offset 0, 1. Add 3415 units, median count 177.0, 164595 units so far.
INFO:root:Sliding offset 1, 0. Add 3484 units, median count 177.0, 168079 units so far.
INFO:root:Sliding offset 1, 1. Add 3403 units, median count 178.0, 171482 units so far.
INFO:root:Left over size 376745 (2469, 2493).
INFO:root:Processing 131190 pixels (1376745 2469.488, 2550.005).
INFO:root:Sliding offset 0, 0. Add 2868 units, median count 194.0, 174350 units so far.
INFO:root:Sliding offset 0, 1. Add 3101 units, median count 193.0, 177451 units so far.
INFO:root:Sliding offset 1, 0. Add 2869 units, median count 195.0, 180320 units so far.
INFO:root:Sliding offset 1, 1. Add 3100 units, median count 193.0, 183420 units so far.
INFO:root:Left over size 421924 (2526, 2550).
INFO:root:Processing 142702 pixels (1421924 2526.007, 2613.385).
INFO:root:Sliding offset 0, 0. Add 3516 units, median count 183.0, 186936 units so far.
INFO:root:Sliding offset 0, 1. Add 3268 units, median count 183.0, 190204 units so far.
INFO:root:Sliding offset 1, 0. Add 3517 units, median count 184.0, 193721 units so far.
INFO:root:Sliding offset 1, 1. Add 3270 units, median count 184.0, 196991 units so far.
INFO:root:Left over size 373603 (2589, 2613).
INFO:root:Processing 138226 pixels (1373603 2589.386, 2673.992).
INFO:root:Sliding offset 0, 0. Add 3213 units, median count 181.0, 200204 units so far.
INFO:root:Sliding offset 0, 1. Add 3309 units, median count 181.0, 203513 units so far.
INFO:root:Sliding offset 1, 0. Add 3214 units, median count 181.0, 206727 units so far.
INFO:root:Sliding offset 1, 1. Add 3305 units, median count 180.0, 210032 units so far.
INFO:root:Left over size 394471 (2650, 2674).
INFO:root:Processing 139848 pixels (1394471 2649.993, 2735.813).
INFO:root:Sliding offset 0, 0. Add 3215 units, median count 180.0, 213247 units so far.
INFO:root:Sliding offset 0, 1. Add 3367 units, median count 177.0, 216614 units so far.
INFO:root:Sliding offset 1, 0. Add 3212 units, median count 179.0, 219826 units so far.
INFO:root:Sliding offset 1, 1. Add 3367 units, median count 178.0, 223193 units so far.
INFO:root:Left over size 397887 (2712, 2736).
INFO:root:Processing 133586 pixels (1397887 2711.814, 2793.878).
INFO:root:Sliding offset 0, 0. Add 3160 units, median count 185.0, 226353 units so far.
INFO:root:Sliding offset 0, 1. Add 2993 units, median count 185.0, 229346 units so far.
INFO:root:Sliding offset 1, 0. Add 3172 units, median count 184.0, 232518 units so far.
INFO:root:Sliding offset 1, 1. Add 3001 units, median count 185.0, 235519 units so far.
INFO:root:Left over size 452012 (2770, 2794).
INFO:root:Processing 135268 pixels (1452012 2769.879, 2852.613).
INFO:root:Sliding offset 0, 0. Add 3203 units, median count 194.0, 238722 units so far.
INFO:root:Sliding offset 0, 1. Add 3074 units, median count 195.0, 241796 units so far.
INFO:root:Sliding offset 1, 0. Add 3206 units, median count 195.0, 245002 units so far.
INFO:root:Sliding offset 1, 1. Add 3067 units, median count 193.0, 248069 units so far.
INFO:root:Left over size 430184 (2829, 2853).
INFO:root:Processing 136149 pixels (1430184 2828.614, 2911.822).
INFO:root:Sliding offset 0, 0. Add 3174 units, median count 193.0, 251243 units so far.
INFO:root:Sliding offset 0, 1. Add 3189 units, median count 193.0, 254432 units so far.
INFO:root:Sliding offset 1, 0. Add 3175 units, median count 194.0, 257607 units so far.
INFO:root:Sliding offset 1, 1. Add 3192 units, median count 193.0, 260799 units so far.
INFO:root:Left over size 392527 (2888, 2912).
INFO:root:Processing 151092 pixels (1392527 2887.823, 2980.28).
INFO:root:Sliding offset 0, 0. Add 3568 units, median count 181.0, 264367 units so far.
INFO:root:Sliding offset 0, 1. Add 3735 units, median count 183.0, 268102 units so far.
INFO:root:Sliding offset 1, 0. Add 3564 units, median count 183.0, 271666 units so far.
INFO:root:Sliding offset 1, 1. Add 3743 units, median count 183.0, 275409 units so far.
INFO:root:Left over size 387644 (2956, 2980).
INFO:root:Processing 142933 pixels (1387644 2956.281, 3043.808).
INFO:root:Sliding offset 0, 0. Add 3470 units, median count 185.0, 278879 units so far.
INFO:root:Sliding offset 0, 1. Add 3301 units, median count 183.0, 282180 units so far.
INFO:root:Sliding offset 1, 0. Add 3475 units, median count 187.0, 285655 units so far.
INFO:root:Sliding offset 1, 1. Add 3294 units, median count 185.0, 288949 units so far.
INFO:root:Left over size 394013 (3020, 3044).
INFO:root:Processing 143415 pixels (1394013 3019.809, 3107.933).
INFO:root:Sliding offset 0, 0. Add 3205 units, median count 185.0, 292154 units so far.
INFO:root:Sliding offset 0, 1. Add 3487 units, median count 186.0, 295641 units so far.
INFO:root:Sliding offset 1, 0. Add 3200 units, median count 185.0, 298841 units so far.
INFO:root:Sliding offset 1, 1. Add 3484 units, median count 185.0, 302325 units so far.
INFO:root:Left over size 365009 (3084, 3108).
INFO:root:Processing 146469 pixels (1365009 3083.934, 3173.801).
INFO:root:Sliding offset 0, 0. Add 3519 units, median count 179.0, 305844 units so far.
INFO:root:Sliding offset 0, 1. Add 3517 units, median count 179.0, 309361 units so far.
INFO:root:Sliding offset 1, 0. Add 3523 units, median count 178.0, 312884 units so far.
INFO:root:Sliding offset 1, 1. Add 3514 units, median count 180.0, 316398 units so far.
INFO:root:Left over size 372843 (3150, 3174).
INFO:root:Processing 148200 pixels (1372843 3149.802, 3241.157).
INFO:root:Sliding offset 0, 0. Add 3658 units, median count 177.0, 320056 units so far.
INFO:root:Sliding offset 0, 1. Add 3478 units, median count 176.0, 323534 units so far.
INFO:root:Sliding offset 1, 0. Add 3658 units, median count 178.0, 327192 units so far.
INFO:root:Sliding offset 1, 1. Add 3469 units, median count 177.0, 330661 units so far.
INFO:root:Left over size 352485 (3217, 3241).
INFO:root:Processing 145433 pixels (1352485 3217.158, 3307.162).
INFO:root:Sliding offset 0, 0. Add 3440 units, median count 183.0, 334101 units so far.
INFO:root:Sliding offset 0, 1. Add 3443 units, median count 182.0, 337544 units so far.
INFO:root:Sliding offset 1, 0. Add 3424 units, median count 185.0, 340968 units so far.
INFO:root:Sliding offset 1, 1. Add 3446 units, median count 183.0, 344414 units so far.
INFO:root:Left over size 367220 (3283, 3307).
INFO:root:Processing 139654 pixels (1367220 3283.163, 3369.848).
INFO:root:Sliding offset 0, 0. Add 3267 units, median count 180.5, 347681 units so far.
INFO:root:Sliding offset 0, 1. Add 3270 units, median count 182.0, 350951 units so far.
INFO:root:Sliding offset 1, 0. Add 3266 units, median count 182.0, 354217 units so far.
INFO:root:Sliding offset 1, 1. Add 3266 units, median count 181.0, 357483 units so far.
INFO:root:Left over size 395920 (3346, 3370).
INFO:root:Processing 139817 pixels (1395920 3345.849, 3431.86).
INFO:root:Sliding offset 0, 0. Add 3177 units, median count 189.0, 360660 units so far.
INFO:root:Sliding offset 0, 1. Add 3358 units, median count 187.0, 364018 units so far.
INFO:root:Sliding offset 1, 0. Add 3179 units, median count 188.0, 367197 units so far.
INFO:root:Sliding offset 1, 1. Add 3342 units, median count 188.0, 370539 units so far.
INFO:root:Left over size 401565 (3408, 3432).
INFO:root:Processing 134846 pixels (1401565 3407.861, 3490.539).
INFO:root:Sliding offset 0, 0. Add 3170 units, median count 197.0, 373709 units so far.
INFO:root:Sliding offset 0, 1. Add 3102 units, median count 197.0, 376811 units so far.
INFO:root:Sliding offset 1, 0. Add 3169 units, median count 197.0, 379980 units so far.
INFO:root:Sliding offset 1, 1. Add 3107 units, median count 198.0, 383087 units so far.
INFO:root:Left over size 428238 (3467, 3491).
INFO:root:Processing 143967 pixels (1428238 3466.54, 3555.022).
INFO:root:Sliding offset 0, 0. Add 3479 units, median count 195.0, 386566 units so far.
INFO:root:Sliding offset 0, 1. Add 3263 units, median count 193.0, 389829 units so far.
INFO:root:Sliding offset 1, 0. Add 3484 units, median count 195.0, 393313 units so far.
INFO:root:Sliding offset 1, 1. Add 3256 units, median count 193.0, 396569 units so far.
INFO:root:Left over size 363573 (3531, 3555).
INFO:root:Processing 148701 pixels (1363573 3531.023, 3622.579).
INFO:root:Sliding offset 0, 0. Add 3515 units, median count 180.0, 400084 units so far.
INFO:root:Sliding offset 0, 1. Add 3744 units, median count 180.0, 403828 units so far.
INFO:root:Sliding offset 1, 0. Add 3518 units, median count 182.0, 407346 units so far.
INFO:root:Sliding offset 1, 1. Add 3739 units, median count 182.0, 411085 units so far.
INFO:root:Left over size 351929 (3599, 3623).
INFO:root:Processing 139782 pixels (1351929 3598.58, 3684.093).
INFO:root:Sliding offset 0, 0. Add 3237 units, median count 185.0, 414322 units so far.
INFO:root:Sliding offset 0, 1. Add 3291 units, median count 184.0, 417613 units so far.
INFO:root:Sliding offset 1, 0. Add 3239 units, median count 185.0, 420852 units so far.
INFO:root:Sliding offset 1, 1. Add 3295 units, median count 183.0, 424147 units so far.
INFO:root:Left over size 394582 (3660, 3684).
INFO:root:Processing 145722 pixels (1394582 3660.094, 3749.117).
INFO:root:Sliding offset 0, 0. Add 3508 units, median count 189.0, 427655 units so far.
INFO:root:Sliding offset 0, 1. Add 3514 units, median count 189.0, 431169 units so far.
INFO:root:Sliding offset 1, 0. Add 3511 units, median count 187.0, 434680 units so far.
INFO:root:Sliding offset 1, 1. Add 3517 units, median count 188.0, 438197 units so far.
INFO:root:Left over size 372978 (3725, 3749).
INFO:root:Processing 134441 pixels (1372978 3725.118, 3807.651).
INFO:root:Sliding offset 0, 0. Add 3193 units, median count 186.0, 441390 units so far.
INFO:root:Sliding offset 0, 1. Add 2989 units, median count 184.0, 444379 units so far.
INFO:root:Sliding offset 1, 0. Add 3194 units, median count 185.0, 447573 units so far.
INFO:root:Sliding offset 1, 1. Add 2990 units, median count 186.0, 450563 units so far.
INFO:root:Left over size 411263 (3784, 3808).
INFO:root:Processing 149100 pixels (1411263 3783.652, 3875.664).
INFO:root:Sliding offset 0, 0. Add 3464 units, median count 175.0, 454027 units so far.
INFO:root:Sliding offset 0, 1. Add 3666 units, median count 174.0, 457693 units so far.
INFO:root:Sliding offset 1, 0. Add 3467 units, median count 175.0, 461160 units so far.
INFO:root:Sliding offset 1, 1. Add 3673 units, median count 176.0, 464833 units so far.
INFO:root:Left over size 345584 (3852, 3876).
INFO:root:Processing 137012 pixels (1345584 3851.666, 3936.204).
INFO:root:Sliding offset 0, 0. Add 3172 units, median count 189.0, 468005 units so far.
INFO:root:Sliding offset 0, 1. Add 3145 units, median count 189.0, 471150 units so far.
INFO:root:Sliding offset 1, 0. Add 3174 units, median count 189.0, 474324 units so far.
INFO:root:Sliding offset 1, 1. Add 3150 units, median count 190.0, 477474 units so far.
INFO:root:Left over size 398151 (3912, 3936).
INFO:root:Processing 135364 pixels (1398151 3912.205, 3995.552).
INFO:root:Sliding offset 0, 0. Add 3119 units, median count 204.0, 480593 units so far.
INFO:root:Sliding offset 0, 1. Add 3155 units, median count 202.0, 483748 units so far.
INFO:root:Sliding offset 1, 0. Add 3125 units, median count 201.0, 486873 units so far.
INFO:root:Sliding offset 1, 1. Add 3149 units, median count 201.0, 490022 units so far.
INFO:root:Left over size 388314 (3972, 3996).
INFO:root:Processing 146229 pixels (1388314 3971.553, 4061.316).
INFO:root:Sliding offset 0, 0. Add 3512 units, median count 189.0, 493534 units so far.
INFO:root:Sliding offset 0, 1. Add 3514 units, median count 188.0, 497048 units so far.
INFO:root:Sliding offset 1, 0. Add 3505 units, median count 188.0, 500553 units so far.
INFO:root:Sliding offset 1, 1. Add 3510 units, median count 187.0, 504063 units so far.
INFO:root:Left over size 351699 (4037, 4061).
INFO:root:Processing 138100 pixels (1351699 4037.318, 4122.272).
INFO:root:Sliding offset 0, 0. Add 3213 units, median count 193.0, 507276 units so far.
INFO:root:Sliding offset 0, 1. Add 3171 units, median count 191.0, 510447 units so far.
INFO:root:Sliding offset 1, 0. Add 3212 units, median count 192.0, 513659 units so far.
INFO:root:Sliding offset 1, 1. Add 3174 units, median count 191.5, 516833 units so far.
INFO:root:Left over size 409297 (4098, 4122).
INFO:root:Processing 136693 pixels (1409297 4098.274, 4182.025).
INFO:root:Sliding offset 0, 0. Add 3143 units, median count 200.0, 519976 units so far.
INFO:root:Sliding offset 0, 1. Add 3178 units, median count 200.0, 523154 units so far.
INFO:root:Sliding offset 1, 0. Add 3138 units, median count 201.0, 526292 units so far.
INFO:root:Sliding offset 1, 1. Add 3182 units, median count 201.0, 529474 units so far.
INFO:root:Left over size 406794 (4158, 4182).
INFO:root:Processing 126140 pixels (1406794 4158.027, 4235.02).
INFO:root:Sliding offset 0, 0. Add 2884 units, median count 213.0, 532358 units so far.
INFO:root:Sliding offset 0, 1. Add 2893 units, median count 212.0, 535251 units so far.
INFO:root:Sliding offset 1, 0. Add 2885 units, median count 213.0, 538136 units so far.
INFO:root:Sliding offset 1, 1. Add 2891 units, median count 208.0, 541027 units so far.
INFO:root:Left over size 436160 (4211, 4235).
INFO:root:Processing 124977 pixels (1436160 4211.021, 4288.08).
INFO:root:Sliding offset 0, 0. Add 2779 units, median count 220.0, 543806 units so far.
INFO:root:Sliding offset 0, 1. Add 2632 units, median count 220.0, 546438 units so far.
INFO:root:Sliding offset 1, 0. Add 2780 units, median count 219.0, 549218 units so far.
INFO:root:Sliding offset 1, 1. Add 2631 units, median count 222.0, 551849 units so far.
INFO:root:Left over size 437218 (4264, 4288).
INFO:root:Processing 140677 pixels (1437218 4264.082, 4355.688).
INFO:root:Sliding offset 0, 0. Add 3100 units, median count 210.0, 554949 units so far.
INFO:root:Sliding offset 0, 1. Add 3224 units, median count 209.0, 558173 units so far.
INFO:root:Sliding offset 1, 0. Add 3102 units, median count 209.0, 561275 units so far.
INFO:root:Sliding offset 1, 1. Add 3216 units, median count 210.0, 564491 units so far.
INFO:root:Left over size 336328 (4332, 4356).
INFO:root:Processing 122932 pixels (1336328 4331.69, 4415.898).
INFO:root:Sliding offset 0, 0. Add 2537 units, median count 225.0, 567028 units so far.
INFO:root:Sliding offset 0, 1. Add 2524 units, median count 224.0, 569552 units so far.
INFO:root:Sliding offset 1, 0. Add 2544 units, median count 225.0, 572096 units so far.
INFO:root:Sliding offset 1, 1. Add 2535 units, median count 222.0, 574631 units so far.
INFO:root:Left over size 388956 (4392, 4416).
INFO:root:Processing 137354 pixels (1388956 4391.899, 4487.272).
INFO:root:Sliding offset 0, 0. Add 2977 units, median count 212.0, 577608 units so far.
INFO:root:Sliding offset 0, 1. Add 2991 units, median count 211.0, 580599 units so far.
INFO:root:Sliding offset 1, 0. Add 2992 units, median count 212.0, 583591 units so far.
INFO:root:Sliding offset 1, 1. Add 2985 units, median count 211.0, 586576 units so far.
INFO:root:Left over size 333386 (4463, 4487).
INFO:root:Processing 140326 pixels (1333386 4463.273, 4555.852).
INFO:root:Sliding offset 0, 0. Add 3353 units, median count 197.0, 589929 units so far.
INFO:root:Sliding offset 0, 1. Add 3110 units, median count 196.0, 593039 units so far.
INFO:root:Sliding offset 1, 0. Add 3347 units, median count 200.0, 596386 units so far.
INFO:root:Sliding offset 1, 1. Add 3107 units, median count 195.0, 599493 units so far.
INFO:root:Left over size 394211 (4532, 4556).
INFO:root:Processing 135684 pixels (1394211 4531.853, 4616.307).
INFO:root:Sliding offset 0, 0. Add 3193 units, median count 197.0, 602686 units so far.
INFO:root:Sliding offset 0, 1. Add 3168 units, median count 198.0, 605854 units so far.
INFO:root:Sliding offset 1, 0. Add 3194 units, median count 197.0, 609048 units so far.
INFO:root:Sliding offset 1, 1. Add 3173 units, median count 197.0, 612221 units so far.
INFO:root:Left over size 402663 (4592, 4616).
INFO:root:Processing 139110 pixels (1402663 4592.308, 4678.009).
INFO:root:Sliding offset 0, 0. Add 3173 units, median count 194.0, 615394 units so far.
INFO:root:Sliding offset 0, 1. Add 3314 units, median count 199.0, 618708 units so far.
INFO:root:Sliding offset 1, 0. Add 3172 units, median count 196.5, 621880 units so far.
INFO:root:Sliding offset 1, 1. Add 3322 units, median count 199.0, 625202 units so far.
INFO:root:Left over size 389559 (4654, 4678).
INFO:root:Processing 138790 pixels (1389559 4654.01, 4739.802).
INFO:root:Sliding offset 0, 0. Add 3093 units, median count 207.0, 628295 units so far.
INFO:root:Sliding offset 0, 1. Add 3233 units, median count 209.0, 631528 units so far.
INFO:root:Sliding offset 1, 0. Add 3096 units, median count 209.0, 634624 units so far.
INFO:root:Sliding offset 1, 1. Add 3231 units, median count 205.0, 637855 units so far.
INFO:root:Left over size 402636 (4716, 4740).
INFO:root:Processing 153258 pixels (1402636 4715.803, 4811.335).
INFO:root:Sliding offset 0, 0. Add 3669 units, median count 196.0, 641524 units so far.
INFO:root:Sliding offset 0, 1. Add 3669 units, median count 198.0, 645193 units so far.
INFO:root:Sliding offset 1, 0. Add 3669 units, median count 195.0, 648862 units so far.
INFO:root:Sliding offset 1, 1. Add 3674 units, median count 196.0, 652536 units so far.
INFO:root:Left over size 348578 (4787, 4811).
INFO:root:Processing 141305 pixels (1348578 4787.336, 4875.68).
INFO:root:Sliding offset 0, 0. Add 3338 units, median count 203.0, 655874 units so far.
INFO:root:Sliding offset 0, 1. Add 3143 units, median count 205.0, 659017 units so far.
INFO:root:Sliding offset 1, 0. Add 3340 units, median count 202.0, 662357 units so far.
INFO:root:Sliding offset 1, 1. Add 3140 units, median count 204.0, 665497 units so far.
INFO:root:Left over size 400994 (4852, 4876).
INFO:root:Processing 141002 pixels (1400994 4851.681, 4939.686).
INFO:root:Sliding offset 0, 0. Add 3283 units, median count 219.0, 668780 units so far.
INFO:root:Sliding offset 0, 1. Add 3233 units, median count 219.0, 672013 units so far.
INFO:root:Sliding offset 1, 0. Add 3279 units, median count 220.0, 675292 units so far.
INFO:root:Sliding offset 1, 1. Add 3232 units, median count 218.0, 678524 units so far.
INFO:root:Left over size 395483 (4916, 4940).
INFO:root:Processing 132562 pixels (1395483 4915.687, 4998.97).
INFO:root:Sliding offset 0, 0. Add 2891 units, median count 221.0, 681415 units so far.
INFO:root:Sliding offset 0, 1. Add 2983 units, median count 220.0, 684398 units so far.
INFO:root:Sliding offset 1, 0. Add 2878 units, median count 221.0, 687276 units so far.
INFO:root:Sliding offset 1, 1. Add 2974 units, median count 222.0, 690250 units so far.
INFO:root:Left over size 422506 (4975, 4999).
INFO:root:Processing 143046 pixels (1422506 4974.971, 5065.043).
INFO:root:Sliding offset 0, 0. Add 3302 units, median count 211.0, 693552 units so far.
INFO:root:Sliding offset 0, 1. Add 3299 units, median count 210.0, 696851 units so far.
INFO:root:Sliding offset 1, 0. Add 3306 units, median count 210.0, 700157 units so far.
INFO:root:Sliding offset 1, 1. Add 3304 units, median count 210.0, 703461 units so far.
INFO:root:Left over size 386241 (5041, 5065).
INFO:root:Processing 141351 pixels (1386241 5041.044, 5129.399).
INFO:root:Sliding offset 0, 0. Add 3197 units, median count 210.0, 706658 units so far.
INFO:root:Sliding offset 0, 1. Add 3345 units, median count 210.0, 710003 units so far.
INFO:root:Sliding offset 1, 0. Add 3197 units, median count 209.0, 713200 units so far.
INFO:root:Sliding offset 1, 1. Add 3355 units, median count 210.5, 716555 units so far.
INFO:root:Left over size 382337 (5105, 5129).
INFO:root:Processing 147557 pixels (1382337 5105.4, 5197.694).
INFO:root:Sliding offset 0, 0. Add 3602 units, median count 201.0, 720157 units so far.
INFO:root:Sliding offset 0, 1. Add 3353 units, median count 200.0, 723510 units so far.
INFO:root:Sliding offset 1, 0. Add 3611 units, median count 201.0, 727121 units so far.
INFO:root:Sliding offset 1, 1. Add 3345 units, median count 200.0, 730466 units so far.
INFO:root:Left over size 339348 (5174, 5198).
INFO:root:Processing 142817 pixels (1339348 5173.695, 5262.626).
INFO:root:Sliding offset 0, 0. Add 3206 units, median count 205.0, 733672 units so far.
INFO:root:Sliding offset 0, 1. Add 3358 units, median count 206.0, 737030 units so far.
INFO:root:Sliding offset 1, 0. Add 3200 units, median count 207.0, 740230 units so far.
INFO:root:Sliding offset 1, 1. Add 3373 units, median count 205.0, 743603 units so far.
INFO:root:Left over size 355218 (5239, 5263).
INFO:root:Processing 141698 pixels (1355218 5238.627, 5326.269).
INFO:root:Sliding offset 0, 0. Add 3332 units, median count 205.0, 746935 units so far.
INFO:root:Sliding offset 0, 1. Add 3322 units, median count 205.0, 750257 units so far.
INFO:root:Sliding offset 1, 0. Add 3334 units, median count 204.0, 753591 units so far.
INFO:root:Sliding offset 1, 1. Add 3324 units, median count 206.0, 756915 units so far.
INFO:root:Left over size 372841 (5302, 5326).
INFO:root:Processing 148912 pixels (1372841 5302.27, 5394.1).
INFO:root:Sliding offset 0, 0. Add 3484 units, median count 196.0, 760399 units so far.
INFO:root:Sliding offset 0, 1. Add 3588 units, median count 195.0, 763987 units so far.
INFO:root:Sliding offset 1, 0. Add 3486 units, median count 197.0, 767473 units so far.
INFO:root:Sliding offset 1, 1. Add 3586 units, median count 196.0, 771059 units so far.
INFO:root:Left over size 362711 (5370, 5394).
INFO:root:Processing 139155 pixels (1362711 5370.101, 5455.55).
INFO:root:Sliding offset 0, 0. Add 3388 units, median count 206.0, 774447 units so far.
INFO:root:Sliding offset 0, 1. Add 3161 units, median count 205.0, 777608 units so far.
INFO:root:Sliding offset 1, 0. Add 3380 units, median count 208.0, 780988 units so far.
INFO:root:Sliding offset 1, 1. Add 3163 units, median count 207.0, 784151 units so far.
INFO:root:Left over size 400024 (5432, 5456).
INFO:root:Processing 131434 pixels (1400024 5431.551, 5512.065).
INFO:root:Sliding offset 0, 0. Add 2882 units, median count 225.0, 787033 units so far.
INFO:root:Sliding offset 0, 1. Add 2983 units, median count 228.0, 790016 units so far.
INFO:root:Sliding offset 1, 0. Add 2888 units, median count 224.0, 792904 units so far.
INFO:root:Sliding offset 1, 1. Add 2983 units, median count 230.0, 795887 units so far.
INFO:root:Left over size 452752 (5488, 5512).
INFO:root:Processing 133915 pixels (1452752 5488.066, 5570.794).
INFO:root:Sliding offset 0, 0. Add 3078 units, median count 234.0, 798965 units so far.
INFO:root:Sliding offset 0, 1. Add 2921 units, median count 233.0, 801886 units so far.
INFO:root:Sliding offset 1, 0. Add 3085 units, median count 233.0, 804971 units so far.
INFO:root:Sliding offset 1, 1. Add 2917 units, median count 232.0, 807888 units so far.
INFO:root:Left over size 410739 (5547, 5571).
INFO:root:Processing 140217 pixels (1410739 5546.795, 5633.001).
INFO:root:Sliding offset 0, 0. Add 3164 units, median count 218.0, 811052 units so far.
INFO:root:Sliding offset 0, 1. Add 3466 units, median count 221.0, 814518 units so far.
INFO:root:Sliding offset 1, 0. Add 3160 units, median count 219.0, 817678 units so far.
INFO:root:Sliding offset 1, 1. Add 3462 units, median count 221.0, 821140 units so far.
INFO:root:Left over size 404620 (5609, 5633).
INFO:root:Processing 144633 pixels (1404620 5609.002, 5697.278).
INFO:root:Sliding offset 0, 0. Add 3496 units, median count 214.0, 824636 units so far.
INFO:root:Sliding offset 0, 1. Add 3234 units, median count 213.0, 827870 units so far.
INFO:root:Sliding offset 1, 0. Add 3500 units, median count 214.0, 831370 units so far.
INFO:root:Sliding offset 1, 1. Add 3233 units, median count 214.0, 834603 units so far.
INFO:root:Left over size 365440 (5673, 5697).
INFO:root:Processing 147750 pixels (1365440 5673.279, 5763.413).
INFO:root:Sliding offset 0, 0. Add 3489 units, median count 202.0, 838092 units so far.
INFO:root:Sliding offset 0, 1. Add 3507 units, median count 205.0, 841599 units so far.
INFO:root:Sliding offset 1, 0. Add 3489 units, median count 204.0, 845088 units so far.
INFO:root:Sliding offset 1, 1. Add 3503 units, median count 204.0, 848591 units so far.
INFO:root:Left over size 367994 (5739, 5763).
INFO:root:Processing 144336 pixels (1367994 5739.414, 5827.356).
INFO:root:Sliding offset 0, 0. Add 3394 units, median count 208.0, 851985 units so far.
INFO:root:Sliding offset 0, 1. Add 3421 units, median count 207.0, 855406 units so far.
INFO:root:Sliding offset 1, 0. Add 3395 units, median count 208.0, 858801 units so far.
INFO:root:Sliding offset 1, 1. Add 3427 units, median count 206.0, 862228 units so far.
INFO:root:Left over size 369534 (5803, 5827).
INFO:root:Processing 141787 pixels (1369534 5803.357, 5889.698).
INFO:root:Sliding offset 0, 0. Add 3314 units, median count 199.0, 865542 units so far.
INFO:root:Sliding offset 0, 1. Add 3332 units, median count 203.0, 868874 units so far.
INFO:root:Sliding offset 1, 0. Add 3303 units, median count 200.0, 872177 units so far.
INFO:root:Sliding offset 1, 1. Add 3326 units, median count 203.0, 875503 units so far.
INFO:root:Left over size 399745 (5866, 5890).
INFO:root:Processing 147340 pixels (1399745 5865.699, 5955.718).
INFO:root:Sliding offset 0, 0. Add 3521 units, median count 194.0, 879024 units so far.
INFO:root:Sliding offset 0, 1. Add 3525 units, median count 195.0, 882549 units so far.
INFO:root:Sliding offset 1, 0. Add 3524 units, median count 192.0, 886073 units so far.
INFO:root:Sliding offset 1, 1. Add 3523 units, median count 196.0, 889596 units so far.
INFO:root:Left over size 368304 (5932, 5956).
INFO:root:Processing 142826 pixels (1368304 5931.719, 6019.021).
INFO:root:Sliding offset 0, 0. Add 3344 units, median count 201.0, 892940 units so far.
INFO:root:Sliding offset 0, 1. Add 3384 units, median count 197.0, 896324 units so far.
INFO:root:Sliding offset 1, 0. Add 3346 units, median count 196.0, 899670 units so far.
INFO:root:Sliding offset 1, 1. Add 3386 units, median count 197.0, 903056 units so far.
INFO:root:Left over size 350890 (5995, 6019).
INFO:root:Processing 146230 pixels (1350890 5995.022, 6085.052).
INFO:root:Sliding offset 0, 0. Add 3449 units, median count 191.0, 906505 units so far.
INFO:root:Sliding offset 0, 1. Add 3447 units, median count 191.0, 909952 units so far.
INFO:root:Sliding offset 1, 0. Add 3458 units, median count 194.0, 913410 units so far.
INFO:root:Sliding offset 1, 1. Add 3448 units, median count 193.0, 916858 units so far.
INFO:root:Left over size 363981 (6061, 6085).
INFO:root:Processing 139017 pixels (1363981 6061.053, 6146.329).
INFO:root:Sliding offset 0, 0. Add 3293 units, median count 205.0, 920151 units so far.
INFO:root:Sliding offset 0, 1. Add 3145 units, median count 207.0, 923296 units so far.
INFO:root:Sliding offset 1, 0. Add 3291 units, median count 205.0, 926587 units so far.
INFO:root:Sliding offset 1, 1. Add 3151 units, median count 205.0, 929738 units so far.
INFO:root:Left over size 371686 (6122, 6146).
INFO:root:Processing 146267 pixels (1371686 6122.33, 6211.874).
INFO:root:Sliding offset 0, 0. Add 3477 units, median count 194.5, 933215 units so far.
INFO:root:Sliding offset 0, 1. Add 3488 units, median count 193.0, 936703 units so far.
INFO:root:Sliding offset 1, 0. Add 3481 units, median count 193.0, 940184 units so far.
INFO:root:Sliding offset 1, 1. Add 3489 units, median count 193.0, 943673 units so far.
INFO:root:Left over size 343751 (6188, 6212).
INFO:root:Processing 147700 pixels (1343751 6187.875, 6278.747).
INFO:root:Sliding offset 0, 0. Add 3499 units, median count 189.0, 947172 units so far.
INFO:root:Sliding offset 0, 1. Add 3490 units, median count 189.0, 950662 units so far.
INFO:root:Sliding offset 1, 0. Add 3498 units, median count 188.0, 954160 units so far.
INFO:root:Sliding offset 1, 1. Add 3490 units, median count 187.0, 957650 units so far.
INFO:root:Left over size 353054 (6255, 6279).
INFO:root:Processing 152599 pixels (1353054 6254.748, 6348.049).
INFO:root:Sliding offset 0, 0. Add 3541 units, median count 183.0, 961191 units so far.
INFO:root:Sliding offset 0, 1. Add 3842 units, median count 185.0, 965033 units so far.
INFO:root:Sliding offset 1, 0. Add 3540 units, median count 184.0, 968573 units so far.
INFO:root:Sliding offset 1, 1. Add 3838 units, median count 183.0, 972411 units so far.
INFO:root:Left over size 362371 (6324, 6348).
INFO:root:Processing 152056 pixels (1362371 6324.05, 6416.884).
INFO:root:Sliding offset 0, 0. Add 3843 units, median count 183.0, 976254 units so far.
INFO:root:Sliding offset 0, 1. Add 3537 units, median count 184.0, 979791 units so far.
INFO:root:Sliding offset 1, 0. Add 3841 units, median count 183.0, 983632 units so far.
INFO:root:Sliding offset 1, 1. Add 3538 units, median count 184.0, 987170 units so far.
INFO:root:Left over size 348744 (6393, 6417).
INFO:root:Processing 147456 pixels (1348744 6392.885, 6482.813).
INFO:root:Sliding offset 0, 0. Add 3532 units, median count 186.0, 990702 units so far.
INFO:root:Sliding offset 0, 1. Add 3539 units, median count 185.0, 994241 units so far.
INFO:root:Sliding offset 1, 0. Add 3531 units, median count 186.0, 997772 units so far.
INFO:root:Sliding offset 1, 1. Add 3538 units, median count 185.0, 1001310 units so far.
INFO:root:Left over size 358688 (6459, 6483).
INFO:root:Processing 151057 pixels (1358688 6458.814, 6551.664).
INFO:root:Sliding offset 0, 0. Add 3491 units, median count 177.0, 1004801 units so far.
INFO:root:Sliding offset 0, 1. Add 3798 units, median count 177.0, 1008599 units so far.
INFO:root:Sliding offset 1, 0. Add 3490 units, median count 177.0, 1012089 units so far.
INFO:root:Sliding offset 1, 1. Add 3797 units, median count 179.0, 1015886 units so far.
INFO:root:Left over size 340524 (6528, 6552).
INFO:root:Processing 158575 pixels (1340524 6527.665, 6625.614).
INFO:root:Sliding offset 0, 0. Add 4028 units, median count 171.0, 1019914 units so far.
INFO:root:Sliding offset 0, 1. Add 3788 units, median count 172.0, 1023702 units so far.
INFO:root:Sliding offset 1, 0. Add 4029 units, median count 172.0, 1027731 units so far.
INFO:root:Sliding offset 1, 1. Add 3791 units, median count 171.0, 1031522 units so far.
INFO:root:Left over size 311228 (6602, 6626).
INFO:root:Processing 166500 pixels (1311228 6601.615, 6704.513).
INFO:root:Sliding offset 0, 0. Add 4165 units, median count 161.0, 1035687 units so far.
INFO:root:Sliding offset 0, 1. Add 4103 units, median count 161.0, 1039790 units so far.
INFO:root:Sliding offset 1, 0. Add 4166 units, median count 161.0, 1043956 units so far.
INFO:root:Sliding offset 1, 1. Add 4104 units, median count 161.0, 1048060 units so far.
INFO:root:Left over size 307930 (6681, 6705).
INFO:root:Processing 148903 pixels (1307930 6680.514, 6771.673).
INFO:root:Sliding offset 0, 0. Add 3511 units, median count 183.0, 1051571 units so far.
INFO:root:Sliding offset 0, 1. Add 3619 units, median count 182.0, 1055190 units so far.
INFO:root:Sliding offset 1, 0. Add 3518 units, median count 184.0, 1058708 units so far.
INFO:root:Sliding offset 1, 1. Add 3624 units, median count 182.0, 1062332 units so far.
INFO:root:Left over size 360357 (6748, 6772).
INFO:root:Processing 153115 pixels (1360357 6747.674, 6841.499).
INFO:root:Sliding offset 0, 0. Add 3749 units, median count 183.0, 1066081 units so far.
INFO:root:Sliding offset 0, 1. Add 3712 units, median count 181.0, 1069793 units so far.
INFO:root:Sliding offset 1, 0. Add 3742 units, median count 183.0, 1073535 units so far.
INFO:root:Sliding offset 1, 1. Add 3714 units, median count 181.0, 1077249 units so far.
INFO:root:Left over size 330776 (6818, 6841).
INFO:root:Processing 163894 pixels (1330776 6817.5, 6918.041).
INFO:root:Sliding offset 0, 0. Add 3931 units, median count 171.0, 1081180 units so far.
INFO:root:Sliding offset 0, 1. Add 4167 units, median count 172.0, 1085347 units so far.
INFO:root:Sliding offset 1, 0. Add 3939 units, median count 170.0, 1089286 units so far.
INFO:root:Sliding offset 1, 1. Add 4169 units, median count 172.0, 1093455 units so far.
INFO:root:Left over size 317869 (6894, 6918).
INFO:root:Processing 157254 pixels (1317869 6894.042, 6990.638).
INFO:root:Sliding offset 0, 0. Add 3920 units, median count 167.0, 1097375 units so far.
INFO:root:Sliding offset 0, 1. Add 3832 units, median count 167.0, 1101207 units so far.
INFO:root:Sliding offset 1, 0. Add 3918 units, median count 168.0, 1105125 units so far.
INFO:root:Sliding offset 1, 1. Add 3830 units, median count 167.0, 1108955 units so far.
INFO:root:Left over size 357816 (6967, 6991).
INFO:root:Processing 165390 pixels (1357816 6966.639, 7068.467).
INFO:root:Sliding offset 0, 0. Add 4114 units, median count 171.0, 1113069 units so far.
INFO:root:Sliding offset 0, 1. Add 4130 units, median count 170.0, 1117199 units so far.
INFO:root:Sliding offset 1, 0. Add 4108 units, median count 170.0, 1121307 units so far.
INFO:root:Sliding offset 1, 1. Add 4134 units, median count 171.0, 1125441 units so far.
INFO:root:Left over size 316343 (7044, 7068).
INFO:root:Processing 167132 pixels (1316343 7044.468, 7147.397).
INFO:root:Sliding offset 0, 0. Add 4298 units, median count 157.0, 1129739 units so far.
INFO:root:Sliding offset 0, 1. Add 4149 units, median count 158.0, 1133888 units so far.
INFO:root:Sliding offset 1, 0. Add 4299 units, median count 157.0, 1138187 units so far.
INFO:root:Sliding offset 1, 1. Add 4148 units, median count 157.0, 1142335 units so far.
INFO:root:Left over size 314143 (7123, 7147).
INFO:root:Processing 169235 pixels (1314143 7123.398, 7227.187).
INFO:root:Sliding offset 0, 0. Add 4277 units, median count 159.0, 1146612 units so far.
INFO:root:Sliding offset 0, 1. Add 4210 units, median count 160.5, 1150822 units so far.
INFO:root:Sliding offset 1, 0. Add 4276 units, median count 160.0, 1155098 units so far.
INFO:root:Sliding offset 1, 1. Add 4206 units, median count 160.0, 1159304 units so far.
INFO:root:Left over size 296871 (7203, 7227).
INFO:root:Processing 171108 pixels (1296871 7203.188, 7308.45).
INFO:root:Sliding offset 0, 0. Add 4249 units, median count 156.0, 1163553 units so far.
INFO:root:Sliding offset 0, 1. Add 4464 units, median count 155.0, 1168017 units so far.
INFO:root:Sliding offset 1, 0. Add 4244 units, median count 157.0, 1172261 units so far.
INFO:root:Sliding offset 1, 1. Add 4472 units, median count 155.0, 1176733 units so far.
INFO:root:Left over size 289099 (7284, 7308).
INFO:root:Processing 168039 pixels (1289099 7284.451, 7387.724).
INFO:root:Sliding offset 0, 0. Add 4390 units, median count 157.0, 1181123 units so far.
INFO:root:Sliding offset 0, 1. Add 4180 units, median count 157.0, 1185303 units so far.
INFO:root:Sliding offset 1, 0. Add 4391 units, median count 158.0, 1189694 units so far.
INFO:root:Sliding offset 1, 1. Add 4179 units, median count 158.0, 1193873 units so far.
INFO:root:Left over size 317410 (7364, 7388).
INFO:root:Processing 161040 pixels (1317410 7363.727, 7462.663).
INFO:root:Sliding offset 0, 0. Add 3897 units, median count 163.0, 1197770 units so far.
INFO:root:Sliding offset 0, 1. Add 4106 units, median count 165.0, 1201876 units so far.
INFO:root:Sliding offset 1, 0. Add 3891 units, median count 164.0, 1205767 units so far.
INFO:root:Sliding offset 1, 1. Add 4111 units, median count 165.0, 1209878 units so far.
INFO:root:Left over size 326413 (7439, 7463).
INFO:root:Processing 176371 pixels (1326413 7438.666, 7548.327).
INFO:root:Sliding offset 0, 0. Add 4490 units, median count 153.0, 1214368 units so far.
INFO:root:Sliding offset 0, 1. Add 4481 units, median count 154.0, 1218849 units so far.
INFO:root:Sliding offset 1, 0. Add 4494 units, median count 153.0, 1223343 units so far.
INFO:root:Sliding offset 1, 1. Add 4486 units, median count 152.0, 1227829 units so far.
INFO:root:Left over size 284904 (7524, 7548).
INFO:root:Processing 174130 pixels (1284904 7524.33, 7634.539).
INFO:root:Sliding offset 0, 0. Add 4584 units, median count 154.0, 1232413 units so far.
INFO:root:Sliding offset 0, 1. Add 4351 units, median count 155.0, 1236764 units so far.
INFO:root:Sliding offset 1, 0. Add 4601 units, median count 155.0, 1241365 units so far.
INFO:root:Sliding offset 1, 1. Add 4350 units, median count 156.0, 1245715 units so far.
INFO:root:Left over size 278881 (7611, 7635).
INFO:root:Processing 170521 pixels (1278881 7610.541, 7719.897).
INFO:root:Sliding offset 0, 0. Add 4293 units, median count 157.0, 1250008 units so far.
INFO:root:Sliding offset 0, 1. Add 4418 units, median count 156.0, 1254426 units so far.
INFO:root:Sliding offset 1, 0. Add 4290 units, median count 157.0, 1258716 units so far.
INFO:root:Sliding offset 1, 1. Add 4410 units, median count 156.5, 1263126 units so far.
INFO:root:Left over size 269916 (7696, 7720).
INFO:root:Processing 195327 pixels (1269916 7695.9, 7827.664).
INFO:root:Sliding offset 0, 0. Add 4992 units, median count 139.0, 1268118 units so far.
INFO:root:Sliding offset 0, 1. Add 4945 units, median count 139.0, 1273063 units so far.
INFO:root:Sliding offset 1, 0. Add 4970 units, median count 139.0, 1278033 units so far.
INFO:root:Sliding offset 1, 1. Add 4957 units, median count 138.0, 1282990 units so far.
INFO:root:Left over size 178692 (7804, 7828).
INFO:root:Processing 206589 pixels (1178692 7803.666, 7953.644).
INFO:root:Sliding offset 0, 0. Add 5414 units, median count 123.0, 1288404 units so far.
INFO:root:Sliding offset 0, 1. Add 5417 units, median count 123.0, 1293821 units so far.
INFO:root:Sliding offset 1, 0. Add 5401 units, median count 124.0, 1299222 units so far.
INFO:root:Sliding offset 1, 1. Add 5427 units, median count 124.0, 1304649 units so far.
INFO:root:Left over size 184787 (7930, 7954).
INFO:root:Processing 203316 pixels (1184787 7929.647, 8079.391).
INFO:root:Sliding offset 0, 0. Add 5251 units, median count 126.0, 1309900 units so far.
INFO:root:Sliding offset 0, 1. Add 5228 units, median count 126.0, 1315128 units so far.
INFO:root:Sliding offset 1, 0. Add 5250 units, median count 126.0, 1320378 units so far.
INFO:root:Sliding offset 1, 1. Add 5243 units, median count 125.0, 1325621 units so far.
INFO:root:Left over size 214221 (8055, 8079).
INFO:root:Processing 193995 pixels (1214221 8055.395, 8191.505).
INFO:root:Sliding offset 0, 0. Add 4986 units, median count 135.0, 1330607 units so far.
INFO:root:Sliding offset 0, 1. Add 5002 units, median count 135.0, 1335609 units so far.
INFO:root:Sliding offset 1, 0. Add 4972 units, median count 136.0, 1340581 units so far.
INFO:root:Sliding offset 1, 1. Add 4986 units, median count 135.0, 1345567 units so far.
INFO:root:Left over size 202924 (8168, 8192).
INFO:root:Processing 188360 pixels (1202924 8167.509, 8289.461).
INFO:root:Sliding offset 0, 0. Add 4869 units, median count 135.0, 1350436 units so far.
INFO:root:Sliding offset 0, 1. Add 4855 units, median count 134.0, 1355291 units so far.
INFO:root:Sliding offset 1, 0. Add 4879 units, median count 134.0, 1360170 units so far.
INFO:root:Sliding offset 1, 1. Add 4849 units, median count 134.0, 1365019 units so far.
INFO:root:Left over size 261666 (8265, 8289).
INFO:root:Processing 178131 pixels (1127313 8265.465, 8392.176).
INFO:root:Sliding offset 0, 0. Add 4575 units, median count 122.0, 1369594 units so far.
INFO:root:Sliding offset 0, 1. Add 4644 units, median count 122.0, 1374238 units so far.
INFO:root:Sliding offset 1, 0. Add 4563 units, median count 123.0, 1378801 units so far.
INFO:root:Sliding offset 1, 1. Add 4641 units, median count 123.0, 1383442 units so far.
INFO:root:Left over size 115976 (8368, 8392).
['X', 'Y', 'gene', 'Count']
sort -k 1,1n /dcs05/lieber/marmaypag/xenium_NAC_LIBD4125/xenium_NAC/processed-data/HD_Full_Analysis/FICTURE/outputs/H1-M3TCP9V_D1/nF_16/hexagon.d_12.tsv | gzip -c > /dcs05/lieber/marmaypag/xenium_NAC_LIBD4125/xenium_NAC/processed-data/HD_Full_Analysis/FICTURE/outputs/H1-M3TCP9V_D1/nF_16/hexagon.d_12.tsv.gz
rm /dcs05/lieber/marmaypag/xenium_NAC_LIBD4125/xenium_NAC/processed-data/HD_Full_Analysis/FICTURE/outputs/H1-M3TCP9V_D1/nF_16/hexagon.d_12.tsv
--------------------------------------------------------------
Creating LDA for 12um and 16 factors...
--------------------------------------------------------------
mkdir -p /dcs05/lieber/marmaypag/xenium_NAC_LIBD4125/xenium_NAC/processed-data/HD_Full_Analysis/FICTURE/outputs/H1-M3TCP9V_D1/nF_16/analysis/nF16.d_12/figure
ficture fit_model --input /dcs05/lieber/marmaypag/xenium_NAC_LIBD4125/xenium_NAC/processed-data/HD_Full_Analysis/FICTURE/outputs/H1-M3TCP9V_D1/nF_16/hexagon.d_12.tsv.gz --output /dcs05/lieber/marmaypag/xenium_NAC_LIBD4125/xenium_NAC/processed-data/HD_Full_Analysis/FICTURE/outputs/H1-M3TCP9V_D1/nF_16/analysis/nF16.d_12/nF16.d_12  --nFactor 16 --epoch 3 --epoch_id_length 2 --unit_attr X Y --key Count --min_ct_per_feature 20 --test_split 0.5 --R 10 --fractional-count 0 --thread 1
INFO:root:Read data with 343528 units, 15766 features
INFO:root:0: -2344.32, -2351.03
INFO:root:Counter({12: 32000, 0: 21302, 3: 18730, 10: 18256, 14: 15819, 6: 11999, 15: 8990, 4: 8667, 8: 8372, 11: 7034, 13: 6408, 2: 4047, 7: 3415, 9: 2856, 5: 2083, 1: 1786})
INFO:root:Computing naive DE for 13695 genes
INFO:root:R=0, 10.80, 8.27, 398.90s
INFO:root:1: -2344.95, -2351.65
INFO:root:Counter({12: 28890, 0: 28735, 7: 20481, 15: 14798, 3: 12454, 9: 12020, 6: 8586, 14: 8077, 13: 6668, 10: 6228, 11: 6173, 8: 5614, 2: 5130, 1: 3056, 4: 2938, 5: 1916})
INFO:root:Computing naive DE for 13698 genes
INFO:root:R=1, 10.81, 7.06, 417.31s
INFO:root:2: -2344.92, -2351.64
INFO:root:Counter({12: 31097, 0: 26210, 7: 17852, 6: 11920, 13: 11882, 4: 11169, 10: 9829, 14: 8939, 3: 8620, 11: 8620, 9: 7336, 15: 6485, 2: 4195, 1: 3462, 5: 2372, 8: 1776})
INFO:root:Computing naive DE for 13699 genes
INFO:root:R=2, 10.05, 7.36, 406.49s
INFO:root:3: -2344.08, -2350.81
INFO:root:Counter({3: 21982, 11: 20586, 15: 19960, 10: 16432, 2: 16084, 12: 15970, 8: 11223, 0: 9394, 14: 9035, 6: 7795, 9: 6242, 13: 5770, 7: 5410, 4: 2359, 1: 1816, 5: 1706})
INFO:root:Computing naive DE for 13700 genes
INFO:root:R=3, 9.74, 7.14, 400.80s
INFO:root:4: -2344.56, -2351.29
INFO:root:Counter({12: 34911, 0: 20638, 10: 18921, 6: 18410, 2: 14807, 15: 9356, 14: 8833, 11: 8280, 7: 7795, 13: 7632, 3: 7314, 8: 3858, 5: 3560, 1: 2945, 9: 2329, 4: 2175})
INFO:root:Computing naive DE for 13698 genes
INFO:root:R=4, 10.61, 8.32, 390.40s
INFO:root:5: -2345.12, -2351.84
INFO:root:Counter({12: 32271, 0: 26854, 3: 25493, 10: 17210, 15: 14091, 11: 13210, 14: 8864, 6: 8083, 9: 5176, 7: 4807, 13: 4212, 8: 3827, 2: 2938, 1: 1824, 4: 1672, 5: 1232})
INFO:root:Computing naive DE for 13699 genes
INFO:root:R=5, 10.48, 8.34, 402.73s
INFO:root:6: -2344.75, -2351.47
INFO:root:Counter({0: 27074, 7: 24630, 12: 22676, 10: 17593, 15: 15846, 11: 11214, 6: 10853, 14: 7615, 9: 6304, 13: 5973, 2: 5613, 5: 5076, 8: 4327, 3: 2631, 4: 2526, 1: 1813})
INFO:root:Computing naive DE for 13697 genes
INFO:root:R=6, 9.48, 6.81, 397.81s
INFO:root:7: -2345.44, -2352.16
INFO:root:Counter({0: 27714, 12: 26887, 7: 24249, 10: 17250, 11: 16171, 15: 15557, 3: 10566, 14: 8940, 2: 4866, 13: 4675, 8: 3212, 6: 2900, 4: 2580, 9: 2403, 5: 2042, 1: 1752})
INFO:root:Computing naive DE for 13699 genes
INFO:root:R=7, 10.11, 7.81, 407.57s
INFO:root:8: -2344.29, -2351.01
INFO:root:Counter({12: 25544, 7: 24946, 15: 19791, 9: 17990, 2: 16166, 11: 15928, 0: 9887, 14: 8968, 6: 8740, 3: 5307, 10: 4882, 8: 4306, 4: 3373, 5: 2695, 1: 1811, 13: 1430})
INFO:root:Computing naive DE for 13698 genes
INFO:root:R=8, 9.46, 6.90, 403.58s
INFO:root:9: -2344.66, -2351.34
INFO:root:Counter({8: 24714, 0: 23021, 12: 21973, 11: 18051, 10: 17818, 4: 14349, 6: 9474, 14: 8929, 15: 6754, 3: 5847, 13: 5687, 2: 4424, 9: 4142, 7: 2896, 1: 2523, 5: 1162})
INFO:root:Computing naive DE for 13698 genes
INFO:root:R=9, 11.33, 12.16, 386.45s
INFO:root:Result file /dcs05/lieber/marmaypag/xenium_NAC_LIBD4125/xenium_NAC/processed-data/HD_Full_Analysis/FICTURE/outputs/H1-M3TCP9V_D1/nF_16/analysis/nF16.d_12/nF16.d_12.fit_result.tsv.gz
R
9    11.333314
1    10.812392
0    10.797633
4    10.614729
5    10.476436
7    10.109864
2    10.045864
3     9.736832
6     9.480704
8     9.463607
Name: Score, dtype: float64
ficture choose_color --input /dcs05/lieber/marmaypag/xenium_NAC_LIBD4125/xenium_NAC/processed-data/HD_Full_Analysis/FICTURE/outputs/H1-M3TCP9V_D1/nF_16/analysis/nF16.d_12/nF16.d_12.fit_result.tsv.gz --output /dcs05/lieber/marmaypag/xenium_NAC_LIBD4125/xenium_NAC/processed-data/HD_Full_Analysis/FICTURE/outputs/H1-M3TCP9V_D1/nF_16/analysis/nF16.d_12/figure/nF16.d_12 --cmap_name turbo
ficture plot_base --input /dcs05/lieber/marmaypag/xenium_NAC_LIBD4125/xenium_NAC/processed-data/HD_Full_Analysis/FICTURE/outputs/H1-M3TCP9V_D1/nF_16/analysis/nF16.d_12/nF16.d_12.fit_result.tsv.gz --output /dcs05/lieber/marmaypag/xenium_NAC_LIBD4125/xenium_NAC/processed-data/HD_Full_Analysis/FICTURE/outputs/H1-M3TCP9V_D1/nF_16/analysis/nF16.d_12/figure/nF16.d_12.coarse --fill_range 7.0 --color_table /dcs05/lieber/marmaypag/xenium_NAC_LIBD4125/xenium_NAC/processed-data/HD_Full_Analysis/FICTURE/outputs/H1-M3TCP9V_D1/nF_16/analysis/nF16.d_12/figure/nF16.d_12.rgb.tsv --plot_um_per_pixel 1 --plot_discretized
/jhpce/shared/libd/core/visium_hd/1.0/hd_env/lib/python3.9/site-packages/ficture/scripts/plot_base.py:131: FutureWarning: The provided callable <function mean at 0x7fbd8952ce50> is currently using SeriesGroupBy.mean. In a future version of pandas, the provided callable will be used directly. To keep current behavior pass the string "mean" instead.
  chunk = chunk.groupby(by = ['x_indx', 'y_indx']).agg({ x:np.mean for x in factor_header }).reset_index()
/jhpce/shared/libd/core/visium_hd/1.0/hd_env/lib/python3.9/site-packages/ficture/scripts/plot_base.py:134: FutureWarning: The provided callable <function mean at 0x7fbd8952ce50> is currently using SeriesGroupBy.mean. In a future version of pandas, the provided callable will be used directly. To keep current behavior pass the string "mean" instead.
  df = df.groupby(by = ['x_indx', 'y_indx']).agg({ x:np.mean for x in factor_header }).reset_index()
INFO:root:Read region 343528 pixels in region 6715.0 x 6725.0
INFO:root:Filling pixels 0 - 500 / 6724
INFO:root:Filling pixels 500 - 1000 / 6724
INFO:root:Filling pixels 1000 - 1500 / 6724
INFO:root:Filling pixels 1500 - 2000 / 6724
INFO:root:Filling pixels 2000 - 2500 / 6724
INFO:root:Filling pixels 2500 - 3000 / 6724
INFO:root:Filling pixels 3000 - 3500 / 6724
INFO:root:Filling pixels 3500 - 4000 / 6724
INFO:root:Filling pixels 4000 - 4500 / 6724
INFO:root:Filling pixels 4500 - 5000 / 6724
INFO:root:Filling pixels 5000 - 5500 / 6724
INFO:root:Filling pixels 5500 - 6000 / 6724
INFO:root:Filling pixels 6000 - 6500 / 6724
INFO:root:Filling pixels 6500 - 6724 / 6724
INFO:root:Start constructing RGB image
INFO:root:Made fractional image
/dcs05/lieber/marmaypag/xenium_NAC_LIBD4125/xenium_NAC/processed-data/HD_Full_Analysis/FICTURE/outputs/H1-M3TCP9V_D1/nF_16/analysis/nF16.d_12/figure/nF16.d_12.coarse.png
INFO:root:Made hard threshold image
/dcs05/lieber/marmaypag/xenium_NAC_LIBD4125/xenium_NAC/processed-data/HD_Full_Analysis/FICTURE/outputs/H1-M3TCP9V_D1/nF_16/analysis/nF16.d_12/figure/nF16.d_12.coarse.top.png
6725 500
touch /dcs05/lieber/marmaypag/xenium_NAC_LIBD4125/xenium_NAC/processed-data/HD_Full_Analysis/FICTURE/outputs/H1-M3TCP9V_D1/nF_16/analysis/nF16.d_12/nF16.d_12.done
--------------------------------------------------------------
Creating projection for 12um and 16 factors, at 12um
--------------------------------------------------------------
--------------------------------------------------------------
Performing pixel-level decoding..
--------------------------------------------------------------
--------------------------------------------------------------
Sorting and reformatting the pixel-level output..
--------------------------------------------------------------
--------------------------------------------------------------
Performing pseudo-bulk differential expression analysis..
--------------------------------------------------------------
--------------------------------------------------------------
Drawing pixel-level output image...
--------------------------------------------------------------
ficture transform --input /dcs05/lieber/marmaypag/xenium_NAC_LIBD4125/xenium_NAC/processed-data/HD_Full_Analysis/FICTURE/inputs/H1-M3TCP9V_D1/transcripts.sorted.tsv.gz --output_pref /dcs05/lieber/marmaypag/xenium_NAC_LIBD4125/xenium_NAC/processed-data/HD_Full_Analysis/FICTURE/outputs/H1-M3TCP9V_D1/nF_16/analysis/nF16.d_12/nF16.d_12.prj_12.r_4 --model /dcs05/lieber/marmaypag/xenium_NAC_LIBD4125/xenium_NAC/processed-data/HD_Full_Analysis/FICTURE/outputs/H1-M3TCP9V_D1/nF_16/analysis/nF16.d_12/nF16.d_12.model.p --key Count --major_axis X --hex_width 12 --n_move 3 --min_ct_per_unit 20 --mu_scale 1.0 --thread 1 --precision 2
INFO:root:Model loaded with 15766 features and 16 factors
INFO:root:Transformed 1 batches with total 87196 units, 1.099801min
INFO:root:Transformed 2 batches with total 151102 units, 2.055231min
INFO:root:Transformed 3 batches with total 243057 units, 3.340989min
INFO:root:Transformed 4 batches with total 331118 units, 4.669224min
INFO:root:Transformed 5 batches with total 395009 units, 5.632482min
INFO:root:Transformed 6 batches with total 483105 units, 6.916248min
INFO:root:Transformed 7 batches with total 570238 units, 8.231151min
INFO:root:Transformed 8 batches with total 633154 units, 9.187595min
INFO:root:Transformed 9 batches with total 695101 units, 10.094779min
INFO:root:Transformed 10 batches with total 759965 units, 10.999467min
INFO:root:Transformed 11 batches with total 822761 units, 11.903540min
INFO:root:Transformed 12 batches with total 913732 units, 13.192761min
INFO:root:Transformed 13 batches with total 977636 units, 14.140845min
INFO:root:Transformed 14 batches with total 1070568 units, 15.414789min
INFO:root:Transformed 15 batches with total 1161373 units, 16.734865min
INFO:root:Transformed 16 batches with total 1246531 units, 18.049183min
INFO:root:Transformed 17 batches with total 1329742 units, 19.343429min
INFO:root:Transformed 18 batches with total 1393082 units, 20.243977min
INFO:root:Transformed 19 batches with total 1483086 units, 21.508054min
INFO:root:Transformed 20 batches with total 1549171 units, 22.442013min
INFO:root:Transformed 21 batches with total 1639893 units, 23.704927min
INFO:root:Transformed 22 batches with total 1704288 units, 24.654553min
INFO:root:Transformed 23 batches with total 1767996 units, 25.549103min
INFO:root:Transformed 24 batches with total 1830755 units, 26.442051min
INFO:root:Transformed 25 batches with total 1917342 units, 27.709804min
INFO:root:Transformed 26 batches with total 1981224 units, 28.656218min
INFO:root:Transformed 27 batches with total 2043151 units, 29.544436min
INFO:root:Transformed 28 batches with total 2107036 units, 30.446120min
INFO:root:Transformed 29 batches with total 2169850 units, 31.354660min
INFO:root:Transformed 30 batches with total 2234661 units, 32.259031min
INFO:root:Transformed 31 batches with total 2302376 units, 33.175412min
INFO:root:Transformed 32 batches with total 2368216 units, 34.097911min
INFO:root:Transformed 33 batches with total 2443691 units, 35.028128min
INFO:root:Transformed 34 batches with total 2510256 units, 35.953198min
INFO:root:Transformed 35 batches with total 2583680 units, 36.903754min
INFO:root:Transformed 36 batches with total 2659862 units, 37.861167min
INFO:root:Transformed 37 batches with total 2739206 units, 38.835469min
INFO:root:Transformed 38 batches with total 2814560 units, 39.800505min
INFO:root:Transformed 39 batches with total 2897451 units, 40.789270min
INFO:root:Transformed 40 batches with total 2986184 units, 41.793489min
INFO:root:Transformed 41 batches with total 3040778 units, 42.378620min
INFO:root:Transformed 42 batches with total 3094405 units, 42.906458min
INFO:root:Transformed 43 batches with total 3192529 units, 43.875644min
INFO:root:Transformed 44 batches with total 3241112 units, 44.437794min
ficture slda_decode --input /dcs05/lieber/marmaypag/xenium_NAC_LIBD4125/xenium_NAC/processed-data/HD_Full_Analysis/FICTURE/outputs/H1-M3TCP9V_D1/nF_16/batched.matrix.tsv.gz --output /dcs05/lieber/marmaypag/xenium_NAC_LIBD4125/xenium_NAC/processed-data/HD_Full_Analysis/FICTURE/outputs/H1-M3TCP9V_D1/nF_16/analysis/nF16.d_12/nF16.d_12.decode.prj_12.r_4_5 --model /dcs05/lieber/marmaypag/xenium_NAC_LIBD4125/xenium_NAC/processed-data/HD_Full_Analysis/FICTURE/outputs/H1-M3TCP9V_D1/nF_16/analysis/nF16.d_12/nF16.d_12.model.p --anchor /dcs05/lieber/marmaypag/xenium_NAC_LIBD4125/xenium_NAC/processed-data/HD_Full_Analysis/FICTURE/outputs/H1-M3TCP9V_D1/nF_16/analysis/nF16.d_12/nF16.d_12.prj_12.r_4.fit_result.tsv.gz --anchor_in_um --neighbor_radius 5 --mu_scale 1.0 --key Count --precision 0.1 --lite_topk_output_pixel 3 --lite_topk_output_anchor 3 --thread 1
INFO:root:15766 genes and 16 factors are read from input model
INFO:root:Read 3202814 grid points
INFO:root:Read 59772 pixels, forming 1 batches.
INFO:root:Read 1 batches ((59772, 15766))
INFO:root:Output 59549 pixels and 17587 anchors
INFO:root:Read 59337 pixels, forming 1 batches.
INFO:root:Read 1 batches ((59337, 15766))
INFO:root:Output 59093 pixels and 17614 anchors
INFO:root:Read 61004 pixels, forming 1 batches.
INFO:root:Read 1 batches ((61004, 15766))
INFO:root:Output 60939 pixels and 17856 anchors
INFO:root:Read 8881 pixels, forming 1 batches.
INFO:root:Read 1 batches ((8881, 15766))
INFO:root:Output 8847 pixels and 2717 anchors
INFO:root:Read 111538 pixels, forming 2 batches.
INFO:root:Read 2 batches ((111538, 15766))
INFO:root:Output 111060 pixels and 32604 anchors
INFO:root:Read 63148 pixels, forming 2 batches.
INFO:root:Read 2 batches ((63148, 15766))
INFO:root:Output 64171 pixels and 18397 anchors
INFO:root:Read 22234 pixels, forming 1 batches.
INFO:root:Read 1 batches ((22234, 15766))
INFO:root:Output 22163 pixels and 6578 anchors
INFO:root:Read 99939 pixels, forming 2 batches.
INFO:root:Read 2 batches ((99939, 15766))
INFO:root:Output 104092 pixels and 29459 anchors
INFO:root:Read 7639 pixels, forming 1 batches.
INFO:root:Read 1 batches ((7639, 15766))
INFO:root:Output 7242 pixels and 2288 anchors
INFO:root:Read 112060 pixels, forming 2 batches.
INFO:root:Read 2 batches ((112060, 15766))
INFO:root:Output 118083 pixels and 33945 anchors
INFO:root:Read 36471 pixels, forming 1 batches.
INFO:root:Read 1 batches ((36471, 15766))
INFO:root:Output 35562 pixels and 10725 anchors
INFO:root:Read 84760 pixels, forming 2 batches.
INFO:root:Read 2 batches ((84760, 15766))
INFO:root:Output 86625 pixels and 25378 anchors
INFO:root:Read 28329 pixels, forming 1 batches.
INFO:root:Read 1 batches ((28329, 15766))
INFO:root:Output 27155 pixels and 8449 anchors
INFO:root:Read 60034 pixels, forming 2 batches.
INFO:root:Read 2 batches ((60034, 15766))
INFO:root:Output 58897 pixels and 18375 anchors
INFO:root:Read 106845 pixels, forming 2 batches.
INFO:root:Read 2 batches ((106845, 15766))
INFO:root:Output 106303 pixels and 31447 anchors
INFO:root:Read 63973 pixels, forming 1 batches.
INFO:root:Read 1 batches ((63973, 15766))
INFO:root:Output 63751 pixels and 18733 anchors
INFO:root:Read 50124 pixels, forming 1 batches.
INFO:root:Read 1 batches ((50124, 15766))
INFO:root:Output 49921 pixels and 14729 anchors
INFO:root:Read 77944 pixels, forming 2 batches.
INFO:root:Read 2 batches ((77944, 15766))
INFO:root:Output 79293 pixels and 22809 anchors
INFO:root:Read 29739 pixels, forming 1 batches.
INFO:root:Read 1 batches ((29739, 15766))
INFO:root:Output 29697 pixels and 8723 anchors
INFO:root:Read 98846 pixels, forming 2 batches.
INFO:root:Read 2 batches ((98846, 15766))
INFO:root:Output 102468 pixels and 28814 anchors
INFO:root:Read 11643 pixels, forming 1 batches.
INFO:root:Read 1 batches ((11643, 15766))
INFO:root:Output 11594 pixels and 3575 anchors
INFO:root:Read 67974 pixels, forming 2 batches.
INFO:root:Read 2 batches ((67974, 15766))
INFO:root:Output 67740 pixels and 20020 anchors
INFO:root:Read 109456 pixels, forming 2 batches.
INFO:root:Read 2 batches ((109456, 15766))
INFO:root:Output 114873 pixels and 32748 anchors
INFO:root:Read 8756 pixels, forming 1 batches.
INFO:root:Read 1 batches ((8756, 15766))
INFO:root:Output 8720 pixels and 2717 anchors
INFO:root:Read 116677 pixels, forming 2 batches.
INFO:root:Read 2 batches ((116677, 15766))
INFO:root:Output 123050 pixels and 34811 anchors
INFO:root:Read 62283 pixels, forming 1 batches.
INFO:root:Read 1 batches ((62283, 15766))
INFO:root:Output 62111 pixels and 18646 anchors
INFO:root:Read 44324 pixels, forming 1 batches.
INFO:root:Read 1 batches ((44324, 15766))
INFO:root:Output 44284 pixels and 13767 anchors
INFO:root:Read 89088 pixels, forming 2 batches.
INFO:root:Read 2 batches ((89088, 15766))
INFO:root:Output 91890 pixels and 27318 anchors
INFO:root:Read 51459 pixels, forming 1 batches.
INFO:root:Read 1 batches ((51459, 15766))
INFO:root:Output 51212 pixels and 15015 anchors
INFO:root:Read 98325 pixels, forming 2 batches.
INFO:root:Read 2 batches ((98325, 15766))
INFO:root:Output 98027 pixels and 28743 anchors
INFO:root:Read 45698 pixels, forming 2 batches.
INFO:root:Read 2 batches ((45698, 15766))
INFO:root:Output 47353 pixels and 13507 anchors
INFO:root:Read 13129 pixels, forming 1 batches.
INFO:root:Read 1 batches ((13129, 15766))
INFO:root:Output 13062 pixels and 3861 anchors
INFO:root:Read 117313 pixels, forming 2 batches.
INFO:root:Read 2 batches ((117313, 15766))
INFO:root:Output 123022 pixels and 34249 anchors
INFO:root:Read 32844 pixels, forming 1 batches.
INFO:root:Read 1 batches ((32844, 15766))
INFO:root:Output 32745 pixels and 9581 anchors
INFO:root:Read 86403 pixels, forming 2 batches.
INFO:root:Read 2 batches ((86403, 15766))
INFO:root:Output 86279 pixels and 25586 anchors
INFO:root:Read 33202 pixels, forming 2 batches.
INFO:root:Read 2 batches ((33202, 15766))
INFO:root:Output 33114 pixels and 9864 anchors
INFO:root:Read 73767 pixels, forming 2 batches.
INFO:root:Read 2 batches ((73767, 15766))
INFO:root:Output 73559 pixels and 21521 anchors
INFO:root:Read 98245 pixels, forming 2 batches.
INFO:root:Read 2 batches ((98245, 15766))
INFO:root:Output 102337 pixels and 29089 anchors
INFO:root:Read 16653 pixels, forming 1 batches.
INFO:root:Read 1 batches ((16653, 15766))
INFO:root:Output 16517 pixels and 5178 anchors
INFO:root:Read 110769 pixels, forming 2 batches.
INFO:root:Read 2 batches ((110769, 15766))
INFO:root:Output 116124 pixels and 33057 anchors
INFO:root:Read 28436 pixels, forming 1 batches.
INFO:root:Read 1 batches ((28436, 15766))
INFO:root:Output 28386 pixels and 8619 anchors
INFO:root:Read 108294 pixels, forming 2 batches.
INFO:root:Read 2 batches ((108294, 15766))
INFO:root:Output 112216 pixels and 32948 anchors
INFO:root:Read 59799 pixels, forming 1 batches.
INFO:root:Read 1 batches ((59799, 15766))
INFO:root:Output 59591 pixels and 17589 anchors
INFO:root:Read 117454 pixels, forming 2 batches.
INFO:root:Read 2 batches ((117454, 15766))
INFO:root:Output 117026 pixels and 34320 anchors
INFO:root:Read 21329 pixels, forming 2 batches.
INFO:root:Read 2 batches ((21329, 15766))
INFO:root:Output 21954 pixels and 6351 anchors
INFO:root:Read 11667 pixels, forming 1 batches.
INFO:root:Read 1 batches ((11667, 15766))
INFO:root:Output 11620 pixels and 3432 anchors
INFO:root:Read 121853 pixels, forming 2 batches.
INFO:root:Read 2 batches ((121853, 15766))
INFO:root:Output 128167 pixels and 35393 anchors
INFO:root:Read 66668 pixels, forming 1 batches.
INFO:root:Read 1 batches ((66668, 15766))
INFO:root:Output 66514 pixels and 19376 anchors
INFO:root:Read 11994 pixels, forming 1 batches.
INFO:root:Read 1 batches ((11994, 15766))
INFO:root:Output 11945 pixels and 3575 anchors
INFO:root:Read 120213 pixels, forming 2 batches.
INFO:root:Read 2 batches ((120213, 15766))
INFO:root:Output 126486 pixels and 35249 anchors
INFO:root:Read 54543 pixels, forming 1 batches.
INFO:root:Read 1 batches ((54543, 15766))
INFO:root:Output 54372 pixels and 16674 anchors
INFO:root:Read 106999 pixels, forming 2 batches.
INFO:root:Read 2 batches ((106999, 15766))
INFO:root:Output 106801 pixels and 31705 anchors
INFO:root:Read 32012 pixels, forming 2 batches.
INFO:root:Read 2 batches ((32012, 15766))
INFO:root:Output 32911 pixels and 9776 anchors
INFO:root:Read 65900 pixels, forming 1 batches.
INFO:root:Read 1 batches ((65900, 15766))
INFO:root:Output 65742 pixels and 19376 anchors
INFO:root:Read 37092 pixels, forming 1 batches.
INFO:root:Read 1 batches ((37092, 15766))
INFO:root:Output 37092 pixels and 12222 anchors
INFO:root:Read 100830 pixels, forming 2 batches.
INFO:root:Read 2 batches ((100830, 15766))
INFO:root:Output 104382 pixels and 30256 anchors
INFO:root:Read 2084 pixels, forming 1 batches.
INFO:root:Read 1 batches ((2084, 15766))
INFO:root:Output 2067 pixels and 710 anchors
INFO:root:Read 107160 pixels, forming 2 batches.
INFO:root:Read 2 batches ((107160, 15766))
INFO:root:Output 106814 pixels and 31389 anchors
INFO:root:Read 85749 pixels, forming 2 batches.
INFO:root:Read 2 batches ((85749, 15766))
INFO:root:Output 85557 pixels and 25025 anchors
INFO:root:Read 76233 pixels, forming 2 batches.
INFO:root:Read 2 batches ((76233, 15766))
INFO:root:Output 76090 pixels and 23316 anchors
INFO:root:Read 49020 pixels, forming 2 batches.
INFO:root:Read 2 batches ((49020, 15766))
INFO:root:Output 49624 pixels and 14423 anchors
INFO:root:Read 65185 pixels, forming 1 batches.
INFO:root:Read 1 batches ((65185, 15766))
INFO:root:Output 65185 pixels and 19080 anchors
INFO:root:Read 65127 pixels, forming 1 batches.
INFO:root:Read 1 batches ((65127, 15766))
INFO:root:Output 64938 pixels and 18948 anchors
INFO:root:Read 64518 pixels, forming 1 batches.
INFO:root:Read 1 batches ((64518, 15766))
INFO:root:Output 64359 pixels and 18948 anchors
INFO:root:Read 35978 pixels, forming 1 batches.
INFO:root:Read 1 batches ((35978, 15766))
INFO:root:Output 35834 pixels and 10868 anchors
INFO:root:Read 92955 pixels, forming 2 batches.
INFO:root:Read 2 batches ((92955, 15766))
INFO:root:Output 96335 pixels and 27231 anchors
INFO:root:Read 12764 pixels, forming 1 batches.
INFO:root:Read 1 batches ((12764, 15766))
INFO:root:Output 12712 pixels and 3789 anchors
INFO:root:Read 64147 pixels, forming 2 batches.
INFO:root:Read 2 batches ((64147, 15766))
INFO:root:Output 63982 pixels and 19233 anchors
INFO:root:Read 114700 pixels, forming 2 batches.
INFO:root:Read 2 batches ((114700, 15766))
INFO:root:Output 120717 pixels and 34069 anchors
INFO:root:Read 6233 pixels, forming 1 batches.
INFO:root:Read 1 batches ((6233, 15766))
INFO:root:Output 6183 pixels and 1846 anchors
INFO:root:Read 84623 pixels, forming 2 batches.
INFO:root:Read 2 batches ((84623, 15766))
INFO:root:Output 84300 pixels and 25396 anchors
INFO:root:Read 83476 pixels, forming 2 batches.
INFO:root:Read 2 batches ((83476, 15766))
INFO:root:Output 87816 pixels and 26480 anchors
INFO:root:Read 54524 pixels, forming 1 batches.
INFO:root:Read 1 batches ((54524, 15766))
INFO:root:Output 54389 pixels and 17100 anchors
INFO:root:Read 15674 pixels, forming 1 batches.
INFO:root:Read 1 batches ((15674, 15766))
INFO:root:Output 15610 pixels and 4719 anchors
INFO:root:Read 85974 pixels, forming 2 batches.
INFO:root:Read 2 batches ((85974, 15766))
INFO:root:Output 85777 pixels and 26223 anchors
INFO:root:Read 78772 pixels, forming 2 batches.
INFO:root:Read 2 batches ((78772, 15766))
INFO:root:Output 78461 pixels and 23380 anchors
INFO:root:Read 69077 pixels, forming 2 batches.
INFO:root:Read 2 batches ((69077, 15766))
INFO:root:Output 72741 pixels and 20233 anchors
INFO:root:Read 32449 pixels, forming 1 batches.
INFO:root:Read 1 batches ((32449, 15766))
INFO:root:Output 32371 pixels and 9438 anchors
INFO:root:Read 108827 pixels, forming 2 batches.
INFO:root:Read 2 batches ((108827, 15766))
INFO:root:Output 108717 pixels and 31949 anchors
INFO:root:Read 53187 pixels, forming 2 batches.
INFO:root:Read 2 batches ((53187, 15766))
INFO:root:Output 55254 pixels and 15474 anchors
INFO:root:Read 13900 pixels, forming 1 batches.
INFO:root:Read 1 batches ((13900, 15766))
INFO:root:Output 13784 pixels and 4147 anchors
INFO:root:Read 113785 pixels, forming 2 batches.
INFO:root:Read 2 batches ((113785, 15766))
INFO:root:Output 119596 pixels and 33808 anchors
INFO:root:Read 133507 pixels, forming 2 batches.
INFO:root:Read 2 batches ((133507, 15766))
INFO:root:Output 140870 pixels and 41194 anchors
INFO:root:Read 44352 pixels, forming 1 batches.
INFO:root:Read 1 batches ((44352, 15766))
INFO:root:Output 44193 pixels and 12870 anchors
INFO:root:Read 92608 pixels, forming 2 batches.
INFO:root:Read 2 batches ((92608, 15766))
INFO:root:Output 92337 pixels and 27098 anchors
INFO:root:Read 66955 pixels, forming 2 batches.
INFO:root:Read 2 batches ((66955, 15766))
INFO:root:Output 69841 pixels and 19463 anchors
INFO:root:Read 21623 pixels, forming 1 batches.
INFO:root:Read 1 batches ((21623, 15766))
INFO:root:Output 21533 pixels and 6506 anchors
INFO:root:Read 114142 pixels, forming 2 batches.
INFO:root:Read 2 batches ((114142, 15766))
INFO:root:Output 119152 pixels and 33033 anchors
INFO:root:Read 63041 pixels, forming 1 batches.
INFO:root:Read 1 batches ((63041, 15766))
INFO:root:Output 63041 pixels and 19717 anchors
INFO:root:Read 61072 pixels, forming 1 batches.
INFO:root:Read 1 batches ((61072, 15766))
INFO:root:Output 60879 pixels and 19321 anchors
INFO:root:Read 64928 pixels, forming 1 batches.
INFO:root:Read 1 batches ((64928, 15766))
INFO:root:Output 64795 pixels and 19458 anchors
INFO:root:Read 8758 pixels, forming 1 batches.
INFO:root:Read 1 batches ((8758, 15766))
INFO:root:Output 8727 pixels and 2645 anchors
INFO:root:Read 126514 pixels, forming 2 batches.
INFO:root:Read 2 batches ((126514, 15766))
INFO:root:Output 133584 pixels and 37032 anchors
INFO:root:Read 18637 pixels, forming 1 batches.
INFO:root:Read 1 batches ((18637, 15766))
INFO:root:Output 18562 pixels and 5505 anchors
INFO:root:Read 115186 pixels, forming 2 batches.
INFO:root:Read 2 batches ((115186, 15766))
INFO:root:Output 120323 pixels and 34034 anchors
INFO:root:Read 7025 pixels, forming 1 batches.
INFO:root:Read 1 batches ((7025, 15766))
INFO:root:Output 7025 pixels and 2197 anchors
INFO:root:Read 124414 pixels, forming 2 batches.
INFO:root:Read 2 batches ((124414, 15766))
INFO:root:Output 129695 pixels and 38217 anchors
INFO:root:Read 65037 pixels, forming 1 batches.
INFO:root:Read 1 batches ((65037, 15766))
INFO:root:Output 64827 pixels and 19019 anchors
INFO:root:Read 17267 pixels, forming 1 batches.
INFO:root:Read 1 batches ((17267, 15766))
INFO:root:Output 17223 pixels and 5005 anchors
INFO:root:Read 114359 pixels, forming 2 batches.
INFO:root:Read 2 batches ((114359, 15766))
INFO:root:Output 119647 pixels and 33104 anchors
INFO:root:Read 14580 pixels, forming 1 batches.
INFO:root:Read 1 batches ((14580, 15766))
INFO:root:Output 14495 pixels and 4218 anchors
INFO:root:Read 116961 pixels, forming 2 batches.
INFO:root:Read 2 batches ((116961, 15766))
INFO:root:Output 123041 pixels and 33995 anchors
INFO:root:Read 65473 pixels, forming 1 batches.
INFO:root:Read 1 batches ((65473, 15766))
INFO:root:Output 65308 pixels and 19019 anchors
INFO:root:Read 26411 pixels, forming 1 batches.
INFO:root:Read 1 batches ((26411, 15766))
INFO:root:Output 26288 pixels and 8907 anchors
INFO:root:Read 95246 pixels, forming 2 batches.
INFO:root:Read 2 batches ((95246, 15766))
INFO:root:Output 99128 pixels and 28379 anchors
INFO:root:Read 63235 pixels, forming 1 batches.
INFO:root:Read 1 batches ((63235, 15766))
INFO:root:Output 63065 pixels and 18840 anchors
INFO:root:Read 48698 pixels, forming 1 batches.
INFO:root:Read 1 batches ((48698, 15766))
INFO:root:Output 48698 pixels and 14472 anchors
INFO:root:Read 99387 pixels, forming 2 batches.
INFO:root:Read 2 batches ((99387, 15766))
INFO:root:Output 99081 pixels and 28957 anchors
INFO:root:Read 46778 pixels, forming 2 batches.
INFO:root:Read 2 batches ((46778, 15766))
INFO:root:Output 48524 pixels and 13943 anchors
INFO:root:Read 9801 pixels, forming 1 batches.
INFO:root:Read 1 batches ((9801, 15766))
INFO:root:Output 9701 pixels and 3021 anchors
INFO:root:Read 125962 pixels, forming 2 batches.
INFO:root:Read 2 batches ((125962, 15766))
INFO:root:Output 132503 pixels and 38609 anchors
INFO:root:Read 45880 pixels, forming 1 batches.
INFO:root:Read 1 batches ((45880, 15766))
INFO:root:Output 45710 pixels and 13299 anchors
INFO:root:Read 92678 pixels, forming 2 batches.
INFO:root:Read 2 batches ((92678, 15766))
INFO:root:Output 92297 pixels and 27241 anchors
INFO:root:Read 62548 pixels, forming 2 batches.
INFO:root:Read 2 batches ((62548, 15766))
INFO:root:Output 65099 pixels and 18244 anchors
INFO:root:Read 67640 pixels, forming 1 batches.
INFO:root:Read 1 batches ((67640, 15766))
INFO:root:Output 67381 pixels and 19520 anchors
INFO:root:Read 67797 pixels, forming 1 batches.
INFO:root:Read 1 batches ((67797, 15766))
INFO:root:Output 67609 pixels and 19520 anchors
INFO:root:Read 35649 pixels, forming 1 batches.
INFO:root:Read 1 batches ((35649, 15766))
INFO:root:Output 35460 pixels and 10367 anchors
INFO:root:Read 76732 pixels, forming 2 batches.
INFO:root:Read 2 batches ((76732, 15766))
INFO:root:Output 76628 pixels and 22444 anchors
INFO:root:Read 32601 pixels, forming 2 batches.
INFO:root:Read 2 batches ((32601, 15766))
INFO:root:Output 32474 pixels and 9578 anchors
INFO:root:Read 123276 pixels, forming 2 batches.
INFO:root:Read 2 batches ((123276, 15766))
INFO:root:Output 129483 pixels and 36035 anchors
INFO:root:Read 66651 pixels, forming 1 batches.
INFO:root:Read 1 batches ((66651, 15766))
INFO:root:Output 66382 pixels and 19520 anchors
INFO:root:Read 65924 pixels, forming 1 batches.
INFO:root:Read 1 batches ((65924, 15766))
INFO:root:Output 65718 pixels and 19519 anchors
INFO:root:Read 13721 pixels, forming 1 batches.
INFO:root:Read 1 batches ((13721, 15766))
INFO:root:Output 13620 pixels and 4075 anchors
INFO:root:Read 118864 pixels, forming 2 batches.
INFO:root:Read 2 batches ((118864, 15766))
INFO:root:Output 124970 pixels and 35034 anchors
INFO:root:Read 12846 pixels, forming 1 batches.
INFO:root:Read 1 batches ((12846, 15766))
INFO:root:Output 12690 pixels and 3834 anchors
INFO:root:Read 83333 pixels, forming 2 batches.
INFO:root:Read 2 batches ((83333, 15766))
INFO:root:Output 82983 pixels and 26104 anchors
INFO:root:Read 103866 pixels, forming 2 batches.
INFO:root:Read 2 batches ((103866, 15766))
INFO:root:Output 109957 pixels and 30712 anchors
INFO:root:Read 349 pixels, forming 1 batches.
INFO:root:Read 1 batches ((349, 15766))
INFO:root:Output 334 pixels and 142 anchors
INFO:root:Read 128461 pixels, forming 2 batches.
INFO:root:Read 2 batches ((128461, 15766))
INFO:root:Output 135499 pixels and 37394 anchors
INFO:root:Read 23122 pixels, forming 1 batches.
INFO:root:Read 1 batches ((23122, 15766))
INFO:root:Output 23097 pixels and 6792 anchors
INFO:root:Read 76668 pixels, forming 2 batches.
INFO:root:Read 2 batches ((76668, 15766))
INFO:root:Output 76616 pixels and 22439 anchors
INFO:root:Read 42969 pixels, forming 2 batches.
INFO:root:Read 2 batches ((42969, 15766))
INFO:root:Output 42817 pixels and 12652 anchors
INFO:root:Read 114312 pixels, forming 2 batches.
INFO:root:Read 2 batches ((114312, 15766))
INFO:root:Output 120512 pixels and 33590 anchors
INFO:root:Read 37747 pixels, forming 1 batches.
INFO:root:Read 1 batches ((37747, 15766))
INFO:root:Output 37682 pixels and 11154 anchors
INFO:root:Read 90063 pixels, forming 2 batches.
INFO:root:Read 2 batches ((90063, 15766))
INFO:root:Output 92750 pixels and 26383 anchors
INFO:root:Read 29993 pixels, forming 1 batches.
INFO:root:Read 1 batches ((29993, 15766))
INFO:root:Output 29882 pixels and 8866 anchors
INFO:root:Read 83336 pixels, forming 2 batches.
INFO:root:Read 2 batches ((83336, 15766))
INFO:root:Output 83289 pixels and 25193 anchors
INFO:root:Read 75849 pixels, forming 2 batches.
INFO:root:Read 2 batches ((75849, 15766))
INFO:root:Output 79612 pixels and 22380 anchors
INFO:root:Read 70645 pixels, forming 1 batches.
INFO:root:Read 1 batches ((70645, 15766))
INFO:root:Output 70642 pixels and 22258 anchors
INFO:root:Read 20199 pixels, forming 1 batches.
INFO:root:Read 1 batches ((20199, 15766))
INFO:root:Output 20117 pixels and 6006 anchors
INFO:root:Read 88142 pixels, forming 2 batches.
INFO:root:Read 2 batches ((88142, 15766))
INFO:root:Output 87768 pixels and 26125 anchors
INFO:root:Read 64043 pixels, forming 2 batches.
INFO:root:Read 2 batches ((64043, 15766))
INFO:root:Output 63823 pixels and 19020 anchors
INFO:root:Read 97065 pixels, forming 2 batches.
INFO:root:Read 2 batches ((97065, 15766))
INFO:root:Output 102482 pixels and 28523 anchors
INFO:root:Read 6606 pixels, forming 1 batches.
INFO:root:Read 1 batches ((6606, 15766))
INFO:root:Output 6552 pixels and 1988 anchors
INFO:root:Read 113895 pixels, forming 2 batches.
INFO:root:Read 2 batches ((113895, 15766))
INFO:root:Output 113481 pixels and 33319 anchors
INFO:root:Read 83137 pixels, forming 2 batches.
INFO:root:Read 2 batches ((83137, 15766))
INFO:root:Output 85597 pixels and 24453 anchors
INFO:root:Read 40087 pixels, forming 1 batches.
INFO:root:Read 1 batches ((40087, 15766))
INFO:root:Output 39930 pixels and 12012 anchors
INFO:root:Read 100811 pixels, forming 2 batches.
INFO:root:Read 2 batches ((100811, 15766))
INFO:root:Output 100503 pixels and 29601 anchors
INFO:root:Read 61642 pixels, forming 2 batches.
INFO:root:Read 2 batches ((61642, 15766))
INFO:root:Output 64653 pixels and 18161 anchors
INFO:root:Read 15405 pixels, forming 1 batches.
INFO:root:Read 1 batches ((15405, 15766))
INFO:root:Output 15344 pixels and 4576 anchors
INFO:root:Read 119064 pixels, forming 2 batches.
INFO:root:Read 2 batches ((119064, 15766))
INFO:root:Output 124704 pixels and 35248 anchors
INFO:root:Read 62336 pixels, forming 1 batches.
INFO:root:Read 1 batches ((62336, 15766))
INFO:root:Output 62175 pixels and 19058 anchors
INFO:root:Read 79619 pixels, forming 2 batches.
INFO:root:Read 2 batches ((79619, 15766))
INFO:root:Output 80961 pixels and 23985 anchors
INFO:root:Read 65181 pixels, forming 2 batches.
INFO:root:Read 2 batches ((65181, 15766))
INFO:root:Output 65218 pixels and 19293 anchors
INFO:root:Read 126400 pixels, forming 2 batches.
INFO:root:Read 2 batches ((126400, 15766))
INFO:root:Output 126035 pixels and 37109 anchors
INFO:root:Read 55074 pixels, forming 1 batches.
INFO:root:Read 1 batches ((55074, 15766))
INFO:root:Output 55049 pixels and 16344 anchors
INFO:root:Read 72484 pixels, forming 2 batches.
INFO:root:Read 2 batches ((72484, 15766))
INFO:root:Output 73308 pixels and 21325 anchors
INFO:root:Read 57985 pixels, forming 1 batches.
INFO:root:Read 1 batches ((57985, 15766))
INFO:root:Output 57801 pixels and 17160 anchors
INFO:root:Read 69303 pixels, forming 2 batches.
INFO:root:Read 2 batches ((69303, 15766))
INFO:root:Output 69654 pixels and 20366 anchors
INFO:root:Read 73646 pixels, forming 2 batches.
INFO:root:Read 2 batches ((73646, 15766))
INFO:root:Output 73485 pixels and 21867 anchors
INFO:root:Read 88011 pixels, forming 2 batches.
INFO:root:Read 2 batches ((88011, 15766))
INFO:root:Output 87643 pixels and 26312 anchors
INFO:root:Read 89966 pixels, forming 2 batches.
INFO:root:Read 2 batches ((89966, 15766))
INFO:root:Output 94425 pixels and 27106 anchors
INFO:root:Read 21806 pixels, forming 1 batches.
INFO:root:Read 1 batches ((21806, 15766))
INFO:root:Output 21746 pixels and 6507 anchors
INFO:root:Read 85722 pixels, forming 2 batches.
INFO:root:Read 2 batches ((85722, 15766))
INFO:root:Output 85352 pixels and 25437 anchors
INFO:root:Read 70993 pixels, forming 2 batches.
INFO:root:Read 2 batches ((70993, 15766))
INFO:root:Output 70765 pixels and 21253 anchors
INFO:root:Read 67800 pixels, forming 2 batches.
INFO:root:Read 2 batches ((67800, 15766))
INFO:root:Output 67653 pixels and 21163 anchors
INFO:root:Read 72900 pixels, forming 2 batches.
INFO:root:Read 2 batches ((72900, 15766))
INFO:root:Output 72685 pixels and 22647 anchors
INFO:root:Read 102468 pixels, forming 2 batches.
INFO:root:Read 2 batches ((102468, 15766))
INFO:root:Output 107522 pixels and 31383 anchors
INFO:root:Read 89975 pixels, forming 2 batches.
INFO:root:Read 2 batches ((89975, 15766))
INFO:root:Output 89700 pixels and 28715 anchors
INFO:root:Read 74412 pixels, forming 2 batches.
INFO:root:Read 2 batches ((74412, 15766))
INFO:root:Output 76348 pixels and 24337 anchors
INFO:root:Read 76581 pixels, forming 2 batches.
INFO:root:Read 2 batches ((76581, 15766))
INFO:root:Output 78346 pixels and 23166 anchors
INFO:root:Read 101742 pixels, forming 2 batches.
INFO:root:Read 2 batches ((101742, 15766))
INFO:root:Output 101606 pixels and 31050 anchors
INFO:root:Read 61120 pixels, forming 2 batches.
INFO:root:Read 2 batches ((61120, 15766))
INFO:root:Output 61072 pixels and 18415 anchors
INFO:root:Read 104238 pixels, forming 3 batches.
INFO:root:Read 3 batches ((104238, 15766))
INFO:root:Output 103844 pixels and 33768 anchors
INFO:root:Read 64870 pixels, forming 4 batches.
INFO:root:Read 4 batches ((64870, 15766))
INFO:root:Output 62987 pixels and 19328 anchors
INFO:root:Read 100826 pixels, forming 5 batches.
INFO:root:Read 5 batches ((100826, 15766))
INFO:root:Output 103619 pixels and 31102 anchors
INFO:root:Read 89598 pixels, forming 4 batches.
INFO:root:Read 4 batches ((89598, 15766))
INFO:root:Output 93629 pixels and 27968 anchors
INFO:root:Read 64227 pixels, forming 3 batches.
INFO:root:Read 3 batches ((64227, 15766))
INFO:root:Output 68491 pixels and 19849 anchors
INFO:root:Read 37591 pixels, forming 2 batches.
INFO:root:Read 2 batches ((37591, 15766))
INFO:root:Output 37591 pixels and 12567 anchors
bash /dcs05/lieber/marmaypag/xenium_NAC_LIBD4125/xenium_NAC/processed-data/HD_Full_Analysis/FICTURE/outputs/H1-M3TCP9V_D1/nF_16/sort_decode.sh /dcs05/lieber/marmaypag/xenium_NAC_LIBD4125/xenium_NAC/processed-data/HD_Full_Analysis/FICTURE/outputs/H1-M3TCP9V_D1/nF_16/analysis/nF16.d_12/nF16.d_12.decode.prj_12.r_4_5.pixel.tsv.gz /dcs05/lieber/marmaypag/xenium_NAC_LIBD4125/xenium_NAC/processed-data/HD_Full_Analysis/FICTURE/outputs/H1-M3TCP9V_D1/nF_16/analysis/nF16.d_12/nF16.d_12.decode.prj_12.r_4_5.pixel.sorted.tsv.gz /dcs05/lieber/marmaypag/xenium_NAC_LIBD4125/xenium_NAC/processed-data/HD_Full_Analysis/FICTURE/inputs/H1-M3TCP9V_D1/minmax.tsv nF16.d_12 100 100 3 gzip
1669.503, 8392.176; 1316.256, 8039.143
ficture de_bulk --input /dcs05/lieber/marmaypag/xenium_NAC_LIBD4125/xenium_NAC/processed-data/HD_Full_Analysis/FICTURE/outputs/H1-M3TCP9V_D1/nF_16/analysis/nF16.d_12/nF16.d_12.decode.prj_12.r_4_5.posterior.count.tsv.gz --output /dcs05/lieber/marmaypag/xenium_NAC_LIBD4125/xenium_NAC/processed-data/HD_Full_Analysis/FICTURE/outputs/H1-M3TCP9V_D1/nF_16/analysis/nF16.d_12/nF16.d_12.decode.prj_12.r_4_5.bulk_chisq.tsv --min_ct_per_feature 20 --max_pval_output 0.001 --min_fold_output 1.5
/jhpce/shared/libd/core/visium_hd/1.0/hd_env/lib/python3.9/site-packages/ficture/scripts/de_bulk.py:117: RuntimeWarning: divide by zero encountered in scalar divide
  fd=tab[0,0]/total_k[k]/tab[0,1]*(total_umi-total_k[k])
Read posterior count over 15766 genes and 16 factors
Testing 15765 genes over 16 factors
ficture factor_report --path /dcs05/lieber/marmaypag/xenium_NAC_LIBD4125/xenium_NAC/processed-data/HD_Full_Analysis/FICTURE/outputs/H1-M3TCP9V_D1/nF_16/analysis/nF16.d_12 --pref nF16.d_12.decode.prj_12.r_4_5 --color_table /dcs05/lieber/marmaypag/xenium_NAC_LIBD4125/xenium_NAC/processed-data/HD_Full_Analysis/FICTURE/outputs/H1-M3TCP9V_D1/nF_16/analysis/nF16.d_12/figure/nF16.d_12.rgb.tsv
['0' '1' '2' '3' '4' '5' '6' '7' '8' '9' '10' '11' '12' '13' '14' '15']
/dcs05/lieber/marmaypag/xenium_NAC_LIBD4125/xenium_NAC/processed-data/HD_Full_Analysis/FICTURE/outputs/H1-M3TCP9V_D1/nF_16/analysis/nF16.d_12/nF16.d_12.decode.prj_12.r_4_5.factor.info.html
ficture plot_pixel_full --input /dcs05/lieber/marmaypag/xenium_NAC_LIBD4125/xenium_NAC/processed-data/HD_Full_Analysis/FICTURE/outputs/H1-M3TCP9V_D1/nF_16/analysis/nF16.d_12/nF16.d_12.decode.prj_12.r_4_5.pixel.sorted.tsv.gz --color_table /dcs05/lieber/marmaypag/xenium_NAC_LIBD4125/xenium_NAC/processed-data/HD_Full_Analysis/FICTURE/outputs/H1-M3TCP9V_D1/nF_16/analysis/nF16.d_12/figure/nF16.d_12.rgb.tsv --output /dcs05/lieber/marmaypag/xenium_NAC_LIBD4125/xenium_NAC/processed-data/HD_Full_Analysis/FICTURE/outputs/H1-M3TCP9V_D1/nF_16/analysis/nF16.d_12/figure/nF16.d_12.decode.prj_12.r_4_5.pixel.png --plot_um_per_pixel 0.5 --full
03:25:21 AM Background color 000000
03:25:21 AM Read color table (16)
03:25:21 AM Read header {'K': 16, 'TOPK': 3, 'BLOCK_SIZE': 2000, 'BLOCK_AXIS': 'X', 'INDEX_AXIS': 'Y', 'OFFSET_X': 1669.503, 'OFFSET_Y': 1316.256, 'SIZE_X': 6724, 'SIZE_Y': 6724, 'SCALE': 100}
03:25:21 AM Image size 13450 x 13450
03:25:23 AM Reading pixels... 3999, 3654, 904075
03:25:25 AM Reading pixels... 3999, 7035, 866537
03:25:27 AM Reading pixels... 3999, 10415, 864526
03:25:29 AM Reading pixels... 7999, 1336, 893263
03:25:31 AM Reading pixels... 7999, 4945, 873603
03:25:33 AM Reading pixels... 7999, 8329, 873587
03:25:35 AM Reading pixels... 7999, 11710, 877235
03:25:37 AM Reading pixels... 11999, 2602, 888263
03:25:39 AM Reading pixels... 11999, 6143, 872004
03:25:41 AM Reading pixels... 11999, 9624, 866459
03:25:43 AM Reading pixels... 13425, 59, 885137
03:25:45 AM Reading pixels... 13425, 5724, 850663
03:25:45 AM Reading pixels... 13408, 10525, 168457
03:25:48 AM Finished
/dcs05/lieber/marmaypag/xenium_NAC_LIBD4125/xenium_NAC/processed-data/HD_Full_Analysis/FICTURE/outputs/H1-M3TCP9V_D1/nF_16/analysis/nF16.d_12/figure/nF16.d_12.decode.prj_12.r_4_5.pixel.png
Index(['0', '1', '2', '3', '4', '5', '6', '7', '8', '9', '10', '11', '12',
       '13', '14', '15'],
      dtype='object', name='Name')
['BLOCK', 'X', 'Y', 'K1', 'K2', 'K3', 'P1', 'P2', 'P3']
touch /dcs05/lieber/marmaypag/xenium_NAC_LIBD4125/xenium_NAC/processed-data/HD_Full_Analysis/FICTURE/outputs/H1-M3TCP9V_D1/nF_16/analysis/nF16.d_12/nF16.d_12.decode.prj_12.r_4_5.done
Finished nFactor=16 for H1-M3TCP9V_D1
Sat Mar  7 03:25:48 AM EST 2026
**** Job ends ****
Sat Mar  7 03:25:48 AM EST 2026
